unit_id,cycle,actual_rul,predicted_rul,prediction_error,positive_feature_1,positive_shap_1,positive_feature_2,positive_shap_2,positive_feature_3,positive_shap_3,positive_feature_4,positive_shap_4,positive_feature_5,positive_shap_5,negative_feature_1,negative_shap_1,negative_feature_2,negative_shap_2,negative_feature_3,negative_shap_3,negative_feature_4,negative_shap_4,negative_feature_5,negative_shap_5,top_feature_1,top_abs_shap_1,top_feature_2,top_abs_shap_2,top_feature_3,top_abs_shap_3,top_feature_4,top_abs_shap_4,top_feature_5,top_abs_shap_5,top_feature_6,top_abs_shap_6,top_feature_7,top_abs_shap_7,top_feature_8,top_abs_shap_8,top_feature_9,top_abs_shap_9,top_feature_10,top_abs_shap_10
91,1,134.0,184.19520568847656,50.19520568847656,sensor_4_rolling_mean_5,8.246085,sensor_4_rolling_std_20,6.4946218,sensor_14_rolling_std_20,4.667706,sensor_9_rolling_mean_20,4.230298,sensor_4_rolling_mean_10,3.97855,sensor_8_rolling_mean_20,-4.419896,sensor_12_rolling_mean_20,-2.8786733,sensor_11,-2.5790555,sensor_21_rolling_mean_10,-2.4089603,sensor_21_rolling_mean_20,-1.7370147,sensor_4_rolling_mean_5,8.246085,sensor_4_rolling_std_20,6.4946218,sensor_14_rolling_std_20,4.667706,sensor_8_rolling_mean_20,-4.419896,sensor_9_rolling_mean_20,4.230298,sensor_4_rolling_mean_10,3.97855,sensor_20_rolling_mean_10,3.6969657,sensor_8_rolling_std_20,3.687441,sensor_2_rolling_mean_10,3.6378627,sensor_11_rolling_mean_5,3.5867424
91,2,133.0,145.41368103027344,12.413681030273438,sensor_7_rolling_mean_5,8.353103,sensor_3_rolling_mean_10,6.342761,sensor_14_rolling_mean_20,5.4801235,sensor_7_rolling_mean_10,5.3241825,sensor_13_rolling_mean_20,5.1386075,sensor_11_rolling_mean_5,-7.886616,sensor_21_rolling_mean_10,-5.3601623,sensor_20_rolling_mean_10,-4.8909607,sensor_4_rolling_mean_5,-4.857295,sensor_2_rolling_mean_5,-4.1920137,sensor_7_rolling_mean_5,8.353103,sensor_11_rolling_mean_5,-7.886616,sensor_3_rolling_mean_10,6.342761,sensor_14_rolling_mean_20,5.4801235,sensor_21_rolling_mean_10,-5.3601623,sensor_7_rolling_mean_10,5.3241825,sensor_13_rolling_mean_20,5.1386075,sensor_4_rolling_std_20,4.9333196,sensor_20_rolling_mean_10,-4.8909607,sensor_4_rolling_mean_5,-4.857295
91,3,132.0,169.8906707763672,37.89067077636719,sensor_4_rolling_mean_5,8.55845,sensor_14_rolling_std_20,8.217034,sensor_3_rolling_mean_10,7.4601607,sensor_3_rolling_std_20,6.462819,sensor_4_rolling_mean_10,5.9306774,sensor_11_rolling_mean_5,-8.233427,sensor_2_rolling_mean_10,-4.767649,sensor_21_rolling_mean_10,-3.9365592,sensor_8_rolling_std_20,-3.5854554,sensor_2_rolling_mean_5,-3.1427336,sensor_4_rolling_mean_5,8.55845,sensor_11_rolling_mean_5,-8.233427,sensor_14_rolling_std_20,8.217034,sensor_3_rolling_mean_10,7.4601607,sensor_3_rolling_std_20,6.462819,sensor_4_rolling_mean_10,5.9306774,sensor_13_rolling_std_20,5.805064,sensor_14_rolling_mean_20,5.578317,sensor_20_rolling_std_20,5.4131417,sensor_8_rolling_mean_20,4.9187517
91,4,131.0,177.19223022460938,46.192230224609375,sensor_14_rolling_std_20,19.412834,sensor_8_rolling_mean_20,8.244475,sensor_14_rolling_mean_20,6.802265,sensor_4_rolling_mean_5,6.167909,sensor_4_rolling_std_20,5.543875,sensor_13_rolling_std_20,-8.453907,sensor_21_rolling_mean_10,-4.6759987,sensor_15_rolling_mean_20,-4.5191793,sensor_20_rolling_std_20,-4.3631525,sensor_8_rolling_std_20,-3.7667122,sensor_14_rolling_std_20,19.412834,sensor_13_rolling_std_20,-8.453907,sensor_8_rolling_mean_20,8.244475,sensor_14_rolling_mean_20,6.802265,sensor_4_rolling_mean_5,6.167909,sensor_4_rolling_std_20,5.543875,sensor_13_rolling_mean_20,4.7608237,sensor_21_rolling_mean_10,-4.6759987,sensor_15_rolling_mean_20,-4.5191793,sensor_21_rolling_std_20,4.3657846
91,5,130.0,168.70863342285156,38.70863342285156,sensor_4_rolling_mean_5,7.5042844,sensor_14_rolling_mean_20,6.8521395,sensor_8_rolling_mean_20,6.1878905,sensor_17_rolling_std_20,5.2808924,sensor_4_rolling_std_20,5.0285554,sensor_20_rolling_std_20,-4.62131,sensor_21_rolling_mean_10,-3.7580326,sensor_2_rolling_mean_5,-2.8719974,sensor_7_rolling_mean_20,-2.266695,sensor_2_rolling_mean_10,-2.2034698,sensor_4_rolling_mean_5,7.5042844,sensor_14_rolling_mean_20,6.8521395,sensor_8_rolling_mean_20,6.1878905,sensor_17_rolling_std_20,5.2808924,sensor_4_rolling_std_20,5.0285554,sensor_20_rolling_std_20,-4.62131,sensor_13_rolling_mean_20,4.3545666,sensor_20_rolling_mean_10,4.284607,sensor_9_rolling_mean_10,4.109089,sensor_4_rolling_mean_10,3.9975834
91,6,129.0,148.36264038085938,19.362640380859375,sensor_8_rolling_mean_20,7.8127685,sensor_4_rolling_mean_5,7.21541,sensor_9_rolling_std_20,5.3788166,sensor_20_rolling_mean_10,5.1786504,sensor_14_rolling_mean_20,5.075179,sensor_20_rolling_std_20,-4.7913594,sensor_17_rolling_mean_20,-4.344016,sensor_20_rolling_mean_20,-3.664198,sensor_2_rolling_mean_5,-3.5182686,sensor_21_rolling_mean_10,-3.3870437,sensor_8_rolling_mean_20,7.8127685,sensor_4_rolling_mean_5,7.21541,sensor_9_rolling_std_20,5.3788166,sensor_20_rolling_mean_10,5.1786504,sensor_14_rolling_mean_20,5.075179,sensor_9_rolling_mean_10,4.850006,sensor_4_rolling_std_20,4.844109,sensor_20_rolling_std_20,-4.7913594,sensor_17_rolling_mean_20,-4.344016,sensor_4_rolling_mean_10,4.1575375
91,7,128.0,160.60374450683594,32.60374450683594,sensor_8_rolling_mean_20,8.571119,sensor_4_rolling_mean_5,7.609392,sensor_14_rolling_mean_20,4.7832,sensor_4_rolling_std_20,4.7714653,sensor_9_rolling_std_20,4.3833966,sensor_20_rolling_std_20,-5.093771,sensor_21_rolling_mean_10,-4.0865026,sensor_3_rolling_mean_10,-2.2955513,sensor_7_rolling_mean_5,-2.1399307,sensor_2_rolling_mean_10,-2.0488553,sensor_8_rolling_mean_20,8.571119,sensor_4_rolling_mean_5,7.609392,sensor_20_rolling_std_20,-5.093771,sensor_14_rolling_mean_20,4.7832,sensor_4_rolling_std_20,4.7714653,sensor_9_rolling_std_20,4.3833966,sensor_13_rolling_mean_20,4.3782315,sensor_21_rolling_mean_10,-4.0865026,sensor_15_rolling_std_20,3.920353,sensor_20_rolling_mean_10,3.7168736
91,8,127.0,137.128662109375,10.128662109375,sensor_8_rolling_mean_20,7.4784036,sensor_15_rolling_std_20,6.112748,sensor_9_rolling_std_20,4.3873863,sensor_4_rolling_mean_5,4.3806944,sensor_14_rolling_mean_20,4.0857806,sensor_21_rolling_mean_10,-5.93176,sensor_20_rolling_std_20,-3.9179022,sensor_21_rolling_mean_20,-3.596914,sensor_13_rolling_std_20,-2.8395774,sensor_3_rolling_mean_10,-2.7470582,sensor_8_rolling_mean_20,7.4784036,sensor_15_rolling_std_20,6.112748,sensor_21_rolling_mean_10,-5.93176,sensor_9_rolling_std_20,4.3873863,sensor_4_rolling_mean_5,4.3806944,sensor_14_rolling_mean_20,4.0857806,sensor_20_rolling_std_20,-3.9179022,sensor_13_rolling_mean_20,3.9148371,sensor_20_rolling_mean_10,3.8127978,sensor_9_rolling_mean_10,3.713457
91,9,126.0,150.11041259765625,24.11041259765625,sensor_8_rolling_mean_20,7.757917,sensor_15_rolling_std_20,6.513222,sensor_3_rolling_std_20,6.4179654,sensor_4_rolling_mean_5,4.579771,sensor_4,4.407189,sensor_21_rolling_mean_10,-8.30231,sensor_15_rolling_mean_5,-4.781948,sensor_20_rolling_std_20,-4.16621,sensor_21_rolling_mean_5,-3.7208865,sensor_2_rolling_mean_5,-3.037482,sensor_21_rolling_mean_10,-8.30231,sensor_8_rolling_mean_20,7.757917,sensor_15_rolling_std_20,6.513222,sensor_3_rolling_std_20,6.4179654,sensor_15_rolling_mean_5,-4.781948,sensor_4_rolling_mean_5,4.579771,sensor_4,4.407189,sensor_20_rolling_std_20,-4.16621,sensor_9_rolling_std_20,3.9620306,sensor_11_rolling_mean_5,3.9373455
91,10,125.0,150.15122985839844,25.151229858398438,sensor_3_rolling_std_20,7.9126167,sensor_4_rolling_mean_5,7.719818,sensor_8_rolling_mean_20,6.9166093,sensor_4_rolling_mean_10,5.482236,sensor_15_rolling_std_20,5.350811,sensor_21_rolling_mean_10,-7.5640244,sensor_15_rolling_mean_5,-6.1906013,sensor_20_rolling_std_20,-4.397516,sensor_4,-3.8994362,sensor_2_rolling_mean_5,-3.7455614,sensor_3_rolling_std_20,7.9126167,sensor_4_rolling_mean_5,7.719818,sensor_21_rolling_mean_10,-7.5640244,sensor_8_rolling_mean_20,6.9166093,sensor_15_rolling_mean_5,-6.1906013,sensor_4_rolling_mean_10,5.482236,sensor_15_rolling_std_20,5.350811,sensor_9_rolling_std_20,4.9812627,sensor_14_rolling_std_20,4.518866,sensor_4_rolling_std_20,4.485653
91,11,124.0,124.6741943359375,0.6741943359375,sensor_8_rolling_mean_20,6.2676353,sensor_14_rolling_mean_20,5.1032763,sensor_14_rolling_std_20,4.867632,sensor_20_rolling_mean_10,4.313264,sensor_4_rolling_std_20,4.0111094,sensor_21_rolling_mean_10,-8.413653,sensor_21_rolling_mean_5,-4.3371162,sensor_20_rolling_std_20,-4.0406823,sensor_21_rolling_mean_20,-3.2421455,sensor_2_rolling_mean_5,-2.9022143,sensor_21_rolling_mean_10,-8.413653,sensor_8_rolling_mean_20,6.2676353,sensor_14_rolling_mean_20,5.1032763,sensor_14_rolling_std_20,4.867632,sensor_21_rolling_mean_5,-4.3371162,sensor_20_rolling_mean_10,4.313264,sensor_20_rolling_std_20,-4.0406823,sensor_4_rolling_std_20,4.0111094,sensor_13_rolling_mean_20,3.5621822,sensor_9_rolling_mean_10,3.487328
91,12,123.0,131.4070587158203,8.407058715820312,sensor_14_rolling_mean_20,5.6593947,sensor_8_rolling_mean_20,5.15058,sensor_13_rolling_mean_20,5.06054,sensor_4_rolling_std_20,4.127574,sensor_9_rolling_std_20,3.8932693,sensor_11_rolling_mean_5,-10.3325,sensor_21_rolling_mean_10,-5.142052,sensor_21_rolling_mean_5,-3.7631907,sensor_20_rolling_std_20,-3.3892248,sensor_21_rolling_mean_20,-2.2436101,sensor_11_rolling_mean_5,-10.3325,sensor_14_rolling_mean_20,5.6593947,sensor_8_rolling_mean_20,5.15058,sensor_21_rolling_mean_10,-5.142052,sensor_13_rolling_mean_20,5.06054,sensor_4_rolling_std_20,4.127574,sensor_9_rolling_std_20,3.8932693,sensor_21_rolling_mean_5,-3.7631907,sensor_20_rolling_std_20,-3.3892248,sensor_9_rolling_mean_10,3.2418497
91,13,122.0,148.41139221191406,26.411392211914062,sensor_8_rolling_mean_20,6.45722,sensor_4_rolling_std_20,4.9274178,sensor_14_rolling_mean_20,4.8323627,sensor_20_rolling_mean_10,4.7466397,sensor_14_rolling_std_20,4.736371,sensor_21_rolling_mean_10,-7.398746,sensor_15_rolling_mean_5,-4.888423,sensor_20_rolling_std_20,-3.4620197,sensor_21_rolling_mean_20,-3.288011,sensor_15_rolling_mean_10,-2.5477965,sensor_21_rolling_mean_10,-7.398746,sensor_8_rolling_mean_20,6.45722,sensor_4_rolling_std_20,4.9274178,sensor_15_rolling_mean_5,-4.888423,sensor_14_rolling_mean_20,4.8323627,sensor_20_rolling_mean_10,4.7466397,sensor_14_rolling_std_20,4.736371,sensor_12_rolling_mean_20,4.5132957,sensor_9_rolling_std_20,4.140018,sensor_9_rolling_mean_20,4.01636
91,14,121.0,157.29705810546875,36.29705810546875,sensor_8_rolling_mean_20,6.5501127,sensor_4_rolling_std_20,6.271774,sensor_14_rolling_std_20,5.940286,sensor_14_rolling_mean_20,5.7303004,sensor_13_rolling_mean_20,5.0419774,sensor_21_rolling_mean_10,-7.02743,sensor_20_rolling_std_20,-3.8936179,sensor_21_rolling_mean_20,-3.268491,sensor_15_rolling_mean_10,-3.016147,sensor_3_rolling_mean_20,-2.5179152,sensor_21_rolling_mean_10,-7.02743,sensor_8_rolling_mean_20,6.5501127,sensor_4_rolling_std_20,6.271774,sensor_14_rolling_std_20,5.940286,sensor_14_rolling_mean_20,5.7303004,sensor_13_rolling_mean_20,5.0419774,sensor_9_rolling_std_20,4.6887608,sensor_9_rolling_mean_10,4.231117,sensor_11_rolling_mean_5,4.0998588,sensor_4_rolling_mean_5,4.0206065
91,15,120.0,127.98407745361328,7.984077453613281,sensor_14_rolling_mean_20,6.540759,sensor_8_rolling_mean_20,5.1158996,sensor_4_rolling_std_20,3.8487606,sensor_13_rolling_mean_20,3.6425867,sensor_9_rolling_mean_10,3.5822706,sensor_21_rolling_mean_10,-8.904995,sensor_9_rolling_std_20,-5.133392,sensor_21_rolling_mean_20,-3.7472572,sensor_20_rolling_std_20,-2.8568075,sensor_3_rolling_mean_20,-2.457067,sensor_21_rolling_mean_10,-8.904995,sensor_14_rolling_mean_20,6.540759,sensor_9_rolling_std_20,-5.133392,sensor_8_rolling_mean_20,5.1158996,sensor_4_rolling_std_20,3.8487606,sensor_21_rolling_mean_20,-3.7472572,sensor_13_rolling_mean_20,3.6425867,sensor_9_rolling_mean_10,3.5822706,sensor_20_rolling_mean_20,3.419645,sensor_7_rolling_mean_20,3.070116
91,16,119.0,117.61255645751953,-1.3874435424804688,sensor_14_rolling_mean_20,6.0418816,sensor_8_rolling_mean_20,5.418604,sensor_4_rolling_std_20,4.6065807,sensor_9_rolling_mean_10,3.5560079,sensor_13_rolling_mean_20,3.340929,sensor_21_rolling_mean_10,-9.288184,sensor_11_rolling_mean_5,-8.094711,sensor_9_rolling_std_20,-6.5757513,sensor_21_rolling_mean_20,-2.4728217,sensor_8_rolling_std_20,-1.9266216,sensor_21_rolling_mean_10,-9.288184,sensor_11_rolling_mean_5,-8.094711,sensor_9_rolling_std_20,-6.5757513,sensor_14_rolling_mean_20,6.0418816,sensor_8_rolling_mean_20,5.418604,sensor_4_rolling_std_20,4.6065807,sensor_9_rolling_mean_10,3.5560079,sensor_13_rolling_mean_20,3.340929,sensor_20_rolling_mean_20,2.890693,sensor_3_rolling_mean_10,2.6949403
91,17,118.0,128.39344787597656,10.393447875976562,sensor_4_rolling_mean_5,5.4700227,sensor_4_rolling_std_20,5.423514,sensor_3_rolling_mean_10,5.3982496,sensor_14_rolling_mean_20,5.241329,sensor_8_rolling_mean_20,4.6643977,sensor_21_rolling_mean_10,-7.8400693,sensor_11_rolling_mean_5,-7.6053705,sensor_9_rolling_std_20,-4.6271267,sensor_21_rolling_mean_5,-3.5094013,sensor_21_rolling_mean_20,-3.1594973,sensor_21_rolling_mean_10,-7.8400693,sensor_11_rolling_mean_5,-7.6053705,sensor_4_rolling_mean_5,5.4700227,sensor_4_rolling_std_20,5.423514,sensor_3_rolling_mean_10,5.3982496,sensor_14_rolling_mean_20,5.241329,sensor_8_rolling_mean_20,4.6643977,sensor_9_rolling_std_20,-4.6271267,sensor_9_rolling_mean_10,4.1566277,sensor_13_rolling_mean_20,3.7299595
91,18,117.0,124.49092864990234,7.490928649902344,sensor_3_rolling_mean_10,9.264523,sensor_14_rolling_mean_20,5.948425,sensor_9_rolling_mean_10,4.2190156,sensor_8_rolling_mean_20,4.050113,sensor_13_rolling_mean_20,3.7441924,sensor_11_rolling_mean_5,-8.743793,sensor_21_rolling_mean_10,-7.932307,sensor_9_rolling_std_20,-6.0391445,sensor_4_rolling_mean_5,-3.1817782,sensor_8_rolling_mean_5,-2.0710533,sensor_3_rolling_mean_10,9.264523,sensor_11_rolling_mean_5,-8.743793,sensor_21_rolling_mean_10,-7.932307,sensor_9_rolling_std_20,-6.0391445,sensor_14_rolling_mean_20,5.948425,sensor_9_rolling_mean_10,4.2190156,sensor_8_rolling_mean_20,4.050113,sensor_13_rolling_mean_20,3.7441924,sensor_4_rolling_std_20,3.6381972,sensor_4_rolling_mean_5,-3.1817782
91,19,116.0,127.21730041503906,11.217300415039062,sensor_8_rolling_mean_20,6.267898,sensor_3_rolling_mean_10,6.186541,sensor_14_rolling_mean_20,5.64666,sensor_9_rolling_mean_10,3.9629695,sensor_4_rolling_std_20,3.7520542,sensor_11_rolling_mean_5,-8.678252,sensor_21_rolling_mean_10,-4.65174,sensor_9_rolling_std_20,-4.263167,sensor_21_rolling_mean_20,-2.3973162,sensor_14_rolling_std_20,-1.8007245,sensor_11_rolling_mean_5,-8.678252,sensor_8_rolling_mean_20,6.267898,sensor_3_rolling_mean_10,6.186541,sensor_14_rolling_mean_20,5.64666,sensor_21_rolling_mean_10,-4.65174,sensor_9_rolling_std_20,-4.263167,sensor_9_rolling_mean_10,3.9629695,sensor_4_rolling_std_20,3.7520542,sensor_13_rolling_mean_20,3.351156,sensor_15_rolling_mean_10,2.5476913
91,20,115.0,121.15837097167969,6.1583709716796875,sensor_3_rolling_mean_10,6.566961,sensor_14_rolling_mean_20,5.4963107,sensor_8_rolling_mean_20,5.316657,sensor_2_rolling_mean_10,4.3087187,sensor_9_rolling_mean_10,3.8100414,sensor_11_rolling_mean_5,-8.181507,sensor_9_rolling_std_20,-5.724176,sensor_21_rolling_mean_10,-5.3916554,sensor_4_rolling_mean_5,-3.0479894,sensor_21_rolling_mean_5,-2.6962094,sensor_11_rolling_mean_5,-8.181507,sensor_3_rolling_mean_10,6.566961,sensor_9_rolling_std_20,-5.724176,sensor_14_rolling_mean_20,5.4963107,sensor_21_rolling_mean_10,-5.3916554,sensor_8_rolling_mean_20,5.316657,sensor_2_rolling_mean_10,4.3087187,sensor_9_rolling_mean_10,3.8100414,sensor_13_rolling_mean_20,3.780579,sensor_4_rolling_std_20,3.5262413
91,21,114.0,118.51025390625,4.51025390625,sensor_8_rolling_mean_20,5.380895,sensor_3_rolling_mean_10,4.9527383,sensor_14_rolling_mean_20,4.580863,sensor_13_rolling_mean_20,4.127592,sensor_9_rolling_mean_10,3.6564693,sensor_11_rolling_mean_5,-8.089834,sensor_21_rolling_mean_10,-6.2009516,sensor_9_rolling_std_20,-3.3884816,sensor_20_rolling_mean_10,-3.088469,sensor_21_rolling_mean_20,-2.5549219,sensor_11_rolling_mean_5,-8.089834,sensor_21_rolling_mean_10,-6.2009516,sensor_8_rolling_mean_20,5.380895,sensor_3_rolling_mean_10,4.9527383,sensor_14_rolling_mean_20,4.580863,sensor_13_rolling_mean_20,4.127592,sensor_9_rolling_mean_10,3.6564693,sensor_9_rolling_std_20,-3.3884816,sensor_20_rolling_mean_10,-3.088469,sensor_2_rolling_mean_10,2.6112154
91,22,113.0,123.30439758300781,10.304397583007812,sensor_8_rolling_mean_20,5.4330344,sensor_14_rolling_mean_20,5.036485,sensor_3_rolling_mean_10,4.5985203,sensor_13_rolling_mean_20,3.9486372,sensor_7_rolling_mean_20,3.889309,sensor_21_rolling_mean_10,-6.2289724,sensor_11_rolling_mean_5,-5.8858237,sensor_9_rolling_std_20,-3.553192,sensor_21_rolling_mean_20,-3.0232096,sensor_20_rolling_mean_10,-2.5023828,sensor_21_rolling_mean_10,-6.2289724,sensor_11_rolling_mean_5,-5.8858237,sensor_8_rolling_mean_20,5.4330344,sensor_14_rolling_mean_20,5.036485,sensor_3_rolling_mean_10,4.5985203,sensor_13_rolling_mean_20,3.9486372,sensor_7_rolling_mean_20,3.889309,sensor_9_rolling_mean_10,3.594967,sensor_9_rolling_std_20,-3.553192,sensor_2_rolling_mean_10,3.3274958
91,23,112.0,110.56511688232422,-1.4348831176757812,sensor_8_rolling_mean_20,4.502291,sensor_2_rolling_mean_10,4.21378,sensor_14_rolling_mean_20,4.137094,sensor_13_rolling_mean_20,3.9361882,sensor_9_rolling_mean_10,3.5372896,sensor_9_rolling_std_20,-6.86382,sensor_11_rolling_mean_5,-6.0801573,sensor_21_rolling_mean_10,-5.1399617,sensor_20_rolling_mean_10,-5.086089,sensor_21_rolling_mean_20,-2.6222515,sensor_9_rolling_std_20,-6.86382,sensor_11_rolling_mean_5,-6.0801573,sensor_21_rolling_mean_10,-5.1399617,sensor_20_rolling_mean_10,-5.086089,sensor_8_rolling_mean_20,4.502291,sensor_2_rolling_mean_10,4.21378,sensor_14_rolling_mean_20,4.137094,sensor_13_rolling_mean_20,3.9361882,sensor_9_rolling_mean_10,3.5372896,sensor_4,3.4464915
91,24,111.0,119.32952880859375,8.32952880859375,sensor_4_rolling_mean_5,5.89491,sensor_8_rolling_mean_20,5.2007236,sensor_14_rolling_mean_20,5.1851697,sensor_2_rolling_mean_10,3.8385966,sensor_7_rolling_mean_20,3.6463315,sensor_11_rolling_mean_5,-5.643256,sensor_21_rolling_mean_10,-4.0921392,sensor_14_rolling_std_20,-3.8707452,sensor_9_rolling_std_20,-3.1186762,sensor_8_rolling_std_20,-2.9051018,sensor_4_rolling_mean_5,5.89491,sensor_11_rolling_mean_5,-5.643256,sensor_8_rolling_mean_20,5.2007236,sensor_14_rolling_mean_20,5.1851697,sensor_21_rolling_mean_10,-4.0921392,sensor_14_rolling_std_20,-3.8707452,sensor_2_rolling_mean_10,3.8385966,sensor_7_rolling_mean_20,3.6463315,sensor_9_rolling_mean_10,3.5057518,sensor_9_rolling_mean_5,3.154117
91,25,110.0,106.6015396118164,-3.3984603881835938,sensor_8_rolling_mean_20,4.144948,sensor_14_rolling_mean_20,4.040429,sensor_13_rolling_mean_20,3.6714253,sensor_7_rolling_mean_20,3.578647,sensor_9_rolling_mean_10,3.4485242,sensor_21_rolling_mean_10,-5.1114707,sensor_9_rolling_std_20,-3.6190846,sensor_8_rolling_std_20,-3.0041428,sensor_21_rolling_mean_20,-2.9672809,sensor_20_rolling_mean_10,-2.5734074,sensor_21_rolling_mean_10,-5.1114707,sensor_8_rolling_mean_20,4.144948,sensor_14_rolling_mean_20,4.040429,sensor_13_rolling_mean_20,3.6714253,sensor_9_rolling_std_20,-3.6190846,sensor_7_rolling_mean_20,3.578647,sensor_9_rolling_mean_10,3.4485242,sensor_9_rolling_mean_20,3.1318233,sensor_8_rolling_std_20,-3.0041428,sensor_21_rolling_mean_20,-2.9672809
91,26,109.0,103.76106262207031,-5.2389373779296875,sensor_20_rolling_std_20,9.390562,sensor_8_rolling_mean_20,4.1861677,sensor_14_rolling_mean_20,3.7231772,sensor_9_rolling_mean_10,3.6433861,sensor_2_rolling_mean_10,3.5068185,sensor_15_rolling_mean_5,-5.0568132,sensor_20_rolling_mean_10,-4.9897556,sensor_15_rolling_mean_10,-4.8804216,sensor_4_rolling_mean_5,-4.784933,sensor_21_rolling_mean_10,-3.6009467,sensor_20_rolling_std_20,9.390562,sensor_15_rolling_mean_5,-5.0568132,sensor_20_rolling_mean_10,-4.9897556,sensor_15_rolling_mean_10,-4.8804216,sensor_4_rolling_mean_5,-4.784933,sensor_8_rolling_mean_20,4.1861677,sensor_14_rolling_mean_20,3.7231772,sensor_9_rolling_mean_10,3.6433861,sensor_21_rolling_mean_10,-3.6009467,sensor_9_rolling_std_20,-3.5320551
91,27,108.0,89.87385559082031,-18.126144409179688,sensor_8_rolling_mean_20,4.869795,sensor_20_rolling_std_20,4.269981,sensor_9_rolling_mean_10,3.2913275,sensor_7_rolling_mean_20,3.2799456,sensor_2_rolling_mean_10,2.9374833,sensor_15_rolling_mean_10,-5.826071,sensor_4_rolling_mean_5,-5.7597747,sensor_15_rolling_mean_5,-4.4245377,sensor_21_rolling_mean_10,-4.3967123,sensor_21_rolling_mean_5,-3.5597436,sensor_15_rolling_mean_10,-5.826071,sensor_4_rolling_mean_5,-5.7597747,sensor_8_rolling_mean_20,4.869795,sensor_15_rolling_mean_5,-4.4245377,sensor_21_rolling_mean_10,-4.3967123,sensor_20_rolling_std_20,4.269981,sensor_21_rolling_mean_5,-3.5597436,sensor_9_rolling_std_20,-3.4789002,sensor_9_rolling_mean_10,3.2913275,sensor_7_rolling_mean_20,3.2799456
91,28,107.0,120.09571075439453,13.095710754394531,sensor_8_rolling_mean_20,6.482511,sensor_20_rolling_std_20,4.819071,sensor_14_rolling_mean_20,4.726874,sensor_7_rolling_mean_20,3.9210079,sensor_13_rolling_mean_20,3.6688945,sensor_21_rolling_mean_10,-6.505024,sensor_20_rolling_mean_10,-4.2308455,sensor_9_rolling_std_20,-4.0640774,sensor_15_rolling_mean_5,-4.0290008,sensor_21_rolling_mean_5,-3.869716,sensor_21_rolling_mean_10,-6.505024,sensor_8_rolling_mean_20,6.482511,sensor_20_rolling_std_20,4.819071,sensor_14_rolling_mean_20,4.726874,sensor_20_rolling_mean_10,-4.2308455,sensor_9_rolling_std_20,-4.0640774,sensor_15_rolling_mean_5,-4.0290008,sensor_7_rolling_mean_20,3.9210079,sensor_21_rolling_mean_5,-3.869716,sensor_13_rolling_mean_20,3.6688945
91,29,106.0,106.8076171875,0.8076171875,sensor_2_rolling_mean_10,6.5771704,sensor_8_rolling_mean_20,5.205364,sensor_17_rolling_std_20,3.7018125,sensor_9_rolling_mean_10,3.5043516,sensor_14_rolling_mean_20,3.4582677,sensor_4_rolling_mean_5,-11.097277,sensor_15_rolling_mean_5,-5.4777756,sensor_15_rolling_mean_10,-3.3740807,sensor_9_rolling_std_20,-2.7258093,sensor_2_rolling_std_20,-2.6783836,sensor_4_rolling_mean_5,-11.097277,sensor_2_rolling_mean_10,6.5771704,sensor_15_rolling_mean_5,-5.4777756,sensor_8_rolling_mean_20,5.205364,sensor_17_rolling_std_20,3.7018125,sensor_9_rolling_mean_10,3.5043516,sensor_14_rolling_mean_20,3.4582677,sensor_15_rolling_mean_10,-3.3740807,sensor_7_rolling_mean_20,3.198354,sensor_9_rolling_mean_20,3.0908873
91,30,105.0,99.49349975585938,-5.506500244140625,sensor_2_rolling_mean_10,6.0000176,sensor_8_rolling_mean_20,4.291319,sensor_14_rolling_mean_20,3.6205604,sensor_9_rolling_mean_10,3.4041333,sensor_17_rolling_std_20,3.2963197,sensor_15_rolling_mean_10,-4.8035903,sensor_15_rolling_mean_5,-4.75883,sensor_8_rolling_std_20,-4.3904676,sensor_4_rolling_mean_5,-4.078605,sensor_21_rolling_mean_10,-3.7626035,sensor_2_rolling_mean_10,6.0000176,sensor_15_rolling_mean_10,-4.8035903,sensor_15_rolling_mean_5,-4.75883,sensor_8_rolling_std_20,-4.3904676,sensor_8_rolling_mean_20,4.291319,sensor_4_rolling_mean_5,-4.078605,sensor_21_rolling_mean_10,-3.7626035,sensor_14_rolling_mean_20,3.6205604,sensor_9_rolling_mean_10,3.4041333,sensor_17_rolling_std_20,3.2963197
91,31,104.0,112.33287048339844,8.332870483398438,sensor_2_rolling_mean_10,6.318064,sensor_8_rolling_mean_20,4.532929,sensor_20_rolling_mean_10,4.532451,sensor_14_rolling_mean_20,4.3876305,sensor_17_rolling_std_20,3.7113726,sensor_11_rolling_mean_5,-8.655224,sensor_15_rolling_mean_10,-5.5395274,sensor_4_rolling_mean_10,-5.1774845,sensor_15_rolling_mean_5,-4.7152195,sensor_9_rolling_std_20,-4.2572756,sensor_11_rolling_mean_5,-8.655224,sensor_2_rolling_mean_10,6.318064,sensor_15_rolling_mean_10,-5.5395274,sensor_4_rolling_mean_10,-5.1774845,sensor_15_rolling_mean_5,-4.7152195,sensor_8_rolling_mean_20,4.532929,sensor_20_rolling_mean_10,4.532451,sensor_14_rolling_mean_20,4.3876305,sensor_9_rolling_std_20,-4.2572756,sensor_17_rolling_std_20,3.7113726
91,32,103.0,101.31969451904297,-1.6803054809570312,sensor_8_rolling_mean_20,6.6255717,sensor_20_rolling_mean_10,4.588319,sensor_14_rolling_mean_20,4.2724056,sensor_17_rolling_std_20,4.064551,sensor_7_rolling_mean_20,3.828625,sensor_11_rolling_mean_5,-9.074898,sensor_15_rolling_mean_10,-5.778398,sensor_4_rolling_mean_10,-4.994463,sensor_8_rolling_std_20,-4.30018,sensor_9_rolling_std_20,-4.2153106,sensor_11_rolling_mean_5,-9.074898,sensor_8_rolling_mean_20,6.6255717,sensor_15_rolling_mean_10,-5.778398,sensor_4_rolling_mean_10,-4.994463,sensor_20_rolling_mean_10,4.588319,sensor_8_rolling_std_20,-4.30018,sensor_14_rolling_mean_20,4.2724056,sensor_9_rolling_std_20,-4.2153106,sensor_17_rolling_std_20,4.064551,sensor_7_rolling_mean_20,3.828625
91,33,102.0,94.21051788330078,-7.789482116699219,sensor_8_rolling_mean_20,6.4445763,sensor_20_rolling_mean_10,4.521398,sensor_17_rolling_std_20,4.118841,sensor_2_rolling_mean_10,3.9692893,sensor_7_rolling_mean_20,3.6363893,sensor_4_rolling_mean_5,-12.629138,sensor_11_rolling_mean_5,-8.179402,sensor_15_rolling_mean_10,-6.0066032,sensor_4_rolling_mean_10,-5.6647635,sensor_15_rolling_mean_5,-5.1654916,sensor_4_rolling_mean_5,-12.629138,sensor_11_rolling_mean_5,-8.179402,sensor_8_rolling_mean_20,6.4445763,sensor_15_rolling_mean_10,-6.0066032,sensor_4_rolling_mean_10,-5.6647635,sensor_15_rolling_mean_5,-5.1654916,sensor_8_rolling_std_20,-4.5637255,sensor_20_rolling_mean_10,4.521398,sensor_17_rolling_std_20,4.118841,sensor_2_rolling_mean_10,3.9692893
91,34,101.0,83.97840118408203,-17.02159881591797,sensor_8_rolling_mean_20,5.840533,sensor_17_rolling_std_20,5.387276,sensor_2_rolling_mean_10,4.423698,sensor_7_rolling_mean_20,3.4222097,sensor_14_rolling_mean_20,2.868308,sensor_4_rolling_mean_5,-13.272773,sensor_11_rolling_mean_5,-8.447107,sensor_4_rolling_mean_10,-6.642714,sensor_15_rolling_mean_10,-5.866265,sensor_20_rolling_mean_10,-4.2774553,sensor_4_rolling_mean_5,-13.272773,sensor_11_rolling_mean_5,-8.447107,sensor_4_rolling_mean_10,-6.642714,sensor_15_rolling_mean_10,-5.866265,sensor_8_rolling_mean_20,5.840533,sensor_17_rolling_std_20,5.387276,sensor_2_rolling_mean_10,4.423698,sensor_20_rolling_mean_10,-4.2774553,sensor_15_rolling_mean_5,-4.2748137,sensor_8_rolling_std_20,-4.048435
91,35,100.0,92.14875793457031,-7.8512420654296875,sensor_2_rolling_mean_10,5.1661515,sensor_17_rolling_std_20,4.190808,sensor_8_rolling_mean_20,3.9713595,sensor_14_rolling_mean_20,3.7419827,sensor_7_rolling_mean_20,3.4425828,sensor_11_rolling_mean_5,-8.64445,sensor_4_rolling_mean_10,-5.8889217,sensor_15_rolling_mean_10,-5.093233,sensor_15_rolling_mean_5,-4.4531236,sensor_4_rolling_mean_5,-3.1609929,sensor_11_rolling_mean_5,-8.64445,sensor_4_rolling_mean_10,-5.8889217,sensor_2_rolling_mean_10,5.1661515,sensor_15_rolling_mean_10,-5.093233,sensor_15_rolling_mean_5,-4.4531236,sensor_17_rolling_std_20,4.190808,sensor_8_rolling_mean_20,3.9713595,sensor_14_rolling_mean_20,3.7419827,sensor_7_rolling_mean_20,3.4425828,sensor_4_rolling_mean_5,-3.1609929
91,36,99.0,108.36250305175781,9.362503051757812,sensor_8_rolling_mean_20,6.0151443,sensor_2_rolling_mean_10,5.354181,sensor_17_rolling_std_20,4.546946,sensor_14_rolling_mean_20,4.313739,sensor_9_rolling_mean_10,3.3920567,sensor_11_rolling_mean_5,-7.6487503,sensor_4_rolling_mean_10,-6.070569,sensor_15_rolling_mean_10,-5.3933144,sensor_4_rolling_mean_5,-5.3591104,sensor_15_rolling_mean_5,-4.7691064,sensor_11_rolling_mean_5,-7.6487503,sensor_4_rolling_mean_10,-6.070569,sensor_8_rolling_mean_20,6.0151443,sensor_15_rolling_mean_10,-5.3933144,sensor_4_rolling_mean_5,-5.3591104,sensor_2_rolling_mean_10,5.354181,sensor_15_rolling_mean_5,-4.7691064,sensor_17_rolling_std_20,4.546946,sensor_14_rolling_mean_20,4.313739,sensor_9_rolling_mean_10,3.3920567
91,37,98.0,85.97994232177734,-12.020057678222656,sensor_8_rolling_mean_20,4.586226,sensor_9_rolling_mean_10,3.7894092,sensor_9_rolling_std_20,3.515622,sensor_17_rolling_std_20,3.3667302,sensor_2_rolling_mean_10,2.915646,sensor_11_rolling_mean_5,-9.19616,sensor_15_rolling_mean_5,-6.3007255,sensor_15_rolling_mean_10,-5.6900744,sensor_20_rolling_mean_10,-4.6299996,sensor_21_rolling_mean_10,-4.625306,sensor_11_rolling_mean_5,-9.19616,sensor_15_rolling_mean_5,-6.3007255,sensor_15_rolling_mean_10,-5.6900744,sensor_20_rolling_mean_10,-4.6299996,sensor_21_rolling_mean_10,-4.625306,sensor_8_rolling_mean_20,4.586226,sensor_8_rolling_std_20,-4.1032743,sensor_9_rolling_mean_10,3.7894092,sensor_9_rolling_std_20,3.515622,sensor_17_rolling_std_20,3.3667302
91,38,97.0,82.05184173583984,-14.948158264160156,sensor_8_rolling_mean_20,4.2187886,sensor_9_rolling_mean_10,3.4332747,sensor_17_rolling_std_20,3.317522,sensor_7_rolling_mean_20,3.0699575,sensor_2_rolling_mean_10,3.0691082,sensor_11_rolling_mean_5,-9.445877,sensor_15_rolling_mean_5,-6.4107,sensor_15_rolling_mean_10,-5.7191043,sensor_21_rolling_mean_10,-5.179735,sensor_20_rolling_mean_10,-4.6706905,sensor_11_rolling_mean_5,-9.445877,sensor_15_rolling_mean_5,-6.4107,sensor_15_rolling_mean_10,-5.7191043,sensor_21_rolling_mean_10,-5.179735,sensor_20_rolling_mean_10,-4.6706905,sensor_8_rolling_mean_20,4.2187886,sensor_8_rolling_std_20,-4.142801,sensor_9_rolling_mean_10,3.4332747,sensor_17_rolling_std_20,3.317522,sensor_13_rolling_mean_5,-3.1412508
91,39,96.0,94.59168243408203,-1.4083175659179688,sensor_8_rolling_mean_20,5.176159,sensor_2_rolling_mean_10,3.952858,sensor_9_rolling_mean_10,3.445862,sensor_17_rolling_std_20,3.4042542,sensor_9_rolling_std_20,3.1371422,sensor_11_rolling_mean_5,-7.2878876,sensor_4_rolling_mean_10,-7.0241375,sensor_15_rolling_mean_5,-6.245853,sensor_15_rolling_mean_10,-5.166845,sensor_20_rolling_mean_10,-4.925963,sensor_11_rolling_mean_5,-7.2878876,sensor_4_rolling_mean_10,-7.0241375,sensor_15_rolling_mean_5,-6.245853,sensor_8_rolling_mean_20,5.176159,sensor_15_rolling_mean_10,-5.166845,sensor_20_rolling_mean_10,-4.925963,sensor_8_rolling_std_20,-4.4389057,sensor_2_rolling_mean_10,3.952858,sensor_9_rolling_mean_10,3.445862,sensor_17_rolling_std_20,3.4042542
91,40,95.0,91.39627838134766,-3.6037216186523438,sensor_2_rolling_mean_10,5.7784767,sensor_3_rolling_mean_10,5.149955,sensor_8_rolling_mean_20,4.8275642,sensor_2_rolling_mean_5,3.5944417,sensor_9_rolling_mean_20,3.506821,sensor_4_rolling_mean_5,-11.537005,sensor_15_rolling_mean_5,-6.678532,sensor_11_rolling_mean_5,-6.4492574,sensor_4_rolling_mean_10,-6.262533,sensor_15_rolling_mean_10,-5.199352,sensor_4_rolling_mean_5,-11.537005,sensor_15_rolling_mean_5,-6.678532,sensor_11_rolling_mean_5,-6.4492574,sensor_4_rolling_mean_10,-6.262533,sensor_2_rolling_mean_10,5.7784767,sensor_15_rolling_mean_10,-5.199352,sensor_3_rolling_mean_10,5.149955,sensor_20_rolling_mean_10,-4.910826,sensor_8_rolling_mean_20,4.8275642,sensor_2_rolling_mean_5,3.5944417
91,41,94.0,99.21903991699219,5.2190399169921875,sensor_3_rolling_mean_10,6.679543,sensor_2_rolling_mean_10,5.860279,sensor_8_rolling_mean_20,3.9187965,sensor_9_rolling_std_20,3.6270268,sensor_9_rolling_mean_20,3.5902493,sensor_4_rolling_mean_5,-11.707277,sensor_15_rolling_mean_5,-6.810467,sensor_4_rolling_mean_10,-6.5735936,sensor_11_rolling_mean_5,-6.2929783,sensor_15_rolling_mean_10,-5.6703405,sensor_4_rolling_mean_5,-11.707277,sensor_15_rolling_mean_5,-6.810467,sensor_3_rolling_mean_10,6.679543,sensor_4_rolling_mean_10,-6.5735936,sensor_11_rolling_mean_5,-6.2929783,sensor_2_rolling_mean_10,5.860279,sensor_15_rolling_mean_10,-5.6703405,sensor_20_rolling_mean_10,-5.110331,sensor_8_rolling_mean_20,3.9187965,sensor_9_rolling_std_20,3.6270268
91,42,93.0,98.21598052978516,5.215980529785156,sensor_2_rolling_mean_10,7.297646,sensor_3_rolling_mean_10,6.242851,sensor_14_rolling_mean_20,4.197261,sensor_8_rolling_mean_20,3.6352723,sensor_2_rolling_mean_5,3.501782,sensor_4_rolling_mean_5,-11.565862,sensor_4_rolling_mean_10,-6.1332507,sensor_11_rolling_mean_5,-6.0856633,sensor_20_rolling_mean_10,-4.9567413,sensor_15_rolling_mean_10,-4.4584246,sensor_4_rolling_mean_5,-11.565862,sensor_2_rolling_mean_10,7.297646,sensor_3_rolling_mean_10,6.242851,sensor_4_rolling_mean_10,-6.1332507,sensor_11_rolling_mean_5,-6.0856633,sensor_20_rolling_mean_10,-4.9567413,sensor_15_rolling_mean_10,-4.4584246,sensor_20_rolling_std_20,-4.233254,sensor_14_rolling_mean_20,4.197261,sensor_8_rolling_mean_20,3.6352723
91,43,92.0,99.07083892822266,7.070838928222656,sensor_2_rolling_mean_10,5.785453,sensor_3_rolling_mean_10,4.7266088,sensor_14_rolling_mean_20,4.306295,sensor_9_rolling_mean_10,3.1378438,sensor_13_rolling_mean_20,3.0500443,sensor_4_rolling_mean_5,-12.131517,sensor_11_rolling_mean_5,-6.709164,sensor_4_rolling_mean_10,-6.510306,sensor_15_rolling_mean_5,-5.3288755,sensor_20_rolling_mean_10,-4.584047,sensor_4_rolling_mean_5,-12.131517,sensor_11_rolling_mean_5,-6.709164,sensor_4_rolling_mean_10,-6.510306,sensor_2_rolling_mean_10,5.785453,sensor_15_rolling_mean_5,-5.3288755,sensor_3_rolling_mean_10,4.7266088,sensor_20_rolling_mean_10,-4.584047,sensor_14_rolling_mean_20,4.306295,sensor_15_rolling_mean_10,-4.205743,sensor_20_rolling_std_20,-4.119861
91,44,91.0,96.53373718261719,5.5337371826171875,sensor_4_rolling_std_20,7.0369587,sensor_3_rolling_mean_10,5.0098333,sensor_2_rolling_mean_10,4.7523007,sensor_14_rolling_mean_20,4.376644,sensor_9_rolling_mean_10,3.7787874,sensor_11_rolling_mean_5,-7.3192854,sensor_4_rolling_mean_10,-6.689301,sensor_4_rolling_mean_5,-5.894286,sensor_15_rolling_mean_5,-5.5704203,sensor_20_rolling_mean_10,-5.2723026,sensor_11_rolling_mean_5,-7.3192854,sensor_4_rolling_std_20,7.0369587,sensor_4_rolling_mean_10,-6.689301,sensor_4_rolling_mean_5,-5.894286,sensor_15_rolling_mean_5,-5.5704203,sensor_20_rolling_mean_10,-5.2723026,sensor_21_rolling_mean_10,-5.2384014,sensor_3_rolling_mean_10,5.0098333,sensor_15_rolling_mean_10,-4.9546037,sensor_2_rolling_mean_10,4.7523007
91,45,90.0,104.06575012207031,14.065750122070312,sensor_4_rolling_std_20,6.015491,sensor_14_rolling_mean_20,3.599406,sensor_11_rolling_mean_5,3.4367979,sensor_7_rolling_mean_20,3.431695,sensor_3_rolling_mean_10,3.3891513,sensor_21_rolling_mean_10,-7.078971,sensor_4_rolling_mean_10,-6.8705683,sensor_15_rolling_mean_5,-5.484987,sensor_15_rolling_mean_10,-4.575312,sensor_20_rolling_mean_10,-4.2512145,sensor_21_rolling_mean_10,-7.078971,sensor_4_rolling_mean_10,-6.8705683,sensor_4_rolling_std_20,6.015491,sensor_15_rolling_mean_5,-5.484987,sensor_15_rolling_mean_10,-4.575312,sensor_20_rolling_mean_10,-4.2512145,sensor_20_rolling_std_20,-3.785214,sensor_14_rolling_mean_20,3.599406,sensor_11_rolling_mean_5,3.4367979,sensor_7_rolling_mean_20,3.431695
91,46,89.0,96.20979309082031,7.2097930908203125,sensor_4_rolling_std_20,4.748816,sensor_14_rolling_mean_20,4.308801,sensor_7_rolling_mean_20,3.366122,sensor_2_rolling_mean_10,3.2192862,sensor_9_rolling_mean_10,3.2104337,sensor_21_rolling_mean_10,-8.628996,sensor_11_rolling_mean_5,-8.170565,sensor_15_rolling_mean_5,-6.0898786,sensor_15_rolling_mean_10,-4.7858076,sensor_20_rolling_mean_10,-4.1669555,sensor_21_rolling_mean_10,-8.628996,sensor_11_rolling_mean_5,-8.170565,sensor_15_rolling_mean_5,-6.0898786,sensor_15_rolling_mean_10,-4.7858076,sensor_4_rolling_std_20,4.748816,sensor_14_rolling_mean_20,4.308801,sensor_20_rolling_mean_10,-4.1669555,sensor_20_rolling_std_20,-3.6336672,sensor_7_rolling_mean_20,3.366122,sensor_2_rolling_mean_10,3.2192862
91,47,88.0,85.64593505859375,-2.35406494140625,sensor_4_rolling_std_20,4.827797,sensor_3_rolling_mean_10,3.9024186,sensor_2_rolling_mean_10,3.5433068,sensor_7_rolling_mean_20,3.142038,sensor_9_rolling_mean_10,3.131224,sensor_11_rolling_mean_5,-8.552241,sensor_21_rolling_mean_10,-6.8686876,sensor_4_rolling_mean_10,-6.7950745,sensor_15_rolling_mean_5,-6.431461,sensor_15_rolling_mean_10,-5.010946,sensor_11_rolling_mean_5,-8.552241,sensor_21_rolling_mean_10,-6.8686876,sensor_4_rolling_mean_10,-6.7950745,sensor_15_rolling_mean_5,-6.431461,sensor_15_rolling_mean_10,-5.010946,sensor_4_rolling_std_20,4.827797,sensor_20_rolling_mean_10,-4.579802,sensor_3_rolling_mean_10,3.9024186,sensor_4,-3.6299467,sensor_2_rolling_mean_10,3.5433068
91,48,87.0,88.12440490722656,1.1244049072265625,sensor_7_rolling_mean_20,4.4395604,sensor_4_rolling_std_20,3.7530444,sensor_13_rolling_mean_20,3.6127608,sensor_9_rolling_mean_20,3.5129538,sensor_9_rolling_mean_10,3.2269864,sensor_11_rolling_mean_5,-8.013251,sensor_4_rolling_mean_10,-7.173212,sensor_21_rolling_mean_10,-6.4019694,sensor_15_rolling_mean_5,-5.9980626,sensor_15_rolling_mean_10,-4.142536,sensor_11_rolling_mean_5,-8.013251,sensor_4_rolling_mean_10,-7.173212,sensor_21_rolling_mean_10,-6.4019694,sensor_15_rolling_mean_5,-5.9980626,sensor_7_rolling_mean_20,4.4395604,sensor_15_rolling_mean_10,-4.142536,sensor_4_rolling_std_20,3.7530444,sensor_13_rolling_mean_20,3.6127608,sensor_9_rolling_mean_20,3.5129538,sensor_21_rolling_mean_5,-3.2914343
91,49,86.0,95.47471618652344,9.474716186523438,sensor_7_rolling_mean_20,3.9403415,sensor_14_rolling_mean_20,3.4471,sensor_9_rolling_mean_10,3.3057687,sensor_9_rolling_mean_20,3.1857765,sensor_4_rolling_std_20,3.1287522,sensor_11_rolling_mean_5,-8.748,sensor_21_rolling_mean_10,-8.318879,sensor_15_rolling_mean_5,-5.3205976,sensor_20_rolling_mean_10,-4.195283,sensor_15_rolling_mean_10,-4.017595,sensor_11_rolling_mean_5,-8.748,sensor_21_rolling_mean_10,-8.318879,sensor_15_rolling_mean_5,-5.3205976,sensor_20_rolling_mean_10,-4.195283,sensor_15_rolling_mean_10,-4.017595,sensor_7_rolling_mean_20,3.9403415,sensor_14_rolling_mean_20,3.4471,sensor_4,-3.385628,sensor_20_rolling_std_20,-3.350287,sensor_9_rolling_mean_10,3.3057687
91,50,85.0,96.8712387084961,11.871238708496094,sensor_2_rolling_mean_10,5.103802,sensor_3_rolling_mean_10,4.1519194,sensor_14_rolling_mean_20,4.1326203,sensor_13_rolling_mean_20,4.011053,sensor_4_rolling_std_20,3.4280534,sensor_4_rolling_mean_5,-13.030349,sensor_11_rolling_mean_5,-7.180815,sensor_4_rolling_mean_10,-6.526075,sensor_15_rolling_mean_5,-5.4070582,sensor_15_rolling_mean_10,-4.9829473,sensor_4_rolling_mean_5,-13.030349,sensor_11_rolling_mean_5,-7.180815,sensor_4_rolling_mean_10,-6.526075,sensor_15_rolling_mean_5,-5.4070582,sensor_2_rolling_mean_10,5.103802,sensor_15_rolling_mean_10,-4.9829473,sensor_20_rolling_mean_10,-4.294618,sensor_3_rolling_mean_10,4.1519194,sensor_14_rolling_mean_20,4.1326203,sensor_13_rolling_mean_20,4.011053
91,51,84.0,105.46168518066406,21.461685180664062,sensor_3_rolling_mean_10,6.0680575,sensor_2_rolling_mean_10,4.145233,sensor_13_rolling_mean_20,3.9932556,sensor_8_rolling_std_20,3.8069708,sensor_14_rolling_mean_20,3.6935315,sensor_4_rolling_mean_5,-13.294355,sensor_4_rolling_mean_10,-6.546372,sensor_11_rolling_mean_5,-5.767583,sensor_15_rolling_mean_5,-5.589703,sensor_15_rolling_mean_10,-4.5777116,sensor_4_rolling_mean_5,-13.294355,sensor_4_rolling_mean_10,-6.546372,sensor_3_rolling_mean_10,6.0680575,sensor_11_rolling_mean_5,-5.767583,sensor_15_rolling_mean_5,-5.589703,sensor_15_rolling_mean_10,-4.5777116,sensor_2_rolling_mean_10,4.145233,sensor_13_rolling_mean_20,3.9932556,sensor_20_rolling_mean_10,-3.8419306,sensor_8_rolling_std_20,3.8069708
91,52,83.0,80.64054870605469,-2.3594512939453125,sensor_11_rolling_mean_5,4.5337873,sensor_8_rolling_std_20,4.03081,sensor_14_rolling_mean_20,3.6326866,sensor_7_rolling_mean_20,3.3782837,sensor_4_rolling_std_20,3.199838,sensor_4_rolling_mean_5,-15.479101,sensor_4_rolling_mean_10,-7.9166093,sensor_15_rolling_mean_5,-5.154253,sensor_2_rolling_mean_10,-4.9720364,sensor_15_rolling_mean_10,-4.9233513,sensor_4_rolling_mean_5,-15.479101,sensor_4_rolling_mean_10,-7.9166093,sensor_15_rolling_mean_5,-5.154253,sensor_2_rolling_mean_10,-4.9720364,sensor_15_rolling_mean_10,-4.9233513,sensor_11_rolling_mean_5,4.5337873,sensor_20_rolling_mean_10,-4.396327,sensor_8_rolling_std_20,4.03081,sensor_21_rolling_mean_10,-3.89321,sensor_14_rolling_mean_20,3.6326866
91,53,82.0,90.05227661132812,8.052276611328125,sensor_14_rolling_mean_20,4.2057943,sensor_4_rolling_std_20,4.0909915,sensor_8_rolling_std_20,4.0799136,sensor_11_rolling_mean_5,3.6017241,sensor_3_rolling_mean_10,3.3287222,sensor_4_rolling_mean_5,-13.987028,sensor_4_rolling_mean_10,-7.5427976,sensor_15_rolling_mean_10,-5.0288515,sensor_15_rolling_mean_5,-4.883235,sensor_20_rolling_mean_10,-3.846906,sensor_4_rolling_mean_5,-13.987028,sensor_4_rolling_mean_10,-7.5427976,sensor_15_rolling_mean_10,-5.0288515,sensor_15_rolling_mean_5,-4.883235,sensor_14_rolling_mean_20,4.2057943,sensor_4_rolling_std_20,4.0909915,sensor_8_rolling_std_20,4.0799136,sensor_20_rolling_mean_10,-3.846906,sensor_21_rolling_mean_10,-3.7812169,sensor_4,-3.718652
91,54,81.0,92.10708618164062,11.107086181640625,sensor_3_rolling_mean_10,4.5974464,sensor_14_rolling_mean_20,4.527832,sensor_8_rolling_std_20,3.9436195,sensor_11_rolling_mean_5,3.2357626,sensor_4_rolling_std_20,3.2060204,sensor_4_rolling_mean_5,-14.150837,sensor_4_rolling_mean_10,-7.966654,sensor_15_rolling_mean_5,-5.241625,sensor_15_rolling_mean_10,-4.9361563,sensor_20_rolling_mean_10,-4.586149,sensor_4_rolling_mean_5,-14.150837,sensor_4_rolling_mean_10,-7.966654,sensor_15_rolling_mean_5,-5.241625,sensor_15_rolling_mean_10,-4.9361563,sensor_3_rolling_mean_10,4.5974464,sensor_20_rolling_mean_10,-4.586149,sensor_14_rolling_mean_20,4.527832,sensor_8_rolling_std_20,3.9436195,sensor_21_rolling_mean_10,-3.6907265,sensor_11_rolling_mean_5,3.2357626
91,55,80.0,88.05766296386719,8.057662963867188,sensor_14_rolling_mean_20,4.635122,sensor_4_rolling_std_20,3.6191168,sensor_11_rolling_mean_5,3.5226364,sensor_13_rolling_mean_20,3.283622,sensor_8_rolling_std_20,3.0612712,sensor_4_rolling_mean_5,-15.79833,sensor_4_rolling_mean_10,-8.380979,sensor_15_rolling_mean_10,-5.7582607,sensor_20_rolling_mean_10,-4.6838937,sensor_15_rolling_mean_5,-4.6719656,sensor_4_rolling_mean_5,-15.79833,sensor_4_rolling_mean_10,-8.380979,sensor_15_rolling_mean_10,-5.7582607,sensor_20_rolling_mean_10,-4.6838937,sensor_15_rolling_mean_5,-4.6719656,sensor_14_rolling_mean_20,4.635122,sensor_21_rolling_mean_10,-3.7217908,sensor_4_rolling_std_20,3.6191168,sensor_4,-3.5840328,sensor_11_rolling_mean_5,3.5226364
91,56,79.0,74.28482818603516,-4.715171813964844,sensor_14_rolling_mean_20,4.4641495,sensor_8_rolling_mean_20,3.553982,sensor_8_rolling_std_20,3.336697,sensor_7_rolling_mean_20,3.0857804,sensor_9_rolling_mean_10,2.9417372,sensor_4_rolling_mean_5,-14.765071,sensor_4_rolling_mean_10,-7.7214327,sensor_15_rolling_mean_10,-6.406559,sensor_15_rolling_mean_5,-5.2791567,sensor_11_rolling_mean_5,-4.4375715,sensor_4_rolling_mean_5,-14.765071,sensor_4_rolling_mean_10,-7.7214327,sensor_15_rolling_mean_10,-6.406559,sensor_15_rolling_mean_5,-5.2791567,sensor_14_rolling_mean_20,4.4641495,sensor_11_rolling_mean_5,-4.4375715,sensor_20_rolling_mean_10,-4.4093084,sensor_21_rolling_mean_10,-3.9288032,sensor_8_rolling_mean_20,3.553982,sensor_4,-3.460116
91,57,78.0,70.05780029296875,-7.94219970703125,sensor_14_rolling_mean_20,3.9687638,sensor_8_rolling_std_20,3.547741,sensor_8_rolling_mean_20,2.9045293,sensor_13_rolling_mean_20,2.8010411,sensor_14_rolling_std_20,2.5372505,sensor_4_rolling_mean_5,-14.63893,sensor_11_rolling_mean_5,-8.680316,sensor_4_rolling_mean_10,-8.007556,sensor_15_rolling_mean_10,-6.178327,sensor_15_rolling_mean_5,-5.72308,sensor_4_rolling_mean_5,-14.63893,sensor_11_rolling_mean_5,-8.680316,sensor_4_rolling_mean_10,-8.007556,sensor_15_rolling_mean_10,-6.178327,sensor_15_rolling_mean_5,-5.72308,sensor_20_rolling_mean_10,-4.630328,sensor_14_rolling_mean_20,3.9687638,sensor_21_rolling_mean_10,-3.9132793,sensor_8_rolling_std_20,3.547741,sensor_21_rolling_mean_5,-2.980295
91,58,77.0,75.7828369140625,-1.2171630859375,sensor_14_rolling_mean_20,4.2353473,sensor_8_rolling_mean_20,3.218251,sensor_2_rolling_mean_10,3.159573,sensor_8_rolling_std_20,3.1018543,sensor_7_rolling_mean_20,2.6456034,sensor_4_rolling_mean_5,-14.557381,sensor_11_rolling_mean_5,-8.842716,sensor_4_rolling_mean_10,-8.157068,sensor_15_rolling_mean_10,-6.3278704,sensor_20_rolling_mean_10,-4.7179675,sensor_4_rolling_mean_5,-14.557381,sensor_11_rolling_mean_5,-8.842716,sensor_4_rolling_mean_10,-8.157068,sensor_15_rolling_mean_10,-6.3278704,sensor_20_rolling_mean_10,-4.7179675,sensor_15_rolling_mean_5,-4.698228,sensor_14_rolling_mean_20,4.2353473,sensor_8_rolling_mean_20,3.218251,sensor_2_rolling_mean_10,3.159573,sensor_21_rolling_mean_10,-3.1578176
91,59,76.0,70.24066162109375,-5.75933837890625,sensor_14_rolling_mean_20,4.213205,sensor_2_rolling_mean_10,4.171808,sensor_8_rolling_mean_20,3.1411498,sensor_8_rolling_std_20,2.836442,sensor_12_rolling_mean_20,2.7825348,sensor_4_rolling_mean_5,-14.198306,sensor_11_rolling_mean_5,-9.337977,sensor_4_rolling_mean_10,-7.716245,sensor_15_rolling_mean_10,-6.594371,sensor_15_rolling_mean_5,-4.770707,sensor_4_rolling_mean_5,-14.198306,sensor_11_rolling_mean_5,-9.337977,sensor_4_rolling_mean_10,-7.716245,sensor_15_rolling_mean_10,-6.594371,sensor_15_rolling_mean_5,-4.770707,sensor_20_rolling_mean_10,-4.506823,sensor_14_rolling_mean_20,4.213205,sensor_2_rolling_mean_10,4.171808,sensor_4,-3.7134516,sensor_21_rolling_mean_10,-3.597048
91,60,75.0,76.04275512695312,1.042755126953125,sensor_14_rolling_mean_20,5.289368,sensor_2_rolling_mean_10,3.646621,sensor_8_rolling_mean_20,3.2355292,sensor_14_rolling_std_20,2.7276654,sensor_12_rolling_mean_20,2.6119337,sensor_4_rolling_mean_5,-14.595486,sensor_11_rolling_mean_5,-9.228967,sensor_4_rolling_mean_10,-7.938716,sensor_15_rolling_mean_10,-5.7594066,sensor_15_rolling_mean_5,-5.029342,sensor_4_rolling_mean_5,-14.595486,sensor_11_rolling_mean_5,-9.228967,sensor_4_rolling_mean_10,-7.938716,sensor_15_rolling_mean_10,-5.7594066,sensor_14_rolling_mean_20,5.289368,sensor_15_rolling_mean_5,-5.029342,sensor_20_rolling_mean_10,-4.548312,sensor_2_rolling_mean_10,3.646621,sensor_21_rolling_mean_10,-3.3233562,sensor_8_rolling_mean_20,3.2355292
91,61,74.0,74.40547943115234,0.40547943115234375,sensor_14_rolling_mean_20,5.423905,sensor_2_rolling_mean_10,3.6351461,sensor_8_rolling_mean_20,3.0165508,sensor_13_rolling_mean_20,2.8829448,sensor_12_rolling_mean_20,2.4751022,sensor_4_rolling_mean_5,-14.09451,sensor_11_rolling_mean_5,-8.478622,sensor_4_rolling_mean_10,-7.285544,sensor_15_rolling_mean_10,-6.053085,sensor_15_rolling_mean_5,-4.7921534,sensor_4_rolling_mean_5,-14.09451,sensor_11_rolling_mean_5,-8.478622,sensor_4_rolling_mean_10,-7.285544,sensor_15_rolling_mean_10,-6.053085,sensor_14_rolling_mean_20,5.423905,sensor_15_rolling_mean_5,-4.7921534,sensor_20_rolling_mean_10,-4.730372,sensor_21_rolling_mean_10,-3.7323678,sensor_2_rolling_mean_10,3.6351461,sensor_8_rolling_mean_20,3.0165508
91,62,73.0,79.91346740722656,6.9134674072265625,sensor_14_rolling_mean_20,5.381585,sensor_2_rolling_mean_10,4.1394777,sensor_8_rolling_mean_20,3.715566,sensor_12_rolling_mean_20,2.9936068,sensor_13_rolling_mean_20,2.6516182,sensor_4_rolling_mean_5,-14.34294,sensor_11_rolling_mean_5,-8.097327,sensor_4_rolling_mean_10,-7.791915,sensor_15_rolling_mean_10,-5.94195,sensor_3_rolling_mean_10,-5.315643,sensor_4_rolling_mean_5,-14.34294,sensor_11_rolling_mean_5,-8.097327,sensor_4_rolling_mean_10,-7.791915,sensor_15_rolling_mean_10,-5.94195,sensor_14_rolling_mean_20,5.381585,sensor_3_rolling_mean_10,-5.315643,sensor_15_rolling_mean_5,-5.068217,sensor_20_rolling_mean_10,-4.386175,sensor_2_rolling_mean_10,4.1394777,sensor_21_rolling_mean_10,-4.138387
91,63,72.0,79.23877716064453,7.238777160644531,sensor_14_rolling_mean_20,4.73737,sensor_2_rolling_mean_10,4.0996327,sensor_8_rolling_mean_20,3.51666,sensor_13_rolling_mean_20,3.2785223,sensor_15_rolling_std_20,3.0503097,sensor_4_rolling_mean_5,-14.819691,sensor_11_rolling_mean_5,-7.8856573,sensor_4_rolling_mean_10,-7.8736653,sensor_15_rolling_mean_10,-6.3011928,sensor_3_rolling_mean_10,-5.550656,sensor_4_rolling_mean_5,-14.819691,sensor_11_rolling_mean_5,-7.8856573,sensor_4_rolling_mean_10,-7.8736653,sensor_15_rolling_mean_10,-6.3011928,sensor_3_rolling_mean_10,-5.550656,sensor_15_rolling_mean_5,-5.539502,sensor_14_rolling_mean_20,4.73737,sensor_20_rolling_mean_10,-4.345443,sensor_2_rolling_mean_10,4.0996327,sensor_8_rolling_mean_20,3.51666
91,64,71.0,70.25922393798828,-0.7407760620117188,sensor_15_rolling_std_20,4.2348166,sensor_2_rolling_mean_10,3.8191235,sensor_12_rolling_mean_20,3.750717,sensor_14_rolling_mean_20,3.5200374,sensor_15_rolling_mean_20,2.785548,sensor_4_rolling_mean_5,-13.785814,sensor_11_rolling_mean_5,-7.459351,sensor_4_rolling_mean_10,-7.031924,sensor_15_rolling_mean_10,-6.240171,sensor_3_rolling_mean_10,-5.600601,sensor_4_rolling_mean_5,-13.785814,sensor_11_rolling_mean_5,-7.459351,sensor_4_rolling_mean_10,-7.031924,sensor_15_rolling_mean_10,-6.240171,sensor_3_rolling_mean_10,-5.600601,sensor_15_rolling_mean_5,-5.4314423,sensor_20_rolling_mean_10,-4.7879143,sensor_15_rolling_std_20,4.2348166,sensor_2_rolling_mean_10,3.8191235,sensor_12_rolling_mean_20,3.750717
91,65,70.0,73.17710876464844,3.1771087646484375,sensor_2_rolling_mean_10,3.8249433,sensor_12_rolling_mean_20,3.4019885,sensor_15_rolling_std_20,3.3501441,sensor_14_rolling_mean_20,3.269278,sensor_4_rolling_std_20,3.0978346,sensor_4_rolling_mean_5,-13.833644,sensor_11_rolling_mean_5,-7.5030375,sensor_4_rolling_mean_10,-7.3086534,sensor_3_rolling_mean_10,-5.819129,sensor_15_rolling_mean_10,-5.78285,sensor_4_rolling_mean_5,-13.833644,sensor_11_rolling_mean_5,-7.5030375,sensor_4_rolling_mean_10,-7.3086534,sensor_3_rolling_mean_10,-5.819129,sensor_15_rolling_mean_10,-5.78285,sensor_15_rolling_mean_5,-5.7658134,sensor_20_rolling_mean_10,-4.3673415,sensor_2_rolling_mean_10,3.8249433,sensor_21_rolling_mean_10,-3.6098337,sensor_12_rolling_mean_20,3.4019885
91,66,69.0,86.85063934326172,17.85063934326172,sensor_2_rolling_mean_10,4.5782895,sensor_12_rolling_mean_20,3.9481256,sensor_14_rolling_mean_20,3.9224539,sensor_15_rolling_std_20,3.231201,sensor_8_rolling_mean_20,2.9425385,sensor_4_rolling_mean_5,-12.7942705,sensor_11_rolling_mean_5,-7.333978,sensor_4_rolling_mean_10,-6.7591906,sensor_15_rolling_mean_10,-6.1972895,sensor_15_rolling_mean_5,-5.704546,sensor_4_rolling_mean_5,-12.7942705,sensor_11_rolling_mean_5,-7.333978,sensor_4_rolling_mean_10,-6.7591906,sensor_15_rolling_mean_10,-6.1972895,sensor_15_rolling_mean_5,-5.704546,sensor_2_rolling_mean_10,4.5782895,sensor_20_rolling_mean_10,-4.27608,sensor_12_rolling_mean_20,3.9481256,sensor_14_rolling_mean_20,3.9224539,sensor_15_rolling_std_20,3.231201
91,67,68.0,72.32518768310547,4.325187683105469,sensor_4_rolling_std_20,3.4178598,sensor_14_rolling_mean_20,3.3988798,sensor_15_rolling_std_20,3.2327583,sensor_9_rolling_mean_10,3.0752537,sensor_12_rolling_mean_20,2.7959359,sensor_4_rolling_mean_5,-13.898867,sensor_11_rolling_mean_5,-7.388756,sensor_4_rolling_mean_10,-6.9736576,sensor_15_rolling_mean_5,-5.3805795,sensor_15_rolling_mean_10,-4.632517,sensor_4_rolling_mean_5,-13.898867,sensor_11_rolling_mean_5,-7.388756,sensor_4_rolling_mean_10,-6.9736576,sensor_15_rolling_mean_5,-5.3805795,sensor_15_rolling_mean_10,-4.632517,sensor_21_rolling_mean_10,-3.613878,sensor_4_rolling_std_20,3.4178598,sensor_14_rolling_mean_20,3.3988798,sensor_15_rolling_std_20,3.2327583,sensor_3_rolling_mean_10,-3.161428
91,68,67.0,72.63717651367188,5.637176513671875,sensor_14_rolling_mean_20,3.9436738,sensor_15_rolling_mean_5,3.1853194,sensor_12_rolling_mean_20,3.018291,sensor_4_rolling_std_20,2.8345742,sensor_2_rolling_mean_10,2.7285898,sensor_4_rolling_mean_5,-13.634213,sensor_11_rolling_mean_5,-8.211897,sensor_4_rolling_mean_10,-6.8832855,sensor_15_rolling_mean_10,-4.863699,sensor_21_rolling_mean_10,-3.7881055,sensor_4_rolling_mean_5,-13.634213,sensor_11_rolling_mean_5,-8.211897,sensor_4_rolling_mean_10,-6.8832855,sensor_15_rolling_mean_10,-4.863699,sensor_14_rolling_mean_20,3.9436738,sensor_21_rolling_mean_10,-3.7881055,sensor_3_rolling_mean_10,-3.6961792,sensor_15_rolling_mean_5,3.1853194,sensor_12_rolling_mean_20,3.018291,sensor_21_rolling_mean_5,-2.9568381
91,69,66.0,71.91496276855469,5.9149627685546875,sensor_14_rolling_mean_20,3.955124,sensor_4_rolling_std_20,3.3298128,sensor_15_rolling_mean_5,3.2139423,sensor_8_rolling_mean_20,2.943956,sensor_12_rolling_mean_20,2.8138394,sensor_4_rolling_mean_5,-15.586654,sensor_11_rolling_mean_5,-8.388477,sensor_4_rolling_mean_10,-8.1265545,sensor_2_rolling_mean_10,-4.369956,sensor_15_rolling_mean_10,-4.3309627,sensor_4_rolling_mean_5,-15.586654,sensor_11_rolling_mean_5,-8.388477,sensor_4_rolling_mean_10,-8.1265545,sensor_2_rolling_mean_10,-4.369956,sensor_15_rolling_mean_10,-4.3309627,sensor_14_rolling_mean_20,3.955124,sensor_21_rolling_mean_10,-3.4899335,sensor_4_rolling_std_20,3.3298128,sensor_15_rolling_mean_5,3.2139423,sensor_21_rolling_mean_5,-3.1551156
91,70,65.0,76.18358612060547,11.183586120605469,sensor_14_rolling_mean_20,3.460747,sensor_4_rolling_std_20,3.4463542,sensor_15_rolling_mean_5,3.1575058,sensor_9_rolling_mean_10,2.7718244,sensor_15_rolling_std_20,2.610071,sensor_4_rolling_mean_5,-15.096008,sensor_11_rolling_mean_5,-8.911294,sensor_4_rolling_mean_10,-7.2846656,sensor_15_rolling_mean_10,-4.7596436,sensor_21_rolling_mean_10,-4.3648586,sensor_4_rolling_mean_5,-15.096008,sensor_11_rolling_mean_5,-8.911294,sensor_4_rolling_mean_10,-7.2846656,sensor_15_rolling_mean_10,-4.7596436,sensor_21_rolling_mean_10,-4.3648586,sensor_14_rolling_mean_20,3.460747,sensor_4_rolling_std_20,3.4463542,sensor_15_rolling_mean_5,3.1575058,sensor_7_rolling_mean_5,-2.9054677,sensor_21_rolling_mean_5,-2.9047499
91,71,64.0,76.40497589111328,12.404975891113281,sensor_4_rolling_std_20,4.043019,sensor_14_rolling_mean_20,3.6896942,sensor_15_rolling_mean_5,3.2801015,sensor_12_rolling_mean_20,3.1716278,sensor_15_rolling_std_20,3.000279,sensor_4_rolling_mean_5,-14.669274,sensor_11_rolling_mean_5,-8.759808,sensor_4_rolling_mean_10,-7.453097,sensor_15_rolling_mean_10,-4.6620398,sensor_21_rolling_mean_10,-4.2126875,sensor_4_rolling_mean_5,-14.669274,sensor_11_rolling_mean_5,-8.759808,sensor_4_rolling_mean_10,-7.453097,sensor_15_rolling_mean_10,-4.6620398,sensor_21_rolling_mean_10,-4.2126875,sensor_4_rolling_std_20,4.043019,sensor_14_rolling_mean_20,3.6896942,sensor_21_rolling_mean_5,-3.4575577,sensor_15_rolling_mean_5,3.2801015,sensor_12_rolling_mean_20,3.1716278
91,72,63.0,84.95502471923828,21.95502471923828,sensor_4_rolling_std_20,4.068803,sensor_14_rolling_mean_20,3.6512382,sensor_15_rolling_mean_5,3.3019073,sensor_12_rolling_mean_20,3.1333306,sensor_8_rolling_mean_20,3.1156495,sensor_4_rolling_mean_5,-14.585739,sensor_11_rolling_mean_5,-9.827285,sensor_4_rolling_mean_10,-6.9220757,sensor_21_rolling_mean_10,-5.0265474,sensor_20_rolling_mean_10,-4.664738,sensor_4_rolling_mean_5,-14.585739,sensor_11_rolling_mean_5,-9.827285,sensor_4_rolling_mean_10,-6.9220757,sensor_21_rolling_mean_10,-5.0265474,sensor_20_rolling_mean_10,-4.664738,sensor_4_rolling_std_20,4.068803,sensor_21_rolling_mean_5,-3.8253443,sensor_14_rolling_mean_20,3.6512382,sensor_15_rolling_mean_5,3.3019073,sensor_12_rolling_mean_20,3.1333306
91,73,62.0,78.615966796875,16.615966796875,sensor_4_rolling_std_20,3.5319896,sensor_14_rolling_mean_20,3.4850516,sensor_15_rolling_std_20,3.0420587,sensor_12_rolling_mean_20,2.9689558,sensor_15_rolling_mean_5,2.9376862,sensor_4_rolling_mean_5,-15.091485,sensor_11_rolling_mean_5,-9.290074,sensor_4_rolling_mean_10,-6.9386177,sensor_21_rolling_mean_10,-4.8325963,sensor_20_rolling_mean_10,-4.3918157,sensor_4_rolling_mean_5,-15.091485,sensor_11_rolling_mean_5,-9.290074,sensor_4_rolling_mean_10,-6.9386177,sensor_21_rolling_mean_10,-4.8325963,sensor_20_rolling_mean_10,-4.3918157,sensor_21_rolling_mean_5,-3.8095536,sensor_4_rolling_std_20,3.5319896,sensor_14_rolling_mean_20,3.4850516,sensor_15_rolling_std_20,3.0420587,sensor_12_rolling_mean_20,2.9689558
91,74,61.0,71.47026062011719,10.470260620117188,sensor_4_rolling_std_20,3.5645518,sensor_14_rolling_mean_20,3.5465667,sensor_15_rolling_std_20,3.1509678,sensor_12_rolling_mean_20,3.0079548,sensor_15_rolling_mean_5,2.934591,sensor_4_rolling_mean_5,-15.016016,sensor_11_rolling_mean_5,-8.620942,sensor_4_rolling_mean_10,-7.622123,sensor_2_rolling_mean_10,-4.875735,sensor_20_rolling_mean_10,-4.534659,sensor_4_rolling_mean_5,-15.016016,sensor_11_rolling_mean_5,-8.620942,sensor_4_rolling_mean_10,-7.622123,sensor_2_rolling_mean_10,-4.875735,sensor_20_rolling_mean_10,-4.534659,sensor_21_rolling_mean_10,-4.495751,sensor_21_rolling_mean_5,-4.1506834,sensor_4_rolling_std_20,3.5645518,sensor_14_rolling_mean_20,3.5465667,sensor_15_rolling_std_20,3.1509678
91,75,60.0,65.2928695678711,5.292869567871094,sensor_14_rolling_mean_20,3.6999273,sensor_4_rolling_std_20,3.3491783,sensor_12_rolling_mean_20,2.7588754,sensor_15_rolling_std_20,2.719242,sensor_15_rolling_mean_10,2.7009573,sensor_4_rolling_mean_5,-15.488559,sensor_11_rolling_mean_5,-8.38107,sensor_4_rolling_mean_10,-7.4995174,sensor_20_rolling_mean_10,-4.733245,sensor_2_rolling_mean_10,-4.635241,sensor_4_rolling_mean_5,-15.488559,sensor_11_rolling_mean_5,-8.38107,sensor_4_rolling_mean_10,-7.4995174,sensor_20_rolling_mean_10,-4.733245,sensor_2_rolling_mean_10,-4.635241,sensor_21_rolling_mean_10,-4.478949,sensor_21_rolling_mean_5,-4.2425528,sensor_14_rolling_mean_20,3.6999273,sensor_4_rolling_std_20,3.3491783,sensor_4,-2.971598
91,76,59.0,72.26285552978516,13.262855529785156,sensor_14_rolling_mean_20,3.8606236,sensor_4_rolling_std_20,3.7159452,sensor_15_rolling_mean_5,3.1412492,sensor_15_rolling_mean_10,3.0137353,sensor_12_rolling_mean_20,2.7266922,sensor_4_rolling_mean_5,-15.521666,sensor_11_rolling_mean_5,-8.417862,sensor_4_rolling_mean_10,-7.5854025,sensor_21_rolling_mean_10,-4.732609,sensor_2_rolling_mean_10,-4.6686945,sensor_4_rolling_mean_5,-15.521666,sensor_11_rolling_mean_5,-8.417862,sensor_4_rolling_mean_10,-7.5854025,sensor_21_rolling_mean_10,-4.732609,sensor_2_rolling_mean_10,-4.6686945,sensor_21_rolling_mean_5,-4.139579,sensor_20_rolling_mean_10,-4.1244507,sensor_14_rolling_mean_20,3.8606236,sensor_4_rolling_std_20,3.7159452,sensor_15_rolling_mean_5,3.1412492
91,77,58.0,56.8296012878418,-1.1703987121582031,sensor_4_rolling_std_20,3.9947894,sensor_14_rolling_mean_20,3.7229989,sensor_15_rolling_std_20,3.2060432,sensor_12_rolling_mean_20,2.9488432,sensor_15_rolling_mean_10,2.823553,sensor_4_rolling_mean_5,-15.281758,sensor_11_rolling_mean_5,-8.290911,sensor_4_rolling_mean_10,-8.088013,sensor_15_rolling_mean_5,-5.9656744,sensor_2_rolling_mean_10,-4.877202,sensor_4_rolling_mean_5,-15.281758,sensor_11_rolling_mean_5,-8.290911,sensor_4_rolling_mean_10,-8.088013,sensor_15_rolling_mean_5,-5.9656744,sensor_2_rolling_mean_10,-4.877202,sensor_21_rolling_mean_10,-4.812561,sensor_20_rolling_mean_10,-4.601562,sensor_4_rolling_std_20,3.9947894,sensor_21_rolling_mean_5,-3.9552572,sensor_14_rolling_mean_20,3.7229989
91,78,57.0,53.511356353759766,-3.4886436462402344,sensor_15_rolling_std_20,5.421861,sensor_4_rolling_std_20,4.375288,sensor_12_rolling_mean_20,2.723422,sensor_14_rolling_mean_20,2.6983955,sensor_8_rolling_mean_20,2.6583328,sensor_4_rolling_mean_5,-15.863938,sensor_11_rolling_mean_5,-8.033255,sensor_4_rolling_mean_10,-7.903534,sensor_15_rolling_mean_5,-5.859359,sensor_2_rolling_mean_10,-5.136962,sensor_4_rolling_mean_5,-15.863938,sensor_11_rolling_mean_5,-8.033255,sensor_4_rolling_mean_10,-7.903534,sensor_15_rolling_mean_5,-5.859359,sensor_15_rolling_std_20,5.421861,sensor_2_rolling_mean_10,-5.136962,sensor_20_rolling_mean_10,-5.0592914,sensor_15_rolling_mean_10,-4.8780327,sensor_4_rolling_std_20,4.375288,sensor_21_rolling_mean_10,-4.3561187
91,79,56.0,45.676246643066406,-10.323753356933594,sensor_15_rolling_std_20,5.4527326,sensor_4_rolling_std_20,3.4954054,sensor_14_rolling_mean_20,2.6518886,sensor_12_rolling_mean_20,2.4738593,sensor_8_rolling_mean_20,2.2895472,sensor_4_rolling_mean_5,-16.039654,sensor_11_rolling_mean_5,-9.598858,sensor_4_rolling_mean_10,-7.712133,sensor_15_rolling_mean_5,-5.8782053,sensor_2_rolling_mean_10,-5.1263046,sensor_4_rolling_mean_5,-16.039654,sensor_11_rolling_mean_5,-9.598858,sensor_4_rolling_mean_10,-7.712133,sensor_15_rolling_mean_5,-5.8782053,sensor_15_rolling_std_20,5.4527326,sensor_2_rolling_mean_10,-5.1263046,sensor_20_rolling_mean_10,-4.8931184,sensor_15_rolling_mean_10,-4.8337083,sensor_21_rolling_mean_10,-4.5989556,sensor_4_rolling_std_20,3.4954054
91,80,55.0,56.00502014160156,1.0050201416015625,sensor_4_rolling_std_20,3.645228,sensor_14_rolling_mean_20,3.6398494,sensor_15_rolling_std_20,3.636735,sensor_12_rolling_mean_20,2.496967,sensor_13_rolling_mean_20,2.2882302,sensor_4_rolling_mean_5,-16.271904,sensor_11_rolling_mean_5,-8.071822,sensor_4_rolling_mean_10,-7.3780565,sensor_15_rolling_mean_5,-5.887144,sensor_15_rolling_mean_10,-5.1932693,sensor_4_rolling_mean_5,-16.271904,sensor_11_rolling_mean_5,-8.071822,sensor_4_rolling_mean_10,-7.3780565,sensor_15_rolling_mean_5,-5.887144,sensor_15_rolling_mean_10,-5.1932693,sensor_20_rolling_mean_10,-4.738985,sensor_2_rolling_mean_10,-4.0847507,sensor_21_rolling_mean_10,-3.8790662,sensor_4_rolling_std_20,3.645228,sensor_14_rolling_mean_20,3.6398494
91,81,54.0,61.99960708618164,7.999607086181641,sensor_14_rolling_mean_20,3.7872324,sensor_4_rolling_std_20,3.6473448,sensor_9_rolling_std_20,3.0929177,sensor_8_rolling_mean_20,3.0715241,sensor_12_rolling_mean_20,2.6818922,sensor_4_rolling_mean_5,-16.249334,sensor_11_rolling_mean_5,-8.427648,sensor_4_rolling_mean_10,-7.773689,sensor_15_rolling_mean_10,-6.215697,sensor_15_rolling_mean_5,-6.0723457,sensor_4_rolling_mean_5,-16.249334,sensor_11_rolling_mean_5,-8.427648,sensor_4_rolling_mean_10,-7.773689,sensor_15_rolling_mean_10,-6.215697,sensor_15_rolling_mean_5,-6.0723457,sensor_20_rolling_mean_10,-4.951307,sensor_3_rolling_mean_10,-4.0431814,sensor_14_rolling_mean_20,3.7872324,sensor_21_rolling_mean_10,-3.7556958,sensor_4_rolling_std_20,3.6473448
91,82,53.0,51.78096008300781,-1.2190399169921875,sensor_14_rolling_mean_20,3.572384,sensor_4_rolling_std_20,3.5507514,sensor_9_rolling_std_20,3.1199102,sensor_12_rolling_mean_20,2.9896815,sensor_8_rolling_mean_20,2.514018,sensor_4_rolling_mean_5,-15.884944,sensor_11_rolling_mean_5,-9.308095,sensor_4_rolling_mean_10,-7.2274075,sensor_15_rolling_mean_10,-6.411681,sensor_15_rolling_mean_5,-6.133365,sensor_4_rolling_mean_5,-15.884944,sensor_11_rolling_mean_5,-9.308095,sensor_4_rolling_mean_10,-7.2274075,sensor_15_rolling_mean_10,-6.411681,sensor_15_rolling_mean_5,-6.133365,sensor_20_rolling_mean_10,-5.1442833,sensor_3_rolling_mean_10,-4.171633,sensor_21_rolling_mean_10,-4.0991793,sensor_14_rolling_mean_20,3.572384,sensor_4_rolling_std_20,3.5507514
91,83,52.0,50.58119583129883,-1.4188041687011719,sensor_4_rolling_std_20,3.4600606,sensor_12_rolling_mean_20,3.295186,sensor_8_rolling_mean_20,2.8631015,sensor_14_rolling_mean_20,2.7986763,sensor_9_rolling_std_20,2.736479,sensor_4_rolling_mean_5,-16.412006,sensor_11_rolling_mean_5,-9.278792,sensor_4_rolling_mean_10,-7.4663787,sensor_15_rolling_mean_10,-6.2884965,sensor_15_rolling_mean_5,-5.8084,sensor_4_rolling_mean_5,-16.412006,sensor_11_rolling_mean_5,-9.278792,sensor_4_rolling_mean_10,-7.4663787,sensor_15_rolling_mean_10,-6.2884965,sensor_15_rolling_mean_5,-5.8084,sensor_20_rolling_mean_10,-5.2202697,sensor_3_rolling_mean_10,-4.754017,sensor_21_rolling_mean_10,-4.3193774,sensor_4_rolling_std_20,3.4600606,sensor_2_rolling_mean_10,-3.415023
91,84,51.0,52.709720611572266,1.7097206115722656,sensor_8_rolling_mean_20,3.4522483,sensor_4_rolling_std_20,3.2649164,sensor_9_rolling_std_20,3.0636811,sensor_12_rolling_mean_20,2.9927566,sensor_14_rolling_mean_20,2.738058,sensor_4_rolling_mean_5,-15.216874,sensor_11_rolling_mean_5,-9.4518175,sensor_4_rolling_mean_10,-7.278716,sensor_15_rolling_mean_10,-6.0698233,sensor_15_rolling_mean_5,-5.9705834,sensor_4_rolling_mean_5,-15.216874,sensor_11_rolling_mean_5,-9.4518175,sensor_4_rolling_mean_10,-7.278716,sensor_15_rolling_mean_10,-6.0698233,sensor_15_rolling_mean_5,-5.9705834,sensor_20_rolling_mean_10,-5.08482,sensor_21_rolling_mean_10,-4.4158764,sensor_2_rolling_mean_10,-3.9915638,sensor_8_rolling_mean_20,3.4522483,sensor_4_rolling_std_20,3.2649164
91,85,50.0,45.181636810302734,-4.818363189697266,sensor_8_rolling_mean_20,3.6095037,sensor_12_rolling_mean_20,3.4555733,sensor_9_rolling_std_20,3.2802045,sensor_4_rolling_std_20,3.1168225,sensor_14_rolling_mean_20,2.8742664,sensor_4_rolling_mean_5,-14.612509,sensor_11_rolling_mean_5,-9.227534,sensor_4_rolling_mean_10,-7.1825542,sensor_15_rolling_mean_10,-6.289879,sensor_15_rolling_mean_5,-5.7471786,sensor_4_rolling_mean_5,-14.612509,sensor_11_rolling_mean_5,-9.227534,sensor_4_rolling_mean_10,-7.1825542,sensor_15_rolling_mean_10,-6.289879,sensor_15_rolling_mean_5,-5.7471786,sensor_3_rolling_mean_10,-5.5979486,sensor_20_rolling_mean_10,-5.251148,sensor_21_rolling_mean_10,-4.543797,sensor_8_rolling_mean_20,3.6095037,sensor_12_rolling_mean_20,3.4555733
91,86,49.0,49.03835678100586,0.038356781005859375,sensor_8_rolling_mean_20,4.046185,sensor_9_rolling_std_20,3.5132196,sensor_12_rolling_mean_20,3.2235732,sensor_14_rolling_mean_20,3.1225982,sensor_13_rolling_mean_20,2.6467931,sensor_4_rolling_mean_5,-15.762753,sensor_11_rolling_mean_5,-8.727287,sensor_4_rolling_mean_10,-7.6011753,sensor_15_rolling_mean_10,-6.3494673,sensor_15_rolling_mean_5,-6.3427997,sensor_4_rolling_mean_5,-15.762753,sensor_11_rolling_mean_5,-8.727287,sensor_4_rolling_mean_10,-7.6011753,sensor_15_rolling_mean_10,-6.3494673,sensor_15_rolling_mean_5,-6.3427997,sensor_20_rolling_mean_10,-5.0002265,sensor_3_rolling_mean_10,-4.939797,sensor_21_rolling_mean_10,-4.323755,sensor_8_rolling_mean_20,4.046185,sensor_9_rolling_std_20,3.5132196
91,87,48.0,51.195980072021484,3.1959800720214844,sensor_8_rolling_mean_20,3.7868466,sensor_9_rolling_std_20,3.3865035,sensor_12_rolling_mean_20,3.1581476,sensor_14_rolling_mean_20,2.7420118,sensor_20_rolling_mean_20,2.7241893,sensor_4_rolling_mean_5,-14.344376,sensor_11_rolling_mean_5,-8.433121,sensor_4_rolling_mean_10,-6.86079,sensor_15_rolling_mean_10,-6.483928,sensor_15_rolling_mean_5,-5.8549757,sensor_4_rolling_mean_5,-14.344376,sensor_11_rolling_mean_5,-8.433121,sensor_4_rolling_mean_10,-6.86079,sensor_15_rolling_mean_10,-6.483928,sensor_15_rolling_mean_5,-5.8549757,sensor_3_rolling_mean_10,-5.481346,sensor_20_rolling_mean_10,-4.6497035,sensor_21_rolling_mean_10,-4.4664025,sensor_8_rolling_mean_20,3.7868466,sensor_9_rolling_std_20,3.3865035
91,88,47.0,43.25625991821289,-3.7437400817871094,sensor_8_rolling_mean_20,3.4354343,sensor_9_rolling_std_20,3.2492542,sensor_14_rolling_mean_20,3.0548646,sensor_12_rolling_mean_20,2.8902647,sensor_20_rolling_mean_20,2.6962616,sensor_4_rolling_mean_5,-14.364786,sensor_11_rolling_mean_5,-9.428561,sensor_4_rolling_mean_10,-7.115864,sensor_15_rolling_mean_10,-6.4228063,sensor_15_rolling_mean_5,-6.1874776,sensor_4_rolling_mean_5,-14.364786,sensor_11_rolling_mean_5,-9.428561,sensor_4_rolling_mean_10,-7.115864,sensor_15_rolling_mean_10,-6.4228063,sensor_15_rolling_mean_5,-6.1874776,sensor_3_rolling_mean_10,-5.1084037,sensor_20_rolling_mean_10,-4.5755982,sensor_21_rolling_mean_10,-4.4801383,sensor_21_rolling_mean_5,-3.5203824,sensor_8_rolling_mean_20,3.4354343
91,89,46.0,46.82429122924805,0.8242912292480469,sensor_8_rolling_mean_20,3.6229663,sensor_12_rolling_mean_20,2.8887537,sensor_9_rolling_std_20,2.7940702,sensor_20_rolling_mean_20,2.6968448,sensor_14_rolling_mean_20,2.39497,sensor_4_rolling_mean_5,-17.702398,sensor_11_rolling_mean_5,-8.016618,sensor_15_rolling_mean_10,-6.63222,sensor_4_rolling_mean_10,-6.477125,sensor_15_rolling_mean_5,-5.8818293,sensor_4_rolling_mean_5,-17.702398,sensor_11_rolling_mean_5,-8.016618,sensor_15_rolling_mean_10,-6.63222,sensor_4_rolling_mean_10,-6.477125,sensor_15_rolling_mean_5,-5.8818293,sensor_3_rolling_mean_10,-5.662173,sensor_21_rolling_mean_10,-4.5510535,sensor_20_rolling_mean_10,-4.4573975,sensor_8_rolling_mean_20,3.6229663,sensor_21_rolling_mean_5,-3.3663752
91,90,45.0,49.56670379638672,4.566703796386719,sensor_8_rolling_mean_20,3.7745671,sensor_2_rolling_mean_10,3.2497277,sensor_12_rolling_mean_20,3.0695038,sensor_9_rolling_std_20,2.9434528,sensor_14_rolling_mean_20,2.744806,sensor_4_rolling_mean_5,-17.338055,sensor_11_rolling_mean_5,-8.474907,sensor_4_rolling_mean_10,-7.2272696,sensor_15_rolling_mean_10,-6.4620314,sensor_15_rolling_mean_5,-6.0616817,sensor_4_rolling_mean_5,-17.338055,sensor_11_rolling_mean_5,-8.474907,sensor_4_rolling_mean_10,-7.2272696,sensor_15_rolling_mean_10,-6.4620314,sensor_15_rolling_mean_5,-6.0616817,sensor_3_rolling_mean_10,-5.4206915,sensor_21_rolling_mean_10,-4.6034756,sensor_20_rolling_mean_10,-4.220528,sensor_8_rolling_mean_20,3.7745671,sensor_11_rolling_std_20,-3.688715
91,91,44.0,56.63618087768555,12.636180877685547,sensor_8_rolling_mean_20,3.9559891,sensor_9_rolling_std_20,3.3408608,sensor_12_rolling_mean_20,3.096904,sensor_14_rolling_mean_20,2.808058,sensor_20_rolling_mean_20,2.705355,sensor_4_rolling_mean_5,-13.919942,sensor_11_rolling_mean_5,-9.252774,sensor_4_rolling_mean_10,-6.215044,sensor_15_rolling_mean_10,-6.0074186,sensor_3_rolling_mean_10,-5.673159,sensor_4_rolling_mean_5,-13.919942,sensor_11_rolling_mean_5,-9.252774,sensor_4_rolling_mean_10,-6.215044,sensor_15_rolling_mean_10,-6.0074186,sensor_3_rolling_mean_10,-5.673159,sensor_15_rolling_mean_5,-5.3893085,sensor_20_rolling_mean_10,-4.7392983,sensor_21_rolling_mean_10,-4.511117,sensor_8_rolling_mean_20,3.9559891,sensor_11_rolling_std_20,-3.448731
91,92,43.0,45.64045715332031,2.6404571533203125,sensor_8_rolling_mean_20,4.292777,sensor_9_rolling_std_20,3.6117294,sensor_14_rolling_mean_20,2.6436327,sensor_12_rolling_mean_20,2.5756035,sensor_20_rolling_mean_20,2.488985,sensor_4_rolling_mean_5,-18.107714,sensor_11_rolling_mean_5,-9.001725,sensor_4_rolling_mean_10,-7.173349,sensor_15_rolling_mean_10,-6.065176,sensor_15_rolling_mean_5,-5.8364787,sensor_4_rolling_mean_5,-18.107714,sensor_11_rolling_mean_5,-9.001725,sensor_4_rolling_mean_10,-7.173349,sensor_15_rolling_mean_10,-6.065176,sensor_15_rolling_mean_5,-5.8364787,sensor_3_rolling_mean_10,-5.17991,sensor_20_rolling_mean_10,-5.0915604,sensor_21_rolling_mean_10,-4.343118,sensor_8_rolling_mean_20,4.292777,sensor_9_rolling_std_20,3.6117294
91,93,42.0,46.79172134399414,4.791721343994141,sensor_8_rolling_mean_20,4.459617,sensor_9_rolling_std_20,3.9093118,sensor_14_rolling_mean_20,2.820691,sensor_12_rolling_mean_20,2.7549567,sensor_13_rolling_std_20,2.743731,sensor_4_rolling_mean_5,-16.105404,sensor_11_rolling_mean_5,-8.660792,sensor_4_rolling_mean_10,-7.3980713,sensor_15_rolling_mean_10,-6.22623,sensor_3_rolling_mean_10,-5.612367,sensor_4_rolling_mean_5,-16.105404,sensor_11_rolling_mean_5,-8.660792,sensor_4_rolling_mean_10,-7.3980713,sensor_15_rolling_mean_10,-6.22623,sensor_3_rolling_mean_10,-5.612367,sensor_15_rolling_mean_5,-5.580004,sensor_20_rolling_mean_10,-5.094021,sensor_8_rolling_mean_20,4.459617,sensor_21_rolling_mean_10,-4.2990456,sensor_9_rolling_std_20,3.9093118
91,94,41.0,45.755226135253906,4.755226135253906,sensor_8_rolling_mean_20,3.7540846,sensor_9_rolling_std_20,3.7073083,sensor_12_rolling_mean_20,3.1250014,sensor_13_rolling_std_20,2.9142141,sensor_13_rolling_mean_20,2.6270597,sensor_4_rolling_mean_5,-16.288467,sensor_11_rolling_mean_5,-7.512717,sensor_4_rolling_mean_10,-7.000685,sensor_15_rolling_mean_10,-6.818073,sensor_15_rolling_mean_5,-6.0656857,sensor_4_rolling_mean_5,-16.288467,sensor_11_rolling_mean_5,-7.512717,sensor_4_rolling_mean_10,-7.000685,sensor_15_rolling_mean_10,-6.818073,sensor_15_rolling_mean_5,-6.0656857,sensor_3_rolling_mean_10,-5.931138,sensor_20_rolling_mean_10,-4.6889644,sensor_21_rolling_mean_10,-4.4597034,sensor_8_rolling_mean_20,3.7540846,sensor_9_rolling_std_20,3.7073083
91,95,40.0,39.83482360839844,-0.1651763916015625,sensor_8_rolling_mean_20,4.20635,sensor_12_rolling_mean_20,2.990256,sensor_4_rolling_std_20,2.8947039,sensor_9_rolling_std_20,2.8180103,sensor_14_rolling_mean_20,2.7107658,sensor_4_rolling_mean_5,-17.82091,sensor_4_rolling_mean_10,-7.117636,sensor_15_rolling_mean_10,-6.560465,sensor_15_rolling_mean_5,-6.320069,sensor_11_rolling_mean_5,-5.5344496,sensor_4_rolling_mean_5,-17.82091,sensor_4_rolling_mean_10,-7.117636,sensor_15_rolling_mean_10,-6.560465,sensor_15_rolling_mean_5,-6.320069,sensor_11_rolling_mean_5,-5.5344496,sensor_3_rolling_mean_10,-5.456638,sensor_20_rolling_mean_10,-5.210956,sensor_8_rolling_mean_20,4.20635,sensor_21_rolling_mean_10,-3.8821898,sensor_21_rolling_mean_5,-3.4439223
91,96,39.0,38.870426177978516,-0.12957382202148438,sensor_8_rolling_mean_20,3.433803,sensor_12_rolling_mean_20,2.9020324,sensor_9_rolling_std_20,2.7366126,sensor_20_rolling_mean_20,2.5172975,sensor_14_rolling_mean_20,2.4920664,sensor_4_rolling_mean_5,-17.909918,sensor_4_rolling_mean_10,-7.059941,sensor_11_rolling_mean_5,-6.5844135,sensor_15_rolling_mean_10,-6.3944354,sensor_15_rolling_mean_5,-5.9038854,sensor_4_rolling_mean_5,-17.909918,sensor_4_rolling_mean_10,-7.059941,sensor_11_rolling_mean_5,-6.5844135,sensor_15_rolling_mean_10,-6.3944354,sensor_15_rolling_mean_5,-5.9038854,sensor_3_rolling_mean_10,-5.627127,sensor_20_rolling_mean_10,-5.1976805,sensor_21_rolling_mean_10,-4.246467,sensor_8_rolling_mean_20,3.433803,sensor_21_rolling_mean_5,-3.1503692
91,97,38.0,40.84314727783203,2.8431472778320312,sensor_8_rolling_mean_20,3.5968,sensor_9_rolling_std_20,3.057249,sensor_14_rolling_mean_20,2.75254,sensor_12_rolling_mean_20,2.7303708,sensor_20_rolling_mean_20,2.6513307,sensor_4_rolling_mean_5,-17.652609,sensor_11_rolling_mean_5,-7.1437855,sensor_4_rolling_mean_10,-6.8972745,sensor_15_rolling_mean_10,-6.5857177,sensor_15_rolling_mean_5,-6.40158,sensor_4_rolling_mean_5,-17.652609,sensor_11_rolling_mean_5,-7.1437855,sensor_4_rolling_mean_10,-6.8972745,sensor_15_rolling_mean_10,-6.5857177,sensor_15_rolling_mean_5,-6.40158,sensor_3_rolling_mean_10,-5.565718,sensor_20_rolling_mean_10,-5.215922,sensor_21_rolling_mean_10,-4.33857,sensor_8_rolling_mean_20,3.5968,sensor_21_rolling_mean_5,-3.5245872
91,98,37.0,40.71267318725586,3.7126731872558594,sensor_8_rolling_mean_20,3.2005436,sensor_9_rolling_std_20,3.1624103,sensor_12_rolling_mean_20,3.1101446,sensor_4_rolling_std_20,2.9696634,sensor_20_rolling_mean_20,2.518622,sensor_4_rolling_mean_5,-17.814325,sensor_11_rolling_mean_5,-7.348476,sensor_4_rolling_mean_10,-7.1803265,sensor_15_rolling_mean_10,-6.67864,sensor_15_rolling_mean_5,-6.511822,sensor_4_rolling_mean_5,-17.814325,sensor_11_rolling_mean_5,-7.348476,sensor_4_rolling_mean_10,-7.1803265,sensor_15_rolling_mean_10,-6.67864,sensor_15_rolling_mean_5,-6.511822,sensor_3_rolling_mean_10,-5.774559,sensor_20_rolling_mean_10,-5.2694244,sensor_21_rolling_mean_10,-4.3675365,sensor_11_rolling_std_20,-3.4188373,sensor_21_rolling_mean_5,-3.209686
91,99,36.0,38.62109375,2.62109375,sensor_8_rolling_mean_20,3.2822711,sensor_9_rolling_std_20,2.9637997,sensor_4_rolling_std_20,2.956088,sensor_20_rolling_mean_20,2.484435,sensor_13_rolling_std_20,2.4067185,sensor_4_rolling_mean_5,-17.950333,sensor_4_rolling_mean_10,-7.007246,sensor_11_rolling_mean_5,-6.9958954,sensor_15_rolling_mean_5,-6.900892,sensor_15_rolling_mean_10,-6.7350097,sensor_4_rolling_mean_5,-17.950333,sensor_4_rolling_mean_10,-7.007246,sensor_11_rolling_mean_5,-6.9958954,sensor_15_rolling_mean_5,-6.900892,sensor_15_rolling_mean_10,-6.7350097,sensor_3_rolling_mean_10,-5.5274444,sensor_20_rolling_mean_10,-5.0924916,sensor_21_rolling_mean_10,-4.3680105,sensor_21_rolling_mean_5,-3.3417208,sensor_4,-3.3026161
91,100,35.0,36.156673431396484,1.1566734313964844,sensor_8_rolling_mean_20,3.1745646,sensor_4_rolling_std_20,2.7594671,sensor_12_rolling_mean_20,2.669429,sensor_20_rolling_mean_20,2.654144,sensor_9_rolling_std_20,2.459509,sensor_4_rolling_mean_5,-18.433846,sensor_11_rolling_mean_5,-8.797186,sensor_4_rolling_mean_10,-7.4895525,sensor_15_rolling_mean_5,-7.0356073,sensor_15_rolling_mean_10,-6.87339,sensor_4_rolling_mean_5,-18.433846,sensor_11_rolling_mean_5,-8.797186,sensor_4_rolling_mean_10,-7.4895525,sensor_15_rolling_mean_5,-7.0356073,sensor_15_rolling_mean_10,-6.87339,sensor_3_rolling_mean_10,-5.624037,sensor_20_rolling_mean_10,-5.1996937,sensor_21_rolling_mean_10,-4.3138795,sensor_2_rolling_mean_5,-3.3647916,sensor_8_rolling_mean_20,3.1745646
91,101,34.0,37.375240325927734,3.3752403259277344,sensor_12_rolling_mean_20,3.421222,sensor_8_rolling_mean_20,3.3198483,sensor_14_rolling_mean_20,2.8325925,sensor_15_rolling_mean_20,2.607253,sensor_20_rolling_mean_20,2.464827,sensor_4_rolling_mean_5,-18.230755,sensor_11_rolling_mean_5,-8.085896,sensor_4_rolling_mean_10,-7.0919566,sensor_15_rolling_mean_10,-6.6652865,sensor_15_rolling_mean_5,-6.614212,sensor_4_rolling_mean_5,-18.230755,sensor_11_rolling_mean_5,-8.085896,sensor_4_rolling_mean_10,-7.0919566,sensor_15_rolling_mean_10,-6.6652865,sensor_15_rolling_mean_5,-6.614212,sensor_20_rolling_mean_10,-5.031474,sensor_3_rolling_mean_10,-4.8928814,sensor_21_rolling_mean_10,-4.2732134,sensor_12_rolling_mean_20,3.421222,sensor_8_rolling_mean_20,3.3198483
91,102,33.0,37.940372467041016,4.940372467041016,sensor_8_rolling_mean_20,3.7775471,sensor_12_rolling_mean_20,3.0211241,sensor_14_rolling_mean_20,2.9340074,sensor_13_rolling_std_20,2.5906186,sensor_20_rolling_mean_20,2.4144952,sensor_4_rolling_mean_5,-19.251617,sensor_11_rolling_mean_5,-9.227833,sensor_4_rolling_mean_10,-7.1553264,sensor_15_rolling_mean_10,-6.5512285,sensor_15_rolling_mean_5,-6.475637,sensor_4_rolling_mean_5,-19.251617,sensor_11_rolling_mean_5,-9.227833,sensor_4_rolling_mean_10,-7.1553264,sensor_15_rolling_mean_10,-6.5512285,sensor_15_rolling_mean_5,-6.475637,sensor_20_rolling_mean_10,-5.3857236,sensor_21_rolling_mean_10,-4.4641857,sensor_3_rolling_mean_10,-4.2244368,sensor_8_rolling_mean_20,3.7775471,sensor_2_rolling_mean_10,-3.4736001
91,103,32.0,36.01713943481445,4.017139434814453,sensor_8_rolling_mean_20,3.8588943,sensor_12_rolling_mean_20,2.8525984,sensor_20_rolling_mean_20,2.5185628,sensor_14_rolling_mean_20,2.4802678,sensor_13_rolling_std_20,2.4595098,sensor_4_rolling_mean_5,-19.35145,sensor_11_rolling_mean_5,-10.047718,sensor_4_rolling_mean_10,-7.416083,sensor_15_rolling_mean_10,-6.8344254,sensor_15_rolling_mean_5,-6.4816327,sensor_4_rolling_mean_5,-19.35145,sensor_11_rolling_mean_5,-10.047718,sensor_4_rolling_mean_10,-7.416083,sensor_15_rolling_mean_10,-6.8344254,sensor_15_rolling_mean_5,-6.4816327,sensor_20_rolling_mean_10,-5.3502398,sensor_3_rolling_mean_10,-4.7101674,sensor_21_rolling_mean_10,-4.498184,sensor_8_rolling_mean_20,3.8588943,sensor_2_rolling_mean_10,-3.5350773
91,104,31.0,35.387840270996094,4.387840270996094,sensor_8_rolling_mean_20,3.6054347,sensor_12_rolling_mean_20,3.1339011,sensor_14_rolling_mean_20,3.0969663,sensor_13_rolling_std_20,2.4136481,sensor_20_rolling_mean_20,2.3807952,sensor_4_rolling_mean_5,-19.191734,sensor_11_rolling_mean_5,-10.5478525,sensor_4_rolling_mean_10,-7.5268903,sensor_15_rolling_mean_10,-6.4996414,sensor_15_rolling_mean_5,-6.0544004,sensor_4_rolling_mean_5,-19.191734,sensor_11_rolling_mean_5,-10.5478525,sensor_4_rolling_mean_10,-7.5268903,sensor_15_rolling_mean_10,-6.4996414,sensor_15_rolling_mean_5,-6.0544004,sensor_20_rolling_mean_10,-5.4509463,sensor_2_rolling_mean_10,-4.844978,sensor_21_rolling_mean_10,-4.5727158,sensor_8_rolling_mean_20,3.6054347,sensor_21_rolling_mean_5,-3.150477
91,105,30.0,36.55084991455078,6.550849914550781,sensor_8_rolling_mean_20,3.737163,sensor_12_rolling_mean_20,3.3597074,sensor_14_rolling_mean_20,2.8710647,sensor_13_rolling_std_20,2.577666,sensor_20_rolling_mean_20,2.5451198,sensor_4_rolling_mean_5,-18.887915,sensor_11_rolling_mean_5,-10.000106,sensor_4_rolling_mean_10,-6.829802,sensor_15_rolling_mean_10,-6.5455575,sensor_15_rolling_mean_5,-6.3570795,sensor_4_rolling_mean_5,-18.887915,sensor_11_rolling_mean_5,-10.000106,sensor_4_rolling_mean_10,-6.829802,sensor_15_rolling_mean_10,-6.5455575,sensor_15_rolling_mean_5,-6.3570795,sensor_20_rolling_mean_10,-5.4028006,sensor_2_rolling_mean_10,-4.7084584,sensor_21_rolling_mean_10,-4.622189,sensor_8_rolling_mean_20,3.737163,sensor_3_rolling_mean_10,-3.6685266
91,106,29.0,35.61503601074219,6.6150360107421875,sensor_8_rolling_mean_20,3.9543695,sensor_12_rolling_mean_20,3.0320444,sensor_14_rolling_mean_20,2.928432,sensor_15_rolling_mean_20,2.492433,sensor_20_rolling_mean_20,2.3705978,sensor_4_rolling_mean_5,-17.71608,sensor_11_rolling_mean_5,-10.038506,sensor_4_rolling_mean_10,-7.012813,sensor_15_rolling_mean_10,-6.4979396,sensor_15_rolling_mean_5,-5.7373843,sensor_4_rolling_mean_5,-17.71608,sensor_11_rolling_mean_5,-10.038506,sensor_4_rolling_mean_10,-7.012813,sensor_15_rolling_mean_10,-6.4979396,sensor_15_rolling_mean_5,-5.7373843,sensor_20_rolling_mean_10,-5.2723775,sensor_2_rolling_mean_10,-5.1979733,sensor_21_rolling_mean_10,-4.574698,sensor_8_rolling_mean_20,3.9543695,sensor_12_rolling_mean_20,3.0320444
91,107,28.0,31.952314376831055,3.9523143768310547,sensor_8_rolling_mean_20,3.356657,sensor_12_rolling_mean_20,3.0313413,sensor_14_rolling_mean_20,2.7235854,sensor_20_rolling_mean_20,2.647794,sensor_15_rolling_mean_20,2.402414,sensor_4_rolling_mean_5,-17.902601,sensor_11_rolling_mean_5,-10.8064575,sensor_4_rolling_mean_10,-6.8845077,sensor_15_rolling_mean_10,-6.6923146,sensor_15_rolling_mean_5,-6.0176587,sensor_4_rolling_mean_5,-17.902601,sensor_11_rolling_mean_5,-10.8064575,sensor_4_rolling_mean_10,-6.8845077,sensor_15_rolling_mean_10,-6.6923146,sensor_15_rolling_mean_5,-6.0176587,sensor_20_rolling_mean_10,-5.236406,sensor_2_rolling_mean_10,-5.0575013,sensor_21_rolling_mean_10,-4.68556,sensor_3_rolling_mean_10,-3.82147,sensor_8_rolling_mean_20,3.356657
91,108,27.0,30.01384162902832,3.0138416290283203,sensor_8_rolling_mean_20,3.3804533,sensor_12_rolling_mean_20,2.9590802,sensor_14_rolling_mean_20,2.9582558,sensor_20_rolling_mean_20,2.6425664,sensor_15_rolling_mean_20,2.522462,sensor_4_rolling_mean_5,-18.20294,sensor_11_rolling_mean_5,-10.988457,sensor_4_rolling_mean_10,-6.903459,sensor_15_rolling_mean_10,-6.7596083,sensor_15_rolling_mean_5,-5.9825153,sensor_4_rolling_mean_5,-18.20294,sensor_11_rolling_mean_5,-10.988457,sensor_4_rolling_mean_10,-6.903459,sensor_15_rolling_mean_10,-6.7596083,sensor_15_rolling_mean_5,-5.9825153,sensor_20_rolling_mean_10,-5.243556,sensor_2_rolling_mean_10,-4.957484,sensor_21_rolling_mean_10,-4.671267,sensor_3_rolling_mean_10,-4.019783,sensor_8_rolling_mean_20,3.3804533
91,109,26.0,26.054710388183594,0.05471038818359375,sensor_8_rolling_mean_20,3.4340377,sensor_12_rolling_mean_20,3.2268739,sensor_14_rolling_mean_20,2.7989936,sensor_20_rolling_mean_20,2.6495764,sensor_15_rolling_mean_20,2.444134,sensor_4_rolling_mean_5,-18.968266,sensor_11_rolling_mean_5,-12.546176,sensor_4_rolling_mean_10,-7.0331645,sensor_15_rolling_mean_10,-6.6805296,sensor_15_rolling_mean_5,-6.1571646,sensor_4_rolling_mean_5,-18.968266,sensor_11_rolling_mean_5,-12.546176,sensor_4_rolling_mean_10,-7.0331645,sensor_15_rolling_mean_10,-6.6805296,sensor_15_rolling_mean_5,-6.1571646,sensor_20_rolling_mean_10,-5.4820576,sensor_2_rolling_mean_10,-5.051873,sensor_21_rolling_mean_10,-4.5939913,sensor_3_rolling_mean_10,-3.6193655,sensor_8_rolling_mean_20,3.4340377
91,110,25.0,21.381893157958984,-3.6181068420410156,sensor_8_rolling_mean_20,3.6113663,sensor_12_rolling_mean_20,3.0505497,sensor_14_rolling_mean_20,2.7939184,sensor_20_rolling_mean_20,2.470274,sensor_13_rolling_mean_20,2.2527907,sensor_4_rolling_mean_5,-19.747524,sensor_11_rolling_mean_5,-12.805034,sensor_4_rolling_mean_10,-7.6209335,sensor_15_rolling_mean_5,-7.4957294,sensor_15_rolling_mean_10,-7.103042,sensor_4_rolling_mean_5,-19.747524,sensor_11_rolling_mean_5,-12.805034,sensor_4_rolling_mean_10,-7.6209335,sensor_15_rolling_mean_5,-7.4957294,sensor_15_rolling_mean_10,-7.103042,sensor_20_rolling_mean_10,-5.643554,sensor_3_rolling_mean_10,-5.6048203,sensor_2_rolling_mean_10,-4.818251,sensor_21_rolling_mean_10,-4.137694,sensor_8_rolling_mean_20,3.6113663
91,111,24.0,18.45383644104004,-5.546163558959961,sensor_14_rolling_mean_20,3.3612697,sensor_8_rolling_mean_20,3.0128906,sensor_12_rolling_mean_20,2.945994,sensor_20_rolling_mean_20,2.5442886,sensor_13_rolling_mean_20,2.2544355,sensor_4_rolling_mean_5,-20.580511,sensor_11_rolling_mean_5,-13.632813,sensor_4_rolling_mean_10,-7.5587335,sensor_15_rolling_mean_5,-7.0607624,sensor_15_rolling_mean_10,-6.640877,sensor_4_rolling_mean_5,-20.580511,sensor_11_rolling_mean_5,-13.632813,sensor_4_rolling_mean_10,-7.5587335,sensor_15_rolling_mean_5,-7.0607624,sensor_15_rolling_mean_10,-6.640877,sensor_3_rolling_mean_10,-5.640897,sensor_20_rolling_mean_10,-5.5901413,sensor_2_rolling_mean_10,-5.104344,sensor_21_rolling_mean_10,-4.643716,sensor_14_rolling_mean_20,3.3612697
91,112,23.0,20.639543533325195,-2.3604564666748047,sensor_14_rolling_mean_20,3.2844398,sensor_12_rolling_mean_20,3.0472393,sensor_8_rolling_mean_20,2.9681685,sensor_13_rolling_mean_20,2.487748,sensor_20_rolling_mean_20,2.2952101,sensor_4_rolling_mean_5,-20.164534,sensor_11_rolling_mean_5,-13.603646,sensor_4_rolling_mean_10,-7.574395,sensor_15_rolling_mean_5,-7.133429,sensor_15_rolling_mean_10,-6.870972,sensor_4_rolling_mean_5,-20.164534,sensor_11_rolling_mean_5,-13.603646,sensor_4_rolling_mean_10,-7.574395,sensor_15_rolling_mean_5,-7.133429,sensor_15_rolling_mean_10,-6.870972,sensor_20_rolling_mean_10,-5.672521,sensor_3_rolling_mean_10,-5.6389856,sensor_2_rolling_mean_10,-5.1345754,sensor_21_rolling_mean_10,-4.635888,sensor_14_rolling_mean_20,3.2844398
91,113,22.0,19.271028518676758,-2.728971481323242,sensor_14_rolling_mean_20,4.448367,sensor_12_rolling_mean_20,3.2750878,sensor_8_rolling_mean_20,2.9449608,sensor_13_rolling_mean_20,2.393095,sensor_20_rolling_mean_20,2.286511,sensor_4_rolling_mean_5,-20.926756,sensor_11_rolling_mean_5,-14.310303,sensor_15_rolling_mean_5,-8.188757,sensor_4_rolling_mean_10,-7.6801095,sensor_15_rolling_mean_10,-7.014094,sensor_4_rolling_mean_5,-20.926756,sensor_11_rolling_mean_5,-14.310303,sensor_15_rolling_mean_5,-8.188757,sensor_4_rolling_mean_10,-7.6801095,sensor_15_rolling_mean_10,-7.014094,sensor_3_rolling_mean_10,-5.7864027,sensor_20_rolling_mean_10,-5.655383,sensor_2_rolling_mean_10,-5.611204,sensor_21_rolling_mean_10,-4.5966835,sensor_14_rolling_mean_20,4.448367
91,114,21.0,19.710220336914062,-1.2897796630859375,sensor_14_rolling_mean_20,5.4346085,sensor_8_rolling_mean_20,3.1009734,sensor_12_rolling_mean_20,2.8435068,sensor_13_rolling_mean_20,2.5491672,sensor_20_rolling_mean_20,2.5169504,sensor_4_rolling_mean_5,-21.06255,sensor_11_rolling_mean_5,-14.693799,sensor_4_rolling_mean_10,-8.768283,sensor_15_rolling_mean_5,-8.213097,sensor_15_rolling_mean_10,-6.9205923,sensor_4_rolling_mean_5,-21.06255,sensor_11_rolling_mean_5,-14.693799,sensor_4_rolling_mean_10,-8.768283,sensor_15_rolling_mean_5,-8.213097,sensor_15_rolling_mean_10,-6.9205923,sensor_2_rolling_mean_10,-5.9785047,sensor_20_rolling_mean_10,-5.711832,sensor_3_rolling_mean_10,-5.597025,sensor_14_rolling_mean_20,5.4346085,sensor_21_rolling_mean_10,-4.552039
91,115,20.0,21.06536102294922,1.0653610229492188,sensor_14_rolling_mean_20,5.9030523,sensor_8_rolling_mean_20,3.57193,sensor_12_rolling_mean_20,3.171696,sensor_20_rolling_mean_20,2.6146421,sensor_13_rolling_mean_20,2.5047019,sensor_4_rolling_mean_5,-21.002419,sensor_11_rolling_mean_5,-14.690101,sensor_4_rolling_mean_10,-8.99108,sensor_15_rolling_mean_10,-6.9275694,sensor_15_rolling_mean_5,-6.79401,sensor_4_rolling_mean_5,-21.002419,sensor_11_rolling_mean_5,-14.690101,sensor_4_rolling_mean_10,-8.99108,sensor_15_rolling_mean_10,-6.9275694,sensor_15_rolling_mean_5,-6.79401,sensor_14_rolling_mean_20,5.9030523,sensor_20_rolling_mean_10,-5.790708,sensor_2_rolling_mean_10,-5.7889285,sensor_3_rolling_mean_10,-5.48213,sensor_21_rolling_mean_10,-4.646577
91,116,19.0,23.105541229248047,4.105541229248047,sensor_14_rolling_mean_20,5.470979,sensor_13_rolling_std_20,4.267758,sensor_8_rolling_mean_20,3.0183618,sensor_20_rolling_mean_20,2.8776746,sensor_13_rolling_mean_20,2.684683,sensor_4_rolling_mean_5,-21.062658,sensor_11_rolling_mean_5,-14.64258,sensor_4_rolling_mean_10,-8.481523,sensor_15_rolling_mean_5,-7.0938244,sensor_15_rolling_mean_10,-6.978229,sensor_4_rolling_mean_5,-21.062658,sensor_11_rolling_mean_5,-14.64258,sensor_4_rolling_mean_10,-8.481523,sensor_15_rolling_mean_5,-7.0938244,sensor_15_rolling_mean_10,-6.978229,sensor_3_rolling_mean_10,-5.7969193,sensor_20_rolling_mean_10,-5.653571,sensor_14_rolling_mean_20,5.470979,sensor_2_rolling_mean_10,-5.456931,sensor_21_rolling_mean_10,-4.6523266
91,117,18.0,25.712356567382812,7.7123565673828125,sensor_14_rolling_mean_20,5.732724,sensor_13_rolling_std_20,4.243521,sensor_8_rolling_mean_20,2.98165,sensor_12_rolling_mean_20,2.9442048,sensor_13_rolling_mean_20,2.576375,sensor_4_rolling_mean_5,-21.44336,sensor_11_rolling_mean_5,-14.521644,sensor_4_rolling_mean_10,-8.598643,sensor_15_rolling_mean_5,-6.710696,sensor_15_rolling_mean_10,-6.7083607,sensor_4_rolling_mean_5,-21.44336,sensor_11_rolling_mean_5,-14.521644,sensor_4_rolling_mean_10,-8.598643,sensor_15_rolling_mean_5,-6.710696,sensor_15_rolling_mean_10,-6.7083607,sensor_20_rolling_mean_10,-5.7871013,sensor_14_rolling_mean_20,5.732724,sensor_2_rolling_mean_10,-5.492251,sensor_3_rolling_mean_10,-5.4838023,sensor_21_rolling_mean_10,-4.6444793
91,118,17.0,24.711843490600586,7.711843490600586,sensor_14_rolling_mean_20,5.793417,sensor_13_rolling_std_20,4.1949644,sensor_8_rolling_mean_20,3.0694659,sensor_13_rolling_mean_20,2.5057003,sensor_12_rolling_mean_20,2.482283,sensor_4_rolling_mean_5,-21.293978,sensor_11_rolling_mean_5,-14.235238,sensor_4_rolling_mean_10,-8.519114,sensor_15_rolling_mean_5,-8.502218,sensor_15_rolling_mean_10,-6.9135413,sensor_4_rolling_mean_5,-21.293978,sensor_11_rolling_mean_5,-14.235238,sensor_4_rolling_mean_10,-8.519114,sensor_15_rolling_mean_5,-8.502218,sensor_15_rolling_mean_10,-6.9135413,sensor_3_rolling_mean_10,-5.8358493,sensor_14_rolling_mean_20,5.793417,sensor_2_rolling_mean_10,-5.5463815,sensor_20_rolling_mean_10,-5.5360923,sensor_21_rolling_mean_10,-4.72619
91,119,16.0,22.513158798217773,6.513158798217773,sensor_14_rolling_mean_20,4.999908,sensor_13_rolling_std_20,3.8529375,sensor_8_rolling_mean_20,3.4775822,sensor_12_rolling_mean_20,2.7494466,sensor_7_rolling_std_20,2.549316,sensor_4_rolling_mean_5,-20.585735,sensor_11_rolling_mean_5,-14.495305,sensor_4_rolling_mean_10,-8.46693,sensor_15_rolling_mean_5,-8.349327,sensor_15_rolling_mean_10,-6.949449,sensor_4_rolling_mean_5,-20.585735,sensor_11_rolling_mean_5,-14.495305,sensor_4_rolling_mean_10,-8.46693,sensor_15_rolling_mean_5,-8.349327,sensor_15_rolling_mean_10,-6.949449,sensor_3_rolling_mean_10,-5.8929048,sensor_2_rolling_mean_10,-5.492598,sensor_20_rolling_mean_10,-5.318389,sensor_14_rolling_mean_20,4.999908,sensor_21_rolling_mean_10,-4.3933816
91,120,15.0,17.92777442932129,2.927774429321289,sensor_14_rolling_mean_20,4.549829,sensor_8_rolling_mean_20,3.2069983,sensor_12_rolling_mean_20,2.8164477,sensor_13_rolling_std_20,2.5831366,sensor_20_rolling_mean_20,2.5482073,sensor_4_rolling_mean_5,-20.121595,sensor_11_rolling_mean_5,-14.463212,sensor_4_rolling_mean_10,-8.137298,sensor_15_rolling_mean_5,-8.110812,sensor_15_rolling_mean_10,-6.7403073,sensor_4_rolling_mean_5,-20.121595,sensor_11_rolling_mean_5,-14.463212,sensor_4_rolling_mean_10,-8.137298,sensor_15_rolling_mean_5,-8.110812,sensor_15_rolling_mean_10,-6.7403073,sensor_3_rolling_mean_10,-5.559152,sensor_20_rolling_mean_10,-5.359056,sensor_2_rolling_mean_10,-5.3150983,sensor_14_rolling_mean_20,4.549829,sensor_21_rolling_mean_10,-4.259251
91,121,14.0,16.185821533203125,2.185821533203125,sensor_14_rolling_mean_20,4.4372096,sensor_8_rolling_mean_20,3.4120128,sensor_12_rolling_mean_20,2.7601597,sensor_20_rolling_mean_20,2.6089537,sensor_13_rolling_mean_20,2.320554,sensor_4_rolling_mean_5,-21.477516,sensor_11_rolling_mean_5,-15.631541,sensor_4_rolling_mean_10,-8.424013,sensor_15_rolling_mean_5,-8.211205,sensor_15_rolling_mean_10,-6.731997,sensor_4_rolling_mean_5,-21.477516,sensor_11_rolling_mean_5,-15.631541,sensor_4_rolling_mean_10,-8.424013,sensor_15_rolling_mean_5,-8.211205,sensor_15_rolling_mean_10,-6.731997,sensor_2_rolling_mean_10,-5.833533,sensor_3_rolling_mean_10,-5.724401,sensor_20_rolling_mean_10,-5.4900103,sensor_14_rolling_mean_20,4.4372096,sensor_21_rolling_mean_10,-4.257327
91,122,13.0,15.373848915100098,2.3738489151000977,sensor_14_rolling_mean_20,3.7635953,sensor_8_rolling_mean_20,3.468541,sensor_20_rolling_mean_20,2.7856085,sensor_12_rolling_mean_20,2.649608,sensor_9_rolling_std_20,2.4938896,sensor_4_rolling_mean_5,-21.59154,sensor_11_rolling_mean_5,-14.866884,sensor_4_rolling_mean_10,-9.037405,sensor_15_rolling_mean_5,-8.500516,sensor_15_rolling_mean_10,-6.819423,sensor_4_rolling_mean_5,-21.59154,sensor_11_rolling_mean_5,-14.866884,sensor_4_rolling_mean_10,-9.037405,sensor_15_rolling_mean_5,-8.500516,sensor_15_rolling_mean_10,-6.819423,sensor_3_rolling_mean_10,-5.9826984,sensor_2_rolling_mean_10,-5.7962546,sensor_20_rolling_mean_10,-5.4482503,sensor_21_rolling_mean_10,-3.977047,sensor_14_rolling_mean_20,3.7635953
91,123,12.0,14.60450553894043,2.6045055389404297,sensor_14_rolling_mean_20,3.431357,sensor_8_rolling_mean_20,3.3189797,sensor_12_rolling_mean_20,3.2008207,sensor_7_rolling_std_20,2.970256,sensor_20_rolling_mean_20,2.8114555,sensor_4_rolling_mean_5,-22.107807,sensor_11_rolling_mean_5,-15.769052,sensor_4_rolling_mean_10,-8.458032,sensor_15_rolling_mean_5,-8.25669,sensor_15_rolling_mean_10,-7.1885924,sensor_4_rolling_mean_5,-22.107807,sensor_11_rolling_mean_5,-15.769052,sensor_4_rolling_mean_10,-8.458032,sensor_15_rolling_mean_5,-8.25669,sensor_15_rolling_mean_10,-7.1885924,sensor_2_rolling_mean_10,-5.8624825,sensor_3_rolling_mean_10,-5.7423563,sensor_20_rolling_mean_10,-5.67429,sensor_21_rolling_mean_10,-4.1665974,sensor_21_rolling_mean_5,-3.5927627
91,124,11.0,13.628813743591309,2.6288137435913086,sensor_14_rolling_mean_20,3.7606468,sensor_12_rolling_mean_20,3.4439003,sensor_8_rolling_mean_20,2.9950185,sensor_20_rolling_mean_20,2.740178,sensor_7_rolling_std_20,2.6949317,sensor_4_rolling_mean_5,-22.453974,sensor_11_rolling_mean_5,-15.83892,sensor_15_rolling_mean_5,-8.580488,sensor_4_rolling_mean_10,-8.328258,sensor_15_rolling_mean_10,-7.016116,sensor_4_rolling_mean_5,-22.453974,sensor_11_rolling_mean_5,-15.83892,sensor_15_rolling_mean_5,-8.580488,sensor_4_rolling_mean_10,-8.328258,sensor_15_rolling_mean_10,-7.016116,sensor_2_rolling_mean_10,-5.9904814,sensor_3_rolling_mean_10,-5.8881974,sensor_20_rolling_mean_10,-5.635501,sensor_21_rolling_mean_10,-4.036921,sensor_21_rolling_mean_5,-3.8034751
91,125,10.0,13.008363723754883,3.008363723754883,sensor_14_rolling_mean_20,3.5994592,sensor_8_rolling_mean_20,3.5586696,sensor_12_rolling_mean_20,3.4274957,sensor_20_rolling_mean_20,2.5543425,sensor_9_rolling_std_20,2.2190363,sensor_4_rolling_mean_5,-22.404432,sensor_11_rolling_mean_5,-15.870609,sensor_4_rolling_mean_10,-8.778929,sensor_15_rolling_mean_5,-8.549268,sensor_15_rolling_mean_10,-7.1494813,sensor_4_rolling_mean_5,-22.404432,sensor_11_rolling_mean_5,-15.870609,sensor_4_rolling_mean_10,-8.778929,sensor_15_rolling_mean_5,-8.549268,sensor_15_rolling_mean_10,-7.1494813,sensor_2_rolling_mean_10,-5.9434705,sensor_3_rolling_mean_10,-5.8414164,sensor_20_rolling_mean_10,-5.7178802,sensor_21_rolling_mean_10,-4.1820273,sensor_21_rolling_mean_5,-3.6872973
91,126,9.0,15.273009300231934,6.273009300231934,sensor_14_rolling_mean_20,3.7801964,sensor_8_rolling_mean_20,3.7070246,sensor_12_rolling_mean_20,3.553646,sensor_7_rolling_std_20,2.4767766,sensor_20_rolling_mean_20,2.2977579,sensor_4_rolling_mean_5,-22.78502,sensor_11_rolling_mean_5,-16.236038,sensor_15_rolling_mean_5,-8.838036,sensor_4_rolling_mean_10,-8.664143,sensor_15_rolling_mean_10,-7.6380253,sensor_4_rolling_mean_5,-22.78502,sensor_11_rolling_mean_5,-16.236038,sensor_15_rolling_mean_5,-8.838036,sensor_4_rolling_mean_10,-8.664143,sensor_15_rolling_mean_10,-7.6380253,sensor_3_rolling_mean_10,-6.0214725,sensor_2_rolling_mean_10,-5.934646,sensor_20_rolling_mean_10,-5.6732516,sensor_21_rolling_mean_10,-4.210232,sensor_14_rolling_mean_20,3.7801964
91,127,8.0,9.303051948547363,1.3030519485473633,sensor_14_rolling_mean_20,4.2546544,sensor_8_rolling_mean_20,3.838336,sensor_12_rolling_mean_20,3.7761662,sensor_20_rolling_mean_20,2.3319747,sensor_4_rolling_mean_20,2.076443,sensor_4_rolling_mean_5,-22.297302,sensor_11_rolling_mean_5,-16.06543,sensor_4_rolling_mean_10,-8.765384,sensor_15_rolling_mean_5,-8.708655,sensor_15_rolling_mean_10,-7.961407,sensor_4_rolling_mean_5,-22.297302,sensor_11_rolling_mean_5,-16.06543,sensor_4_rolling_mean_10,-8.765384,sensor_15_rolling_mean_5,-8.708655,sensor_15_rolling_mean_10,-7.961407,sensor_3_rolling_mean_10,-6.098996,sensor_2_rolling_mean_10,-5.9191985,sensor_20_rolling_mean_10,-5.6521273,sensor_21_rolling_mean_10,-4.272744,sensor_14_rolling_mean_20,4.2546544
91,128,7.0,3.9830191135406494,-3.0169808864593506,sensor_14_rolling_mean_20,4.1142263,sensor_12_rolling_mean_20,3.646795,sensor_8_rolling_mean_20,3.4196935,sensor_20_rolling_mean_20,2.478498,sensor_15_rolling_mean_20,2.4214394,sensor_4_rolling_mean_5,-22.874346,sensor_11_rolling_mean_5,-16.120062,sensor_4_rolling_mean_10,-9.183319,sensor_15_rolling_mean_5,-8.770994,sensor_15_rolling_mean_10,-7.868844,sensor_4_rolling_mean_5,-22.874346,sensor_11_rolling_mean_5,-16.120062,sensor_4_rolling_mean_10,-9.183319,sensor_15_rolling_mean_5,-8.770994,sensor_15_rolling_mean_10,-7.868844,sensor_3_rolling_mean_10,-6.249854,sensor_2_rolling_mean_10,-5.9068675,sensor_20_rolling_mean_10,-5.8199472,sensor_21_rolling_mean_10,-4.337766,sensor_14_rolling_mean_20,4.1142263
91,129,6.0,5.744050979614258,-0.2559490203857422,sensor_12_rolling_mean_20,3.5635712,sensor_8_rolling_mean_20,3.4908137,sensor_14_rolling_mean_20,2.927604,sensor_20_rolling_mean_20,2.3309922,sensor_15_rolling_mean_20,2.213109,sensor_4_rolling_mean_5,-22.837734,sensor_11_rolling_mean_5,-15.967493,sensor_15_rolling_mean_5,-8.795553,sensor_4_rolling_mean_10,-8.531967,sensor_15_rolling_mean_10,-7.9510508,sensor_4_rolling_mean_5,-22.837734,sensor_11_rolling_mean_5,-15.967493,sensor_15_rolling_mean_5,-8.795553,sensor_4_rolling_mean_10,-8.531967,sensor_15_rolling_mean_10,-7.9510508,sensor_3_rolling_mean_10,-6.2535205,sensor_20_rolling_mean_10,-5.9413633,sensor_2_rolling_mean_10,-5.8843083,sensor_21_rolling_mean_10,-4.2601233,sensor_21_rolling_mean_5,-3.837281
91,130,5.0,2.143808126449585,-2.856191873550415,sensor_8_rolling_mean_20,4.0562296,sensor_12_rolling_mean_20,3.5170329,sensor_14_rolling_mean_20,3.375614,sensor_20_rolling_mean_20,2.394458,sensor_13_rolling_mean_20,2.084419,sensor_4_rolling_mean_5,-22.754087,sensor_11_rolling_mean_5,-16.152945,sensor_15_rolling_mean_5,-9.074668,sensor_4_rolling_mean_10,-8.561671,sensor_15_rolling_mean_10,-7.839063,sensor_4_rolling_mean_5,-22.754087,sensor_11_rolling_mean_5,-16.152945,sensor_15_rolling_mean_5,-9.074668,sensor_4_rolling_mean_10,-8.561671,sensor_15_rolling_mean_10,-7.839063,sensor_3_rolling_mean_10,-6.2008243,sensor_2_rolling_mean_10,-6.074724,sensor_20_rolling_mean_10,-5.921167,sensor_21_rolling_mean_10,-4.1657352,sensor_8_rolling_mean_20,4.0562296
91,131,4.0,3.0646915435791016,-0.9353084564208984,sensor_8_rolling_mean_20,3.855589,sensor_12_rolling_mean_20,3.5891619,sensor_14_rolling_mean_20,3.1159449,sensor_20_rolling_mean_20,2.345359,sensor_13_rolling_mean_20,2.191591,sensor_4_rolling_mean_5,-22.64137,sensor_11_rolling_mean_5,-16.132038,sensor_15_rolling_mean_5,-8.920527,sensor_4_rolling_mean_10,-8.501591,sensor_15_rolling_mean_10,-8.049091,sensor_4_rolling_mean_5,-22.64137,sensor_11_rolling_mean_5,-16.132038,sensor_15_rolling_mean_5,-8.920527,sensor_4_rolling_mean_10,-8.501591,sensor_15_rolling_mean_10,-8.049091,sensor_2_rolling_mean_10,-6.0402617,sensor_3_rolling_mean_10,-6.0130024,sensor_20_rolling_mean_10,-6.001154,sensor_21_rolling_mean_10,-4.115985,sensor_8_rolling_mean_20,3.855589
91,132,3.0,2.911945343017578,-0.08805465698242188,sensor_8_rolling_mean_20,4.1654024,sensor_12_rolling_mean_20,3.3950632,sensor_14_rolling_mean_20,3.0479417,sensor_20_rolling_mean_20,2.4787352,sensor_13_rolling_mean_20,2.3298814,sensor_4_rolling_mean_5,-22.543724,sensor_11_rolling_mean_5,-16.124874,sensor_15_rolling_mean_5,-9.020815,sensor_4_rolling_mean_10,-8.722205,sensor_15_rolling_mean_10,-7.998124,sensor_4_rolling_mean_5,-22.543724,sensor_11_rolling_mean_5,-16.124874,sensor_15_rolling_mean_5,-9.020815,sensor_4_rolling_mean_10,-8.722205,sensor_15_rolling_mean_10,-7.998124,sensor_3_rolling_mean_10,-6.0905147,sensor_2_rolling_mean_10,-6.076039,sensor_20_rolling_mean_10,-6.015229,sensor_21_rolling_mean_10,-4.171033,sensor_8_rolling_mean_20,4.1654024
91,133,2.0,-1.7356144189834595,-3.7356144189834595,sensor_8_rolling_mean_20,3.8956604,sensor_12_rolling_mean_20,3.4710581,sensor_14_rolling_mean_20,3.364155,sensor_20_rolling_mean_20,2.3362603,sensor_13_rolling_mean_20,2.169502,sensor_4_rolling_mean_5,-22.659645,sensor_11_rolling_mean_5,-16.178238,sensor_15_rolling_mean_5,-9.023795,sensor_4_rolling_mean_10,-8.648711,sensor_15_rolling_mean_10,-7.8944507,sensor_4_rolling_mean_5,-22.659645,sensor_11_rolling_mean_5,-16.178238,sensor_15_rolling_mean_5,-9.023795,sensor_4_rolling_mean_10,-8.648711,sensor_15_rolling_mean_10,-7.8944507,sensor_3_rolling_mean_10,-6.147017,sensor_20_rolling_mean_10,-6.0214963,sensor_2_rolling_mean_10,-6.0073156,sensor_21_rolling_mean_10,-4.286292,sensor_8_rolling_mean_20,3.8956604
91,134,1.0,-0.6798278093338013,-1.6798278093338013,sensor_14_rolling_mean_20,4.0591197,sensor_8_rolling_mean_20,3.9760401,sensor_12_rolling_mean_20,3.323164,sensor_20_rolling_mean_20,2.1779048,sensor_13_rolling_mean_20,2.1678367,sensor_4_rolling_mean_5,-22.544983,sensor_11_rolling_mean_5,-16.320192,sensor_15_rolling_mean_5,-8.705076,sensor_4_rolling_mean_10,-8.460293,sensor_15_rolling_mean_10,-7.969468,sensor_4_rolling_mean_5,-22.544983,sensor_11_rolling_mean_5,-16.320192,sensor_15_rolling_mean_5,-8.705076,sensor_4_rolling_mean_10,-8.460293,sensor_15_rolling_mean_10,-7.969468,sensor_3_rolling_mean_10,-6.1925373,sensor_20_rolling_mean_10,-6.0597334,sensor_2_rolling_mean_10,-6.0022798,sensor_21_rolling_mean_10,-4.293281,sensor_14_rolling_mean_20,4.0591197
91,135,0.0,-0.9402797222137451,-0.9402797222137451,sensor_8_rolling_mean_20,4.256301,sensor_14_rolling_mean_20,3.890257,sensor_12_rolling_mean_20,3.4281225,sensor_20_rolling_mean_20,2.3861063,sensor_13_rolling_mean_20,1.984359,sensor_4_rolling_mean_5,-22.70054,sensor_11_rolling_mean_5,-16.162844,sensor_15_rolling_mean_5,-9.075168,sensor_4_rolling_mean_10,-8.471601,sensor_15_rolling_mean_10,-7.9732013,sensor_4_rolling_mean_5,-22.70054,sensor_11_rolling_mean_5,-16.162844,sensor_15_rolling_mean_5,-9.075168,sensor_4_rolling_mean_10,-8.471601,sensor_15_rolling_mean_10,-7.9732013,sensor_3_rolling_mean_10,-6.147259,sensor_20_rolling_mean_10,-6.0133786,sensor_2_rolling_mean_10,-5.853208,sensor_21_rolling_mean_10,-4.29574,sensor_8_rolling_mean_20,4.256301
46,1,255.0,205.38890075683594,-49.61109924316406,sensor_4_rolling_mean_5,8.3712225,sensor_4_rolling_std_20,6.703786,sensor_14_rolling_mean_20,4.9826646,sensor_9_rolling_mean_20,4.975193,sensor_14_rolling_std_20,4.488268,sensor_8_rolling_mean_20,-3.9456515,sensor_21_rolling_mean_10,-2.2693605,sensor_12_rolling_mean_20,-2.0965264,sensor_21_rolling_mean_20,-2.0070739,sensor_8_rolling_mean_10,-1.9557326,sensor_4_rolling_mean_5,8.3712225,sensor_4_rolling_std_20,6.703786,sensor_14_rolling_mean_20,4.9826646,sensor_9_rolling_mean_20,4.975193,sensor_14_rolling_std_20,4.488268,sensor_8_rolling_mean_20,-3.9456515,sensor_11_rolling_mean_5,3.8801856,sensor_4_rolling_mean_10,3.8683908,sensor_6_rolling_std_20,3.4574919,sensor_3_rolling_mean_10,3.4325688
46,2,254.0,254.60629272460938,0.606292724609375,sensor_4_rolling_mean_5,11.513421,sensor_11_rolling_mean_5,10.073484,sensor_14_rolling_mean_20,9.718226,sensor_7_rolling_mean_20,9.472056,sensor_21_rolling_mean_10,7.595735,sensor_20_rolling_mean_20,-8.529547,sensor_13_rolling_mean_20,-6.5300875,sensor_4_rolling_mean_20,-4.6127176,sensor_3_rolling_mean_10,-4.229723,sensor_11_rolling_mean_20,-2.4961069,sensor_4_rolling_mean_5,11.513421,sensor_11_rolling_mean_5,10.073484,sensor_14_rolling_mean_20,9.718226,sensor_7_rolling_mean_20,9.472056,sensor_20_rolling_mean_20,-8.529547,sensor_21_rolling_mean_10,7.595735,sensor_13_rolling_mean_20,-6.5300875,sensor_12_rolling_mean_10,6.2077384,sensor_4_rolling_mean_10,5.9667954,sensor_9_rolling_mean_20,5.6468534
46,3,253.0,243.73435974121094,-9.265640258789062,sensor_3_rolling_std_20,15.02961,sensor_4_rolling_mean_5,8.765225,sensor_11_rolling_mean_5,7.3404856,sensor_14_rolling_std_20,5.9527516,sensor_8_rolling_mean_10,5.659867,sensor_13_rolling_mean_20,-9.578661,sensor_20_rolling_mean_20,-6.4902296,sensor_4_rolling_mean_20,-5.348823,sensor_7_rolling_mean_20,-4.0125504,sensor_15_rolling_mean_20,-2.510444,sensor_3_rolling_std_20,15.02961,sensor_13_rolling_mean_20,-9.578661,sensor_4_rolling_mean_5,8.765225,sensor_11_rolling_mean_5,7.3404856,sensor_20_rolling_mean_20,-6.4902296,sensor_14_rolling_std_20,5.9527516,sensor_8_rolling_mean_10,5.659867,sensor_9_rolling_mean_20,5.453282,sensor_4_rolling_mean_20,-5.348823,sensor_7_rolling_std_20,4.925696
46,4,252.0,227.0509490966797,-24.949050903320312,sensor_3_rolling_std_20,16.1815,sensor_7_rolling_mean_20,7.847614,sensor_4_rolling_mean_5,7.8285074,sensor_11_rolling_mean_5,7.5039067,sensor_9_rolling_mean_20,7.261765,sensor_13_rolling_mean_20,-7.6354837,sensor_4_rolling_mean_20,-4.618177,sensor_20_rolling_mean_20,-4.393706,sensor_6_rolling_std_20,-3.9435215,sensor_2_rolling_mean_20,-3.1785126,sensor_3_rolling_std_20,16.1815,sensor_7_rolling_mean_20,7.847614,sensor_4_rolling_mean_5,7.8285074,sensor_13_rolling_mean_20,-7.6354837,sensor_11_rolling_mean_5,7.5039067,sensor_9_rolling_mean_20,7.261765,sensor_21_rolling_mean_10,5.603132,sensor_8_rolling_mean_10,5.0460005,sensor_14_rolling_std_20,4.8047314,sensor_21_rolling_std_20,4.756138
46,5,251.0,170.9505157470703,-80.04948425292969,sensor_3_rolling_std_20,13.808182,sensor_4_rolling_mean_5,8.758645,sensor_20_rolling_std_20,6.411539,sensor_11_rolling_mean_5,6.1803837,sensor_12_rolling_std_20,4.5306287,sensor_14_rolling_mean_20,-9.842888,sensor_13_rolling_mean_20,-5.8658395,sensor_20_rolling_mean_20,-4.3204317,sensor_9_rolling_mean_20,-4.1807117,sensor_9_rolling_std_20,-4.055684,sensor_3_rolling_std_20,13.808182,sensor_14_rolling_mean_20,-9.842888,sensor_4_rolling_mean_5,8.758645,sensor_20_rolling_std_20,6.411539,sensor_11_rolling_mean_5,6.1803837,sensor_13_rolling_mean_20,-5.8658395,sensor_12_rolling_std_20,4.5306287,sensor_20_rolling_mean_20,-4.3204317,sensor_9_rolling_mean_20,-4.1807117,sensor_2_rolling_mean_10,4.0926576
46,6,250.0,177.36212158203125,-72.63787841796875,sensor_3_rolling_std_20,13.151653,sensor_4_rolling_mean_5,9.109686,sensor_11_rolling_mean_5,7.8734922,sensor_11_rolling_std_20,5.2950325,sensor_15_rolling_std_20,4.6193504,sensor_14_rolling_mean_20,-10.286667,sensor_7_rolling_mean_20,-4.804277,sensor_13_rolling_mean_20,-3.7058632,sensor_20_rolling_mean_20,-3.6161177,sensor_2_rolling_mean_20,-3.3774405,sensor_3_rolling_std_20,13.151653,sensor_14_rolling_mean_20,-10.286667,sensor_4_rolling_mean_5,9.109686,sensor_11_rolling_mean_5,7.8734922,sensor_11_rolling_std_20,5.2950325,sensor_7_rolling_mean_20,-4.804277,sensor_15_rolling_std_20,4.6193504,sensor_15_rolling_mean_5,4.517983,sensor_4_rolling_mean_10,4.3330216,sensor_20_rolling_std_20,4.0100765
46,7,249.0,164.32745361328125,-84.67254638671875,sensor_3_rolling_std_20,13.626059,sensor_4_rolling_mean_5,8.675759,sensor_11_rolling_mean_5,7.1937523,sensor_15_rolling_std_20,6.228413,sensor_15_rolling_mean_5,4.1620545,sensor_14_rolling_mean_20,-14.041881,sensor_13_rolling_mean_20,-5.9403424,sensor_7_rolling_mean_20,-4.4237995,sensor_2_rolling_mean_20,-4.2471466,sensor_20_rolling_mean_20,-3.4919546,sensor_14_rolling_mean_20,-14.041881,sensor_3_rolling_std_20,13.626059,sensor_4_rolling_mean_5,8.675759,sensor_11_rolling_mean_5,7.1937523,sensor_15_rolling_std_20,6.228413,sensor_13_rolling_mean_20,-5.9403424,sensor_7_rolling_mean_20,-4.4237995,sensor_2_rolling_mean_20,-4.2471466,sensor_15_rolling_mean_5,4.1620545,sensor_4_rolling_mean_10,4.104217
46,8,248.0,155.60972595214844,-92.39027404785156,sensor_3_rolling_std_20,9.357733,sensor_4_rolling_mean_5,8.420367,sensor_15_rolling_std_20,8.218331,sensor_11_rolling_mean_5,7.147921,sensor_2_rolling_mean_10,4.5750823,sensor_14_rolling_mean_20,-11.036682,sensor_9_rolling_std_20,-6.4158325,sensor_13_rolling_mean_20,-5.390681,sensor_7_rolling_mean_20,-4.441681,sensor_2_rolling_mean_20,-4.11064,sensor_14_rolling_mean_20,-11.036682,sensor_3_rolling_std_20,9.357733,sensor_4_rolling_mean_5,8.420367,sensor_15_rolling_std_20,8.218331,sensor_11_rolling_mean_5,7.147921,sensor_9_rolling_std_20,-6.4158325,sensor_13_rolling_mean_20,-5.390681,sensor_2_rolling_mean_10,4.5750823,sensor_4_rolling_mean_10,4.556338,sensor_7_rolling_mean_20,-4.441681
46,9,247.0,165.04722595214844,-81.95277404785156,sensor_3_rolling_std_20,10.3575945,sensor_15_rolling_std_20,9.61304,sensor_4_rolling_mean_5,9.301524,sensor_11_rolling_mean_5,7.360375,sensor_4_rolling_mean_10,4.560274,sensor_14_rolling_mean_20,-13.495714,sensor_9_rolling_std_20,-6.380373,sensor_13_rolling_mean_20,-4.917532,sensor_7_rolling_mean_20,-4.8436275,sensor_20_rolling_mean_20,-4.10417,sensor_14_rolling_mean_20,-13.495714,sensor_3_rolling_std_20,10.3575945,sensor_15_rolling_std_20,9.61304,sensor_4_rolling_mean_5,9.301524,sensor_11_rolling_mean_5,7.360375,sensor_9_rolling_std_20,-6.380373,sensor_13_rolling_mean_20,-4.917532,sensor_7_rolling_mean_20,-4.8436275,sensor_4_rolling_mean_10,4.560274,sensor_15_rolling_mean_5,4.3074484
46,10,246.0,158.07501220703125,-87.92498779296875,sensor_3_rolling_std_20,10.972881,sensor_4_rolling_mean_5,8.721158,sensor_11_rolling_mean_5,7.1956897,sensor_15_rolling_std_20,7.138164,sensor_21_rolling_mean_10,5.440464,sensor_14_rolling_mean_20,-13.479741,sensor_9_rolling_std_20,-6.283279,sensor_2_rolling_mean_20,-4.837951,sensor_13_rolling_mean_20,-4.7565875,sensor_7_rolling_mean_20,-4.1786165,sensor_14_rolling_mean_20,-13.479741,sensor_3_rolling_std_20,10.972881,sensor_4_rolling_mean_5,8.721158,sensor_11_rolling_mean_5,7.1956897,sensor_15_rolling_std_20,7.138164,sensor_9_rolling_std_20,-6.283279,sensor_21_rolling_mean_10,5.440464,sensor_2_rolling_mean_20,-4.837951,sensor_13_rolling_mean_20,-4.7565875,sensor_15_rolling_mean_5,4.663154
46,11,245.0,159.5548858642578,-85.44511413574219,sensor_3_rolling_std_20,10.943356,sensor_4_rolling_mean_5,8.52069,sensor_11_rolling_mean_5,7.2829,sensor_15_rolling_std_20,7.1949205,sensor_4_rolling_mean_10,4.543703,sensor_14_rolling_mean_20,-12.484301,sensor_9_rolling_std_20,-6.128649,sensor_20_rolling_mean_20,-4.78603,sensor_13_rolling_mean_20,-4.667101,sensor_7_rolling_mean_20,-3.96293,sensor_14_rolling_mean_20,-12.484301,sensor_3_rolling_std_20,10.943356,sensor_4_rolling_mean_5,8.52069,sensor_11_rolling_mean_5,7.2829,sensor_15_rolling_std_20,7.1949205,sensor_9_rolling_std_20,-6.128649,sensor_20_rolling_mean_20,-4.78603,sensor_13_rolling_mean_20,-4.667101,sensor_4_rolling_mean_10,4.543703,sensor_15_rolling_mean_5,4.238844
46,12,244.0,151.365234375,-92.634765625,sensor_3_rolling_std_20,11.351607,sensor_4_rolling_mean_5,8.249728,sensor_11_rolling_mean_5,6.4244633,sensor_20_rolling_std_20,4.618506,sensor_4_rolling_mean_10,4.3422937,sensor_14_rolling_mean_20,-10.468632,sensor_9_rolling_std_20,-9.841954,sensor_13_rolling_mean_20,-6.0501647,sensor_7_rolling_mean_20,-4.6439624,sensor_20_rolling_mean_20,-4.1960225,sensor_3_rolling_std_20,11.351607,sensor_14_rolling_mean_20,-10.468632,sensor_9_rolling_std_20,-9.841954,sensor_4_rolling_mean_5,8.249728,sensor_11_rolling_mean_5,6.4244633,sensor_13_rolling_mean_20,-6.0501647,sensor_7_rolling_mean_20,-4.6439624,sensor_20_rolling_std_20,4.618506,sensor_4_rolling_mean_10,4.3422937,sensor_20_rolling_mean_20,-4.1960225
46,13,243.0,148.09584045410156,-94.90415954589844,sensor_3_rolling_std_20,9.424843,sensor_4_rolling_mean_5,8.484167,sensor_11_rolling_mean_5,6.175564,sensor_4_rolling_mean_10,4.338977,sensor_3_rolling_mean_10,4.1889257,sensor_14_rolling_mean_20,-9.488716,sensor_9_rolling_std_20,-9.212333,sensor_13_rolling_mean_20,-6.6288314,sensor_20_rolling_mean_20,-4.8851123,sensor_7_rolling_mean_20,-4.67269,sensor_14_rolling_mean_20,-9.488716,sensor_3_rolling_std_20,9.424843,sensor_9_rolling_std_20,-9.212333,sensor_4_rolling_mean_5,8.484167,sensor_13_rolling_mean_20,-6.6288314,sensor_11_rolling_mean_5,6.175564,sensor_20_rolling_mean_20,-4.8851123,sensor_7_rolling_mean_20,-4.67269,sensor_4_rolling_mean_10,4.338977,sensor_3_rolling_mean_10,4.1889257
46,14,242.0,141.1942138671875,-100.8057861328125,sensor_3_rolling_std_20,10.428766,sensor_4_rolling_mean_5,8.628689,sensor_11_rolling_mean_5,6.966698,sensor_3_rolling_mean_10,4.3770776,sensor_12_rolling_std_20,4.214025,sensor_14_rolling_mean_20,-9.451585,sensor_9_rolling_std_20,-9.25443,sensor_13_rolling_mean_20,-6.093698,sensor_2_rolling_mean_20,-5.5183296,sensor_7_rolling_mean_20,-4.8755064,sensor_3_rolling_std_20,10.428766,sensor_14_rolling_mean_20,-9.451585,sensor_9_rolling_std_20,-9.25443,sensor_4_rolling_mean_5,8.628689,sensor_11_rolling_mean_5,6.966698,sensor_13_rolling_mean_20,-6.093698,sensor_2_rolling_mean_20,-5.5183296,sensor_7_rolling_mean_20,-4.8755064,sensor_3_rolling_mean_10,4.3770776,sensor_12_rolling_std_20,4.214025
46,15,241.0,138.16384887695312,-102.83615112304688,sensor_3_rolling_std_20,10.536198,sensor_4_rolling_mean_5,8.241225,sensor_11_rolling_mean_5,5.6895494,sensor_4_rolling_mean_10,4.0614567,sensor_15_rolling_mean_5,3.922216,sensor_14_rolling_mean_20,-9.512483,sensor_9_rolling_std_20,-8.672322,sensor_13_rolling_mean_20,-5.9572916,sensor_2_rolling_mean_20,-5.024502,sensor_6_rolling_std_20,-4.65763,sensor_3_rolling_std_20,10.536198,sensor_14_rolling_mean_20,-9.512483,sensor_9_rolling_std_20,-8.672322,sensor_4_rolling_mean_5,8.241225,sensor_13_rolling_mean_20,-5.9572916,sensor_11_rolling_mean_5,5.6895494,sensor_2_rolling_mean_20,-5.024502,sensor_6_rolling_std_20,-4.65763,sensor_7_rolling_mean_20,-4.512638,sensor_20_rolling_mean_20,-4.0876675
46,16,240.0,151.2860870361328,-88.71391296386719,sensor_3_rolling_std_20,15.082583,sensor_4_rolling_mean_5,8.616262,sensor_11_rolling_mean_5,6.1101646,sensor_21_rolling_std_20,4.5179243,sensor_4_rolling_mean_10,4.5017405,sensor_14_rolling_mean_20,-10.936587,sensor_9_rolling_std_20,-8.500727,sensor_13_rolling_mean_20,-6.1579804,sensor_2_rolling_mean_20,-5.353632,sensor_7_rolling_mean_20,-5.124461,sensor_3_rolling_std_20,15.082583,sensor_14_rolling_mean_20,-10.936587,sensor_4_rolling_mean_5,8.616262,sensor_9_rolling_std_20,-8.500727,sensor_13_rolling_mean_20,-6.1579804,sensor_11_rolling_mean_5,6.1101646,sensor_2_rolling_mean_20,-5.353632,sensor_7_rolling_mean_20,-5.124461,sensor_21_rolling_std_20,4.5179243,sensor_4_rolling_mean_10,4.5017405
46,17,239.0,141.059814453125,-97.940185546875,sensor_3_rolling_std_20,14.200834,sensor_4_rolling_mean_5,8.338028,sensor_11_rolling_mean_5,6.2346168,sensor_4_rolling_mean_10,4.3373227,sensor_3_rolling_mean_10,4.134366,sensor_14_rolling_mean_20,-11.426458,sensor_9_rolling_std_20,-6.750541,sensor_13_rolling_mean_20,-6.1623535,sensor_2_rolling_mean_20,-6.0903406,sensor_7_rolling_mean_20,-5.043378,sensor_3_rolling_std_20,14.200834,sensor_14_rolling_mean_20,-11.426458,sensor_4_rolling_mean_5,8.338028,sensor_9_rolling_std_20,-6.750541,sensor_11_rolling_mean_5,6.2346168,sensor_13_rolling_mean_20,-6.1623535,sensor_2_rolling_mean_20,-6.0903406,sensor_7_rolling_mean_20,-5.043378,sensor_4_rolling_mean_10,4.3373227,sensor_3_rolling_mean_10,4.134366
46,18,238.0,150.25823974609375,-87.74176025390625,sensor_3_rolling_std_20,13.937875,sensor_4_rolling_mean_5,8.315584,sensor_11_rolling_mean_5,6.3409424,sensor_4_rolling_mean_10,4.5256944,sensor_21_rolling_std_20,4.213308,sensor_14_rolling_mean_20,-10.04534,sensor_13_rolling_mean_20,-6.030579,sensor_9_rolling_std_20,-5.017989,sensor_6_rolling_std_20,-4.741103,sensor_2_rolling_mean_20,-4.678191,sensor_3_rolling_std_20,13.937875,sensor_14_rolling_mean_20,-10.04534,sensor_4_rolling_mean_5,8.315584,sensor_11_rolling_mean_5,6.3409424,sensor_13_rolling_mean_20,-6.030579,sensor_9_rolling_std_20,-5.017989,sensor_6_rolling_std_20,-4.741103,sensor_2_rolling_mean_20,-4.678191,sensor_7_rolling_mean_20,-4.6722083,sensor_20_rolling_mean_20,-4.6477203
46,19,237.0,145.05703735351562,-91.94296264648438,sensor_3_rolling_std_20,14.460518,sensor_4_rolling_mean_5,8.18287,sensor_11_rolling_mean_5,6.289465,sensor_4_rolling_mean_10,4.3055305,sensor_3_rolling_mean_10,4.179357,sensor_14_rolling_mean_20,-9.200876,sensor_13_rolling_mean_20,-6.688465,sensor_2_rolling_mean_20,-5.4115205,sensor_7_rolling_mean_20,-4.9352293,sensor_6_rolling_std_20,-4.8426147,sensor_3_rolling_std_20,14.460518,sensor_14_rolling_mean_20,-9.200876,sensor_4_rolling_mean_5,8.18287,sensor_13_rolling_mean_20,-6.688465,sensor_11_rolling_mean_5,6.289465,sensor_2_rolling_mean_20,-5.4115205,sensor_7_rolling_mean_20,-4.9352293,sensor_6_rolling_std_20,-4.8426147,sensor_4_rolling_mean_10,4.3055305,sensor_3_rolling_mean_10,4.179357
46,20,236.0,144.9202423095703,-91.07975769042969,sensor_3_rolling_std_20,14.803393,sensor_4_rolling_mean_5,8.043338,sensor_11_rolling_mean_5,6.4353395,sensor_4_rolling_mean_10,4.556633,sensor_15_rolling_mean_5,3.7549336,sensor_14_rolling_mean_20,-9.589105,sensor_13_rolling_mean_20,-7.037744,sensor_2_rolling_mean_20,-4.9694138,sensor_7_rolling_mean_20,-4.8052006,sensor_4_rolling_mean_20,-4.560051,sensor_3_rolling_std_20,14.803393,sensor_14_rolling_mean_20,-9.589105,sensor_4_rolling_mean_5,8.043338,sensor_13_rolling_mean_20,-7.037744,sensor_11_rolling_mean_5,6.4353395,sensor_2_rolling_mean_20,-4.9694138,sensor_7_rolling_mean_20,-4.8052006,sensor_4_rolling_mean_20,-4.560051,sensor_4_rolling_mean_10,4.556633,sensor_6_rolling_std_20,-4.256284
46,21,235.0,140.46505737304688,-94.53494262695312,sensor_3_rolling_std_20,13.731496,sensor_4_rolling_mean_5,8.168505,sensor_11_rolling_mean_5,6.642228,sensor_4_rolling_mean_10,4.513001,sensor_15_rolling_mean_5,3.874291,sensor_14_rolling_mean_20,-10.417429,sensor_13_rolling_mean_20,-6.480333,sensor_2_rolling_mean_20,-5.639252,sensor_6_rolling_std_20,-5.4004626,sensor_7_rolling_mean_20,-5.2926245,sensor_3_rolling_std_20,13.731496,sensor_14_rolling_mean_20,-10.417429,sensor_4_rolling_mean_5,8.168505,sensor_11_rolling_mean_5,6.642228,sensor_13_rolling_mean_20,-6.480333,sensor_2_rolling_mean_20,-5.639252,sensor_6_rolling_std_20,-5.4004626,sensor_7_rolling_mean_20,-5.2926245,sensor_4_rolling_mean_10,4.513001,sensor_4_rolling_mean_20,-4.0389605
46,22,234.0,143.77529907226562,-90.22470092773438,sensor_3_rolling_std_20,14.564264,sensor_4_rolling_mean_5,8.169344,sensor_11_rolling_mean_5,7.1338344,sensor_21_rolling_mean_10,4.663699,sensor_4_rolling_mean_10,4.370577,sensor_14_rolling_mean_20,-9.980127,sensor_13_rolling_mean_20,-6.7904973,sensor_6_rolling_std_20,-5.1778326,sensor_7_rolling_mean_20,-4.861149,sensor_4_rolling_mean_20,-3.9502444,sensor_3_rolling_std_20,14.564264,sensor_14_rolling_mean_20,-9.980127,sensor_4_rolling_mean_5,8.169344,sensor_11_rolling_mean_5,7.1338344,sensor_13_rolling_mean_20,-6.7904973,sensor_6_rolling_std_20,-5.1778326,sensor_7_rolling_mean_20,-4.861149,sensor_21_rolling_mean_10,4.663699,sensor_4_rolling_mean_10,4.370577,sensor_15_rolling_mean_5,4.287504
46,23,233.0,150.34902954101562,-82.65097045898438,sensor_3_rolling_std_20,11.323558,sensor_4_rolling_mean_5,8.221088,sensor_11_rolling_mean_5,6.42104,sensor_4_rolling_mean_10,4.5233974,sensor_2_rolling_mean_10,3.916981,sensor_13_rolling_mean_20,-9.369895,sensor_14_rolling_mean_20,-7.617577,sensor_6_rolling_std_20,-5.691701,sensor_2_rolling_mean_20,-5.3353395,sensor_7_rolling_mean_20,-4.827334,sensor_3_rolling_std_20,11.323558,sensor_13_rolling_mean_20,-9.369895,sensor_4_rolling_mean_5,8.221088,sensor_14_rolling_mean_20,-7.617577,sensor_11_rolling_mean_5,6.42104,sensor_6_rolling_std_20,-5.691701,sensor_2_rolling_mean_20,-5.3353395,sensor_7_rolling_mean_20,-4.827334,sensor_4_rolling_mean_10,4.5233974,sensor_4_rolling_mean_20,-4.1554403
46,24,232.0,151.07763671875,-80.92236328125,sensor_3_rolling_std_20,11.514459,sensor_4_rolling_mean_5,7.5483704,sensor_11_rolling_mean_5,6.626966,sensor_15_rolling_mean_5,3.9981613,sensor_21_rolling_mean_10,3.9737432,sensor_13_rolling_mean_20,-7.921176,sensor_6_rolling_std_20,-7.9084373,sensor_14_rolling_mean_20,-7.7399483,sensor_7_rolling_mean_20,-5.644561,sensor_2_rolling_mean_20,-4.820298,sensor_3_rolling_std_20,11.514459,sensor_13_rolling_mean_20,-7.921176,sensor_6_rolling_std_20,-7.9084373,sensor_14_rolling_mean_20,-7.7399483,sensor_4_rolling_mean_5,7.5483704,sensor_11_rolling_mean_5,6.626966,sensor_7_rolling_mean_20,-5.644561,sensor_2_rolling_mean_20,-4.820298,sensor_9_rolling_std_20,-4.0251875,sensor_20_rolling_mean_20,-4.024185
46,25,231.0,154.0009002685547,-76.99909973144531,sensor_3_rolling_std_20,10.21447,sensor_4_rolling_mean_5,7.5812,sensor_11_rolling_mean_5,6.830249,sensor_4_rolling_mean_10,4.3333907,sensor_15_rolling_mean_5,4.201795,sensor_14_rolling_mean_20,-7.2880926,sensor_13_rolling_mean_20,-6.999111,sensor_7_rolling_mean_20,-6.03664,sensor_4_rolling_mean_20,-4.2171564,sensor_6_rolling_std_20,-3.698627,sensor_3_rolling_std_20,10.21447,sensor_4_rolling_mean_5,7.5812,sensor_14_rolling_mean_20,-7.2880926,sensor_13_rolling_mean_20,-6.999111,sensor_11_rolling_mean_5,6.830249,sensor_7_rolling_mean_20,-6.03664,sensor_4_rolling_mean_10,4.3333907,sensor_4_rolling_mean_20,-4.2171564,sensor_15_rolling_mean_5,4.201795,sensor_2_rolling_mean_10,4.1197457
46,26,230.0,153.78257751464844,-76.21742248535156,sensor_3_rolling_std_20,10.092984,sensor_4_rolling_mean_5,8.12053,sensor_11_rolling_mean_5,6.7869687,sensor_4_rolling_mean_10,4.441401,sensor_2_rolling_mean_10,4.21812,sensor_14_rolling_mean_20,-8.141697,sensor_13_rolling_mean_20,-6.8518887,sensor_7_rolling_mean_20,-5.706557,sensor_4_rolling_mean_20,-4.126654,sensor_2_rolling_mean_20,-3.5037668,sensor_3_rolling_std_20,10.092984,sensor_14_rolling_mean_20,-8.141697,sensor_4_rolling_mean_5,8.12053,sensor_13_rolling_mean_20,-6.8518887,sensor_11_rolling_mean_5,6.7869687,sensor_7_rolling_mean_20,-5.706557,sensor_4_rolling_mean_10,4.441401,sensor_2_rolling_mean_10,4.21812,sensor_15_rolling_mean_5,4.199229,sensor_2_rolling_mean_5,4.1410933
46,27,229.0,157.88497924804688,-71.11502075195312,sensor_3_rolling_std_20,11.548734,sensor_4_rolling_mean_5,7.529658,sensor_11_rolling_mean_5,6.6891594,sensor_15_rolling_mean_5,4.561561,sensor_4_rolling_mean_10,4.381347,sensor_14_rolling_mean_20,-7.80114,sensor_13_rolling_mean_20,-6.508077,sensor_7_rolling_mean_20,-5.273871,sensor_4_rolling_mean_20,-4.063983,sensor_9_rolling_std_20,-3.609381,sensor_3_rolling_std_20,11.548734,sensor_14_rolling_mean_20,-7.80114,sensor_4_rolling_mean_5,7.529658,sensor_11_rolling_mean_5,6.6891594,sensor_13_rolling_mean_20,-6.508077,sensor_7_rolling_mean_20,-5.273871,sensor_15_rolling_mean_5,4.561561,sensor_4_rolling_mean_10,4.381347,sensor_21_rolling_mean_10,4.2615037,sensor_3_rolling_mean_20,4.216984
46,28,228.0,169.80625915527344,-58.19374084472656,sensor_3_rolling_std_20,13.122635,sensor_4_rolling_mean_5,7.83574,sensor_11_rolling_mean_5,6.926156,sensor_21_rolling_mean_10,5.1050353,sensor_15_rolling_mean_5,4.726882,sensor_13_rolling_mean_20,-7.080326,sensor_14_rolling_mean_20,-6.3397617,sensor_7_rolling_mean_20,-5.415583,sensor_2_rolling_mean_20,-5.340768,sensor_6_rolling_std_20,-3.9185789,sensor_3_rolling_std_20,13.122635,sensor_4_rolling_mean_5,7.83574,sensor_13_rolling_mean_20,-7.080326,sensor_11_rolling_mean_5,6.926156,sensor_14_rolling_mean_20,-6.3397617,sensor_7_rolling_mean_20,-5.415583,sensor_2_rolling_mean_20,-5.340768,sensor_21_rolling_mean_10,5.1050353,sensor_15_rolling_mean_5,4.726882,sensor_4_rolling_mean_10,4.65284
46,29,227.0,163.06459045410156,-63.93540954589844,sensor_3_rolling_std_20,12.081882,sensor_4_rolling_mean_5,7.8850174,sensor_11_rolling_mean_5,7.092361,sensor_21_rolling_mean_10,5.477209,sensor_3_rolling_mean_20,5.4532332,sensor_14_rolling_mean_20,-7.1595364,sensor_13_rolling_mean_20,-5.9197865,sensor_7_rolling_mean_20,-5.1568246,sensor_4_rolling_mean_20,-4.252754,sensor_6_rolling_std_20,-3.6099565,sensor_3_rolling_std_20,12.081882,sensor_4_rolling_mean_5,7.8850174,sensor_14_rolling_mean_20,-7.1595364,sensor_11_rolling_mean_5,7.092361,sensor_13_rolling_mean_20,-5.9197865,sensor_21_rolling_mean_10,5.477209,sensor_3_rolling_mean_20,5.4532332,sensor_7_rolling_mean_20,-5.1568246,sensor_15_rolling_mean_5,4.6875477,sensor_4_rolling_mean_20,-4.252754
46,30,226.0,159.94580078125,-66.05419921875,sensor_11_rolling_mean_5,7.5869412,sensor_3_rolling_mean_20,7.549234,sensor_4_rolling_mean_5,7.5248494,sensor_21_rolling_mean_10,5.209359,sensor_15_rolling_mean_5,4.8254223,sensor_14_rolling_mean_20,-8.594701,sensor_13_rolling_mean_20,-5.6118073,sensor_7_rolling_mean_20,-5.303437,sensor_4_rolling_mean_20,-4.2173,sensor_6_rolling_std_20,-3.8109465,sensor_14_rolling_mean_20,-8.594701,sensor_11_rolling_mean_5,7.5869412,sensor_3_rolling_mean_20,7.549234,sensor_4_rolling_mean_5,7.5248494,sensor_13_rolling_mean_20,-5.6118073,sensor_7_rolling_mean_20,-5.303437,sensor_21_rolling_mean_10,5.209359,sensor_15_rolling_mean_5,4.8254223,sensor_2_rolling_mean_10,4.328759,sensor_4_rolling_mean_10,4.2462597
46,31,225.0,176.3483428955078,-48.65165710449219,sensor_3_rolling_std_20,12.738308,sensor_4_rolling_mean_5,8.122726,sensor_11_rolling_mean_5,6.67073,sensor_3_rolling_mean_20,6.149155,sensor_21_rolling_mean_10,5.5487294,sensor_14_rolling_mean_20,-7.2848783,sensor_13_rolling_mean_20,-5.8454823,sensor_7_rolling_mean_20,-5.2084084,sensor_2_rolling_mean_20,-4.106081,sensor_4_rolling_mean_20,-3.9006846,sensor_3_rolling_std_20,12.738308,sensor_4_rolling_mean_5,8.122726,sensor_14_rolling_mean_20,-7.2848783,sensor_11_rolling_mean_5,6.67073,sensor_3_rolling_mean_20,6.149155,sensor_13_rolling_mean_20,-5.8454823,sensor_21_rolling_mean_10,5.5487294,sensor_7_rolling_mean_20,-5.2084084,sensor_15_rolling_mean_5,5.0003247,sensor_4_rolling_mean_10,4.6246386
46,32,224.0,162.6549835205078,-61.34501647949219,sensor_3_rolling_std_20,12.582618,sensor_4_rolling_mean_5,8.153097,sensor_11_rolling_mean_5,7.6418967,sensor_3_rolling_mean_20,5.3241096,sensor_21_rolling_mean_10,4.926865,sensor_13_rolling_mean_20,-6.65153,sensor_14_rolling_mean_20,-6.597073,sensor_7_rolling_mean_20,-5.253397,sensor_20_rolling_mean_20,-4.793046,sensor_2_rolling_mean_20,-4.490482,sensor_3_rolling_std_20,12.582618,sensor_4_rolling_mean_5,8.153097,sensor_11_rolling_mean_5,7.6418967,sensor_13_rolling_mean_20,-6.65153,sensor_14_rolling_mean_20,-6.597073,sensor_3_rolling_mean_20,5.3241096,sensor_7_rolling_mean_20,-5.253397,sensor_21_rolling_mean_10,4.926865,sensor_20_rolling_mean_20,-4.793046,sensor_15_rolling_mean_5,4.672652
46,33,223.0,167.29098510742188,-55.709014892578125,sensor_3_rolling_std_20,12.251887,sensor_4_rolling_mean_5,7.885553,sensor_11_rolling_mean_5,7.3723335,sensor_15_rolling_mean_5,5.2831945,sensor_3_rolling_mean_20,5.1030183,sensor_14_rolling_mean_20,-7.2957444,sensor_13_rolling_mean_20,-6.2690053,sensor_15_rolling_mean_20,-4.730813,sensor_7_rolling_mean_20,-4.406453,sensor_14_rolling_std_20,-3.761882,sensor_3_rolling_std_20,12.251887,sensor_4_rolling_mean_5,7.885553,sensor_11_rolling_mean_5,7.3723335,sensor_14_rolling_mean_20,-7.2957444,sensor_13_rolling_mean_20,-6.2690053,sensor_15_rolling_mean_5,5.2831945,sensor_3_rolling_mean_20,5.1030183,sensor_21_rolling_mean_10,4.7424283,sensor_15_rolling_mean_20,-4.730813,sensor_9_rolling_std_20,4.4589577
46,34,222.0,158.00160217285156,-63.99839782714844,sensor_11_rolling_mean_5,7.831745,sensor_4_rolling_mean_5,7.627402,sensor_3_rolling_mean_20,5.5424733,sensor_15_rolling_mean_5,4.6614375,sensor_21_rolling_mean_5,4.1363025,sensor_14_rolling_mean_20,-7.5382223,sensor_13_rolling_mean_20,-6.2603917,sensor_7_rolling_mean_20,-4.9991317,sensor_15_rolling_mean_20,-4.1509333,sensor_14_rolling_std_20,-3.7010791,sensor_11_rolling_mean_5,7.831745,sensor_4_rolling_mean_5,7.627402,sensor_14_rolling_mean_20,-7.5382223,sensor_13_rolling_mean_20,-6.2603917,sensor_3_rolling_mean_20,5.5424733,sensor_7_rolling_mean_20,-4.9991317,sensor_15_rolling_mean_5,4.6614375,sensor_15_rolling_mean_20,-4.1509333,sensor_21_rolling_mean_5,4.1363025,sensor_2_rolling_mean_10,4.126489
46,35,221.0,163.53346252441406,-57.46653747558594,sensor_11_rolling_mean_5,8.687371,sensor_4_rolling_mean_5,8.027122,sensor_3_rolling_mean_20,7.4985104,sensor_3_rolling_mean_10,5.3714123,sensor_15_rolling_mean_5,4.6946907,sensor_14_rolling_mean_20,-7.9114413,sensor_13_rolling_mean_20,-5.563267,sensor_15_rolling_mean_20,-4.5684447,sensor_2_rolling_mean_20,-3.2964618,sensor_4_rolling_mean_20,-3.1796782,sensor_11_rolling_mean_5,8.687371,sensor_4_rolling_mean_5,8.027122,sensor_14_rolling_mean_20,-7.9114413,sensor_3_rolling_mean_20,7.4985104,sensor_13_rolling_mean_20,-5.563267,sensor_3_rolling_mean_10,5.3714123,sensor_15_rolling_mean_5,4.6946907,sensor_15_rolling_mean_20,-4.5684447,sensor_7_rolling_mean_10,4.503354,sensor_4_rolling_mean_10,4.402866
46,36,220.0,181.72593688964844,-38.27406311035156,sensor_3_rolling_mean_20,9.358382,sensor_4_rolling_mean_5,8.305019,sensor_11_rolling_mean_5,8.08346,sensor_21_rolling_mean_10,6.075321,sensor_3_rolling_mean_10,5.149234,sensor_14_rolling_mean_20,-7.571125,sensor_13_rolling_mean_20,-6.1383657,sensor_15_rolling_mean_20,-3.627825,sensor_4_rolling_mean_20,-3.5000482,sensor_20_rolling_mean_20,-3.0789301,sensor_3_rolling_mean_20,9.358382,sensor_4_rolling_mean_5,8.305019,sensor_11_rolling_mean_5,8.08346,sensor_14_rolling_mean_20,-7.571125,sensor_13_rolling_mean_20,-6.1383657,sensor_21_rolling_mean_10,6.075321,sensor_3_rolling_mean_10,5.149234,sensor_7_rolling_mean_10,4.801378,sensor_4_rolling_mean_10,4.50852,sensor_15_rolling_mean_5,4.385114
46,37,219.0,184.1575927734375,-34.8424072265625,sensor_3_rolling_mean_20,10.020786,sensor_11_rolling_mean_5,8.844954,sensor_4_rolling_mean_5,8.395801,sensor_21_rolling_mean_10,6.561336,sensor_3_rolling_mean_10,5.3156323,sensor_13_rolling_mean_20,-6.7519555,sensor_14_rolling_mean_20,-5.5722446,sensor_15_rolling_mean_20,-3.9369278,sensor_4_rolling_mean_20,-3.8861024,sensor_20_rolling_mean_20,-2.4209232,sensor_3_rolling_mean_20,10.020786,sensor_11_rolling_mean_5,8.844954,sensor_4_rolling_mean_5,8.395801,sensor_13_rolling_mean_20,-6.7519555,sensor_21_rolling_mean_10,6.561336,sensor_14_rolling_mean_20,-5.5722446,sensor_3_rolling_mean_10,5.3156323,sensor_7_rolling_mean_10,4.953327,sensor_2_rolling_mean_10,4.6952515,sensor_15_rolling_mean_5,4.625182
46,38,218.0,172.6182403564453,-45.38175964355469,sensor_11_rolling_mean_5,8.698906,sensor_4_rolling_mean_5,8.393826,sensor_3_rolling_mean_20,7.4959273,sensor_21_rolling_mean_10,5.9086423,sensor_3_rolling_mean_10,5.112881,sensor_13_rolling_mean_20,-6.9477983,sensor_14_rolling_mean_20,-5.9253254,sensor_15_rolling_mean_20,-4.637085,sensor_4_rolling_mean_20,-3.9656775,sensor_14_rolling_std_20,-3.359253,sensor_11_rolling_mean_5,8.698906,sensor_4_rolling_mean_5,8.393826,sensor_3_rolling_mean_20,7.4959273,sensor_13_rolling_mean_20,-6.9477983,sensor_14_rolling_mean_20,-5.9253254,sensor_21_rolling_mean_10,5.9086423,sensor_3_rolling_mean_10,5.112881,sensor_15_rolling_mean_5,4.875011,sensor_2_rolling_mean_10,4.7545357,sensor_15_rolling_mean_20,-4.637085
46,39,217.0,166.63311767578125,-50.36688232421875,sensor_11_rolling_mean_5,8.508834,sensor_4_rolling_mean_5,8.241326,sensor_21_rolling_mean_10,5.033357,sensor_2_rolling_mean_10,4.7768784,sensor_15_rolling_mean_5,4.2836146,sensor_13_rolling_mean_20,-7.7739315,sensor_14_rolling_mean_20,-6.694598,sensor_15_rolling_mean_20,-4.481258,sensor_20_rolling_mean_20,-3.906187,sensor_14_rolling_std_20,-3.5308454,sensor_11_rolling_mean_5,8.508834,sensor_4_rolling_mean_5,8.241326,sensor_13_rolling_mean_20,-7.7739315,sensor_14_rolling_mean_20,-6.694598,sensor_21_rolling_mean_10,5.033357,sensor_2_rolling_mean_10,4.7768784,sensor_15_rolling_mean_20,-4.481258,sensor_15_rolling_mean_5,4.2836146,sensor_4_rolling_mean_10,4.1593523,sensor_21_rolling_mean_5,3.9859173
46,40,216.0,163.5529327392578,-52.44706726074219,sensor_11_rolling_mean_5,8.309553,sensor_4_rolling_mean_5,8.162889,sensor_21_rolling_mean_10,4.5806274,sensor_15_rolling_mean_5,4.337561,sensor_15_rolling_mean_10,4.0871024,sensor_13_rolling_mean_20,-7.729655,sensor_14_rolling_mean_20,-7.6882796,sensor_6_rolling_std_20,-4.615732,sensor_15_rolling_mean_20,-3.7331684,sensor_14_rolling_std_20,-3.289949,sensor_11_rolling_mean_5,8.309553,sensor_4_rolling_mean_5,8.162889,sensor_13_rolling_mean_20,-7.729655,sensor_14_rolling_mean_20,-7.6882796,sensor_6_rolling_std_20,-4.615732,sensor_21_rolling_mean_10,4.5806274,sensor_15_rolling_mean_5,4.337561,sensor_15_rolling_mean_10,4.0871024,sensor_4_rolling_mean_10,4.075271,sensor_21_rolling_mean_5,4.018591
46,41,215.0,156.2205810546875,-58.7794189453125,sensor_4_rolling_mean_5,8.44723,sensor_11_rolling_mean_5,8.151257,sensor_21_rolling_mean_10,4.8341875,sensor_15_rolling_mean_5,4.6085553,sensor_4_rolling_mean_10,4.4841223,sensor_14_rolling_mean_20,-7.0032787,sensor_13_rolling_mean_20,-6.5483913,sensor_6_rolling_std_20,-5.0381,sensor_20_rolling_mean_20,-4.7741156,sensor_4_rolling_mean_20,-4.179209,sensor_4_rolling_mean_5,8.44723,sensor_11_rolling_mean_5,8.151257,sensor_14_rolling_mean_20,-7.0032787,sensor_13_rolling_mean_20,-6.5483913,sensor_6_rolling_std_20,-5.0381,sensor_21_rolling_mean_10,4.8341875,sensor_20_rolling_mean_20,-4.7741156,sensor_15_rolling_mean_5,4.6085553,sensor_4_rolling_mean_10,4.4841223,sensor_4_rolling_mean_20,-4.179209
46,42,214.0,156.6267852783203,-57.37321472167969,sensor_4_rolling_mean_5,8.50748,sensor_11_rolling_mean_5,8.071582,sensor_15_rolling_mean_5,4.683292,sensor_2_rolling_mean_10,4.680818,sensor_21_rolling_mean_10,4.579246,sensor_14_rolling_mean_20,-6.9719086,sensor_13_rolling_mean_20,-6.707468,sensor_6_rolling_std_20,-4.851187,sensor_7_rolling_mean_20,-3.798327,sensor_2_rolling_mean_20,-3.6913345,sensor_4_rolling_mean_5,8.50748,sensor_11_rolling_mean_5,8.071582,sensor_14_rolling_mean_20,-6.9719086,sensor_13_rolling_mean_20,-6.707468,sensor_6_rolling_std_20,-4.851187,sensor_15_rolling_mean_5,4.683292,sensor_2_rolling_mean_10,4.680818,sensor_21_rolling_mean_10,4.579246,sensor_4_rolling_mean_10,4.2189612,sensor_3_rolling_mean_20,3.952629
46,43,213.0,161.09730529785156,-51.90269470214844,sensor_4_rolling_mean_5,8.846569,sensor_11_rolling_mean_5,8.499789,sensor_21_rolling_mean_10,5.2001534,sensor_15_rolling_mean_5,4.418618,sensor_21_rolling_mean_5,4.382004,sensor_14_rolling_mean_20,-7.029214,sensor_13_rolling_mean_20,-6.5835257,sensor_6_rolling_std_20,-5.108552,sensor_4_rolling_mean_20,-4.479196,sensor_2_rolling_mean_20,-4.450076,sensor_4_rolling_mean_5,8.846569,sensor_11_rolling_mean_5,8.499789,sensor_14_rolling_mean_20,-7.029214,sensor_13_rolling_mean_20,-6.5835257,sensor_21_rolling_mean_10,5.2001534,sensor_6_rolling_std_20,-5.108552,sensor_4_rolling_mean_20,-4.479196,sensor_2_rolling_mean_20,-4.450076,sensor_15_rolling_mean_5,4.418618,sensor_21_rolling_mean_5,4.382004
46,44,212.0,160.77223205566406,-51.22776794433594,sensor_11_rolling_mean_5,9.038947,sensor_4_rolling_mean_5,8.76113,sensor_15_rolling_std_20,5.232186,sensor_21_rolling_mean_10,5.1167393,sensor_4_rolling_mean_10,4.438559,sensor_13_rolling_mean_20,-8.625393,sensor_6_rolling_std_20,-7.0968657,sensor_14_rolling_mean_20,-6.5574384,sensor_15_rolling_mean_20,-4.329634,sensor_20_rolling_mean_20,-4.306345,sensor_11_rolling_mean_5,9.038947,sensor_4_rolling_mean_5,8.76113,sensor_13_rolling_mean_20,-8.625393,sensor_6_rolling_std_20,-7.0968657,sensor_14_rolling_mean_20,-6.5574384,sensor_15_rolling_std_20,5.232186,sensor_21_rolling_mean_10,5.1167393,sensor_4_rolling_mean_10,4.438559,sensor_15_rolling_mean_20,-4.329634,sensor_15_rolling_mean_5,4.3276834
46,45,211.0,158.46925354003906,-52.53074645996094,sensor_11_rolling_mean_5,8.370004,sensor_4_rolling_mean_5,7.9780874,sensor_21_rolling_mean_10,5.747152,sensor_15_rolling_std_20,5.0145755,sensor_15_rolling_mean_5,4.1513004,sensor_13_rolling_mean_20,-9.096453,sensor_6_rolling_std_20,-6.27645,sensor_20_rolling_mean_20,-4.622351,sensor_4_rolling_mean_20,-4.502473,sensor_2_rolling_mean_20,-4.4832983,sensor_13_rolling_mean_20,-9.096453,sensor_11_rolling_mean_5,8.370004,sensor_4_rolling_mean_5,7.9780874,sensor_6_rolling_std_20,-6.27645,sensor_21_rolling_mean_10,5.747152,sensor_15_rolling_std_20,5.0145755,sensor_20_rolling_mean_20,-4.622351,sensor_4_rolling_mean_20,-4.502473,sensor_2_rolling_mean_20,-4.4832983,sensor_15_rolling_mean_5,4.1513004
46,46,210.0,159.3291473388672,-50.67085266113281,sensor_4_rolling_mean_5,8.308839,sensor_11_rolling_mean_5,7.678366,sensor_21_rolling_mean_10,5.6889873,sensor_2_rolling_mean_10,4.3594337,sensor_15_rolling_std_20,4.1545763,sensor_13_rolling_mean_20,-9.312302,sensor_6_rolling_std_20,-7.3180513,sensor_2_rolling_mean_20,-5.226276,sensor_4_rolling_mean_20,-4.6420846,sensor_20_rolling_mean_20,-4.508513,sensor_13_rolling_mean_20,-9.312302,sensor_4_rolling_mean_5,8.308839,sensor_11_rolling_mean_5,7.678366,sensor_6_rolling_std_20,-7.3180513,sensor_21_rolling_mean_10,5.6889873,sensor_2_rolling_mean_20,-5.226276,sensor_4_rolling_mean_20,-4.6420846,sensor_20_rolling_mean_20,-4.508513,sensor_2_rolling_mean_10,4.3594337,sensor_15_rolling_std_20,4.1545763
46,47,209.0,170.33914184570312,-38.660858154296875,sensor_11_rolling_mean_5,8.602454,sensor_4_rolling_mean_5,7.8553643,sensor_21_rolling_mean_10,7.8207884,sensor_15_rolling_std_20,4.526468,sensor_8_rolling_mean_10,4.283617,sensor_13_rolling_mean_20,-10.874381,sensor_6_rolling_std_20,-8.051892,sensor_2_rolling_mean_20,-4.9994884,sensor_20_rolling_mean_20,-4.8930345,sensor_4_rolling_mean_20,-3.8878975,sensor_13_rolling_mean_20,-10.874381,sensor_11_rolling_mean_5,8.602454,sensor_6_rolling_std_20,-8.051892,sensor_4_rolling_mean_5,7.8553643,sensor_21_rolling_mean_10,7.8207884,sensor_2_rolling_mean_20,-4.9994884,sensor_20_rolling_mean_20,-4.8930345,sensor_15_rolling_std_20,4.526468,sensor_8_rolling_mean_10,4.283617,sensor_2_rolling_mean_10,4.1820602
46,48,208.0,160.12921142578125,-47.87078857421875,sensor_4_rolling_mean_5,7.9475775,sensor_11_rolling_mean_5,7.0008907,sensor_21_rolling_mean_10,6.4671636,sensor_2_rolling_mean_10,4.090643,sensor_4_rolling_mean_10,4.0889254,sensor_13_rolling_mean_20,-10.593789,sensor_6_rolling_std_20,-8.090502,sensor_20_rolling_mean_20,-4.9523315,sensor_2_rolling_mean_20,-4.557701,sensor_15_rolling_mean_20,-4.450765,sensor_13_rolling_mean_20,-10.593789,sensor_6_rolling_std_20,-8.090502,sensor_4_rolling_mean_5,7.9475775,sensor_11_rolling_mean_5,7.0008907,sensor_21_rolling_mean_10,6.4671636,sensor_20_rolling_mean_20,-4.9523315,sensor_2_rolling_mean_20,-4.557701,sensor_15_rolling_mean_20,-4.450765,sensor_2_rolling_mean_10,4.090643,sensor_4_rolling_mean_10,4.0889254
46,49,207.0,151.96633911132812,-55.033660888671875,sensor_4_rolling_mean_5,7.550549,sensor_11_rolling_mean_5,7.476846,sensor_21_rolling_mean_10,5.670188,sensor_4_rolling_mean_10,4.9155703,sensor_4_rolling_std_20,4.3138204,sensor_13_rolling_mean_20,-9.299466,sensor_6_rolling_std_20,-8.740668,sensor_2_rolling_mean_20,-4.8210564,sensor_20_rolling_mean_20,-4.451565,sensor_4_rolling_mean_20,-4.31187,sensor_13_rolling_mean_20,-9.299466,sensor_6_rolling_std_20,-8.740668,sensor_4_rolling_mean_5,7.550549,sensor_11_rolling_mean_5,7.476846,sensor_21_rolling_mean_10,5.670188,sensor_4_rolling_mean_10,4.9155703,sensor_2_rolling_mean_20,-4.8210564,sensor_20_rolling_mean_20,-4.451565,sensor_4_rolling_std_20,4.3138204,sensor_4_rolling_mean_20,-4.31187
46,50,206.0,157.93077087402344,-48.06922912597656,sensor_4_rolling_mean_5,7.7752776,sensor_11_rolling_mean_5,7.2367835,sensor_21_rolling_mean_10,6.7901487,sensor_2_rolling_mean_10,4.868312,sensor_4_rolling_mean_10,4.691446,sensor_13_rolling_mean_20,-8.87291,sensor_6_rolling_std_20,-8.185984,sensor_20_rolling_mean_20,-5.32508,sensor_2_rolling_mean_20,-5.051098,sensor_4_rolling_mean_20,-4.038363,sensor_13_rolling_mean_20,-8.87291,sensor_6_rolling_std_20,-8.185984,sensor_4_rolling_mean_5,7.7752776,sensor_11_rolling_mean_5,7.2367835,sensor_21_rolling_mean_10,6.7901487,sensor_20_rolling_mean_20,-5.32508,sensor_2_rolling_mean_20,-5.051098,sensor_2_rolling_mean_10,4.868312,sensor_4_rolling_mean_10,4.691446,sensor_7_rolling_mean_10,4.412192
46,51,205.0,171.3218231201172,-33.67817687988281,sensor_11_rolling_mean_5,8.013105,sensor_4_rolling_mean_5,7.766335,sensor_21_rolling_mean_10,5.8095555,sensor_8_rolling_mean_10,4.9138274,sensor_2_rolling_mean_10,4.5070004,sensor_13_rolling_mean_20,-10.8249035,sensor_6_rolling_std_20,-7.810698,sensor_4_rolling_mean_20,-4.8884983,sensor_20_rolling_mean_20,-4.1058283,sensor_15_rolling_mean_20,-3.4278393,sensor_13_rolling_mean_20,-10.8249035,sensor_11_rolling_mean_5,8.013105,sensor_6_rolling_std_20,-7.810698,sensor_4_rolling_mean_5,7.766335,sensor_21_rolling_mean_10,5.8095555,sensor_8_rolling_mean_10,4.9138274,sensor_4_rolling_mean_20,-4.8884983,sensor_2_rolling_mean_10,4.5070004,sensor_4_rolling_mean_10,4.270697,sensor_21_rolling_mean_5,4.1300406
46,52,204.0,185.98765563964844,-18.012344360351562,sensor_11_rolling_mean_5,8.524248,sensor_4_rolling_mean_5,8.388346,sensor_4_rolling_std_20,6.2984557,sensor_21_rolling_mean_10,5.9176044,sensor_7_rolling_mean_10,4.6951523,sensor_13_rolling_mean_20,-11.283007,sensor_4_rolling_mean_20,-5.432438,sensor_20_rolling_mean_20,-5.288333,sensor_15_rolling_mean_20,-3.3401468,sensor_2_rolling_mean_20,-3.322524,sensor_13_rolling_mean_20,-11.283007,sensor_11_rolling_mean_5,8.524248,sensor_4_rolling_mean_5,8.388346,sensor_4_rolling_std_20,6.2984557,sensor_21_rolling_mean_10,5.9176044,sensor_4_rolling_mean_20,-5.432438,sensor_20_rolling_mean_20,-5.288333,sensor_7_rolling_mean_10,4.6951523,sensor_8_rolling_mean_10,4.6689816,sensor_4_rolling_mean_10,4.661763
46,53,203.0,184.888916015625,-18.111083984375,sensor_4_rolling_mean_5,8.393164,sensor_11_rolling_mean_5,7.73748,sensor_4_rolling_std_20,7.615276,sensor_21_rolling_mean_10,5.660872,sensor_2_rolling_mean_10,5.1217384,sensor_13_rolling_mean_20,-10.435122,sensor_4_rolling_mean_20,-6.409574,sensor_20_rolling_mean_20,-5.908853,sensor_2_rolling_mean_20,-4.5878673,sensor_15_rolling_mean_20,-3.2504604,sensor_13_rolling_mean_20,-10.435122,sensor_4_rolling_mean_5,8.393164,sensor_11_rolling_mean_5,7.73748,sensor_4_rolling_std_20,7.615276,sensor_4_rolling_mean_20,-6.409574,sensor_20_rolling_mean_20,-5.908853,sensor_21_rolling_mean_10,5.660872,sensor_2_rolling_mean_10,5.1217384,sensor_4_rolling_mean_10,4.925207,sensor_2_rolling_mean_20,-4.5878673
46,54,202.0,166.77040100097656,-35.22959899902344,sensor_4_rolling_mean_5,8.057135,sensor_11_rolling_mean_5,7.0381126,sensor_2_rolling_mean_10,5.1985016,sensor_21_rolling_mean_10,5.0399704,sensor_9_rolling_mean_20,4.9711313,sensor_13_rolling_mean_20,-9.877326,sensor_4_rolling_mean_20,-7.421761,sensor_20_rolling_mean_20,-5.4408493,sensor_15_rolling_mean_20,-3.706573,sensor_2_rolling_mean_20,-3.1744394,sensor_13_rolling_mean_20,-9.877326,sensor_4_rolling_mean_5,8.057135,sensor_4_rolling_mean_20,-7.421761,sensor_11_rolling_mean_5,7.0381126,sensor_20_rolling_mean_20,-5.4408493,sensor_2_rolling_mean_10,5.1985016,sensor_21_rolling_mean_10,5.0399704,sensor_9_rolling_mean_20,4.9711313,sensor_8_rolling_mean_10,4.4509344,sensor_4_rolling_mean_10,4.3770747
46,55,201.0,180.7008056640625,-20.2991943359375,sensor_4_rolling_mean_5,8.307614,sensor_11_rolling_mean_5,7.5688877,sensor_4_rolling_std_20,7.0576587,sensor_21_rolling_mean_10,5.86722,sensor_2_rolling_mean_10,5.014748,sensor_13_rolling_mean_20,-9.091236,sensor_20_rolling_mean_20,-5.5188136,sensor_4_rolling_mean_20,-5.275066,sensor_2_rolling_mean_20,-4.329741,sensor_15_rolling_mean_20,-3.2500963,sensor_13_rolling_mean_20,-9.091236,sensor_4_rolling_mean_5,8.307614,sensor_11_rolling_mean_5,7.5688877,sensor_4_rolling_std_20,7.0576587,sensor_21_rolling_mean_10,5.86722,sensor_20_rolling_mean_20,-5.5188136,sensor_4_rolling_mean_20,-5.275066,sensor_2_rolling_mean_10,5.014748,sensor_4_rolling_mean_10,4.7619905,sensor_8_rolling_mean_10,4.4618745
46,56,200.0,179.60601806640625,-20.39398193359375,sensor_4_rolling_mean_5,8.287495,sensor_11_rolling_mean_5,7.707662,sensor_4_rolling_std_20,6.8128595,sensor_21_rolling_mean_10,5.541393,sensor_4_rolling_mean_10,5.043269,sensor_13_rolling_mean_20,-8.738187,sensor_20_rolling_mean_20,-6.8126945,sensor_4_rolling_mean_20,-5.916642,sensor_3_rolling_mean_20,-4.858822,sensor_15_rolling_mean_20,-3.5037663,sensor_13_rolling_mean_20,-8.738187,sensor_4_rolling_mean_5,8.287495,sensor_11_rolling_mean_5,7.707662,sensor_4_rolling_std_20,6.8128595,sensor_20_rolling_mean_20,-6.8126945,sensor_4_rolling_mean_20,-5.916642,sensor_21_rolling_mean_10,5.541393,sensor_4_rolling_mean_10,5.043269,sensor_2_rolling_mean_10,5.009357,sensor_3_rolling_mean_20,-4.858822
46,57,199.0,175.9012451171875,-23.0987548828125,sensor_4_rolling_mean_5,7.8605223,sensor_11_rolling_mean_5,7.3951077,sensor_2_rolling_mean_10,5.234105,sensor_4_rolling_std_20,4.9775558,sensor_9_rolling_mean_20,4.834259,sensor_13_rolling_mean_20,-10.011271,sensor_20_rolling_mean_20,-6.4397798,sensor_4_rolling_mean_20,-5.4697,sensor_2_rolling_mean_20,-3.7922184,sensor_15_rolling_mean_20,-3.7038624,sensor_13_rolling_mean_20,-10.011271,sensor_4_rolling_mean_5,7.8605223,sensor_11_rolling_mean_5,7.3951077,sensor_20_rolling_mean_20,-6.4397798,sensor_4_rolling_mean_20,-5.4697,sensor_2_rolling_mean_10,5.234105,sensor_4_rolling_std_20,4.9775558,sensor_9_rolling_mean_20,4.834259,sensor_8_rolling_mean_10,4.731734,sensor_4_rolling_mean_10,4.6470284
46,58,198.0,171.43629455566406,-26.563705444335938,sensor_4_rolling_mean_5,8.646951,sensor_11_rolling_mean_5,7.8970604,sensor_21_rolling_mean_10,5.3542027,sensor_2_rolling_mean_10,5.2374277,sensor_8_rolling_mean_10,4.6970077,sensor_13_rolling_mean_20,-9.016705,sensor_4_rolling_mean_20,-5.385002,sensor_20_rolling_mean_20,-3.8011804,sensor_2_rolling_mean_20,-2.9477012,sensor_15_rolling_mean_20,-2.8375444,sensor_13_rolling_mean_20,-9.016705,sensor_4_rolling_mean_5,8.646951,sensor_11_rolling_mean_5,7.8970604,sensor_4_rolling_mean_20,-5.385002,sensor_21_rolling_mean_10,5.3542027,sensor_2_rolling_mean_10,5.2374277,sensor_8_rolling_mean_10,4.6970077,sensor_7_rolling_mean_10,4.356228,sensor_4_rolling_mean_10,4.340088,sensor_9_rolling_mean_20,3.9015992
46,59,197.0,171.20533752441406,-25.794662475585938,sensor_4_rolling_mean_5,8.601328,sensor_11_rolling_mean_5,7.964826,sensor_2_rolling_mean_10,5.637312,sensor_21_rolling_mean_10,4.848608,sensor_4_rolling_mean_10,4.529596,sensor_13_rolling_mean_20,-9.881739,sensor_4_rolling_mean_20,-5.141618,sensor_20_rolling_mean_20,-4.0992,sensor_15_rolling_mean_20,-2.9852016,sensor_3_rolling_mean_20,-2.4151776,sensor_13_rolling_mean_20,-9.881739,sensor_4_rolling_mean_5,8.601328,sensor_11_rolling_mean_5,7.964826,sensor_2_rolling_mean_10,5.637312,sensor_4_rolling_mean_20,-5.141618,sensor_21_rolling_mean_10,4.848608,sensor_4_rolling_mean_10,4.529596,sensor_8_rolling_mean_10,4.5036993,sensor_7_rolling_mean_10,4.261666,sensor_20_rolling_mean_20,-4.0992
46,60,196.0,172.89979553222656,-23.100204467773438,sensor_4_rolling_mean_5,8.712966,sensor_11_rolling_mean_5,8.570164,sensor_21_rolling_mean_10,5.9142184,sensor_2_rolling_mean_10,5.412675,sensor_4_rolling_mean_10,4.5715528,sensor_13_rolling_mean_20,-9.823504,sensor_4_rolling_mean_20,-6.6788044,sensor_20_rolling_mean_20,-4.3343086,sensor_2_rolling_mean_20,-3.2402618,sensor_15_rolling_mean_20,-3.1588707,sensor_13_rolling_mean_20,-9.823504,sensor_4_rolling_mean_5,8.712966,sensor_11_rolling_mean_5,8.570164,sensor_4_rolling_mean_20,-6.6788044,sensor_21_rolling_mean_10,5.9142184,sensor_2_rolling_mean_10,5.412675,sensor_4_rolling_mean_10,4.5715528,sensor_8_rolling_mean_10,4.416163,sensor_20_rolling_mean_20,-4.3343086,sensor_7_rolling_mean_10,4.233656
46,61,195.0,169.04067993164062,-25.959320068359375,sensor_4_rolling_mean_5,8.713894,sensor_11_rolling_mean_5,7.945811,sensor_2_rolling_mean_10,5.263182,sensor_4_rolling_mean_10,4.725343,sensor_21_rolling_mean_10,4.658992,sensor_13_rolling_mean_20,-8.930696,sensor_4_rolling_mean_20,-5.2670193,sensor_20_rolling_mean_20,-4.7348824,sensor_3_rolling_mean_20,-3.5073662,sensor_11_rolling_mean_20,-3.1804922,sensor_13_rolling_mean_20,-8.930696,sensor_4_rolling_mean_5,8.713894,sensor_11_rolling_mean_5,7.945811,sensor_4_rolling_mean_20,-5.2670193,sensor_2_rolling_mean_10,5.263182,sensor_20_rolling_mean_20,-4.7348824,sensor_4_rolling_mean_10,4.725343,sensor_21_rolling_mean_10,4.658992,sensor_8_rolling_mean_10,4.5257163,sensor_9_rolling_mean_20,4.2793093
46,62,194.0,155.06549072265625,-38.93450927734375,sensor_4_rolling_mean_5,8.770628,sensor_11_rolling_mean_5,7.125524,sensor_21_rolling_mean_10,5.57724,sensor_2_rolling_mean_10,5.010251,sensor_8_rolling_mean_10,4.1067576,sensor_13_rolling_mean_20,-8.753086,sensor_20_rolling_mean_20,-4.8833656,sensor_4_rolling_mean_20,-4.7894764,sensor_15_rolling_mean_20,-3.3415337,sensor_2_rolling_mean_20,-3.3351254,sensor_4_rolling_mean_5,8.770628,sensor_13_rolling_mean_20,-8.753086,sensor_11_rolling_mean_5,7.125524,sensor_21_rolling_mean_10,5.57724,sensor_2_rolling_mean_10,5.010251,sensor_20_rolling_mean_20,-4.8833656,sensor_4_rolling_mean_20,-4.7894764,sensor_8_rolling_mean_10,4.1067576,sensor_4_rolling_mean_10,3.8925292,sensor_15_rolling_mean_5,3.7621124
46,63,193.0,148.98536682128906,-44.01463317871094,sensor_4_rolling_mean_5,8.769976,sensor_11_rolling_mean_5,6.919481,sensor_4_rolling_std_20,5.6470256,sensor_21_rolling_mean_10,5.0062647,sensor_4_rolling_mean_10,4.5689197,sensor_14_rolling_mean_20,-10.216412,sensor_13_rolling_mean_20,-8.895672,sensor_4_rolling_mean_20,-4.8673406,sensor_7_rolling_mean_20,-4.4163113,sensor_20_rolling_mean_20,-4.2784715,sensor_14_rolling_mean_20,-10.216412,sensor_13_rolling_mean_20,-8.895672,sensor_4_rolling_mean_5,8.769976,sensor_11_rolling_mean_5,6.919481,sensor_4_rolling_std_20,5.6470256,sensor_21_rolling_mean_10,5.0062647,sensor_4_rolling_mean_20,-4.8673406,sensor_4_rolling_mean_10,4.5689197,sensor_2_rolling_mean_10,4.5036807,sensor_7_rolling_mean_20,-4.4163113
46,64,192.0,174.52772521972656,-17.472274780273438,sensor_4_rolling_mean_5,8.381808,setting_1,8.221779,sensor_11_rolling_mean_5,7.2104483,sensor_4_rolling_std_20,6.092103,sensor_21_rolling_mean_10,5.5201526,sensor_14_rolling_mean_20,-10.522138,sensor_13_rolling_mean_20,-7.797386,sensor_20_rolling_mean_20,-4.966395,sensor_4_rolling_mean_20,-4.893134,sensor_11_rolling_mean_20,-3.3742073,sensor_14_rolling_mean_20,-10.522138,sensor_4_rolling_mean_5,8.381808,setting_1,8.221779,sensor_13_rolling_mean_20,-7.797386,sensor_11_rolling_mean_5,7.2104483,sensor_4_rolling_std_20,6.092103,sensor_21_rolling_mean_10,5.5201526,sensor_2_rolling_mean_10,5.0190263,sensor_20_rolling_mean_20,-4.966395,sensor_4_rolling_mean_20,-4.893134
46,65,191.0,158.09828186035156,-32.90171813964844,sensor_4_rolling_mean_5,8.614959,sensor_11_rolling_mean_5,6.8458557,sensor_21_rolling_mean_10,5.5493884,sensor_4_rolling_mean_10,5.025892,sensor_2_rolling_mean_10,4.883122,sensor_14_rolling_mean_20,-11.814952,sensor_13_rolling_mean_20,-6.672907,sensor_20_rolling_mean_20,-4.3692675,sensor_7_rolling_mean_20,-3.8703775,sensor_4_rolling_mean_20,-3.3321817,sensor_14_rolling_mean_20,-11.814952,sensor_4_rolling_mean_5,8.614959,sensor_11_rolling_mean_5,6.8458557,sensor_13_rolling_mean_20,-6.672907,sensor_21_rolling_mean_10,5.5493884,sensor_4_rolling_mean_10,5.025892,sensor_2_rolling_mean_10,4.883122,sensor_20_rolling_mean_20,-4.3692675,sensor_15_rolling_mean_5,4.139728,sensor_15_rolling_mean_10,4.115969
46,66,190.0,139.2106475830078,-50.78935241699219,sensor_4_rolling_mean_5,7.829564,sensor_11_rolling_mean_5,7.4328585,sensor_21_rolling_mean_10,5.646922,sensor_2_rolling_mean_10,4.67168,sensor_4_rolling_mean_10,4.382251,sensor_14_rolling_mean_20,-10.813111,sensor_13_rolling_mean_20,-7.7007422,sensor_4_rolling_mean_20,-4.9925494,sensor_20_rolling_mean_20,-4.7005777,sensor_7_rolling_mean_20,-4.5205235,sensor_14_rolling_mean_20,-10.813111,sensor_4_rolling_mean_5,7.829564,sensor_13_rolling_mean_20,-7.7007422,sensor_11_rolling_mean_5,7.4328585,sensor_21_rolling_mean_10,5.646922,sensor_4_rolling_mean_20,-4.9925494,sensor_20_rolling_mean_20,-4.7005777,sensor_2_rolling_mean_10,4.67168,sensor_7_rolling_mean_20,-4.5205235,sensor_4_rolling_mean_10,4.382251
46,67,189.0,154.79913330078125,-34.20086669921875,sensor_11_rolling_mean_5,8.3461485,sensor_4_rolling_mean_5,8.128266,sensor_21_rolling_mean_10,5.517952,sensor_4_rolling_mean_10,4.338524,sensor_2_rolling_mean_10,4.2221417,sensor_14_rolling_mean_20,-11.925195,sensor_13_rolling_mean_20,-6.91626,sensor_20_rolling_mean_20,-4.757788,sensor_7_rolling_mean_20,-4.21955,sensor_9_rolling_mean_20,-3.9324183,sensor_14_rolling_mean_20,-11.925195,sensor_11_rolling_mean_5,8.3461485,sensor_4_rolling_mean_5,8.128266,sensor_13_rolling_mean_20,-6.91626,sensor_21_rolling_mean_10,5.517952,sensor_20_rolling_mean_20,-4.757788,sensor_4_rolling_mean_10,4.338524,sensor_2_rolling_mean_10,4.2221417,sensor_7_rolling_mean_20,-4.21955,sensor_15_rolling_mean_10,4.0593057
46,68,188.0,124.00216674804688,-63.997833251953125,sensor_4_rolling_mean_5,7.8662543,sensor_11_rolling_mean_5,7.359314,sensor_21_rolling_mean_10,4.9726696,sensor_4_rolling_mean_10,4.258345,sensor_2_rolling_mean_10,4.1346593,sensor_14_rolling_mean_20,-12.100445,sensor_13_rolling_mean_20,-6.5712156,sensor_4_rolling_mean_20,-5.608956,sensor_9_rolling_std_20,-4.3689146,sensor_7_rolling_mean_20,-4.3399034,sensor_14_rolling_mean_20,-12.100445,sensor_4_rolling_mean_5,7.8662543,sensor_11_rolling_mean_5,7.359314,sensor_13_rolling_mean_20,-6.5712156,sensor_4_rolling_mean_20,-5.608956,sensor_21_rolling_mean_10,4.9726696,sensor_9_rolling_std_20,-4.3689146,sensor_7_rolling_mean_20,-4.3399034,sensor_9_rolling_mean_20,-4.2914934,sensor_4_rolling_mean_10,4.258345
46,69,187.0,129.7243194580078,-57.27568054199219,sensor_4_rolling_mean_5,7.9870005,sensor_11_rolling_mean_5,7.623048,sensor_21_rolling_mean_10,4.428609,sensor_4_rolling_mean_10,4.339036,sensor_2_rolling_mean_10,3.966103,sensor_14_rolling_mean_20,-9.796034,sensor_13_rolling_mean_20,-7.0741487,sensor_7_rolling_mean_20,-4.761711,sensor_9_rolling_std_20,-4.7393894,sensor_4_rolling_mean_20,-4.283125,sensor_14_rolling_mean_20,-9.796034,sensor_4_rolling_mean_5,7.9870005,sensor_11_rolling_mean_5,7.623048,sensor_13_rolling_mean_20,-7.0741487,sensor_7_rolling_mean_20,-4.761711,sensor_9_rolling_std_20,-4.7393894,sensor_21_rolling_mean_10,4.428609,sensor_4_rolling_mean_10,4.339036,sensor_4_rolling_mean_20,-4.283125,sensor_20_rolling_mean_20,-4.2294693
46,70,186.0,130.26144409179688,-55.738555908203125,sensor_4_rolling_mean_5,8.163293,sensor_11_rolling_mean_5,6.9288087,sensor_4_rolling_mean_10,4.4449763,sensor_21_rolling_mean_10,4.1032,sensor_3_rolling_mean_10,3.9521332,sensor_14_rolling_mean_20,-9.864851,sensor_13_rolling_mean_20,-6.521334,sensor_7_rolling_mean_20,-4.6762447,sensor_4_rolling_mean_20,-4.038525,sensor_9_rolling_std_20,-3.9017994,sensor_14_rolling_mean_20,-9.864851,sensor_4_rolling_mean_5,8.163293,sensor_11_rolling_mean_5,6.9288087,sensor_13_rolling_mean_20,-6.521334,sensor_7_rolling_mean_20,-4.6762447,sensor_4_rolling_mean_10,4.4449763,sensor_21_rolling_mean_10,4.1032,sensor_4_rolling_mean_20,-4.038525,sensor_3_rolling_mean_10,3.9521332,sensor_9_rolling_std_20,-3.9017994
46,71,185.0,136.22459411621094,-48.77540588378906,sensor_4_rolling_mean_5,7.714347,sensor_11_rolling_mean_5,6.3775444,sensor_4_rolling_mean_10,4.6256723,sensor_2_rolling_mean_10,4.274261,sensor_21_rolling_mean_10,4.093712,sensor_14_rolling_mean_20,-12.701695,sensor_13_rolling_mean_20,-7.167933,sensor_7_rolling_mean_20,-4.96553,sensor_4_rolling_mean_20,-4.4885006,sensor_9_rolling_std_20,-4.2565575,sensor_14_rolling_mean_20,-12.701695,sensor_4_rolling_mean_5,7.714347,sensor_13_rolling_mean_20,-7.167933,sensor_11_rolling_mean_5,6.3775444,sensor_7_rolling_mean_20,-4.96553,sensor_4_rolling_mean_10,4.6256723,sensor_4_rolling_mean_20,-4.4885006,sensor_2_rolling_mean_10,4.274261,sensor_9_rolling_std_20,-4.2565575,sensor_21_rolling_mean_10,4.093712
46,72,184.0,138.92489624023438,-45.075103759765625,sensor_4_rolling_mean_5,8.046412,sensor_11_rolling_mean_5,5.949535,sensor_4_rolling_mean_10,4.648644,sensor_2_rolling_mean_10,4.3411303,sensor_3_rolling_mean_10,3.729089,sensor_14_rolling_mean_20,-13.058704,sensor_9_rolling_std_20,-5.9288135,sensor_13_rolling_mean_20,-5.6632595,sensor_7_rolling_mean_20,-5.354044,sensor_4_rolling_mean_20,-4.4347477,sensor_14_rolling_mean_20,-13.058704,sensor_4_rolling_mean_5,8.046412,sensor_11_rolling_mean_5,5.949535,sensor_9_rolling_std_20,-5.9288135,sensor_13_rolling_mean_20,-5.6632595,sensor_7_rolling_mean_20,-5.354044,sensor_4_rolling_mean_10,4.648644,sensor_4_rolling_mean_20,-4.4347477,sensor_2_rolling_mean_10,4.3411303,sensor_3_rolling_mean_10,3.729089
46,73,183.0,133.79469299316406,-49.20530700683594,sensor_4_rolling_mean_5,8.179795,sensor_11_rolling_mean_5,7.0014925,sensor_21_rolling_mean_10,5.0186257,sensor_4_rolling_mean_10,4.4413795,sensor_2_rolling_mean_10,4.256873,sensor_14_rolling_mean_20,-12.7904825,sensor_13_rolling_mean_20,-6.9777703,sensor_7_rolling_mean_20,-4.384972,sensor_12_rolling_mean_20,-3.6764216,sensor_9_rolling_std_20,-3.402594,sensor_14_rolling_mean_20,-12.7904825,sensor_4_rolling_mean_5,8.179795,sensor_11_rolling_mean_5,7.0014925,sensor_13_rolling_mean_20,-6.9777703,sensor_21_rolling_mean_10,5.0186257,sensor_4_rolling_mean_10,4.4413795,sensor_7_rolling_mean_20,-4.384972,sensor_2_rolling_mean_10,4.256873,sensor_15_rolling_mean_5,3.9714997,sensor_15_rolling_mean_10,3.873061
46,74,182.0,122.63175201416016,-59.368247985839844,sensor_4_rolling_mean_5,8.03747,sensor_11_rolling_mean_5,7.3683143,sensor_21_rolling_mean_10,5.745184,sensor_4_rolling_mean_10,3.8600564,sensor_2_rolling_mean_10,3.8090835,sensor_14_rolling_mean_20,-13.804002,sensor_13_rolling_mean_20,-5.2401385,sensor_9_rolling_std_20,-5.177159,sensor_7_rolling_mean_20,-4.589411,sensor_2_rolling_mean_20,-3.9937243,sensor_14_rolling_mean_20,-13.804002,sensor_4_rolling_mean_5,8.03747,sensor_11_rolling_mean_5,7.3683143,sensor_21_rolling_mean_10,5.745184,sensor_13_rolling_mean_20,-5.2401385,sensor_9_rolling_std_20,-5.177159,sensor_7_rolling_mean_20,-4.589411,sensor_2_rolling_mean_20,-3.9937243,sensor_4_rolling_mean_20,-3.9618187,sensor_4_rolling_mean_10,3.8600564
46,75,181.0,130.4391326904297,-50.56086730957031,sensor_4_rolling_mean_5,8.569904,sensor_11_rolling_mean_5,6.967023,sensor_21_rolling_mean_10,5.1451716,sensor_4_rolling_mean_10,4.4712696,sensor_2_rolling_mean_10,4.195917,sensor_14_rolling_mean_20,-12.72055,sensor_13_rolling_mean_20,-5.975808,sensor_4_rolling_mean_20,-5.1825113,sensor_7_rolling_mean_20,-5.0561414,sensor_2_rolling_mean_20,-3.9974208,sensor_14_rolling_mean_20,-12.72055,sensor_4_rolling_mean_5,8.569904,sensor_11_rolling_mean_5,6.967023,sensor_13_rolling_mean_20,-5.975808,sensor_4_rolling_mean_20,-5.1825113,sensor_21_rolling_mean_10,5.1451716,sensor_7_rolling_mean_20,-5.0561414,sensor_4_rolling_mean_10,4.4712696,sensor_2_rolling_mean_10,4.195917,sensor_2_rolling_mean_20,-3.9974208
46,76,180.0,133.4550018310547,-46.54499816894531,sensor_4_rolling_mean_5,7.885891,sensor_21_rolling_mean_10,7.383862,sensor_11_rolling_mean_5,6.8430815,sensor_3_rolling_mean_10,3.9990559,sensor_3_rolling_std_20,3.9749699,sensor_14_rolling_mean_20,-13.575763,sensor_6_rolling_std_20,-6.482829,sensor_13_rolling_mean_20,-6.0627728,sensor_7_rolling_mean_20,-5.9439125,sensor_4_rolling_mean_20,-4.708838,sensor_14_rolling_mean_20,-13.575763,sensor_4_rolling_mean_5,7.885891,sensor_21_rolling_mean_10,7.383862,sensor_11_rolling_mean_5,6.8430815,sensor_6_rolling_std_20,-6.482829,sensor_13_rolling_mean_20,-6.0627728,sensor_7_rolling_mean_20,-5.9439125,sensor_4_rolling_mean_20,-4.708838,sensor_3_rolling_mean_10,3.9990559,sensor_3_rolling_std_20,3.9749699
46,77,179.0,138.57606506347656,-40.42393493652344,sensor_4_rolling_mean_5,7.7920647,sensor_11_rolling_mean_5,7.3672547,sensor_21_rolling_mean_10,5.5772204,sensor_4_rolling_mean_10,4.2937584,sensor_3_rolling_std_20,4.136566,sensor_14_rolling_mean_20,-13.950709,sensor_6_rolling_std_20,-6.216212,sensor_13_rolling_mean_20,-6.0301037,sensor_7_rolling_mean_20,-4.706963,sensor_4_rolling_mean_20,-4.46086,sensor_14_rolling_mean_20,-13.950709,sensor_4_rolling_mean_5,7.7920647,sensor_11_rolling_mean_5,7.3672547,sensor_6_rolling_std_20,-6.216212,sensor_13_rolling_mean_20,-6.0301037,sensor_21_rolling_mean_10,5.5772204,sensor_7_rolling_mean_20,-4.706963,sensor_4_rolling_mean_20,-4.46086,sensor_4_rolling_mean_10,4.2937584,sensor_3_rolling_std_20,4.136566
46,78,178.0,130.0094757080078,-47.99052429199219,sensor_4_rolling_mean_5,7.507879,sensor_11_rolling_mean_5,7.1448426,sensor_21_rolling_mean_10,5.8256836,sensor_4_rolling_mean_10,4.1283584,sensor_7_rolling_mean_10,4.033041,sensor_14_rolling_mean_20,-14.430756,sensor_13_rolling_mean_20,-6.2657647,sensor_6_rolling_std_20,-6.0447116,sensor_7_rolling_mean_20,-4.884312,sensor_2_rolling_mean_20,-4.412754,sensor_14_rolling_mean_20,-14.430756,sensor_4_rolling_mean_5,7.507879,sensor_11_rolling_mean_5,7.1448426,sensor_13_rolling_mean_20,-6.2657647,sensor_6_rolling_std_20,-6.0447116,sensor_21_rolling_mean_10,5.8256836,sensor_7_rolling_mean_20,-4.884312,sensor_2_rolling_mean_20,-4.412754,sensor_4_rolling_mean_20,-4.2787895,sensor_4_rolling_mean_10,4.1283584
46,79,177.0,133.14794921875,-43.85205078125,sensor_4_rolling_mean_5,7.8246965,sensor_11_rolling_mean_5,7.2572646,sensor_21_rolling_mean_10,5.9522943,sensor_4_rolling_mean_10,4.5973434,sensor_21_rolling_mean_5,3.9508693,sensor_14_rolling_mean_20,-13.245155,sensor_13_rolling_mean_20,-6.0522394,sensor_6_rolling_std_20,-5.6973443,sensor_2_rolling_mean_20,-5.375536,sensor_7_rolling_mean_20,-4.246373,sensor_14_rolling_mean_20,-13.245155,sensor_4_rolling_mean_5,7.8246965,sensor_11_rolling_mean_5,7.2572646,sensor_13_rolling_mean_20,-6.0522394,sensor_21_rolling_mean_10,5.9522943,sensor_6_rolling_std_20,-5.6973443,sensor_2_rolling_mean_20,-5.375536,sensor_4_rolling_mean_10,4.5973434,sensor_7_rolling_mean_20,-4.246373,sensor_4_rolling_mean_20,-4.1734114
46,80,176.0,134.70326232910156,-41.29673767089844,sensor_4_rolling_mean_5,7.894078,sensor_11_rolling_mean_5,7.218,sensor_21_rolling_mean_10,6.340897,sensor_4_rolling_mean_10,4.4849477,sensor_7_rolling_mean_10,4.1179514,sensor_14_rolling_mean_20,-13.119949,sensor_13_rolling_mean_20,-6.968042,sensor_2_rolling_mean_20,-5.7662926,sensor_6_rolling_std_20,-4.829717,sensor_15_rolling_mean_20,-3.8869758,sensor_14_rolling_mean_20,-13.119949,sensor_4_rolling_mean_5,7.894078,sensor_11_rolling_mean_5,7.218,sensor_13_rolling_mean_20,-6.968042,sensor_21_rolling_mean_10,6.340897,sensor_2_rolling_mean_20,-5.7662926,sensor_6_rolling_std_20,-4.829717,sensor_4_rolling_mean_10,4.4849477,sensor_7_rolling_mean_10,4.1179514,sensor_15_rolling_mean_5,4.006091
46,81,175.0,143.67019653320312,-31.329803466796875,sensor_4_rolling_mean_5,8.206869,sensor_11_rolling_mean_5,7.7074947,sensor_21_rolling_mean_10,6.38466,sensor_4_rolling_mean_10,4.4310493,sensor_7_rolling_mean_10,4.3135133,sensor_14_rolling_mean_20,-10.017946,sensor_13_rolling_mean_20,-5.875354,sensor_2_rolling_mean_20,-5.2092505,sensor_6_rolling_std_20,-4.763327,sensor_15_rolling_mean_20,-3.4515529,sensor_14_rolling_mean_20,-10.017946,sensor_4_rolling_mean_5,8.206869,sensor_11_rolling_mean_5,7.7074947,sensor_21_rolling_mean_10,6.38466,sensor_13_rolling_mean_20,-5.875354,sensor_2_rolling_mean_20,-5.2092505,sensor_6_rolling_std_20,-4.763327,sensor_4_rolling_mean_10,4.4310493,sensor_7_rolling_mean_10,4.3135133,sensor_21_rolling_mean_5,3.994028
46,82,174.0,148.5347442626953,-25.465255737304688,sensor_4_rolling_mean_5,8.193921,sensor_11_rolling_mean_5,7.396779,sensor_21_rolling_mean_10,6.0342355,sensor_4_rolling_mean_10,4.585716,sensor_7_rolling_mean_10,4.2666254,sensor_14_rolling_mean_20,-8.334559,sensor_13_rolling_mean_20,-6.73035,sensor_2_rolling_mean_20,-4.8707533,sensor_4_rolling_mean_20,-3.908845,sensor_6_rolling_std_20,-3.7378788,sensor_14_rolling_mean_20,-8.334559,sensor_4_rolling_mean_5,8.193921,sensor_11_rolling_mean_5,7.396779,sensor_13_rolling_mean_20,-6.73035,sensor_21_rolling_mean_10,6.0342355,sensor_2_rolling_mean_20,-4.8707533,sensor_4_rolling_mean_10,4.585716,sensor_7_rolling_mean_10,4.2666254,sensor_4_rolling_mean_20,-3.908845,sensor_21_rolling_mean_5,3.8952963
46,83,173.0,141.1836700439453,-31.816329956054688,sensor_4_rolling_mean_5,8.348896,sensor_11_rolling_mean_5,7.685031,sensor_21_rolling_mean_10,6.241208,sensor_4_rolling_mean_10,4.468153,sensor_7_rolling_mean_10,4.0656815,sensor_14_rolling_mean_20,-7.0658593,sensor_13_rolling_mean_20,-6.815926,sensor_2_rolling_mean_20,-6.560801,sensor_6_rolling_std_20,-4.0709147,sensor_4_rolling_mean_20,-3.6462388,sensor_4_rolling_mean_5,8.348896,sensor_11_rolling_mean_5,7.685031,sensor_14_rolling_mean_20,-7.0658593,sensor_13_rolling_mean_20,-6.815926,sensor_2_rolling_mean_20,-6.560801,sensor_21_rolling_mean_10,6.241208,sensor_4_rolling_mean_10,4.468153,sensor_6_rolling_std_20,-4.0709147,sensor_7_rolling_mean_10,4.0656815,sensor_15_rolling_mean_5,3.797739
46,84,172.0,148.33206176757812,-23.667938232421875,sensor_4_rolling_mean_5,8.090549,sensor_11_rolling_mean_5,6.923715,sensor_21_rolling_mean_10,5.7961197,sensor_7_rolling_mean_10,4.217189,sensor_21_rolling_mean_5,4.174227,sensor_14_rolling_mean_20,-8.039926,sensor_13_rolling_mean_20,-6.420177,sensor_2_rolling_mean_20,-6.13327,sensor_6_rolling_std_20,-5.0411,sensor_15_rolling_mean_20,-3.8693478,sensor_4_rolling_mean_5,8.090549,sensor_14_rolling_mean_20,-8.039926,sensor_11_rolling_mean_5,6.923715,sensor_13_rolling_mean_20,-6.420177,sensor_2_rolling_mean_20,-6.13327,sensor_21_rolling_mean_10,5.7961197,sensor_6_rolling_std_20,-5.0411,sensor_7_rolling_mean_10,4.217189,sensor_21_rolling_mean_5,4.174227,sensor_15_rolling_mean_20,-3.8693478
46,85,171.0,145.70013427734375,-25.29986572265625,sensor_4_rolling_mean_5,8.05996,sensor_21_rolling_mean_10,5.860767,sensor_11_rolling_mean_5,5.651045,sensor_7_rolling_mean_10,4.3773284,sensor_3_rolling_mean_10,4.254141,sensor_14_rolling_mean_20,-9.889125,sensor_13_rolling_mean_20,-6.4548593,sensor_2_rolling_mean_20,-5.812187,sensor_4_rolling_mean_20,-4.097675,sensor_9_rolling_mean_20,-3.879257,sensor_14_rolling_mean_20,-9.889125,sensor_4_rolling_mean_5,8.05996,sensor_13_rolling_mean_20,-6.4548593,sensor_21_rolling_mean_10,5.860767,sensor_2_rolling_mean_20,-5.812187,sensor_11_rolling_mean_5,5.651045,sensor_7_rolling_mean_10,4.3773284,sensor_3_rolling_mean_10,4.254141,sensor_4_rolling_mean_10,4.114378,sensor_4_rolling_mean_20,-4.097675
46,86,170.0,136.70042419433594,-33.29957580566406,sensor_4_rolling_mean_5,8.346883,sensor_21_rolling_mean_10,7.6928062,sensor_11_rolling_mean_5,6.695008,sensor_7_rolling_mean_10,4.6041865,sensor_4_rolling_mean_10,4.341503,sensor_14_rolling_mean_20,-9.730848,sensor_13_rolling_mean_20,-6.7745767,sensor_2_rolling_mean_20,-6.1002192,sensor_9_rolling_mean_20,-4.428463,sensor_4_rolling_mean_20,-4.0303097,sensor_14_rolling_mean_20,-9.730848,sensor_4_rolling_mean_5,8.346883,sensor_21_rolling_mean_10,7.6928062,sensor_13_rolling_mean_20,-6.7745767,sensor_11_rolling_mean_5,6.695008,sensor_2_rolling_mean_20,-6.1002192,sensor_7_rolling_mean_10,4.6041865,sensor_9_rolling_mean_20,-4.428463,sensor_4_rolling_mean_10,4.341503,sensor_3_rolling_mean_10,4.281965
46,87,169.0,137.44288635253906,-31.557113647460938,sensor_4_rolling_mean_5,8.396736,sensor_21_rolling_mean_10,6.8135977,sensor_11_rolling_mean_5,6.263033,sensor_15_rolling_mean_5,4.234677,sensor_4_rolling_mean_10,4.066732,sensor_14_rolling_mean_20,-8.871933,sensor_13_rolling_mean_20,-6.6844516,sensor_2_rolling_mean_20,-5.8449845,sensor_4_rolling_mean_20,-4.31566,sensor_9_rolling_mean_20,-3.4962306,sensor_14_rolling_mean_20,-8.871933,sensor_4_rolling_mean_5,8.396736,sensor_21_rolling_mean_10,6.8135977,sensor_13_rolling_mean_20,-6.6844516,sensor_11_rolling_mean_5,6.263033,sensor_2_rolling_mean_20,-5.8449845,sensor_4_rolling_mean_20,-4.31566,sensor_15_rolling_mean_5,4.234677,sensor_4_rolling_mean_10,4.066732,sensor_3_rolling_mean_10,3.999085
46,88,168.0,147.4450225830078,-20.554977416992188,sensor_4_rolling_mean_5,8.956396,sensor_11_rolling_mean_5,7.447838,sensor_3_rolling_mean_10,4.6603274,sensor_4_rolling_mean_10,4.3780503,sensor_21_rolling_mean_10,4.2565455,sensor_14_rolling_mean_20,-8.21687,sensor_13_rolling_mean_20,-7.212008,sensor_2_rolling_mean_20,-6.0965877,sensor_6_rolling_std_20,-4.994024,sensor_4_rolling_mean_20,-4.2794495,sensor_4_rolling_mean_5,8.956396,sensor_14_rolling_mean_20,-8.21687,sensor_11_rolling_mean_5,7.447838,sensor_13_rolling_mean_20,-7.212008,sensor_2_rolling_mean_20,-6.0965877,sensor_6_rolling_std_20,-4.994024,sensor_3_rolling_mean_10,4.6603274,sensor_4_rolling_mean_10,4.3780503,sensor_4_rolling_mean_20,-4.2794495,sensor_21_rolling_mean_10,4.2565455
46,89,167.0,148.58517456054688,-18.414825439453125,sensor_4_rolling_mean_5,8.449939,sensor_11_rolling_mean_5,7.0506396,sensor_4_rolling_mean_10,4.239905,sensor_21_rolling_mean_10,4.1698895,sensor_3_rolling_mean_10,4.0718703,sensor_13_rolling_mean_20,-9.269504,sensor_14_rolling_mean_20,-8.723492,sensor_2_rolling_mean_20,-6.4511795,sensor_6_rolling_std_20,-4.586559,sensor_4_rolling_mean_20,-4.042071,sensor_13_rolling_mean_20,-9.269504,sensor_14_rolling_mean_20,-8.723492,sensor_4_rolling_mean_5,8.449939,sensor_11_rolling_mean_5,7.0506396,sensor_2_rolling_mean_20,-6.4511795,sensor_6_rolling_std_20,-4.586559,sensor_4_rolling_mean_10,4.239905,sensor_21_rolling_mean_10,4.1698895,sensor_3_rolling_mean_10,4.0718703,sensor_4_rolling_mean_20,-4.042071
46,90,166.0,152.60662841796875,-13.39337158203125,sensor_4_rolling_mean_5,8.42691,sensor_11_rolling_mean_5,7.551894,sensor_4_rolling_mean_10,4.7305875,sensor_21_rolling_mean_10,4.510647,sensor_15_rolling_mean_5,3.9742718,sensor_14_rolling_mean_20,-9.721186,sensor_13_rolling_mean_20,-9.057826,sensor_2_rolling_mean_20,-5.2507567,sensor_4_rolling_mean_20,-4.111633,sensor_6_rolling_std_20,-3.6399586,sensor_14_rolling_mean_20,-9.721186,sensor_13_rolling_mean_20,-9.057826,sensor_4_rolling_mean_5,8.42691,sensor_11_rolling_mean_5,7.551894,sensor_2_rolling_mean_20,-5.2507567,sensor_4_rolling_mean_10,4.7305875,sensor_21_rolling_mean_10,4.510647,sensor_4_rolling_mean_20,-4.111633,sensor_15_rolling_mean_5,3.9742718,sensor_2_rolling_mean_10,3.9172935
46,91,165.0,166.02297973632812,1.022979736328125,sensor_4_rolling_mean_5,8.546644,sensor_11_rolling_mean_5,7.9805837,sensor_21_rolling_mean_10,4.761674,sensor_3_rolling_mean_10,4.7614856,sensor_4_rolling_mean_10,4.415684,sensor_13_rolling_mean_20,-8.807534,sensor_14_rolling_mean_20,-7.4997134,sensor_2_rolling_mean_20,-5.7597947,sensor_4_rolling_mean_20,-5.4038625,sensor_15_rolling_mean_20,-3.3723505,sensor_13_rolling_mean_20,-8.807534,sensor_4_rolling_mean_5,8.546644,sensor_11_rolling_mean_5,7.9805837,sensor_14_rolling_mean_20,-7.4997134,sensor_2_rolling_mean_20,-5.7597947,sensor_4_rolling_mean_20,-5.4038625,sensor_21_rolling_mean_10,4.761674,sensor_3_rolling_mean_10,4.7614856,sensor_4_rolling_mean_10,4.415684,sensor_12_rolling_std_20,4.1504545
46,92,164.0,157.76834106445312,-6.231658935546875,sensor_4_rolling_mean_5,8.757757,sensor_11_rolling_mean_5,7.2180877,sensor_3_rolling_mean_10,5.0810795,sensor_21_rolling_mean_10,4.4801383,sensor_4_rolling_mean_10,4.308047,sensor_13_rolling_mean_20,-8.258562,sensor_2_rolling_mean_20,-6.660092,sensor_14_rolling_mean_20,-6.24576,sensor_4_rolling_mean_20,-4.6303687,sensor_15_rolling_mean_20,-3.6837337,sensor_4_rolling_mean_5,8.757757,sensor_13_rolling_mean_20,-8.258562,sensor_11_rolling_mean_5,7.2180877,sensor_2_rolling_mean_20,-6.660092,sensor_14_rolling_mean_20,-6.24576,sensor_3_rolling_mean_10,5.0810795,sensor_4_rolling_mean_20,-4.6303687,sensor_21_rolling_mean_10,4.4801383,sensor_4_rolling_mean_10,4.308047,sensor_2_rolling_mean_10,4.110149
46,93,163.0,143.31179809570312,-19.688201904296875,sensor_4_rolling_mean_5,8.225843,sensor_11_rolling_mean_5,7.014935,sensor_4_rolling_mean_10,4.9295797,sensor_2_rolling_mean_10,4.031742,sensor_21_rolling_mean_5,3.7479963,sensor_13_rolling_mean_20,-8.348601,sensor_2_rolling_mean_20,-6.599839,sensor_14_rolling_mean_20,-6.459195,sensor_7_rolling_mean_20,-4.155096,sensor_4_rolling_mean_20,-4.144988,sensor_13_rolling_mean_20,-8.348601,sensor_4_rolling_mean_5,8.225843,sensor_11_rolling_mean_5,7.014935,sensor_2_rolling_mean_20,-6.599839,sensor_14_rolling_mean_20,-6.459195,sensor_4_rolling_mean_10,4.9295797,sensor_7_rolling_mean_20,-4.155096,sensor_4_rolling_mean_20,-4.144988,sensor_2_rolling_mean_10,4.031742,sensor_6_rolling_std_20,-3.7916024
46,94,162.0,139.4993896484375,-22.5006103515625,sensor_4_rolling_mean_5,7.871064,sensor_11_rolling_mean_5,5.393278,sensor_4_rolling_mean_10,4.5601354,sensor_2_rolling_mean_10,4.4630985,sensor_21_rolling_mean_5,3.974115,sensor_13_rolling_mean_20,-9.023131,sensor_14_rolling_mean_20,-6.8105254,sensor_2_rolling_mean_20,-6.0274673,sensor_4_rolling_mean_20,-5.1268234,sensor_7_rolling_mean_20,-4.8942537,sensor_13_rolling_mean_20,-9.023131,sensor_4_rolling_mean_5,7.871064,sensor_14_rolling_mean_20,-6.8105254,sensor_2_rolling_mean_20,-6.0274673,sensor_11_rolling_mean_5,5.393278,sensor_4_rolling_mean_20,-5.1268234,sensor_7_rolling_mean_20,-4.8942537,sensor_4_rolling_mean_10,4.5601354,sensor_2_rolling_mean_10,4.4630985,sensor_6_rolling_std_20,-3.982002
46,95,161.0,145.06964111328125,-15.93035888671875,sensor_4_rolling_mean_5,8.466742,sensor_11_rolling_mean_5,6.1625605,sensor_3_rolling_mean_10,5.1176753,sensor_2_rolling_mean_10,4.857375,sensor_3_rolling_mean_20,4.5341325,sensor_13_rolling_mean_20,-9.859809,sensor_14_rolling_mean_20,-6.016427,sensor_2_rolling_mean_20,-5.949603,sensor_4_rolling_mean_20,-4.8602314,sensor_7_rolling_mean_20,-4.8570294,sensor_13_rolling_mean_20,-9.859809,sensor_4_rolling_mean_5,8.466742,sensor_11_rolling_mean_5,6.1625605,sensor_14_rolling_mean_20,-6.016427,sensor_2_rolling_mean_20,-5.949603,sensor_3_rolling_mean_10,5.1176753,sensor_4_rolling_mean_20,-4.8602314,sensor_2_rolling_mean_10,4.857375,sensor_7_rolling_mean_20,-4.8570294,sensor_3_rolling_mean_20,4.5341325
46,96,160.0,136.94912719726562,-23.050872802734375,sensor_4_rolling_mean_5,8.578865,sensor_11_rolling_mean_5,6.3095684,sensor_2_rolling_mean_10,4.5101104,sensor_3_rolling_mean_10,4.2721205,sensor_4_rolling_mean_10,4.117328,sensor_13_rolling_mean_20,-8.554357,sensor_2_rolling_mean_20,-7.1545095,sensor_14_rolling_mean_20,-6.7411666,sensor_4_rolling_mean_20,-4.64798,sensor_7_rolling_mean_20,-4.518943,sensor_4_rolling_mean_5,8.578865,sensor_13_rolling_mean_20,-8.554357,sensor_2_rolling_mean_20,-7.1545095,sensor_14_rolling_mean_20,-6.7411666,sensor_11_rolling_mean_5,6.3095684,sensor_4_rolling_mean_20,-4.64798,sensor_7_rolling_mean_20,-4.518943,sensor_2_rolling_mean_10,4.5101104,sensor_3_rolling_mean_10,4.2721205,sensor_11_rolling_mean_20,-4.202968
46,97,159.0,139.08114624023438,-19.918853759765625,sensor_4_rolling_mean_5,9.122857,sensor_11_rolling_mean_5,5.5151644,sensor_2_rolling_mean_10,4.615729,sensor_4_rolling_mean_10,4.194957,sensor_15_rolling_mean_5,3.8462377,sensor_13_rolling_mean_20,-8.314928,sensor_2_rolling_mean_20,-6.5257077,sensor_14_rolling_mean_20,-6.104564,sensor_11_rolling_mean_20,-5.162805,sensor_7_rolling_mean_20,-4.677238,sensor_4_rolling_mean_5,9.122857,sensor_13_rolling_mean_20,-8.314928,sensor_2_rolling_mean_20,-6.5257077,sensor_14_rolling_mean_20,-6.104564,sensor_11_rolling_mean_5,5.5151644,sensor_11_rolling_mean_20,-5.162805,sensor_7_rolling_mean_20,-4.677238,sensor_2_rolling_mean_10,4.615729,sensor_4_rolling_mean_20,-4.2903957,sensor_4_rolling_mean_10,4.194957
46,98,158.0,141.03292846679688,-16.967071533203125,sensor_4_rolling_mean_5,8.201146,sensor_11_rolling_mean_5,5.7446513,sensor_2_rolling_mean_10,4.5902376,sensor_4_rolling_mean_10,4.4384418,sensor_15_rolling_mean_5,3.986945,sensor_13_rolling_mean_20,-8.730593,sensor_14_rolling_mean_20,-6.9989033,sensor_2_rolling_mean_20,-6.511545,sensor_7_rolling_mean_20,-4.5859594,sensor_11_rolling_mean_20,-4.5653157,sensor_13_rolling_mean_20,-8.730593,sensor_4_rolling_mean_5,8.201146,sensor_14_rolling_mean_20,-6.9989033,sensor_2_rolling_mean_20,-6.511545,sensor_11_rolling_mean_5,5.7446513,sensor_2_rolling_mean_10,4.5902376,sensor_7_rolling_mean_20,-4.5859594,sensor_11_rolling_mean_20,-4.5653157,sensor_4_rolling_mean_10,4.4384418,sensor_4_rolling_mean_20,-4.385239
46,99,157.0,140.98709106445312,-16.012908935546875,sensor_4_rolling_mean_5,8.040564,sensor_11_rolling_mean_5,5.5801067,sensor_2_rolling_mean_10,4.5346074,sensor_4_rolling_mean_10,4.2039666,sensor_15_rolling_mean_5,3.778894,sensor_13_rolling_mean_20,-10.837709,sensor_2_rolling_mean_20,-5.780622,sensor_7_rolling_mean_20,-4.948225,sensor_4_rolling_mean_20,-4.304084,sensor_11_rolling_mean_20,-4.191164,sensor_13_rolling_mean_20,-10.837709,sensor_4_rolling_mean_5,8.040564,sensor_2_rolling_mean_20,-5.780622,sensor_11_rolling_mean_5,5.5801067,sensor_7_rolling_mean_20,-4.948225,sensor_2_rolling_mean_10,4.5346074,sensor_4_rolling_mean_20,-4.304084,sensor_4_rolling_mean_10,4.2039666,sensor_11_rolling_mean_20,-4.191164,sensor_14_rolling_mean_20,-3.9460256
46,100,156.0,136.8347625732422,-19.165237426757812,sensor_4_rolling_mean_5,8.161465,sensor_11_rolling_mean_5,6.746747,sensor_21_rolling_mean_10,4.8620167,sensor_2_rolling_mean_10,4.6408677,sensor_4_rolling_mean_10,4.2296214,sensor_13_rolling_mean_20,-11.0720215,sensor_2_rolling_mean_20,-6.37477,sensor_7_rolling_mean_20,-5.7618866,sensor_14_rolling_mean_20,-3.918492,sensor_4_rolling_mean_20,-3.7259421,sensor_13_rolling_mean_20,-11.0720215,sensor_4_rolling_mean_5,8.161465,sensor_11_rolling_mean_5,6.746747,sensor_2_rolling_mean_20,-6.37477,sensor_7_rolling_mean_20,-5.7618866,sensor_21_rolling_mean_10,4.8620167,sensor_2_rolling_mean_10,4.6408677,sensor_4_rolling_mean_10,4.2296214,sensor_14_rolling_mean_20,-3.918492,sensor_15_rolling_mean_5,3.740845
46,101,155.0,135.44798278808594,-19.552017211914062,sensor_4_rolling_mean_5,7.695143,sensor_11_rolling_mean_5,5.86536,sensor_21_rolling_mean_10,4.59708,sensor_2_rolling_mean_10,4.4778175,sensor_15_rolling_mean_10,4.0494533,sensor_13_rolling_mean_20,-9.5134945,sensor_14_rolling_mean_20,-7.078368,sensor_7_rolling_mean_20,-5.9658256,sensor_2_rolling_mean_20,-5.670035,sensor_4_rolling_mean_20,-5.2163877,sensor_13_rolling_mean_20,-9.5134945,sensor_4_rolling_mean_5,7.695143,sensor_14_rolling_mean_20,-7.078368,sensor_7_rolling_mean_20,-5.9658256,sensor_11_rolling_mean_5,5.86536,sensor_2_rolling_mean_20,-5.670035,sensor_4_rolling_mean_20,-5.2163877,sensor_21_rolling_mean_10,4.59708,sensor_2_rolling_mean_10,4.4778175,sensor_20_rolling_mean_20,-4.0729227
46,102,154.0,143.0701446533203,-10.929855346679688,sensor_4_rolling_mean_5,7.9708242,sensor_11_rolling_mean_5,6.4823413,sensor_2_rolling_mean_10,4.7899547,sensor_4_rolling_mean_10,4.545994,sensor_21_rolling_mean_5,3.881485,sensor_13_rolling_mean_20,-9.433662,sensor_14_rolling_mean_20,-6.736279,sensor_2_rolling_mean_20,-5.8504124,sensor_7_rolling_mean_20,-5.335876,sensor_11_rolling_mean_20,-3.875892,sensor_13_rolling_mean_20,-9.433662,sensor_4_rolling_mean_5,7.9708242,sensor_14_rolling_mean_20,-6.736279,sensor_11_rolling_mean_5,6.4823413,sensor_2_rolling_mean_20,-5.8504124,sensor_7_rolling_mean_20,-5.335876,sensor_2_rolling_mean_10,4.7899547,sensor_4_rolling_mean_10,4.545994,sensor_21_rolling_mean_5,3.881485,sensor_11_rolling_mean_20,-3.875892
46,103,153.0,137.19320678710938,-15.806793212890625,sensor_4_rolling_mean_5,7.9676037,sensor_11_rolling_mean_5,6.238464,sensor_2_rolling_mean_10,5.036127,sensor_21_rolling_mean_10,4.1273737,sensor_4_rolling_mean_10,3.6603103,sensor_13_rolling_mean_20,-9.84008,sensor_14_rolling_mean_20,-6.0939145,sensor_2_rolling_mean_20,-5.9761143,sensor_4_rolling_mean_20,-5.478587,sensor_7_rolling_mean_20,-4.479092,sensor_13_rolling_mean_20,-9.84008,sensor_4_rolling_mean_5,7.9676037,sensor_11_rolling_mean_5,6.238464,sensor_14_rolling_mean_20,-6.0939145,sensor_2_rolling_mean_20,-5.9761143,sensor_4_rolling_mean_20,-5.478587,sensor_2_rolling_mean_10,5.036127,sensor_7_rolling_mean_20,-4.479092,sensor_21_rolling_mean_10,4.1273737,sensor_6_rolling_std_20,-3.9792953
46,104,152.0,137.83343505859375,-14.16656494140625,sensor_4_rolling_mean_5,8.425151,sensor_11_rolling_mean_5,5.853252,sensor_2_rolling_mean_10,4.385307,sensor_21_rolling_mean_10,4.2302876,sensor_4_rolling_mean_10,3.7379184,sensor_13_rolling_mean_20,-10.1977625,sensor_14_rolling_mean_20,-6.244586,sensor_4_rolling_mean_20,-6.2077484,sensor_2_rolling_mean_20,-5.577195,sensor_6_rolling_std_20,-5.0945396,sensor_13_rolling_mean_20,-10.1977625,sensor_4_rolling_mean_5,8.425151,sensor_14_rolling_mean_20,-6.244586,sensor_4_rolling_mean_20,-6.2077484,sensor_11_rolling_mean_5,5.853252,sensor_2_rolling_mean_20,-5.577195,sensor_6_rolling_std_20,-5.0945396,sensor_7_rolling_mean_20,-4.683982,sensor_2_rolling_mean_10,4.385307,sensor_21_rolling_mean_10,4.2302876
46,105,151.0,138.96192932128906,-12.038070678710938,sensor_4_rolling_mean_5,8.742751,sensor_11_rolling_mean_5,6.3944645,sensor_2_rolling_mean_10,4.654013,sensor_21_rolling_mean_10,4.4884696,sensor_4_rolling_mean_10,4.0822473,sensor_13_rolling_mean_20,-12.264703,sensor_6_rolling_std_20,-5.894771,sensor_4_rolling_mean_20,-5.8893423,sensor_2_rolling_mean_20,-5.0449185,sensor_20_rolling_mean_20,-5.0256734,sensor_13_rolling_mean_20,-12.264703,sensor_4_rolling_mean_5,8.742751,sensor_11_rolling_mean_5,6.3944645,sensor_6_rolling_std_20,-5.894771,sensor_4_rolling_mean_20,-5.8893423,sensor_2_rolling_mean_20,-5.0449185,sensor_20_rolling_mean_20,-5.0256734,sensor_14_rolling_mean_20,-4.888118,sensor_2_rolling_mean_10,4.654013,sensor_21_rolling_mean_10,4.4884696
46,106,150.0,136.16204833984375,-13.83795166015625,sensor_4_rolling_mean_5,7.948857,sensor_11_rolling_mean_5,6.489862,sensor_21_rolling_mean_10,5.6766434,sensor_14_rolling_std_20,5.2176285,sensor_2_rolling_mean_10,4.3793125,sensor_13_rolling_mean_20,-12.017183,sensor_6_rolling_std_20,-6.1694984,sensor_4_rolling_mean_20,-5.574972,sensor_2_rolling_mean_20,-5.0171986,sensor_7_rolling_mean_20,-4.727645,sensor_13_rolling_mean_20,-12.017183,sensor_4_rolling_mean_5,7.948857,sensor_11_rolling_mean_5,6.489862,sensor_6_rolling_std_20,-6.1694984,sensor_21_rolling_mean_10,5.6766434,sensor_4_rolling_mean_20,-5.574972,sensor_14_rolling_std_20,5.2176285,sensor_2_rolling_mean_20,-5.0171986,sensor_7_rolling_mean_20,-4.727645,sensor_2_rolling_mean_10,4.3793125
46,107,149.0,117.4762954711914,-31.523704528808594,sensor_4_rolling_mean_5,8.148102,sensor_14_rolling_std_20,5.761266,sensor_11_rolling_mean_5,5.6393094,sensor_21_rolling_mean_10,5.247993,sensor_2_rolling_mean_10,4.5069575,sensor_13_rolling_mean_20,-11.740808,sensor_4_rolling_mean_20,-6.7091722,sensor_2_rolling_mean_20,-6.4231668,sensor_6_rolling_std_20,-5.6952815,sensor_14_rolling_mean_20,-5.378212,sensor_13_rolling_mean_20,-11.740808,sensor_4_rolling_mean_5,8.148102,sensor_4_rolling_mean_20,-6.7091722,sensor_2_rolling_mean_20,-6.4231668,sensor_14_rolling_std_20,5.761266,sensor_6_rolling_std_20,-5.6952815,sensor_11_rolling_mean_5,5.6393094,sensor_14_rolling_mean_20,-5.378212,sensor_7_rolling_mean_20,-5.3735237,sensor_21_rolling_mean_10,5.247993
46,108,148.0,128.47064208984375,-19.52935791015625,sensor_4_rolling_mean_5,7.676233,sensor_11_rolling_mean_5,6.33457,sensor_21_rolling_mean_10,5.644726,sensor_3_rolling_mean_10,4.1728873,sensor_2_rolling_mean_10,4.169873,sensor_13_rolling_mean_20,-10.3963,sensor_4_rolling_mean_20,-6.5540695,sensor_2_rolling_mean_20,-5.837693,sensor_6_rolling_std_20,-5.388332,sensor_7_rolling_mean_20,-4.471546,sensor_13_rolling_mean_20,-10.3963,sensor_4_rolling_mean_5,7.676233,sensor_4_rolling_mean_20,-6.5540695,sensor_11_rolling_mean_5,6.33457,sensor_2_rolling_mean_20,-5.837693,sensor_21_rolling_mean_10,5.644726,sensor_6_rolling_std_20,-5.388332,sensor_7_rolling_mean_20,-4.471546,sensor_3_rolling_mean_10,4.1728873,sensor_2_rolling_mean_10,4.169873
46,109,147.0,117.74542999267578,-29.25457000732422,sensor_4_rolling_mean_5,7.3758755,sensor_21_rolling_mean_10,5.9990926,sensor_11_rolling_mean_5,5.0906734,sensor_2_rolling_mean_10,4.5559416,sensor_4_rolling_mean_10,4.1659584,sensor_13_rolling_mean_20,-10.990146,sensor_2_rolling_mean_20,-6.5039606,sensor_6_rolling_std_20,-6.2229066,sensor_4_rolling_mean_20,-5.3814054,sensor_14_rolling_mean_20,-5.1695404,sensor_13_rolling_mean_20,-10.990146,sensor_4_rolling_mean_5,7.3758755,sensor_2_rolling_mean_20,-6.5039606,sensor_6_rolling_std_20,-6.2229066,sensor_21_rolling_mean_10,5.9990926,sensor_4_rolling_mean_20,-5.3814054,sensor_14_rolling_mean_20,-5.1695404,sensor_11_rolling_mean_5,5.0906734,sensor_2_rolling_mean_10,4.5559416,sensor_7_rolling_mean_20,-4.3618474
46,110,146.0,111.8587417602539,-34.141258239746094,sensor_4_rolling_mean_5,8.025284,sensor_21_rolling_mean_10,5.463385,sensor_11_rolling_mean_5,4.7443,sensor_4_rolling_mean_10,4.362237,sensor_2_rolling_mean_10,4.249422,sensor_13_rolling_mean_20,-12.371418,sensor_6_rolling_std_20,-6.4331837,sensor_2_rolling_mean_20,-6.42964,sensor_4_rolling_mean_20,-5.105167,sensor_7_rolling_mean_20,-4.517861,sensor_13_rolling_mean_20,-12.371418,sensor_4_rolling_mean_5,8.025284,sensor_6_rolling_std_20,-6.4331837,sensor_2_rolling_mean_20,-6.42964,sensor_21_rolling_mean_10,5.463385,sensor_4_rolling_mean_20,-5.105167,sensor_11_rolling_mean_5,4.7443,sensor_7_rolling_mean_20,-4.517861,sensor_14_rolling_mean_20,-4.5140934,sensor_4_rolling_mean_10,4.362237
46,111,145.0,103.98734283447266,-41.012657165527344,sensor_4_rolling_mean_5,7.9289017,sensor_21_rolling_mean_10,5.313505,sensor_11_rolling_mean_5,4.6546164,sensor_4_rolling_mean_10,4.251107,sensor_2_rolling_mean_10,4.191694,sensor_13_rolling_mean_20,-12.232536,sensor_6_rolling_std_20,-6.4767537,sensor_2_rolling_mean_20,-5.2617035,sensor_7_rolling_mean_20,-5.1818314,sensor_14_rolling_mean_20,-4.984996,sensor_13_rolling_mean_20,-12.232536,sensor_4_rolling_mean_5,7.9289017,sensor_6_rolling_std_20,-6.4767537,sensor_21_rolling_mean_10,5.313505,sensor_2_rolling_mean_20,-5.2617035,sensor_7_rolling_mean_20,-5.1818314,sensor_14_rolling_mean_20,-4.984996,sensor_11_rolling_mean_5,4.6546164,sensor_4_rolling_mean_20,-4.3116183,sensor_4_rolling_mean_10,4.251107
46,112,144.0,100.87525939941406,-43.12474060058594,sensor_4_rolling_mean_5,6.9221377,sensor_11_rolling_mean_5,5.597029,sensor_4_rolling_mean_10,4.796188,sensor_21_rolling_mean_10,4.746685,sensor_2_rolling_mean_10,4.2618785,sensor_13_rolling_mean_20,-9.902075,sensor_14_rolling_mean_20,-8.430573,sensor_6_rolling_std_20,-5.7331123,sensor_2_rolling_mean_20,-5.591457,sensor_7_rolling_mean_20,-4.750776,sensor_13_rolling_mean_20,-9.902075,sensor_14_rolling_mean_20,-8.430573,sensor_4_rolling_mean_5,6.9221377,sensor_6_rolling_std_20,-5.7331123,sensor_11_rolling_mean_5,5.597029,sensor_2_rolling_mean_20,-5.591457,sensor_4_rolling_mean_10,4.796188,sensor_7_rolling_mean_20,-4.750776,sensor_21_rolling_mean_10,4.746685,sensor_2_rolling_mean_10,4.2618785
46,113,143.0,99.80270385742188,-43.197296142578125,sensor_4_rolling_mean_5,6.7557964,sensor_11_rolling_mean_5,5.1023865,sensor_4_rolling_mean_10,4.1994085,sensor_2_rolling_mean_10,3.921023,sensor_15_rolling_mean_10,3.5093763,sensor_14_rolling_mean_20,-10.388603,sensor_13_rolling_mean_20,-9.983373,sensor_2_rolling_mean_20,-6.1580005,sensor_6_rolling_std_20,-4.8517456,sensor_7_rolling_mean_20,-4.7426004,sensor_14_rolling_mean_20,-10.388603,sensor_13_rolling_mean_20,-9.983373,sensor_4_rolling_mean_5,6.7557964,sensor_2_rolling_mean_20,-6.1580005,sensor_11_rolling_mean_5,5.1023865,sensor_6_rolling_std_20,-4.8517456,sensor_7_rolling_mean_20,-4.7426004,sensor_4_rolling_mean_10,4.1994085,sensor_2_rolling_mean_10,3.921023,sensor_15_rolling_mean_20,-3.622994
46,114,142.0,98.62902069091797,-43.37097930908203,sensor_4_rolling_mean_5,6.691435,sensor_11_rolling_mean_5,5.1746793,sensor_4_rolling_mean_10,4.3228116,sensor_2_rolling_mean_10,3.7116594,sensor_21_rolling_mean_10,3.666158,sensor_13_rolling_mean_20,-11.112103,sensor_14_rolling_mean_20,-10.176382,sensor_2_rolling_mean_20,-7.2707067,sensor_6_rolling_std_20,-6.6172647,sensor_7_rolling_mean_20,-5.0254526,sensor_13_rolling_mean_20,-11.112103,sensor_14_rolling_mean_20,-10.176382,sensor_2_rolling_mean_20,-7.2707067,sensor_4_rolling_mean_5,6.691435,sensor_6_rolling_std_20,-6.6172647,sensor_11_rolling_mean_5,5.1746793,sensor_7_rolling_mean_20,-5.0254526,sensor_4_rolling_mean_10,4.3228116,sensor_9_rolling_mean_20,-3.75129,sensor_2_rolling_mean_10,3.7116594
46,115,141.0,91.04369354248047,-49.95630645751953,sensor_4_rolling_mean_5,6.418535,sensor_11_rolling_mean_5,5.881239,sensor_4_rolling_mean_10,4.6155624,sensor_21_rolling_mean_10,4.008922,sensor_2_rolling_mean_10,3.837485,sensor_14_rolling_mean_20,-9.745367,sensor_13_rolling_mean_20,-8.953848,sensor_6_rolling_std_20,-7.0919495,sensor_2_rolling_mean_20,-6.280518,sensor_7_rolling_mean_20,-4.9634733,sensor_14_rolling_mean_20,-9.745367,sensor_13_rolling_mean_20,-8.953848,sensor_6_rolling_std_20,-7.0919495,sensor_4_rolling_mean_5,6.418535,sensor_2_rolling_mean_20,-6.280518,sensor_11_rolling_mean_5,5.881239,sensor_7_rolling_mean_20,-4.9634733,sensor_4_rolling_mean_10,4.6155624,sensor_21_rolling_mean_10,4.008922,sensor_3_rolling_mean_20,-3.9427507
46,116,140.0,108.89509582519531,-31.104904174804688,sensor_4_rolling_mean_5,7.405289,sensor_11_rolling_mean_5,5.307541,sensor_21_rolling_mean_10,4.879402,sensor_4_rolling_mean_10,4.3693743,sensor_2_rolling_mean_10,4.0134783,sensor_14_rolling_mean_20,-9.874016,sensor_13_rolling_mean_20,-9.298655,sensor_6_rolling_std_20,-5.449074,sensor_2_rolling_mean_20,-5.24486,sensor_7_rolling_mean_20,-4.782284,sensor_14_rolling_mean_20,-9.874016,sensor_13_rolling_mean_20,-9.298655,sensor_4_rolling_mean_5,7.405289,sensor_6_rolling_std_20,-5.449074,sensor_11_rolling_mean_5,5.307541,sensor_2_rolling_mean_20,-5.24486,sensor_21_rolling_mean_10,4.879402,sensor_7_rolling_mean_20,-4.782284,sensor_4_rolling_mean_10,4.3693743,sensor_2_rolling_mean_10,4.0134783
46,117,139.0,103.9704818725586,-35.029518127441406,sensor_4_rolling_mean_5,7.891758,sensor_2_rolling_mean_10,4.464859,sensor_4_rolling_mean_10,4.441678,sensor_3_rolling_mean_10,4.002321,sensor_11_rolling_mean_5,3.893044,sensor_13_rolling_mean_20,-9.509684,sensor_14_rolling_mean_20,-8.729963,sensor_2_rolling_mean_20,-6.686226,sensor_20_rolling_mean_20,-4.716519,sensor_7_rolling_mean_20,-4.3699255,sensor_13_rolling_mean_20,-9.509684,sensor_14_rolling_mean_20,-8.729963,sensor_4_rolling_mean_5,7.891758,sensor_2_rolling_mean_20,-6.686226,sensor_20_rolling_mean_20,-4.716519,sensor_2_rolling_mean_10,4.464859,sensor_4_rolling_mean_10,4.441678,sensor_7_rolling_mean_20,-4.3699255,sensor_3_rolling_mean_10,4.002321,sensor_11_rolling_mean_5,3.893044
46,118,138.0,108.62088012695312,-29.379119873046875,sensor_4_rolling_mean_5,8.018188,sensor_4_rolling_mean_10,4.130858,sensor_2_rolling_mean_10,4.0334864,sensor_15_rolling_mean_10,3.7520704,sensor_21_rolling_mean_10,3.3467815,sensor_14_rolling_mean_20,-10.012844,sensor_13_rolling_mean_20,-9.580627,sensor_2_rolling_mean_20,-6.033632,sensor_7_rolling_mean_20,-4.7086945,sensor_20_rolling_mean_20,-4.022576,sensor_14_rolling_mean_20,-10.012844,sensor_13_rolling_mean_20,-9.580627,sensor_4_rolling_mean_5,8.018188,sensor_2_rolling_mean_20,-6.033632,sensor_7_rolling_mean_20,-4.7086945,sensor_4_rolling_mean_10,4.130858,sensor_2_rolling_mean_10,4.0334864,sensor_20_rolling_mean_20,-4.022576,sensor_15_rolling_mean_10,3.7520704,sensor_9_rolling_mean_20,-3.62672
46,119,137.0,120.60162353515625,-16.39837646484375,sensor_4_rolling_mean_5,7.783718,sensor_11_rolling_mean_5,4.952716,sensor_4_rolling_mean_10,4.69055,sensor_2_rolling_mean_10,4.4016533,sensor_3_rolling_mean_10,4.16037,sensor_14_rolling_mean_20,-9.679244,sensor_13_rolling_mean_20,-9.678381,sensor_2_rolling_mean_20,-6.175165,sensor_7_rolling_mean_20,-4.762466,sensor_20_rolling_mean_20,-4.422807,sensor_14_rolling_mean_20,-9.679244,sensor_13_rolling_mean_20,-9.678381,sensor_4_rolling_mean_5,7.783718,sensor_2_rolling_mean_20,-6.175165,sensor_11_rolling_mean_5,4.952716,sensor_7_rolling_mean_20,-4.762466,sensor_4_rolling_mean_10,4.69055,sensor_20_rolling_mean_20,-4.422807,sensor_2_rolling_mean_10,4.4016533,sensor_3_rolling_mean_10,4.16037
46,120,136.0,103.86614227294922,-32.13385772705078,sensor_4_rolling_mean_5,7.895534,sensor_3_rolling_mean_10,4.4321933,sensor_2_rolling_mean_10,4.381788,sensor_4_rolling_mean_10,4.3391085,sensor_11_rolling_mean_5,4.1199446,sensor_14_rolling_mean_20,-10.41148,sensor_13_rolling_mean_20,-9.943781,sensor_2_rolling_mean_20,-7.058898,sensor_7_rolling_mean_20,-4.9651375,sensor_20_rolling_mean_20,-3.9490132,sensor_14_rolling_mean_20,-10.41148,sensor_13_rolling_mean_20,-9.943781,sensor_4_rolling_mean_5,7.895534,sensor_2_rolling_mean_20,-7.058898,sensor_7_rolling_mean_20,-4.9651375,sensor_3_rolling_mean_10,4.4321933,sensor_2_rolling_mean_10,4.381788,sensor_4_rolling_mean_10,4.3391085,sensor_11_rolling_mean_5,4.1199446,sensor_20_rolling_mean_20,-3.9490132
46,121,135.0,115.56002044677734,-19.439979553222656,sensor_4_rolling_mean_5,7.8890643,sensor_11_rolling_mean_5,4.9166193,sensor_4_rolling_mean_10,4.6106834,sensor_3_rolling_mean_10,3.962687,sensor_2_rolling_mean_10,3.8569815,sensor_13_rolling_mean_20,-10.541837,sensor_14_rolling_mean_20,-9.456798,sensor_2_rolling_mean_20,-6.089938,sensor_20_rolling_mean_20,-4.3584886,sensor_7_rolling_mean_20,-4.2535863,sensor_13_rolling_mean_20,-10.541837,sensor_14_rolling_mean_20,-9.456798,sensor_4_rolling_mean_5,7.8890643,sensor_2_rolling_mean_20,-6.089938,sensor_11_rolling_mean_5,4.9166193,sensor_4_rolling_mean_10,4.6106834,sensor_20_rolling_mean_20,-4.3584886,sensor_7_rolling_mean_20,-4.2535863,sensor_3_rolling_mean_10,3.962687,sensor_2_rolling_mean_10,3.8569815
46,122,134.0,105.42255401611328,-28.57744598388672,sensor_4_rolling_mean_5,8.112468,sensor_11_rolling_mean_5,5.3579736,sensor_8_rolling_std_20,5.1830945,sensor_4_rolling_mean_10,4.4345303,sensor_2_rolling_mean_10,3.521692,sensor_13_rolling_mean_20,-10.811054,sensor_14_rolling_mean_20,-9.873595,sensor_2_rolling_mean_20,-6.89467,sensor_7_rolling_mean_20,-5.120289,sensor_20_rolling_mean_20,-4.84334,sensor_13_rolling_mean_20,-10.811054,sensor_14_rolling_mean_20,-9.873595,sensor_4_rolling_mean_5,8.112468,sensor_2_rolling_mean_20,-6.89467,sensor_11_rolling_mean_5,5.3579736,sensor_8_rolling_std_20,5.1830945,sensor_7_rolling_mean_20,-5.120289,sensor_20_rolling_mean_20,-4.84334,sensor_4_rolling_mean_10,4.4345303,sensor_8_rolling_mean_20,-4.028273
46,123,133.0,121.53699493408203,-11.463005065917969,sensor_4_rolling_mean_5,7.8549795,sensor_8_rolling_std_20,6.629804,sensor_11_rolling_mean_5,5.571597,sensor_4_rolling_mean_10,4.863639,sensor_6_rolling_std_20,3.694728,sensor_14_rolling_mean_20,-9.819817,sensor_13_rolling_mean_20,-8.044829,sensor_2_rolling_mean_20,-6.912646,sensor_7_rolling_mean_20,-5.398894,sensor_20_rolling_mean_20,-5.383101,sensor_14_rolling_mean_20,-9.819817,sensor_13_rolling_mean_20,-8.044829,sensor_4_rolling_mean_5,7.8549795,sensor_2_rolling_mean_20,-6.912646,sensor_8_rolling_std_20,6.629804,sensor_11_rolling_mean_5,5.571597,sensor_7_rolling_mean_20,-5.398894,sensor_20_rolling_mean_20,-5.383101,sensor_4_rolling_mean_10,4.863639,sensor_11_rolling_mean_20,-4.398522
46,124,132.0,116.91670989990234,-15.083290100097656,sensor_4_rolling_mean_5,8.101338,sensor_8_rolling_std_20,6.220421,sensor_4_rolling_mean_10,4.6032,sensor_11_rolling_mean_5,4.4806333,sensor_2_rolling_mean_10,3.7470508,sensor_14_rolling_mean_20,-10.954993,sensor_2_rolling_mean_20,-7.317003,sensor_13_rolling_mean_20,-6.819413,sensor_7_rolling_mean_20,-5.212927,sensor_8_rolling_mean_20,-4.54064,sensor_14_rolling_mean_20,-10.954993,sensor_4_rolling_mean_5,8.101338,sensor_2_rolling_mean_20,-7.317003,sensor_13_rolling_mean_20,-6.819413,sensor_8_rolling_std_20,6.220421,sensor_7_rolling_mean_20,-5.212927,sensor_4_rolling_mean_10,4.6032,sensor_8_rolling_mean_20,-4.54064,sensor_11_rolling_mean_5,4.4806333,sensor_20_rolling_mean_20,-4.408947
46,125,131.0,144.70692443847656,13.706924438476562,sensor_4_rolling_mean_5,8.774436,sensor_17_rolling_std_20,7.907724,sensor_11_rolling_mean_5,6.8330164,sensor_8_rolling_std_20,6.1681747,sensor_4_rolling_mean_10,4.617687,sensor_14_rolling_mean_20,-10.693914,sensor_2_rolling_mean_20,-5.446164,sensor_11_rolling_mean_20,-4.8978944,sensor_7_rolling_mean_20,-4.7731133,sensor_8_rolling_mean_20,-3.5909808,sensor_14_rolling_mean_20,-10.693914,sensor_4_rolling_mean_5,8.774436,sensor_17_rolling_std_20,7.907724,sensor_11_rolling_mean_5,6.8330164,sensor_8_rolling_std_20,6.1681747,sensor_2_rolling_mean_20,-5.446164,sensor_11_rolling_mean_20,-4.8978944,sensor_7_rolling_mean_20,-4.7731133,sensor_4_rolling_mean_10,4.617687,sensor_2_rolling_mean_10,3.852461
46,126,130.0,160.63449096679688,30.634490966796875,sensor_4_rolling_mean_5,8.722639,sensor_17_rolling_std_20,8.147115,sensor_8_rolling_std_20,7.8808713,sensor_11_rolling_mean_5,7.693881,sensor_4_rolling_mean_10,4.67669,sensor_14_rolling_mean_20,-10.739769,sensor_2_rolling_mean_20,-5.0887856,sensor_7_rolling_mean_20,-4.3275414,sensor_11_rolling_mean_20,-3.5921433,sensor_8_rolling_mean_20,-2.9967124,sensor_14_rolling_mean_20,-10.739769,sensor_4_rolling_mean_5,8.722639,sensor_17_rolling_std_20,8.147115,sensor_8_rolling_std_20,7.8808713,sensor_11_rolling_mean_5,7.693881,sensor_2_rolling_mean_20,-5.0887856,sensor_4_rolling_mean_10,4.67669,sensor_7_rolling_mean_20,-4.3275414,sensor_3_rolling_mean_10,4.254525,sensor_2_rolling_mean_10,3.6910307
46,127,129.0,154.34559631347656,25.345596313476562,sensor_4_rolling_mean_5,8.950868,sensor_17_rolling_std_20,8.529725,sensor_11_rolling_mean_5,7.0628214,sensor_8_rolling_std_20,5.2676225,sensor_4_rolling_mean_10,4.4912815,sensor_14_rolling_mean_20,-11.347815,sensor_2_rolling_mean_20,-6.3325377,sensor_11_rolling_mean_20,-3.7722504,sensor_7_rolling_mean_20,-3.7574139,sensor_20_rolling_std_20,-3.2930837,sensor_14_rolling_mean_20,-11.347815,sensor_4_rolling_mean_5,8.950868,sensor_17_rolling_std_20,8.529725,sensor_11_rolling_mean_5,7.0628214,sensor_2_rolling_mean_20,-6.3325377,sensor_8_rolling_std_20,5.2676225,sensor_4_rolling_mean_10,4.4912815,sensor_11_rolling_mean_20,-3.7722504,sensor_7_rolling_mean_20,-3.7574139,sensor_2_rolling_mean_10,3.5068169
46,128,128.0,143.59527587890625,15.59527587890625,sensor_4_rolling_mean_5,8.701613,sensor_11_rolling_mean_5,7.464105,sensor_8_rolling_std_20,6.256638,sensor_17_rolling_std_20,6.079056,sensor_4_rolling_mean_10,4.7773213,sensor_14_rolling_mean_20,-11.707505,sensor_2_rolling_mean_20,-6.2141137,sensor_7_rolling_mean_20,-4.7170687,sensor_8_rolling_mean_20,-3.205808,sensor_20_rolling_mean_20,-2.929149,sensor_14_rolling_mean_20,-11.707505,sensor_4_rolling_mean_5,8.701613,sensor_11_rolling_mean_5,7.464105,sensor_8_rolling_std_20,6.256638,sensor_2_rolling_mean_20,-6.2141137,sensor_17_rolling_std_20,6.079056,sensor_4_rolling_mean_10,4.7773213,sensor_7_rolling_mean_20,-4.7170687,sensor_3_rolling_mean_10,4.3561807,sensor_2_rolling_mean_10,3.222199
46,129,127.0,167.91326904296875,40.91326904296875,sensor_4_rolling_mean_5,9.198687,sensor_11_rolling_mean_5,7.8389688,sensor_8_rolling_std_20,6.132024,sensor_17_rolling_std_20,5.7484217,sensor_4_rolling_mean_10,5.104341,sensor_13_rolling_mean_20,-9.402838,sensor_2_rolling_mean_20,-5.2712574,sensor_7_rolling_mean_20,-4.268198,sensor_14_rolling_mean_20,-3.1550663,sensor_4_rolling_mean_20,-3.0004985,sensor_13_rolling_mean_20,-9.402838,sensor_4_rolling_mean_5,9.198687,sensor_11_rolling_mean_5,7.8389688,sensor_8_rolling_std_20,6.132024,sensor_17_rolling_std_20,5.7484217,sensor_2_rolling_mean_20,-5.2712574,sensor_4_rolling_mean_10,5.104341,sensor_3_rolling_mean_10,4.2696133,sensor_7_rolling_mean_20,-4.268198,sensor_9_rolling_mean_20,4.0652857
46,130,126.0,158.50608825683594,32.50608825683594,sensor_4_rolling_mean_5,8.990013,sensor_11_rolling_mean_5,8.320648,sensor_4_rolling_mean_10,5.2375345,sensor_3_rolling_mean_10,4.756298,sensor_6_rolling_std_20,4.6730638,sensor_13_rolling_mean_20,-11.477862,sensor_2_rolling_mean_20,-5.870308,sensor_7_rolling_mean_20,-4.402333,sensor_14_rolling_mean_20,-3.8677046,sensor_11_rolling_mean_20,-3.3130677,sensor_13_rolling_mean_20,-11.477862,sensor_4_rolling_mean_5,8.990013,sensor_11_rolling_mean_5,8.320648,sensor_2_rolling_mean_20,-5.870308,sensor_4_rolling_mean_10,5.2375345,sensor_3_rolling_mean_10,4.756298,sensor_6_rolling_std_20,4.6730638,sensor_7_rolling_mean_20,-4.402333,sensor_8_rolling_std_20,4.06036,sensor_14_rolling_mean_20,-3.8677046
46,131,125.0,150.3534698486328,25.353469848632812,sensor_4_rolling_mean_5,9.113507,sensor_11_rolling_mean_5,7.9407306,sensor_3_rolling_mean_10,4.6897397,sensor_4_rolling_mean_10,4.59463,sensor_6_rolling_std_20,4.5082955,sensor_13_rolling_mean_20,-12.928179,sensor_2_rolling_mean_20,-6.0956345,sensor_7_rolling_mean_20,-4.6139526,sensor_11_rolling_mean_20,-3.9295332,sensor_20_rolling_std_20,-3.5821538,sensor_13_rolling_mean_20,-12.928179,sensor_4_rolling_mean_5,9.113507,sensor_11_rolling_mean_5,7.9407306,sensor_2_rolling_mean_20,-6.0956345,sensor_3_rolling_mean_10,4.6897397,sensor_7_rolling_mean_20,-4.6139526,sensor_4_rolling_mean_10,4.59463,sensor_6_rolling_std_20,4.5082955,sensor_8_rolling_std_20,4.4390044,sensor_11_rolling_mean_20,-3.9295332
46,132,124.0,179.4893798828125,55.4893798828125,sensor_4_rolling_mean_5,9.161635,sensor_11_rolling_mean_5,8.615944,sensor_4_rolling_std_20,7.905923,sensor_4_rolling_mean_10,5.8697205,sensor_3_rolling_mean_10,5.125645,sensor_13_rolling_mean_20,-15.103639,sensor_20_rolling_std_20,-3.776023,sensor_13_rolling_std_20,-3.6586297,sensor_4_rolling_mean_20,-2.917652,sensor_2_rolling_mean_20,-2.8648944,sensor_13_rolling_mean_20,-15.103639,sensor_4_rolling_mean_5,9.161635,sensor_11_rolling_mean_5,8.615944,sensor_4_rolling_std_20,7.905923,sensor_4_rolling_mean_10,5.8697205,sensor_3_rolling_mean_10,5.125645,sensor_9_rolling_mean_20,4.960959,sensor_2_rolling_mean_10,4.8198643,sensor_6_rolling_std_20,4.5805607,sensor_17_rolling_mean_20,4.102959
46,133,123.0,166.87252807617188,43.872528076171875,sensor_4_rolling_mean_5,9.046152,sensor_11_rolling_mean_5,8.343942,sensor_6_rolling_std_20,5.472573,sensor_9_rolling_mean_20,5.3868337,sensor_4_rolling_mean_10,5.2761545,sensor_13_rolling_mean_20,-13.459571,sensor_7_rolling_mean_20,-4.147718,sensor_12_rolling_mean_20,-4.0606875,sensor_3_rolling_mean_20,-4.048794,sensor_11_rolling_mean_20,-3.9770133,sensor_13_rolling_mean_20,-13.459571,sensor_4_rolling_mean_5,9.046152,sensor_11_rolling_mean_5,8.343942,sensor_6_rolling_std_20,5.472573,sensor_9_rolling_mean_20,5.3868337,sensor_4_rolling_mean_10,5.2761545,sensor_4_rolling_std_20,4.8409266,sensor_3_rolling_mean_10,4.8064322,sensor_2_rolling_mean_10,4.4347715,sensor_7_rolling_mean_20,-4.147718
46,134,122.0,165.06629943847656,43.06629943847656,sensor_4_rolling_mean_5,9.08963,sensor_11_rolling_mean_5,7.81362,sensor_4_rolling_std_20,6.63692,sensor_9_rolling_std_20,5.28307,sensor_4_rolling_mean_10,4.9356546,sensor_13_rolling_mean_20,-13.778462,sensor_2_rolling_mean_20,-5.150661,sensor_20_rolling_std_20,-4.5526676,sensor_11_rolling_mean_20,-3.4074504,sensor_12_rolling_mean_20,-2.875222,sensor_13_rolling_mean_20,-13.778462,sensor_4_rolling_mean_5,9.08963,sensor_11_rolling_mean_5,7.81362,sensor_4_rolling_std_20,6.63692,sensor_9_rolling_std_20,5.28307,sensor_2_rolling_mean_20,-5.150661,sensor_4_rolling_mean_10,4.9356546,sensor_20_rolling_std_20,-4.5526676,sensor_6_rolling_std_20,4.27697,sensor_3_rolling_mean_10,4.172395
46,135,121.0,161.84715270996094,40.84715270996094,sensor_4_rolling_mean_5,8.251705,sensor_11_rolling_mean_5,7.339576,sensor_9_rolling_mean_20,6.976264,sensor_4_rolling_std_20,6.4239244,sensor_4_rolling_mean_10,5.845919,sensor_13_rolling_mean_20,-11.584499,sensor_2_rolling_mean_20,-7.2618284,sensor_12_rolling_mean_20,-4.0591536,sensor_20_rolling_std_20,-3.9953883,sensor_11_rolling_mean_20,-3.9786701,sensor_13_rolling_mean_20,-11.584499,sensor_4_rolling_mean_5,8.251705,sensor_11_rolling_mean_5,7.339576,sensor_2_rolling_mean_20,-7.2618284,sensor_9_rolling_mean_20,6.976264,sensor_4_rolling_std_20,6.4239244,sensor_4_rolling_mean_10,5.845919,sensor_9_rolling_std_20,4.8090005,sensor_14_rolling_mean_20,4.6646237,sensor_3_rolling_mean_10,4.095738
46,136,120.0,190.271484375,70.271484375,sensor_4_rolling_mean_5,8.905034,sensor_9_rolling_mean_20,7.6493793,sensor_11_rolling_mean_5,7.604278,sensor_4_rolling_std_20,7.4442763,sensor_11_rolling_std_20,6.6566806,sensor_13_rolling_mean_20,-7.76002,sensor_4_rolling_mean_20,-4.137046,sensor_12_rolling_mean_20,-4.0710244,sensor_21_rolling_mean_20,-2.6586435,sensor_11_rolling_mean_20,-2.3652382,sensor_4_rolling_mean_5,8.905034,sensor_13_rolling_mean_20,-7.76002,sensor_9_rolling_mean_20,7.6493793,sensor_11_rolling_mean_5,7.604278,sensor_4_rolling_std_20,7.4442763,sensor_11_rolling_std_20,6.6566806,sensor_4_rolling_mean_10,5.2956834,sensor_15_rolling_mean_10,5.2693,sensor_14_rolling_mean_20,4.890606,sensor_15_rolling_mean_5,4.706636
46,137,119.0,178.75241088867188,59.752410888671875,sensor_11_rolling_mean_5,8.707226,sensor_4_rolling_mean_5,7.7201324,sensor_9_rolling_mean_20,5.9907713,sensor_15_rolling_mean_10,5.375124,sensor_4_rolling_mean_10,5.091202,sensor_13_rolling_mean_20,-11.8786,sensor_8_rolling_std_20,-6.755273,sensor_15_rolling_mean_20,-2.890046,sensor_17_rolling_mean_20,-2.8307972,sensor_21_rolling_mean_10,-2.6645217,sensor_13_rolling_mean_20,-11.8786,sensor_11_rolling_mean_5,8.707226,sensor_4_rolling_mean_5,7.7201324,sensor_8_rolling_std_20,-6.755273,sensor_9_rolling_mean_20,5.9907713,sensor_15_rolling_mean_10,5.375124,sensor_4_rolling_mean_10,5.091202,sensor_15_rolling_mean_5,5.043431,sensor_8_rolling_mean_10,4.9644046,sensor_4_rolling_std_20,4.9389377
46,138,118.0,183.64439392089844,65.64439392089844,sensor_11_rolling_mean_5,7.9118323,sensor_4_rolling_mean_5,7.2483826,sensor_15_rolling_mean_10,5.5952053,sensor_9_rolling_mean_20,5.2839556,sensor_4_rolling_std_20,5.1236515,sensor_13_rolling_mean_20,-12.20389,sensor_8_rolling_std_20,-7.207351,sensor_17_rolling_mean_20,-2.8598728,sensor_21_rolling_mean_10,-2.7436297,sensor_11_rolling_mean_20,-2.6878502,sensor_13_rolling_mean_20,-12.20389,sensor_11_rolling_mean_5,7.9118323,sensor_4_rolling_mean_5,7.2483826,sensor_8_rolling_std_20,-7.207351,sensor_15_rolling_mean_10,5.5952053,sensor_9_rolling_mean_20,5.2839556,sensor_4_rolling_std_20,5.1236515,sensor_8_rolling_mean_10,5.033359,sensor_15_rolling_mean_5,4.988605,sensor_4_rolling_mean_10,4.612788
46,139,117.0,190.1966094970703,73.19660949707031,sensor_11_rolling_mean_5,7.512778,sensor_4_rolling_mean_5,7.2659116,sensor_9_rolling_mean_20,6.5939794,sensor_11_rolling_std_20,6.031694,sensor_15_rolling_mean_10,5.935505,sensor_8_rolling_std_20,-7.9338527,sensor_13_rolling_mean_20,-7.7709336,sensor_20_rolling_std_20,-4.829651,sensor_4_rolling_mean_20,-3.8018162,sensor_15_rolling_mean_20,-2.8724422,sensor_8_rolling_std_20,-7.9338527,sensor_13_rolling_mean_20,-7.7709336,sensor_11_rolling_mean_5,7.512778,sensor_4_rolling_mean_5,7.2659116,sensor_9_rolling_mean_20,6.5939794,sensor_11_rolling_std_20,6.031694,sensor_15_rolling_mean_10,5.935505,sensor_4_rolling_std_20,5.4417615,sensor_8_rolling_mean_10,5.113373,sensor_15_rolling_mean_5,4.996799
46,140,116.0,176.82662963867188,60.826629638671875,sensor_4_rolling_mean_5,7.6278553,sensor_4_rolling_std_20,6.927394,sensor_11_rolling_std_20,6.6415243,sensor_15_rolling_mean_10,6.3049355,sensor_11_rolling_mean_5,6.055186,sensor_13_rolling_mean_20,-6.26637,sensor_8_rolling_std_20,-6.0230184,sensor_7_rolling_mean_20,-4.291195,sensor_4_rolling_mean_20,-3.8666835,sensor_20_rolling_std_20,-3.4147701,sensor_4_rolling_mean_5,7.6278553,sensor_4_rolling_std_20,6.927394,sensor_11_rolling_std_20,6.6415243,sensor_15_rolling_mean_10,6.3049355,sensor_13_rolling_mean_20,-6.26637,sensor_11_rolling_mean_5,6.055186,sensor_8_rolling_std_20,-6.0230184,sensor_8_rolling_mean_10,5.008967,sensor_4_rolling_mean_10,4.7344656,sensor_9_rolling_mean_20,4.3692255
46,141,115.0,159.04586791992188,44.045867919921875,sensor_4_rolling_mean_5,7.678961,sensor_15_rolling_mean_10,6.2045517,sensor_4_rolling_mean_10,5.2913637,sensor_21_rolling_mean_10,4.867548,sensor_8_rolling_mean_10,4.8384366,sensor_13_rolling_mean_20,-11.387993,sensor_7_rolling_mean_20,-5.7606716,sensor_8_rolling_std_20,-5.5090485,sensor_4_rolling_mean_20,-4.1416664,sensor_11_rolling_mean_20,-3.6573098,sensor_13_rolling_mean_20,-11.387993,sensor_4_rolling_mean_5,7.678961,sensor_15_rolling_mean_10,6.2045517,sensor_7_rolling_mean_20,-5.7606716,sensor_8_rolling_std_20,-5.5090485,sensor_4_rolling_mean_10,5.2913637,sensor_21_rolling_mean_10,4.867548,sensor_8_rolling_mean_10,4.8384366,sensor_11_rolling_mean_5,4.7128325,sensor_4_rolling_std_20,4.576393
46,142,114.0,204.38345336914062,90.38345336914062,sensor_4_rolling_std_20,9.734252,sensor_4_rolling_mean_5,8.505226,sensor_15_rolling_mean_10,6.580951,sensor_21_rolling_mean_10,5.721452,sensor_4_rolling_mean_10,5.6455975,sensor_13_rolling_mean_20,-8.31308,sensor_8_rolling_std_20,-5.1490684,sensor_7_rolling_mean_20,-4.9494786,sensor_4_rolling_mean_20,-4.808576,sensor_12_rolling_mean_20,-4.2229123,sensor_4_rolling_std_20,9.734252,sensor_4_rolling_mean_5,8.505226,sensor_13_rolling_mean_20,-8.31308,sensor_15_rolling_mean_10,6.580951,sensor_21_rolling_mean_10,5.721452,sensor_4_rolling_mean_10,5.6455975,sensor_11_rolling_mean_5,5.312378,sensor_17_rolling_mean_20,5.174116,sensor_8_rolling_std_20,-5.1490684,sensor_21_rolling_mean_5,5.0781236
46,143,113.0,197.7245330810547,84.72453308105469,sensor_4_rolling_mean_5,8.64836,sensor_4_rolling_std_20,7.1042833,sensor_15_rolling_mean_10,6.699144,sensor_21_rolling_mean_10,5.5163136,sensor_8_rolling_mean_10,5.0160513,sensor_13_rolling_mean_20,-11.138658,sensor_8_rolling_std_20,-5.5471106,sensor_7_rolling_mean_20,-4.8518953,sensor_12_rolling_mean_20,-4.248924,sensor_4_rolling_mean_20,-4.05176,sensor_13_rolling_mean_20,-11.138658,sensor_4_rolling_mean_5,8.64836,sensor_4_rolling_std_20,7.1042833,sensor_15_rolling_mean_10,6.699144,sensor_8_rolling_std_20,-5.5471106,sensor_21_rolling_mean_10,5.5163136,sensor_8_rolling_mean_10,5.0160513,sensor_7_rolling_mean_20,-4.8518953,sensor_9_rolling_mean_20,4.6646843,sensor_4_rolling_mean_10,4.6281066
46,144,112.0,195.25755310058594,83.25755310058594,sensor_4_rolling_mean_5,8.294626,sensor_11_rolling_mean_5,6.2965093,sensor_4_rolling_std_20,6.165088,sensor_21_rolling_mean_10,5.612901,sensor_15_rolling_mean_10,5.514069,sensor_13_rolling_mean_20,-13.0710945,sensor_7_rolling_mean_20,-5.5681,sensor_4_rolling_mean_20,-4.1914077,sensor_8_rolling_std_20,-3.839709,sensor_12_rolling_mean_20,-3.0714135,sensor_13_rolling_mean_20,-13.0710945,sensor_4_rolling_mean_5,8.294626,sensor_11_rolling_mean_5,6.2965093,sensor_4_rolling_std_20,6.165088,sensor_21_rolling_mean_10,5.612901,sensor_7_rolling_mean_20,-5.5681,sensor_15_rolling_mean_10,5.514069,sensor_17_rolling_mean_20,5.2975497,sensor_6_rolling_std_20,5.1551104,sensor_3_rolling_mean_10,4.9087915
46,145,111.0,189.4212646484375,78.4212646484375,sensor_4_rolling_mean_5,8.564099,sensor_4_rolling_std_20,7.435367,sensor_11_rolling_mean_5,6.3686514,sensor_21_rolling_mean_10,5.677718,sensor_4_rolling_mean_10,5.676079,sensor_13_rolling_mean_20,-13.013408,sensor_7_rolling_mean_20,-5.5041633,sensor_8_rolling_std_20,-3.7662168,sensor_4_rolling_mean_20,-3.5279427,sensor_12_rolling_mean_20,-3.041875,sensor_13_rolling_mean_20,-13.013408,sensor_4_rolling_mean_5,8.564099,sensor_4_rolling_std_20,7.435367,sensor_11_rolling_mean_5,6.3686514,sensor_21_rolling_mean_10,5.677718,sensor_4_rolling_mean_10,5.676079,sensor_7_rolling_mean_20,-5.5041633,sensor_8_rolling_mean_10,5.349329,sensor_3_rolling_mean_10,5.0535674,sensor_6_rolling_std_20,4.854393
46,146,110.0,184.96681213378906,74.96681213378906,sensor_4_rolling_mean_5,7.884804,sensor_11_rolling_mean_5,5.8039203,sensor_8_rolling_mean_10,5.715265,sensor_4_rolling_std_20,5.548597,sensor_6_rolling_std_20,5.3910813,sensor_13_rolling_mean_20,-11.634973,sensor_7_rolling_mean_20,-5.152714,sensor_8_rolling_std_20,-4.6322775,sensor_4_rolling_mean_20,-3.5661917,sensor_17_rolling_mean_20,-3.1342084,sensor_13_rolling_mean_20,-11.634973,sensor_4_rolling_mean_5,7.884804,sensor_11_rolling_mean_5,5.8039203,sensor_8_rolling_mean_10,5.715265,sensor_4_rolling_std_20,5.548597,sensor_6_rolling_std_20,5.3910813,sensor_9_rolling_std_20,5.3185086,sensor_7_rolling_mean_20,-5.152714,sensor_3_rolling_std_20,4.9582863,sensor_4_rolling_mean_10,4.8927503
46,147,109.0,160.9055633544922,51.90556335449219,sensor_4_rolling_mean_5,8.188771,sensor_11_rolling_mean_5,7.3841124,sensor_6_rolling_std_20,5.8916273,sensor_3_rolling_std_20,5.076571,sensor_13_rolling_std_20,4.877608,sensor_13_rolling_mean_20,-10.080782,sensor_8_rolling_std_20,-5.4720497,sensor_7_rolling_mean_20,-4.4850354,sensor_11_rolling_mean_20,-3.3855798,sensor_17_rolling_mean_20,-3.2296257,sensor_13_rolling_mean_20,-10.080782,sensor_4_rolling_mean_5,8.188771,sensor_11_rolling_mean_5,7.3841124,sensor_6_rolling_std_20,5.8916273,sensor_8_rolling_std_20,-5.4720497,sensor_3_rolling_std_20,5.076571,sensor_13_rolling_std_20,4.877608,sensor_7_rolling_mean_20,-4.4850354,sensor_4_rolling_mean_10,4.2938647,sensor_9_rolling_std_20,4.181478
46,148,108.0,162.8248748779297,54.82487487792969,sensor_4_rolling_mean_5,8.320787,sensor_11_rolling_mean_5,6.190289,sensor_6_rolling_std_20,5.615272,sensor_4_rolling_std_20,5.1668515,sensor_4_rolling_mean_10,5.131661,sensor_13_rolling_mean_20,-9.7529955,sensor_8_rolling_std_20,-6.6388106,sensor_11_rolling_mean_20,-4.1876135,sensor_7_rolling_mean_20,-3.8773313,sensor_12_rolling_mean_20,-3.337647,sensor_13_rolling_mean_20,-9.7529955,sensor_4_rolling_mean_5,8.320787,sensor_8_rolling_std_20,-6.6388106,sensor_11_rolling_mean_5,6.190289,sensor_6_rolling_std_20,5.615272,sensor_4_rolling_std_20,5.1668515,sensor_4_rolling_mean_10,5.131661,sensor_9_rolling_mean_20,5.122938,sensor_8_rolling_mean_10,4.626106,sensor_11_rolling_mean_20,-4.1876135
46,149,107.0,173.54257202148438,66.54257202148438,sensor_4_rolling_mean_5,8.648372,sensor_9_rolling_mean_20,5.9605975,sensor_11_rolling_mean_5,5.116295,sensor_4_rolling_mean_10,4.812884,sensor_6_rolling_std_20,4.70933,sensor_8_rolling_std_20,-5.854295,sensor_11_rolling_mean_20,-3.9572978,sensor_12_rolling_mean_20,-3.7577937,sensor_4_rolling_mean_20,-3.4677513,sensor_17_rolling_mean_20,-3.302329,sensor_4_rolling_mean_5,8.648372,sensor_9_rolling_mean_20,5.9605975,sensor_8_rolling_std_20,-5.854295,sensor_11_rolling_mean_5,5.116295,sensor_4_rolling_mean_10,4.812884,sensor_6_rolling_std_20,4.70933,sensor_3_rolling_mean_10,4.23792,sensor_11_rolling_mean_20,-3.9572978,sensor_2_rolling_mean_10,3.836927,sensor_12_rolling_mean_20,-3.7577937
46,150,106.0,189.31761169433594,83.31761169433594,sensor_4_rolling_mean_5,9.315645,sensor_21_rolling_mean_10,7.8663974,sensor_3_rolling_std_20,6.9941244,sensor_11_rolling_mean_5,6.7085514,sensor_9_rolling_mean_20,5.3639784,sensor_8_rolling_std_20,-7.1184998,sensor_4_rolling_mean_20,-3.9975677,sensor_17_rolling_mean_20,-3.3668303,sensor_11_rolling_mean_20,-3.141119,sensor_20_rolling_mean_20,-2.637555,sensor_4_rolling_mean_5,9.315645,sensor_21_rolling_mean_10,7.8663974,sensor_8_rolling_std_20,-7.1184998,sensor_3_rolling_std_20,6.9941244,sensor_11_rolling_mean_5,6.7085514,sensor_9_rolling_mean_20,5.3639784,sensor_3_rolling_mean_10,5.1660323,sensor_4_rolling_mean_10,4.93288,sensor_6_rolling_std_20,4.6039634,sensor_4_rolling_mean_20,-3.9975677
46,151,105.0,187.04864501953125,82.04864501953125,sensor_4_rolling_mean_5,10.149188,sensor_3_rolling_std_20,8.535033,sensor_21_rolling_mean_10,8.06195,sensor_9_rolling_mean_20,6.042786,sensor_11_rolling_mean_5,5.393394,sensor_8_rolling_std_20,-7.5327706,sensor_4_rolling_mean_20,-4.0621905,sensor_12_rolling_mean_20,-3.854707,sensor_17_rolling_mean_20,-3.333303,sensor_15_rolling_mean_20,-2.7423477,sensor_4_rolling_mean_5,10.149188,sensor_3_rolling_std_20,8.535033,sensor_21_rolling_mean_10,8.06195,sensor_8_rolling_std_20,-7.5327706,sensor_9_rolling_mean_20,6.042786,sensor_11_rolling_mean_5,5.393394,sensor_4_rolling_mean_10,5.269465,sensor_3_rolling_mean_10,4.1724515,sensor_4_rolling_mean_20,-4.0621905,sensor_12_rolling_mean_20,-3.854707
46,152,104.0,195.08572387695312,91.08572387695312,sensor_3_rolling_std_20,22.398058,sensor_4_rolling_mean_5,8.757651,sensor_11_rolling_mean_5,5.892968,sensor_3_rolling_mean_10,5.7279067,sensor_4_rolling_mean_10,5.2805295,sensor_8_rolling_std_20,-7.794226,sensor_12_rolling_mean_20,-4.136233,sensor_11,-3.2673798,sensor_4_rolling_mean_20,-3.029018,sensor_17_rolling_mean_20,-2.728287,sensor_3_rolling_std_20,22.398058,sensor_4_rolling_mean_5,8.757651,sensor_8_rolling_std_20,-7.794226,sensor_11_rolling_mean_5,5.892968,sensor_3_rolling_mean_10,5.7279067,sensor_4_rolling_mean_10,5.2805295,sensor_8_rolling_mean_10,5.007663,sensor_9_rolling_mean_20,4.7512584,sensor_9_rolling_std_20,4.5894303,sensor_6_rolling_std_20,4.5818534
46,153,103.0,168.2762908935547,65.27629089355469,sensor_4_rolling_mean_5,8.662919,sensor_3_rolling_std_20,6.855318,sensor_6_rolling_std_20,5.7353773,sensor_4_rolling_mean_10,4.8108025,sensor_3_rolling_mean_10,4.681869,sensor_8_rolling_std_20,-9.560759,sensor_12_rolling_mean_20,-4.532223,sensor_21_rolling_mean_10,-4.0719557,sensor_4_rolling_mean_20,-4.0171227,sensor_17_rolling_mean_20,-3.5570064,sensor_8_rolling_std_20,-9.560759,sensor_4_rolling_mean_5,8.662919,sensor_3_rolling_std_20,6.855318,sensor_6_rolling_std_20,5.7353773,sensor_4_rolling_mean_10,4.8108025,sensor_3_rolling_mean_10,4.681869,sensor_8_rolling_mean_10,4.6321545,sensor_12_rolling_mean_20,-4.532223,sensor_9_rolling_mean_20,4.419216,sensor_2_rolling_mean_10,4.1472993
46,154,102.0,206.75718688964844,104.75718688964844,sensor_3_rolling_std_20,19.648123,sensor_4_rolling_mean_5,8.99859,sensor_9_rolling_mean_20,5.2504377,sensor_9_rolling_std_20,5.004901,sensor_8_rolling_mean_10,4.973814,sensor_8_rolling_std_20,-7.1410084,sensor_12_rolling_mean_20,-3.623152,sensor_17_rolling_mean_20,-3.046619,sensor_4_rolling_mean_20,-2.9789898,sensor_11_rolling_std_20,-2.516348,sensor_3_rolling_std_20,19.648123,sensor_4_rolling_mean_5,8.99859,sensor_8_rolling_std_20,-7.1410084,sensor_9_rolling_mean_20,5.2504377,sensor_9_rolling_std_20,5.004901,sensor_8_rolling_mean_10,4.973814,sensor_4_rolling_mean_10,4.9477086,sensor_3_rolling_mean_10,4.716053,sensor_7_rolling_mean_20,4.2726016,sensor_6_rolling_std_20,4.1817575
46,155,101.0,199.66294860839844,98.66294860839844,sensor_3_rolling_std_20,21.22792,sensor_4_rolling_mean_5,10.1352825,sensor_21_rolling_mean_10,7.066371,sensor_7_rolling_mean_20,5.5267067,sensor_9_rolling_mean_20,5.18716,sensor_8_rolling_std_20,-6.631043,sensor_12_rolling_mean_20,-4.9454265,sensor_4_rolling_mean_20,-2.9685626,sensor_17_rolling_mean_20,-2.9569705,sensor_3_rolling_mean_20,-2.6175582,sensor_3_rolling_std_20,21.22792,sensor_4_rolling_mean_5,10.1352825,sensor_21_rolling_mean_10,7.066371,sensor_8_rolling_std_20,-6.631043,sensor_7_rolling_mean_20,5.5267067,sensor_9_rolling_mean_20,5.18716,sensor_3_rolling_mean_10,5.0473695,sensor_4_rolling_mean_10,4.9743834,sensor_12_rolling_mean_20,-4.9454265,sensor_6_rolling_std_20,3.6756513
46,156,100.0,190.88375854492188,90.88375854492188,sensor_3_rolling_std_20,17.559744,sensor_4_rolling_mean_5,9.309487,sensor_21_rolling_mean_10,8.903358,sensor_9_rolling_mean_20,5.9627023,sensor_3_rolling_mean_10,5.1916223,sensor_8_rolling_std_20,-7.4423103,sensor_12_rolling_mean_20,-4.37921,sensor_4_rolling_mean_20,-3.6934295,sensor_17_rolling_mean_20,-3.673919,sensor_3_rolling_mean_20,-2.7405202,sensor_3_rolling_std_20,17.559744,sensor_4_rolling_mean_5,9.309487,sensor_21_rolling_mean_10,8.903358,sensor_8_rolling_std_20,-7.4423103,sensor_9_rolling_mean_20,5.9627023,sensor_3_rolling_mean_10,5.1916223,sensor_4_rolling_mean_10,5.1907573,sensor_12_rolling_mean_20,-4.37921,sensor_7_rolling_mean_20,4.137811,sensor_6_rolling_std_5,3.878542
46,157,99.0,201.11154174804688,102.11154174804688,sensor_3_rolling_std_20,19.344147,sensor_21_rolling_mean_10,9.193385,sensor_4_rolling_mean_5,8.8453665,sensor_7_rolling_mean_20,7.1360517,sensor_3_rolling_mean_10,5.0648007,sensor_8_rolling_std_20,-6.528457,sensor_15_rolling_mean_20,-3.787735,sensor_12_rolling_mean_20,-3.5602927,sensor_4_rolling_mean_20,-3.549643,sensor_17_rolling_mean_20,-3.456607,sensor_3_rolling_std_20,19.344147,sensor_21_rolling_mean_10,9.193385,sensor_4_rolling_mean_5,8.8453665,sensor_7_rolling_mean_20,7.1360517,sensor_8_rolling_std_20,-6.528457,sensor_3_rolling_mean_10,5.0648007,sensor_4_rolling_mean_10,5.0288396,sensor_9_rolling_mean_20,4.844196,sensor_6_rolling_std_20,4.1591926,sensor_15_rolling_mean_20,-3.787735
46,158,98.0,205.74623107910156,107.74623107910156,sensor_3_rolling_std_20,19.330877,sensor_4_rolling_mean_5,8.482634,sensor_21_rolling_mean_10,7.20215,sensor_9_rolling_mean_20,5.8370876,sensor_4_rolling_mean_10,5.7272434,sensor_12_rolling_mean_20,-4.031301,sensor_15_rolling_mean_20,-3.8353662,sensor_13_rolling_std_20,-3.2984629,sensor_4_rolling_mean_20,-3.0692732,sensor_17_rolling_mean_20,-2.5930252,sensor_3_rolling_std_20,19.330877,sensor_4_rolling_mean_5,8.482634,sensor_21_rolling_mean_10,7.20215,sensor_9_rolling_mean_20,5.8370876,sensor_4_rolling_mean_10,5.7272434,sensor_7_rolling_mean_20,5.3648496,sensor_3_rolling_mean_10,5.2618217,sensor_11_rolling_mean_5,4.549228,sensor_12_rolling_mean_20,-4.031301,sensor_15_rolling_mean_5,3.8709905
46,159,97.0,226.12030029296875,129.12030029296875,sensor_3_rolling_std_20,22.213913,sensor_4_rolling_mean_5,8.87331,sensor_9_rolling_mean_20,7.219527,sensor_21_rolling_mean_10,7.189301,sensor_7_rolling_mean_20,5.946406,sensor_15_rolling_mean_20,-4.101123,sensor_12_rolling_mean_20,-3.5072308,sensor_4_rolling_mean_20,-2.856803,sensor_3_rolling_mean_20,-2.2952335,sensor_13_rolling_std_20,-2.2043085,sensor_3_rolling_std_20,22.213913,sensor_4_rolling_mean_5,8.87331,sensor_9_rolling_mean_20,7.219527,sensor_21_rolling_mean_10,7.189301,sensor_7_rolling_mean_20,5.946406,sensor_3_rolling_mean_10,5.7805977,sensor_4_rolling_mean_10,5.60086,sensor_8_rolling_std_20,5.226431,sensor_11_rolling_mean_5,4.9249864,sensor_6_rolling_std_5,4.5257444
46,160,96.0,189.58421325683594,93.58421325683594,sensor_4_rolling_mean_5,8.67013,sensor_21_rolling_mean_10,7.5485053,sensor_9_rolling_mean_20,6.350267,sensor_4_rolling_mean_10,5.4414606,sensor_3_rolling_std_20,5.2704287,sensor_12_rolling_mean_20,-3.7806134,sensor_4_rolling_std_20,-3.5539808,sensor_17_rolling_mean_20,-3.140606,sensor_3_rolling_mean_20,-2.606751,sensor_20_rolling_mean_20,-2.5271711,sensor_4_rolling_mean_5,8.67013,sensor_21_rolling_mean_10,7.5485053,sensor_9_rolling_mean_20,6.350267,sensor_4_rolling_mean_10,5.4414606,sensor_3_rolling_std_20,5.2704287,sensor_3_rolling_mean_10,5.224305,sensor_14_rolling_mean_20,5.2237644,sensor_6_rolling_std_5,5.121177,sensor_8_rolling_mean_10,4.989922,sensor_11_rolling_mean_5,4.7824273
46,161,95.0,198.7659454345703,103.76594543457031,sensor_4_rolling_mean_5,8.520888,sensor_9_rolling_mean_20,6.749442,sensor_14_rolling_mean_20,6.114553,sensor_3_rolling_std_20,5.712241,sensor_11_rolling_mean_5,5.1367025,sensor_12_rolling_mean_20,-3.8038964,sensor_17_rolling_mean_20,-2.8226979,sensor_4_rolling_std_20,-2.7936506,sensor_11_rolling_std_20,-2.4344163,sensor_15_rolling_mean_20,-2.1947894,sensor_4_rolling_mean_5,8.520888,sensor_9_rolling_mean_20,6.749442,sensor_14_rolling_mean_20,6.114553,sensor_3_rolling_std_20,5.712241,sensor_11_rolling_mean_5,5.1367025,sensor_4_rolling_mean_10,4.865636,sensor_8_rolling_mean_10,4.843707,sensor_3_rolling_mean_10,4.7855396,sensor_6_rolling_std_5,4.588332,sensor_6_rolling_std_20,4.380316
46,162,94.0,178.286376953125,84.286376953125,sensor_4_rolling_mean_5,8.42283,sensor_3_rolling_std_20,4.6323357,sensor_6_rolling_std_5,4.6307726,sensor_3_rolling_mean_10,4.5890822,sensor_6_rolling_std_20,4.4823203,sensor_20_rolling_mean_20,-3.5299892,sensor_12_rolling_mean_20,-3.0585208,sensor_17_rolling_mean_20,-2.8478973,sensor_4_rolling_std_20,-2.6301377,sensor_9_rolling_std_20,-2.3341749,sensor_4_rolling_mean_5,8.42283,sensor_3_rolling_std_20,4.6323357,sensor_6_rolling_std_5,4.6307726,sensor_3_rolling_mean_10,4.5890822,sensor_6_rolling_std_20,4.4823203,sensor_4_rolling_mean_10,4.362947,sensor_14_rolling_mean_20,3.9558644,sensor_9_rolling_mean_20,3.954552,sensor_9_rolling_mean_10,3.681652,sensor_2_rolling_mean_10,3.5919583
46,163,93.0,169.6349639892578,76.63496398925781,sensor_4_rolling_mean_5,8.645418,sensor_21_rolling_mean_10,6.5152283,sensor_4_rolling_mean_10,5.073453,sensor_3_rolling_mean_10,4.575263,sensor_6_rolling_std_5,4.355536,sensor_12_rolling_mean_20,-4.245665,sensor_20_rolling_mean_20,-3.4800146,sensor_3_rolling_mean_20,-2.7694864,sensor_17_rolling_mean_20,-2.6921582,sensor_4_rolling_std_20,-2.6341133,sensor_4_rolling_mean_5,8.645418,sensor_21_rolling_mean_10,6.5152283,sensor_4_rolling_mean_10,5.073453,sensor_3_rolling_mean_10,4.575263,sensor_6_rolling_std_5,4.355536,sensor_12_rolling_mean_20,-4.245665,sensor_14_rolling_mean_20,4.136641,sensor_7_rolling_mean_20,4.1196856,sensor_2_rolling_mean_10,3.8974466,sensor_15_rolling_mean_10,3.7165346
46,164,92.0,169.21343994140625,77.21343994140625,sensor_4_rolling_mean_5,8.462916,sensor_3_rolling_mean_10,4.7415833,sensor_6_rolling_std_5,4.607715,sensor_4_rolling_mean_10,4.2153788,sensor_7_rolling_mean_20,4.088667,sensor_12_rolling_mean_20,-4.302487,sensor_20_rolling_mean_20,-3.0714645,sensor_4_rolling_std_20,-2.530419,sensor_6_rolling_std_10,-2.2315817,sensor_11_rolling_std_20,-2.1773756,sensor_4_rolling_mean_5,8.462916,sensor_3_rolling_mean_10,4.7415833,sensor_6_rolling_std_5,4.607715,sensor_12_rolling_mean_20,-4.302487,sensor_4_rolling_mean_10,4.2153788,sensor_7_rolling_mean_20,4.088667,sensor_8_rolling_std_20,4.0268126,sensor_2_rolling_mean_10,3.8656654,sensor_14_rolling_mean_20,3.5465007,sensor_11_rolling_mean_5,3.3989615
46,165,91.0,179.8153076171875,88.8153076171875,sensor_4_rolling_mean_5,8.646562,sensor_8_rolling_std_20,6.635889,sensor_14_rolling_mean_20,5.5953526,sensor_6_rolling_std_5,5.5681424,sensor_9_rolling_mean_20,4.973382,sensor_12_rolling_mean_20,-3.9429886,sensor_20_rolling_mean_20,-3.1547513,sensor_6_rolling_std_10,-2.2660012,sensor_11_rolling_std_20,-1.9721661,sensor_4_rolling_std_20,-1.7846293,sensor_4_rolling_mean_5,8.646562,sensor_8_rolling_std_20,6.635889,sensor_14_rolling_mean_20,5.5953526,sensor_6_rolling_std_5,5.5681424,sensor_9_rolling_mean_20,4.973382,sensor_11_rolling_mean_5,4.914824,sensor_3_rolling_mean_10,4.562068,sensor_12_rolling_mean_20,-3.9429886,sensor_2_rolling_mean_10,3.6589224,sensor_4_rolling_mean_10,3.6350312
46,166,90.0,178.5839385986328,88.58393859863281,sensor_4_rolling_mean_5,8.672446,sensor_9_rolling_mean_20,7.961235,sensor_14_rolling_mean_20,6.6460767,sensor_8_rolling_std_20,6.2347527,sensor_6_rolling_std_5,5.5520597,sensor_12_rolling_mean_20,-4.57466,sensor_15_rolling_mean_20,-2.6233711,sensor_20_rolling_mean_20,-2.5457199,sensor_11_rolling_std_20,-2.4696937,sensor_4_rolling_std_20,-2.022196,sensor_4_rolling_mean_5,8.672446,sensor_9_rolling_mean_20,7.961235,sensor_14_rolling_mean_20,6.6460767,sensor_8_rolling_std_20,6.2347527,sensor_6_rolling_std_5,5.5520597,sensor_11_rolling_mean_5,4.9878345,sensor_12_rolling_mean_20,-4.57466,sensor_2_rolling_mean_10,4.5635457,sensor_15_rolling_mean_5,4.052562,sensor_4_rolling_mean_10,3.9972456
46,167,89.0,188.0291748046875,99.0291748046875,sensor_9_rolling_mean_20,8.44284,sensor_4_rolling_mean_5,7.6268225,sensor_8_rolling_std_20,6.4438477,sensor_13_rolling_mean_20,5.2263308,sensor_11_rolling_mean_5,4.9533997,sensor_12_rolling_mean_20,-5.934873,sensor_20_rolling_mean_20,-2.5592394,sensor_17_rolling_mean_20,-2.4345884,sensor_6_rolling_std_10,-1.8723364,sensor_11_rolling_std_20,-1.7194228,sensor_9_rolling_mean_20,8.44284,sensor_4_rolling_mean_5,7.6268225,sensor_8_rolling_std_20,6.4438477,sensor_12_rolling_mean_20,-5.934873,sensor_13_rolling_mean_20,5.2263308,sensor_11_rolling_mean_5,4.9533997,sensor_7_rolling_mean_20,4.484933,sensor_15_rolling_mean_5,4.2645397,sensor_14_rolling_mean_20,3.9536111,sensor_2_rolling_mean_10,3.8740737
46,168,88.0,214.58502197265625,126.58502197265625,sensor_14_rolling_mean_20,8.86137,sensor_7_rolling_mean_20,7.484321,sensor_4_rolling_mean_5,7.3904724,sensor_9_rolling_mean_20,7.3503428,sensor_21_rolling_mean_10,6.1252885,sensor_12_rolling_mean_20,-4.559737,sensor_6_rolling_std_10,-2.2552192,sensor_4_rolling_std_20,-2.0809515,sensor_11_rolling_std_20,-1.7571357,sensor_17_rolling_mean_20,-1.5731086,sensor_14_rolling_mean_20,8.86137,sensor_7_rolling_mean_20,7.484321,sensor_4_rolling_mean_5,7.3904724,sensor_9_rolling_mean_20,7.3503428,sensor_21_rolling_mean_10,6.1252885,sensor_8_rolling_std_20,5.3227344,sensor_11_rolling_mean_5,5.300765,sensor_13_rolling_mean_20,4.8368487,sensor_3,4.5927167,sensor_12_rolling_mean_20,-4.559737
46,169,87.0,183.379638671875,96.379638671875,sensor_4_rolling_mean_5,7.4495544,sensor_21_rolling_mean_10,6.069389,sensor_7_rolling_mean_20,5.968196,sensor_14_rolling_mean_20,5.6332045,sensor_11_rolling_mean_5,5.5064054,sensor_12_rolling_mean_20,-5.8427887,sensor_17_rolling_mean_20,-2.0150495,sensor_6_rolling_std_10,-1.9805986,sensor_11_rolling_std_20,-1.9365773,sensor_4,-1.8872492,sensor_4_rolling_mean_5,7.4495544,sensor_21_rolling_mean_10,6.069389,sensor_7_rolling_mean_20,5.968196,sensor_12_rolling_mean_20,-5.8427887,sensor_14_rolling_mean_20,5.6332045,sensor_11_rolling_mean_5,5.5064054,sensor_2_rolling_mean_10,4.240485,sensor_15_rolling_mean_10,4.1990604,sensor_8_rolling_std_20,4.196646,sensor_3_rolling_mean_10,4.176645
46,170,86.0,168.60865783691406,82.60865783691406,sensor_8_rolling_std_20,5.998219,sensor_6_rolling_std_5,4.033762,sensor_2_rolling_mean_10,3.9977064,sensor_20_rolling_mean_10,3.818932,sensor_4_rolling_mean_10,3.4156709,sensor_12_rolling_mean_20,-4.7050834,sensor_21_rolling_mean_10,-3.2396865,sensor_8_rolling_mean_20,-2.9394796,sensor_4_rolling_std_20,-1.9703875,sensor_6_rolling_std_10,-1.7051543,sensor_8_rolling_std_20,5.998219,sensor_12_rolling_mean_20,-4.7050834,sensor_6_rolling_std_5,4.033762,sensor_2_rolling_mean_10,3.9977064,sensor_20_rolling_mean_10,3.818932,sensor_4_rolling_mean_10,3.4156709,sensor_20_rolling_std_20,3.3303447,sensor_7_rolling_mean_20,3.2896385,sensor_11_rolling_mean_5,3.2431867,sensor_21_rolling_mean_10,-3.2396865
46,171,85.0,188.00221252441406,103.00221252441406,sensor_9_rolling_mean_20,8.936416,sensor_4_rolling_mean_5,7.5100727,sensor_14_rolling_mean_20,6.509867,sensor_8_rolling_std_20,4.4635763,sensor_2_rolling_mean_10,4.3368998,sensor_12_rolling_mean_20,-4.0629797,sensor_21_rolling_mean_10,-2.6153855,sensor_9_rolling_std_20,-2.277625,sensor_4_rolling_std_20,-2.222583,sensor_20_rolling_mean_20,-1.7822018,sensor_9_rolling_mean_20,8.936416,sensor_4_rolling_mean_5,7.5100727,sensor_14_rolling_mean_20,6.509867,sensor_8_rolling_std_20,4.4635763,sensor_2_rolling_mean_10,4.3368998,sensor_12_rolling_mean_20,-4.0629797,sensor_4_rolling_mean_10,3.3952923,sensor_6_rolling_std_5,3.3519108,sensor_11_rolling_mean_5,3.3148282,sensor_3_rolling_mean_10,3.1457727
46,172,84.0,187.40203857421875,103.40203857421875,sensor_9_rolling_mean_20,9.20026,sensor_4_rolling_mean_5,8.8523035,sensor_14_rolling_mean_20,5.8193493,sensor_11_rolling_mean_5,5.4865103,sensor_2_rolling_mean_10,5.3985004,sensor_12_rolling_mean_20,-5.4183345,sensor_3_rolling_mean_20,-3.2003462,sensor_20_rolling_mean_20,-2.9006822,sensor_21_rolling_mean_10,-2.5165598,sensor_4_rolling_std_20,-2.0078604,sensor_9_rolling_mean_20,9.20026,sensor_4_rolling_mean_5,8.8523035,sensor_14_rolling_mean_20,5.8193493,sensor_11_rolling_mean_5,5.4865103,sensor_12_rolling_mean_20,-5.4183345,sensor_2_rolling_mean_10,5.3985004,sensor_8_rolling_std_20,4.556043,sensor_6_rolling_std_5,3.8217752,sensor_4_rolling_mean_10,3.7683294,sensor_3_rolling_mean_10,3.7274292
46,173,83.0,172.90980529785156,89.90980529785156,sensor_4_rolling_mean_5,8.325356,sensor_9_rolling_mean_20,6.9177685,sensor_6_rolling_std_5,5.1024504,sensor_11_rolling_mean_5,4.9219275,sensor_8_rolling_std_20,4.5410976,sensor_12_rolling_mean_20,-4.6257215,sensor_20_rolling_mean_20,-4.148271,sensor_21_rolling_mean_10,-2.530079,sensor_11,-2.3929377,sensor_6_rolling_std_10,-2.2072449,sensor_4_rolling_mean_5,8.325356,sensor_9_rolling_mean_20,6.9177685,sensor_6_rolling_std_5,5.1024504,sensor_11_rolling_mean_5,4.9219275,sensor_12_rolling_mean_20,-4.6257215,sensor_8_rolling_std_20,4.5410976,sensor_2_rolling_mean_10,4.283197,sensor_20_rolling_mean_20,-4.148271,sensor_14_rolling_mean_20,4.1022325,sensor_15_rolling_mean_5,3.5461571
46,174,82.0,163.4326171875,81.4326171875,sensor_4_rolling_mean_5,8.372667,sensor_9_rolling_mean_20,5.53819,sensor_14_rolling_mean_20,4.5209866,sensor_2_rolling_mean_10,4.400304,sensor_6_rolling_std_5,4.398127,sensor_12_rolling_mean_20,-4.8646135,sensor_3_rolling_mean_20,-3.155057,sensor_15_rolling_mean_20,-2.8461359,sensor_11,-2.5180516,sensor_4_rolling_std_20,-2.2228918,sensor_4_rolling_mean_5,8.372667,sensor_9_rolling_mean_20,5.53819,sensor_12_rolling_mean_20,-4.8646135,sensor_14_rolling_mean_20,4.5209866,sensor_2_rolling_mean_10,4.400304,sensor_6_rolling_std_5,4.398127,sensor_4_rolling_mean_10,3.5924165,sensor_15_rolling_mean_5,3.4125075,sensor_3_rolling_mean_20,-3.155057,sensor_6_rolling_std_20,3.0220244
46,175,81.0,162.86936950683594,81.86936950683594,sensor_4_rolling_mean_5,8.057241,sensor_9_rolling_mean_20,6.727524,sensor_14_rolling_mean_20,5.1352906,sensor_6_rolling_std_5,4.586084,sensor_2_rolling_mean_10,4.247757,sensor_12_rolling_mean_20,-4.7986727,sensor_11,-2.6650474,sensor_15_rolling_mean_20,-2.464745,sensor_13_rolling_std_20,-2.445952,sensor_6_rolling_std_10,-1.8822374,sensor_4_rolling_mean_5,8.057241,sensor_9_rolling_mean_20,6.727524,sensor_14_rolling_mean_20,5.1352906,sensor_12_rolling_mean_20,-4.7986727,sensor_6_rolling_std_5,4.586084,sensor_2_rolling_mean_10,4.247757,sensor_4_rolling_mean_10,3.6487222,sensor_15_rolling_mean_5,3.3710842,sensor_21_rolling_mean_5,3.246975,sensor_3_rolling_mean_10,3.246941
46,176,80.0,164.72103881835938,84.72103881835938,sensor_4_rolling_mean_5,8.073346,sensor_9_rolling_mean_20,6.9644227,sensor_8_rolling_std_20,5.132179,sensor_6_rolling_std_5,4.682199,sensor_14_rolling_mean_20,4.6526203,sensor_12_rolling_mean_20,-6.281415,sensor_15_rolling_mean_20,-3.185768,sensor_21_rolling_mean_10,-2.335167,sensor_11_rolling_std_20,-2.194508,sensor_6_rolling_std_10,-1.8514179,sensor_4_rolling_mean_5,8.073346,sensor_9_rolling_mean_20,6.9644227,sensor_12_rolling_mean_20,-6.281415,sensor_8_rolling_std_20,5.132179,sensor_6_rolling_std_5,4.682199,sensor_14_rolling_mean_20,4.6526203,sensor_2_rolling_mean_10,4.4175234,sensor_4_rolling_mean_10,3.6725712,sensor_20_rolling_mean_10,3.5778115,sensor_3_rolling_mean_10,3.4739535
46,177,79.0,135.51593017578125,56.51593017578125,sensor_4_rolling_mean_5,7.594284,sensor_6_rolling_std_5,5.145241,sensor_9_rolling_mean_20,3.6623096,sensor_3_rolling_mean_10,3.6462085,sensor_4_rolling_mean_10,3.2438817,sensor_12_rolling_mean_20,-6.051025,sensor_15_rolling_mean_20,-4.2627735,sensor_21_rolling_mean_10,-3.5670917,sensor_8_rolling_mean_10,-2.7594712,sensor_11_rolling_std_20,-2.1717544,sensor_4_rolling_mean_5,7.594284,sensor_12_rolling_mean_20,-6.051025,sensor_6_rolling_std_5,5.145241,sensor_15_rolling_mean_20,-4.2627735,sensor_9_rolling_mean_20,3.6623096,sensor_3_rolling_mean_10,3.6462085,sensor_21_rolling_mean_10,-3.5670917,sensor_4_rolling_mean_10,3.2438817,sensor_2_rolling_mean_10,3.1100152,sensor_8_rolling_mean_10,-2.7594712
46,178,78.0,155.95748901367188,77.95748901367188,sensor_4_rolling_mean_5,7.5612264,sensor_6_rolling_std_5,5.755046,sensor_4_rolling_mean_10,4.870319,sensor_9_rolling_mean_20,4.5687795,sensor_2_rolling_mean_10,4.2215633,sensor_12_rolling_mean_20,-5.1562486,sensor_21_rolling_mean_10,-3.9237118,sensor_15_rolling_mean_20,-2.9441047,sensor_4_rolling_std_20,-2.545014,sensor_11_rolling_std_20,-2.4944625,sensor_4_rolling_mean_5,7.5612264,sensor_6_rolling_std_5,5.755046,sensor_12_rolling_mean_20,-5.1562486,sensor_4_rolling_mean_10,4.870319,sensor_9_rolling_mean_20,4.5687795,sensor_2_rolling_mean_10,4.2215633,sensor_21_rolling_mean_10,-3.9237118,sensor_15_rolling_mean_5,3.1711705,sensor_20_rolling_mean_10,3.1069603,sensor_15_rolling_mean_20,-2.9441047
46,179,77.0,146.60763549804688,69.60763549804688,sensor_4_rolling_mean_5,8.1163845,sensor_2_rolling_mean_10,4.766291,sensor_6_rolling_std_5,4.7423735,sensor_4_rolling_mean_10,4.530791,sensor_9_rolling_mean_20,4.23277,sensor_12_rolling_mean_20,-5.0942855,sensor_21_rolling_mean_10,-3.6899931,sensor_15_rolling_mean_20,-3.4928186,sensor_12_rolling_std_20,-3.2812467,sensor_11,-2.739747,sensor_4_rolling_mean_5,8.1163845,sensor_12_rolling_mean_20,-5.0942855,sensor_2_rolling_mean_10,4.766291,sensor_6_rolling_std_5,4.7423735,sensor_4_rolling_mean_10,4.530791,sensor_9_rolling_mean_20,4.23277,sensor_21_rolling_mean_10,-3.6899931,sensor_15_rolling_mean_20,-3.4928186,sensor_12_rolling_std_20,-3.2812467,sensor_7_rolling_mean_5,3.0142078
46,180,76.0,119.9521484375,43.9521484375,sensor_4_rolling_mean_5,7.7285004,sensor_8_rolling_std_20,5.4963818,sensor_4_rolling_mean_10,5.3055882,sensor_9_rolling_mean_20,3.9607203,sensor_2_rolling_mean_10,3.719345,sensor_12_rolling_mean_20,-7.727665,sensor_8_rolling_mean_20,-5.9860497,sensor_15_rolling_mean_20,-5.653867,sensor_21_rolling_mean_10,-4.197572,sensor_21_rolling_mean_20,-2.844021,sensor_4_rolling_mean_5,7.7285004,sensor_12_rolling_mean_20,-7.727665,sensor_8_rolling_mean_20,-5.9860497,sensor_15_rolling_mean_20,-5.653867,sensor_8_rolling_std_20,5.4963818,sensor_4_rolling_mean_10,5.3055882,sensor_21_rolling_mean_10,-4.197572,sensor_9_rolling_mean_20,3.9607203,sensor_2_rolling_mean_10,3.719345,sensor_6_rolling_std_5,3.6029327
46,181,75.0,123.01506042480469,48.01506042480469,sensor_4_rolling_mean_5,7.8290167,sensor_4_rolling_mean_10,4.9010262,sensor_6_rolling_std_5,3.5597446,sensor_2_rolling_mean_10,3.5237906,sensor_7_rolling_mean_5,2.8719063,sensor_8_rolling_mean_20,-7.00417,sensor_12_rolling_mean_20,-5.7967396,sensor_15_rolling_mean_20,-4.3895645,sensor_21_rolling_mean_10,-4.176636,sensor_8_rolling_mean_10,-3.4580126,sensor_4_rolling_mean_5,7.8290167,sensor_8_rolling_mean_20,-7.00417,sensor_12_rolling_mean_20,-5.7967396,sensor_4_rolling_mean_10,4.9010262,sensor_15_rolling_mean_20,-4.3895645,sensor_21_rolling_mean_10,-4.176636,sensor_6_rolling_std_5,3.5597446,sensor_2_rolling_mean_10,3.5237906,sensor_8_rolling_mean_10,-3.4580126,sensor_7_rolling_mean_5,2.8719063
46,182,74.0,87.81333923339844,13.813339233398438,sensor_4_rolling_mean_5,7.2571692,sensor_4_rolling_mean_10,3.3962169,sensor_6_rolling_std_20,3.1425073,sensor_15_rolling_mean_5,2.8117952,sensor_6_rolling_std_5,2.705012,sensor_15_rolling_mean_20,-7.472643,sensor_8_rolling_mean_20,-6.029163,sensor_12_rolling_mean_20,-5.4927807,sensor_8_rolling_std_20,-5.231038,sensor_21_rolling_mean_10,-4.887588,sensor_15_rolling_mean_20,-7.472643,sensor_4_rolling_mean_5,7.2571692,sensor_8_rolling_mean_20,-6.029163,sensor_12_rolling_mean_20,-5.4927807,sensor_8_rolling_std_20,-5.231038,sensor_21_rolling_mean_10,-4.887588,sensor_14_rolling_std_20,-4.147459,sensor_4_rolling_mean_10,3.3962169,sensor_8_rolling_mean_10,-3.1914613,sensor_6_rolling_std_20,3.1425073
46,183,73.0,83.20590209960938,10.205902099609375,sensor_4_rolling_mean_5,6.9174333,sensor_4_rolling_mean_10,3.5682812,sensor_6_rolling_std_20,2.6662962,sensor_6_rolling_std_5,2.620294,sensor_15_rolling_mean_10,2.4567845,sensor_15_rolling_mean_20,-8.114404,sensor_8_rolling_mean_20,-6.2639422,sensor_8_rolling_std_20,-5.827984,sensor_12_rolling_mean_20,-4.5700445,sensor_21_rolling_mean_10,-4.276538,sensor_15_rolling_mean_20,-8.114404,sensor_4_rolling_mean_5,6.9174333,sensor_8_rolling_mean_20,-6.2639422,sensor_8_rolling_std_20,-5.827984,sensor_12_rolling_mean_20,-4.5700445,sensor_21_rolling_mean_10,-4.276538,sensor_14_rolling_std_20,-4.092179,sensor_4_rolling_mean_10,3.5682812,sensor_8_rolling_mean_10,-2.9677136,sensor_12_rolling_mean_5,-2.923491
46,184,72.0,81.77999877929688,9.779998779296875,sensor_4_rolling_mean_5,5.84539,sensor_6_rolling_std_20,3.20898,sensor_4_rolling_mean_10,2.8277893,sensor_6_rolling_std_5,2.4985647,sensor_20_rolling_mean_10,2.41124,sensor_8_rolling_mean_20,-7.1004734,sensor_15_rolling_mean_20,-5.993513,sensor_8_rolling_std_20,-5.1542006,sensor_21_rolling_mean_10,-5.072964,sensor_14_rolling_std_20,-4.597462,sensor_8_rolling_mean_20,-7.1004734,sensor_15_rolling_mean_20,-5.993513,sensor_4_rolling_mean_5,5.84539,sensor_8_rolling_std_20,-5.1542006,sensor_21_rolling_mean_10,-5.072964,sensor_14_rolling_std_20,-4.597462,sensor_12_rolling_mean_20,-4.143339,sensor_8_rolling_mean_10,-3.2189834,sensor_6_rolling_std_20,3.20898,sensor_21_rolling_mean_20,-3.0147254
46,185,71.0,94.58182525634766,23.581825256347656,sensor_4_rolling_mean_5,6.3193884,sensor_4,3.779421,sensor_6_rolling_std_5,3.669752,sensor_6_rolling_std_20,3.3244586,sensor_20_rolling_mean_10,2.9016027,sensor_8_rolling_mean_20,-6.258243,sensor_14_rolling_std_20,-5.6643734,sensor_8_rolling_std_20,-5.305996,sensor_21_rolling_mean_10,-4.8582354,sensor_15_rolling_mean_20,-4.8496275,sensor_4_rolling_mean_5,6.3193884,sensor_8_rolling_mean_20,-6.258243,sensor_14_rolling_std_20,-5.6643734,sensor_8_rolling_std_20,-5.305996,sensor_21_rolling_mean_10,-4.8582354,sensor_15_rolling_mean_20,-4.8496275,sensor_12_rolling_mean_20,-4.3246117,sensor_4,3.779421,sensor_6_rolling_std_5,3.669752,sensor_6_rolling_std_20,3.3244586
46,186,70.0,92.67134857177734,22.671348571777344,sensor_4_rolling_mean_5,7.6457176,sensor_6_rolling_std_5,3.7226305,sensor_4_rolling_mean_10,3.6580176,sensor_14_rolling_mean_20,3.2995167,sensor_6_rolling_std_20,3.1480448,sensor_8_rolling_mean_20,-6.770293,sensor_15_rolling_mean_20,-6.446911,sensor_21_rolling_mean_10,-5.2023077,sensor_14_rolling_std_20,-4.877828,sensor_12_rolling_mean_20,-3.3138847,sensor_4_rolling_mean_5,7.6457176,sensor_8_rolling_mean_20,-6.770293,sensor_15_rolling_mean_20,-6.446911,sensor_21_rolling_mean_10,-5.2023077,sensor_14_rolling_std_20,-4.877828,sensor_6_rolling_std_5,3.7226305,sensor_4_rolling_mean_10,3.6580176,sensor_12_rolling_mean_20,-3.3138847,sensor_14_rolling_mean_20,3.2995167,sensor_6_rolling_std_20,3.1480448
46,187,69.0,91.95039367675781,22.950393676757812,sensor_4_rolling_mean_5,6.867985,sensor_4_rolling_mean_10,4.169751,sensor_20_rolling_mean_10,3.1980352,sensor_6_rolling_std_5,3.1969752,sensor_6_rolling_std_20,3.1772296,sensor_21_rolling_mean_10,-6.7574263,sensor_8_rolling_mean_20,-6.1680403,sensor_8_rolling_std_20,-5.5754747,sensor_15_rolling_mean_20,-4.3026295,sensor_12_rolling_mean_20,-3.971541,sensor_4_rolling_mean_5,6.867985,sensor_21_rolling_mean_10,-6.7574263,sensor_8_rolling_mean_20,-6.1680403,sensor_8_rolling_std_20,-5.5754747,sensor_15_rolling_mean_20,-4.3026295,sensor_4_rolling_mean_10,4.169751,sensor_12_rolling_mean_20,-3.971541,sensor_20_rolling_mean_10,3.1980352,sensor_6_rolling_std_5,3.1969752,sensor_6_rolling_std_20,3.1772296
46,188,68.0,85.01976776123047,17.01976776123047,sensor_4_rolling_mean_5,7.021064,sensor_6_rolling_std_20,3.2186768,sensor_4_rolling_mean_10,3.1118221,sensor_6_rolling_std_5,2.9943745,sensor_4,2.7329602,sensor_8_rolling_mean_20,-7.444745,sensor_21_rolling_mean_10,-7.215771,sensor_8_rolling_std_20,-5.1112137,sensor_21_rolling_mean_5,-3.9628313,sensor_12_rolling_mean_20,-3.6939905,sensor_8_rolling_mean_20,-7.444745,sensor_21_rolling_mean_10,-7.215771,sensor_4_rolling_mean_5,7.021064,sensor_8_rolling_std_20,-5.1112137,sensor_21_rolling_mean_5,-3.9628313,sensor_12_rolling_mean_20,-3.6939905,sensor_6_rolling_std_20,3.2186768,sensor_15_rolling_mean_20,-3.1443017,sensor_4_rolling_mean_10,3.1118221,sensor_8_rolling_mean_10,-2.998269
46,189,67.0,85.14653778076172,18.14653778076172,sensor_4_rolling_mean_5,8.066137,sensor_4_rolling_mean_10,4.599685,sensor_6_rolling_std_5,3.5258834,sensor_6_rolling_std_20,3.3733969,sensor_3_rolling_mean_10,2.7499008,sensor_8_rolling_mean_20,-7.8260336,sensor_21_rolling_mean_10,-6.4322567,sensor_12_rolling_mean_20,-5.805114,sensor_8_rolling_std_20,-5.5210137,sensor_21_rolling_mean_5,-3.3616848,sensor_4_rolling_mean_5,8.066137,sensor_8_rolling_mean_20,-7.8260336,sensor_21_rolling_mean_10,-6.4322567,sensor_12_rolling_mean_20,-5.805114,sensor_8_rolling_std_20,-5.5210137,sensor_4_rolling_mean_10,4.599685,sensor_6_rolling_std_5,3.5258834,sensor_6_rolling_std_20,3.3733969,sensor_21_rolling_mean_5,-3.3616848,sensor_15_rolling_mean_20,-3.0942388
46,190,66.0,88.20030975341797,22.20030975341797,sensor_4_rolling_mean_5,7.7562833,sensor_3_rolling_mean_10,3.6472342,sensor_4_rolling_mean_10,3.3810437,sensor_6_rolling_std_5,3.3005247,sensor_6_rolling_std_20,3.0889666,sensor_8_rolling_mean_20,-6.628601,sensor_21_rolling_mean_10,-6.627297,sensor_8_rolling_std_20,-5.2190948,sensor_21_rolling_mean_5,-3.4586172,sensor_12_rolling_mean_20,-2.5721674,sensor_4_rolling_mean_5,7.7562833,sensor_8_rolling_mean_20,-6.628601,sensor_21_rolling_mean_10,-6.627297,sensor_8_rolling_std_20,-5.2190948,sensor_3_rolling_mean_10,3.6472342,sensor_21_rolling_mean_5,-3.4586172,sensor_4_rolling_mean_10,3.3810437,sensor_6_rolling_std_5,3.3005247,sensor_6_rolling_std_20,3.0889666,sensor_20_rolling_mean_20,3.0010536
46,191,65.0,117.37639617919922,52.37639617919922,sensor_4_rolling_mean_5,7.519461,sensor_3_rolling_mean_10,7.269819,sensor_4_rolling_mean_10,4.8185654,sensor_20_rolling_mean_10,4.673357,sensor_2_rolling_mean_10,4.4994392,sensor_11_rolling_mean_5,-7.1953998,sensor_8_rolling_mean_20,-6.51709,sensor_21_rolling_mean_10,-5.834979,sensor_8_rolling_std_20,-5.4165506,sensor_14_rolling_std_20,-3.660905,sensor_4_rolling_mean_5,7.519461,sensor_3_rolling_mean_10,7.269819,sensor_11_rolling_mean_5,-7.1953998,sensor_8_rolling_mean_20,-6.51709,sensor_21_rolling_mean_10,-5.834979,sensor_8_rolling_std_20,-5.4165506,sensor_4_rolling_mean_10,4.8185654,sensor_20_rolling_mean_10,4.673357,sensor_2_rolling_mean_10,4.4994392,sensor_3_rolling_mean_5,4.3742733
46,192,64.0,113.69915008544922,49.69915008544922,sensor_4_rolling_mean_5,6.458485,sensor_3_rolling_mean_10,5.14624,sensor_14_rolling_mean_20,4.491992,sensor_4_rolling_mean_10,3.6964512,sensor_6_rolling_std_20,3.57685,sensor_8_rolling_mean_20,-7.011099,sensor_11_rolling_mean_5,-5.9996257,sensor_21_rolling_mean_10,-5.944035,sensor_8_rolling_std_20,-4.404246,sensor_14_rolling_std_20,-3.2529407,sensor_8_rolling_mean_20,-7.011099,sensor_4_rolling_mean_5,6.458485,sensor_11_rolling_mean_5,-5.9996257,sensor_21_rolling_mean_10,-5.944035,sensor_3_rolling_mean_10,5.14624,sensor_14_rolling_mean_20,4.491992,sensor_8_rolling_std_20,-4.404246,sensor_4_rolling_mean_10,3.6964512,sensor_6_rolling_std_20,3.57685,sensor_9_rolling_mean_10,3.574892
46,193,63.0,113.47490692138672,50.47490692138672,sensor_4_rolling_mean_5,6.2626657,sensor_3_rolling_mean_10,5.1447954,sensor_4_rolling_mean_10,4.6113734,sensor_9_rolling_mean_10,3.9389107,sensor_3_rolling_std_20,3.7283037,sensor_21_rolling_mean_10,-6.950749,sensor_11_rolling_mean_5,-5.9479733,sensor_8_rolling_mean_20,-5.719081,sensor_8_rolling_std_20,-4.647335,sensor_14_rolling_std_20,-4.0115128,sensor_21_rolling_mean_10,-6.950749,sensor_4_rolling_mean_5,6.2626657,sensor_11_rolling_mean_5,-5.9479733,sensor_8_rolling_mean_20,-5.719081,sensor_3_rolling_mean_10,5.1447954,sensor_8_rolling_std_20,-4.647335,sensor_4_rolling_mean_10,4.6113734,sensor_14_rolling_std_20,-4.0115128,sensor_9_rolling_mean_10,3.9389107,sensor_3_rolling_std_20,3.7283037
46,194,62.0,114.9397201538086,52.939720153808594,sensor_3_rolling_mean_10,6.1215234,sensor_4_rolling_mean_10,4.4202976,sensor_14_rolling_mean_20,4.1599813,sensor_9_rolling_mean_10,3.566457,sensor_2_rolling_mean_10,3.4087646,sensor_21_rolling_mean_10,-7.072904,sensor_8_rolling_std_20,-5.695514,sensor_8_rolling_mean_20,-5.4654374,sensor_15_rolling_mean_5,-4.2580633,sensor_15_rolling_mean_10,-4.170991,sensor_21_rolling_mean_10,-7.072904,sensor_3_rolling_mean_10,6.1215234,sensor_8_rolling_std_20,-5.695514,sensor_8_rolling_mean_20,-5.4654374,sensor_4_rolling_mean_10,4.4202976,sensor_15_rolling_mean_5,-4.2580633,sensor_15_rolling_mean_10,-4.170991,sensor_14_rolling_mean_20,4.1599813,sensor_9_rolling_mean_10,3.566457,sensor_2_rolling_mean_10,3.4087646
46,195,61.0,116.86228942871094,55.86228942871094,sensor_4_rolling_mean_5,6.386446,sensor_3_rolling_mean_10,6.0058737,sensor_4_rolling_mean_10,5.076487,sensor_20_rolling_mean_10,3.8972251,sensor_6_rolling_std_20,3.5896509,sensor_8_rolling_std_20,-7.6619296,sensor_8_rolling_mean_20,-6.6409597,sensor_21_rolling_mean_10,-5.9480076,sensor_15_rolling_mean_10,-5.105851,sensor_15_rolling_mean_5,-4.6626887,sensor_8_rolling_std_20,-7.6619296,sensor_8_rolling_mean_20,-6.6409597,sensor_4_rolling_mean_5,6.386446,sensor_3_rolling_mean_10,6.0058737,sensor_21_rolling_mean_10,-5.9480076,sensor_15_rolling_mean_10,-5.105851,sensor_4_rolling_mean_10,5.076487,sensor_15_rolling_mean_5,-4.6626887,sensor_20_rolling_mean_10,3.8972251,sensor_6_rolling_std_20,3.5896509
46,196,60.0,111.36334228515625,51.36334228515625,sensor_3_rolling_mean_10,4.669254,sensor_14_rolling_mean_20,3.9529896,sensor_4_rolling_mean_10,3.8639991,sensor_9_rolling_mean_10,3.752236,sensor_2_rolling_mean_10,3.58532,sensor_21_rolling_mean_10,-6.806962,sensor_8_rolling_std_20,-5.941635,sensor_15_rolling_mean_10,-5.2163687,sensor_15_rolling_mean_5,-5.029558,sensor_8_rolling_mean_20,-4.4594107,sensor_21_rolling_mean_10,-6.806962,sensor_8_rolling_std_20,-5.941635,sensor_15_rolling_mean_10,-5.2163687,sensor_15_rolling_mean_5,-5.029558,sensor_3_rolling_mean_10,4.669254,sensor_8_rolling_mean_20,-4.4594107,sensor_14_rolling_mean_20,3.9529896,sensor_4_rolling_mean_10,3.8639991,sensor_9_rolling_mean_10,3.752236,sensor_2_rolling_mean_10,3.58532
46,197,59.0,100.61544799804688,41.615447998046875,sensor_14_rolling_mean_20,3.8914866,sensor_9_rolling_mean_10,3.5355868,sensor_3_rolling_mean_10,3.1938431,sensor_4_rolling_mean_10,3.1472707,sensor_4_rolling_mean_5,3.0272057,sensor_8_rolling_std_20,-6.870584,sensor_21_rolling_mean_10,-6.8342004,sensor_8_rolling_mean_20,-6.213863,sensor_15_rolling_mean_10,-4.8782535,sensor_15_rolling_mean_5,-4.4468074,sensor_8_rolling_std_20,-6.870584,sensor_21_rolling_mean_10,-6.8342004,sensor_8_rolling_mean_20,-6.213863,sensor_15_rolling_mean_10,-4.8782535,sensor_15_rolling_mean_5,-4.4468074,sensor_14_rolling_mean_20,3.8914866,sensor_9_rolling_mean_10,3.5355868,sensor_7_rolling_mean_20,-3.2047803,sensor_3_rolling_mean_10,3.1938431,sensor_4_rolling_mean_10,3.1472707
46,198,58.0,114.37698364257812,56.376983642578125,sensor_3_rolling_mean_10,5.014025,sensor_20_rolling_mean_10,3.7827892,sensor_20_rolling_std_20,3.746443,sensor_14_rolling_mean_20,3.3548374,sensor_9_rolling_mean_10,3.1229165,sensor_21_rolling_mean_10,-7.0669374,sensor_8_rolling_std_20,-6.4660363,sensor_15_rolling_mean_5,-5.64813,sensor_15_rolling_mean_10,-4.9938936,sensor_7_rolling_mean_20,-2.9558094,sensor_21_rolling_mean_10,-7.0669374,sensor_8_rolling_std_20,-6.4660363,sensor_15_rolling_mean_5,-5.64813,sensor_3_rolling_mean_10,5.014025,sensor_15_rolling_mean_10,-4.9938936,sensor_20_rolling_mean_10,3.7827892,sensor_20_rolling_std_20,3.746443,sensor_14_rolling_mean_20,3.3548374,sensor_9_rolling_mean_10,3.1229165,sensor_2_rolling_mean_10,3.0829406
46,199,57.0,92.1424560546875,35.1424560546875,sensor_17_rolling_std_20,3.9219766,sensor_20_rolling_std_20,3.0444756,sensor_14_rolling_mean_20,2.9801178,sensor_9_rolling_mean_10,2.7420557,sensor_20_rolling_mean_20,2.6532774,sensor_21_rolling_mean_10,-6.2365503,sensor_15_rolling_mean_10,-5.5414543,sensor_15_rolling_mean_5,-5.3837237,sensor_8_rolling_std_20,-4.9495516,sensor_4,-3.4248703,sensor_21_rolling_mean_10,-6.2365503,sensor_15_rolling_mean_10,-5.5414543,sensor_15_rolling_mean_5,-5.3837237,sensor_8_rolling_std_20,-4.9495516,sensor_17_rolling_std_20,3.9219766,sensor_4,-3.4248703,sensor_20_rolling_std_20,3.0444756,sensor_14_rolling_mean_20,2.9801178,sensor_21_rolling_mean_5,-2.961302,sensor_13_rolling_std_20,-2.9559278
46,200,56.0,90.1681900024414,34.168190002441406,sensor_2_rolling_mean_10,4.6152835,sensor_17_rolling_std_20,4.3005834,sensor_14_rolling_mean_20,3.974339,sensor_20_rolling_std_20,3.7872198,sensor_20_rolling_mean_10,2.961311,sensor_4_rolling_mean_5,-12.003809,sensor_15_rolling_mean_10,-6.6678476,sensor_15_rolling_mean_5,-5.843626,sensor_8_rolling_std_20,-5.6844583,sensor_13_rolling_std_20,-3.8611436,sensor_4_rolling_mean_5,-12.003809,sensor_15_rolling_mean_10,-6.6678476,sensor_15_rolling_mean_5,-5.843626,sensor_8_rolling_std_20,-5.6844583,sensor_2_rolling_mean_10,4.6152835,sensor_17_rolling_std_20,4.3005834,sensor_14_rolling_mean_20,3.974339,sensor_13_rolling_std_20,-3.8611436,sensor_20_rolling_std_20,3.7872198,sensor_21_rolling_mean_10,-3.7264333
46,201,55.0,87.60869598388672,32.60869598388672,sensor_2_rolling_mean_10,5.9557095,sensor_17_rolling_std_20,5.6875405,sensor_11_rolling_std_20,4.1053963,sensor_20_rolling_std_20,3.7115817,sensor_14_rolling_mean_20,3.6342645,sensor_4_rolling_mean_5,-12.309585,sensor_15_rolling_mean_10,-6.0792484,sensor_4_rolling_mean_10,-5.1635914,sensor_8_rolling_std_20,-4.8513207,sensor_13_rolling_std_20,-4.6788487,sensor_4_rolling_mean_5,-12.309585,sensor_15_rolling_mean_10,-6.0792484,sensor_2_rolling_mean_10,5.9557095,sensor_17_rolling_std_20,5.6875405,sensor_4_rolling_mean_10,-5.1635914,sensor_8_rolling_std_20,-4.8513207,sensor_13_rolling_std_20,-4.6788487,sensor_11_rolling_std_20,4.1053963,sensor_21_rolling_mean_10,-3.875137,sensor_20_rolling_std_20,3.7115817
46,202,54.0,86.45580291748047,32.45580291748047,sensor_2_rolling_mean_10,5.41391,sensor_17_rolling_std_20,5.331129,sensor_14_rolling_mean_20,3.7970943,sensor_11_rolling_std_20,3.688084,sensor_20_rolling_std_20,3.2153294,sensor_4_rolling_mean_5,-12.375083,sensor_11_rolling_mean_5,-7.6055217,sensor_13_rolling_std_20,-6.167675,sensor_15_rolling_mean_10,-5.7204022,sensor_4_rolling_mean_10,-5.0007772,sensor_4_rolling_mean_5,-12.375083,sensor_11_rolling_mean_5,-7.6055217,sensor_13_rolling_std_20,-6.167675,sensor_15_rolling_mean_10,-5.7204022,sensor_2_rolling_mean_10,5.41391,sensor_17_rolling_std_20,5.331129,sensor_4_rolling_mean_10,-5.0007772,sensor_15_rolling_mean_5,-4.8307147,sensor_8_rolling_std_20,-4.168151,sensor_14_rolling_mean_20,3.7970943
46,203,53.0,81.6794204711914,28.679420471191406,sensor_17_rolling_std_20,4.6126933,sensor_2_rolling_mean_10,4.022622,sensor_11_rolling_std_20,3.8458445,sensor_14_rolling_mean_20,3.6955082,sensor_15_rolling_mean_5,3.5379584,sensor_4_rolling_mean_5,-12.611284,sensor_11_rolling_mean_5,-8.123515,sensor_15_rolling_mean_10,-5.833923,sensor_4_rolling_mean_10,-4.169051,sensor_13_rolling_std_20,-4.0159307,sensor_4_rolling_mean_5,-12.611284,sensor_11_rolling_mean_5,-8.123515,sensor_15_rolling_mean_10,-5.833923,sensor_17_rolling_std_20,4.6126933,sensor_4_rolling_mean_10,-4.169051,sensor_2_rolling_mean_10,4.022622,sensor_13_rolling_std_20,-4.0159307,sensor_11_rolling_std_20,3.8458445,sensor_21_rolling_mean_10,-3.787326,sensor_14_rolling_mean_20,3.6955082
46,204,52.0,75.40843200683594,23.408432006835938,sensor_17_rolling_std_20,7.2934823,sensor_2_rolling_mean_10,4.7228003,sensor_14_rolling_mean_20,4.0745015,sensor_15_rolling_mean_5,2.7956533,sensor_9_rolling_mean_10,2.3104506,sensor_4_rolling_mean_5,-12.739264,sensor_11_rolling_mean_5,-8.438518,sensor_13_rolling_std_20,-4.0216002,sensor_4_rolling_mean_10,-3.9876564,sensor_15_rolling_mean_10,-3.9502594,sensor_4_rolling_mean_5,-12.739264,sensor_11_rolling_mean_5,-8.438518,sensor_17_rolling_std_20,7.2934823,sensor_2_rolling_mean_10,4.7228003,sensor_14_rolling_mean_20,4.0745015,sensor_13_rolling_std_20,-4.0216002,sensor_4_rolling_mean_10,-3.9876564,sensor_15_rolling_mean_10,-3.9502594,sensor_8_rolling_std_20,-3.51274,sensor_21_rolling_mean_10,-3.1930285
46,205,51.0,70.43215942382812,19.432159423828125,sensor_17_rolling_std_20,6.055876,sensor_8_rolling_mean_20,5.4043865,sensor_2_rolling_mean_10,3.9457576,sensor_14_rolling_mean_20,3.6684623,sensor_11_rolling_std_20,2.4458163,sensor_11_rolling_mean_5,-8.76683,sensor_13_rolling_std_20,-6.5438366,sensor_21_rolling_mean_10,-5.5996194,sensor_4_rolling_mean_10,-5.5017757,sensor_15_rolling_mean_10,-4.7213364,sensor_11_rolling_mean_5,-8.76683,sensor_13_rolling_std_20,-6.5438366,sensor_17_rolling_std_20,6.055876,sensor_21_rolling_mean_10,-5.5996194,sensor_4_rolling_mean_10,-5.5017757,sensor_8_rolling_mean_20,5.4043865,sensor_15_rolling_mean_10,-4.7213364,sensor_2_rolling_mean_10,3.9457576,sensor_20_rolling_mean_10,-3.8801057,sensor_14_rolling_mean_20,3.6684623
46,206,50.0,75.4634780883789,25.463478088378906,sensor_17_rolling_std_20,5.001711,sensor_2_rolling_mean_10,4.630361,sensor_8_rolling_mean_20,4.5506754,sensor_14_rolling_mean_20,3.6049533,sensor_13_rolling_mean_20,2.3696978,sensor_11_rolling_mean_5,-8.034602,sensor_4_rolling_mean_10,-6.293392,sensor_21_rolling_mean_10,-5.784607,sensor_15_rolling_mean_10,-4.736163,sensor_15_rolling_mean_5,-4.6344094,sensor_11_rolling_mean_5,-8.034602,sensor_4_rolling_mean_10,-6.293392,sensor_21_rolling_mean_10,-5.784607,sensor_17_rolling_std_20,5.001711,sensor_15_rolling_mean_10,-4.736163,sensor_15_rolling_mean_5,-4.6344094,sensor_2_rolling_mean_10,4.630361,sensor_13_rolling_std_20,-4.587246,sensor_8_rolling_mean_20,4.5506754,sensor_20_rolling_mean_10,-3.694479
46,207,49.0,79.9710464477539,30.971046447753906,sensor_14_rolling_mean_20,4.8334246,sensor_17_rolling_std_20,4.5471396,sensor_2_rolling_mean_10,4.2138314,sensor_8_rolling_mean_20,3.9072444,sensor_3,2.5901496,sensor_11_rolling_mean_5,-8.446025,sensor_21_rolling_mean_10,-6.0920715,sensor_13_rolling_std_20,-5.749064,sensor_4_rolling_mean_10,-5.5207276,sensor_15_rolling_mean_5,-5.071495,sensor_11_rolling_mean_5,-8.446025,sensor_21_rolling_mean_10,-6.0920715,sensor_13_rolling_std_20,-5.749064,sensor_4_rolling_mean_10,-5.5207276,sensor_15_rolling_mean_5,-5.071495,sensor_8_rolling_std_20,-4.8860254,sensor_14_rolling_mean_20,4.8334246,sensor_17_rolling_std_20,4.5471396,sensor_15_rolling_mean_10,-4.22999,sensor_2_rolling_mean_10,4.2138314
46,208,48.0,73.70221710205078,25.70221710205078,sensor_2_rolling_mean_10,5.3005967,sensor_8_rolling_mean_20,4.9958105,sensor_14_rolling_mean_20,4.506952,sensor_17_rolling_std_20,4.1196523,sensor_7_rolling_mean_20,2.5296993,sensor_11_rolling_mean_5,-7.9570127,sensor_4_rolling_mean_10,-6.573067,sensor_13_rolling_std_20,-5.2128353,sensor_4_rolling_mean_5,-4.6965117,sensor_15_rolling_mean_5,-4.6846876,sensor_11_rolling_mean_5,-7.9570127,sensor_4_rolling_mean_10,-6.573067,sensor_2_rolling_mean_10,5.3005967,sensor_13_rolling_std_20,-5.2128353,sensor_8_rolling_mean_20,4.9958105,sensor_4_rolling_mean_5,-4.6965117,sensor_15_rolling_mean_5,-4.6846876,sensor_14_rolling_mean_20,4.506952,sensor_21_rolling_mean_10,-4.49137,sensor_15_rolling_mean_10,-4.4173536
46,209,47.0,78.77522277832031,31.775222778320312,sensor_2_rolling_mean_10,5.0092454,sensor_17_rolling_std_20,4.4808345,sensor_8_rolling_mean_20,4.4212465,sensor_14_rolling_mean_20,3.9451683,sensor_2_rolling_mean_5,3.0423362,sensor_11_rolling_mean_5,-6.2183723,sensor_4_rolling_mean_10,-6.1979175,sensor_15_rolling_mean_5,-5.298732,sensor_13_rolling_std_20,-5.2517767,sensor_21_rolling_mean_10,-4.9047046,sensor_11_rolling_mean_5,-6.2183723,sensor_4_rolling_mean_10,-6.1979175,sensor_15_rolling_mean_5,-5.298732,sensor_13_rolling_std_20,-5.2517767,sensor_2_rolling_mean_10,5.0092454,sensor_21_rolling_mean_10,-4.9047046,sensor_15_rolling_mean_10,-4.837129,sensor_17_rolling_std_20,4.4808345,sensor_8_rolling_mean_20,4.4212465,sensor_20_rolling_mean_10,-4.284926
46,210,46.0,71.23844909667969,25.238449096679688,sensor_8_rolling_mean_20,4.2216806,sensor_17_rolling_std_20,3.650803,sensor_14_rolling_mean_20,2.9327695,sensor_15_rolling_mean_20,2.471958,sensor_6_rolling_std_5,2.4711611,sensor_11_rolling_mean_5,-6.9265814,sensor_21_rolling_mean_10,-6.7360787,sensor_15_rolling_mean_5,-6.0101914,sensor_13_rolling_std_20,-5.640614,sensor_8_rolling_std_20,-4.9266615,sensor_11_rolling_mean_5,-6.9265814,sensor_21_rolling_mean_10,-6.7360787,sensor_15_rolling_mean_5,-6.0101914,sensor_13_rolling_std_20,-5.640614,sensor_8_rolling_std_20,-4.9266615,sensor_15_rolling_mean_10,-4.4159555,sensor_8_rolling_mean_20,4.2216806,sensor_20_rolling_mean_10,-4.081854,sensor_17_rolling_std_20,3.650803,sensor_14_rolling_mean_20,2.9327695
46,211,45.0,84.39649200439453,39.39649200439453,sensor_8_rolling_mean_20,3.7718575,sensor_14_rolling_mean_20,3.7694423,sensor_7_rolling_mean_20,3.1441958,sensor_2_rolling_mean_10,2.9409058,sensor_15_rolling_mean_20,2.9337997,sensor_11_rolling_mean_5,-7.803402,sensor_21_rolling_mean_10,-6.645816,sensor_15_rolling_mean_5,-5.3678927,sensor_13_rolling_std_20,-4.8719816,sensor_8_rolling_std_20,-4.5679684,sensor_11_rolling_mean_5,-7.803402,sensor_21_rolling_mean_10,-6.645816,sensor_15_rolling_mean_5,-5.3678927,sensor_13_rolling_std_20,-4.8719816,sensor_8_rolling_std_20,-4.5679684,sensor_15_rolling_mean_10,-4.4281344,sensor_20_rolling_mean_10,-4.1563325,sensor_8_rolling_mean_20,3.7718575,sensor_14_rolling_mean_20,3.7694423,sensor_7_rolling_mean_20,3.1441958
46,212,44.0,78.57178497314453,34.57178497314453,sensor_3_rolling_mean_10,5.424074,sensor_8_rolling_mean_20,3.845722,sensor_14_rolling_mean_20,3.793866,sensor_2_rolling_mean_10,3.755887,sensor_7_rolling_mean_20,3.2201777,sensor_4_rolling_mean_5,-8.383553,sensor_11_rolling_mean_5,-6.4117756,sensor_4_rolling_mean_10,-5.692438,sensor_15_rolling_mean_5,-5.610861,sensor_8_rolling_std_20,-4.807433,sensor_4_rolling_mean_5,-8.383553,sensor_11_rolling_mean_5,-6.4117756,sensor_4_rolling_mean_10,-5.692438,sensor_15_rolling_mean_5,-5.610861,sensor_3_rolling_mean_10,5.424074,sensor_8_rolling_std_20,-4.807433,sensor_21_rolling_mean_10,-4.319374,sensor_20_rolling_mean_10,-4.075418,sensor_15_rolling_mean_10,-4.045032,sensor_8_rolling_mean_20,3.845722
46,213,43.0,58.0994758605957,15.099475860595703,sensor_3_rolling_mean_10,3.8587506,sensor_17_rolling_std_20,3.7463865,sensor_2_rolling_mean_10,3.4448285,sensor_8_rolling_mean_20,3.2076836,sensor_7_rolling_mean_20,3.0181615,sensor_4_rolling_mean_5,-13.299688,sensor_15_rolling_mean_5,-6.4267516,sensor_11_rolling_mean_5,-6.366401,sensor_4_rolling_mean_10,-5.980946,sensor_15_rolling_mean_10,-5.3312297,sensor_4_rolling_mean_5,-13.299688,sensor_15_rolling_mean_5,-6.4267516,sensor_11_rolling_mean_5,-6.366401,sensor_4_rolling_mean_10,-5.980946,sensor_15_rolling_mean_10,-5.3312297,sensor_8_rolling_std_20,-4.802609,sensor_13_rolling_std_20,-4.5472383,sensor_20_rolling_mean_10,-4.0986047,sensor_3_rolling_mean_10,3.8587506,sensor_17_rolling_std_20,3.7463865
46,214,42.0,65.14681243896484,23.146812438964844,sensor_3_rolling_mean_10,4.88605,sensor_8_rolling_mean_20,3.2824824,sensor_12_rolling_mean_20,2.8904557,sensor_2_rolling_mean_10,2.8813548,sensor_17_rolling_std_20,2.7089934,sensor_4_rolling_mean_5,-13.587868,sensor_4_rolling_mean_10,-6.80747,sensor_11_rolling_mean_5,-6.3719683,sensor_15_rolling_mean_5,-6.2011333,sensor_15_rolling_mean_10,-5.592279,sensor_4_rolling_mean_5,-13.587868,sensor_4_rolling_mean_10,-6.80747,sensor_11_rolling_mean_5,-6.3719683,sensor_15_rolling_mean_5,-6.2011333,sensor_15_rolling_mean_10,-5.592279,sensor_3_rolling_mean_10,4.88605,sensor_20_rolling_mean_10,-3.947909,sensor_8_rolling_std_20,-3.9314847,sensor_20_rolling_std_20,-3.5693471,sensor_8_rolling_mean_20,3.2824824
46,215,41.0,75.75430297851562,34.754302978515625,sensor_3_rolling_mean_10,5.466737,sensor_12_rolling_mean_20,3.8774776,sensor_17_rolling_std_20,3.734494,sensor_14_rolling_mean_20,3.5744483,sensor_2_rolling_mean_10,3.4575665,sensor_4_rolling_mean_5,-13.878011,sensor_11_rolling_mean_5,-7.054945,sensor_4_rolling_mean_10,-6.7923255,sensor_15_rolling_mean_10,-5.2260337,sensor_15_rolling_mean_5,-5.0197697,sensor_4_rolling_mean_5,-13.878011,sensor_11_rolling_mean_5,-7.054945,sensor_4_rolling_mean_10,-6.7923255,sensor_3_rolling_mean_10,5.466737,sensor_15_rolling_mean_10,-5.2260337,sensor_15_rolling_mean_5,-5.0197697,sensor_20_rolling_mean_10,-4.0397716,sensor_12_rolling_mean_20,3.8774776,sensor_17_rolling_std_20,3.734494,sensor_14_rolling_mean_20,3.5744483
46,216,40.0,74.51344299316406,34.51344299316406,sensor_3_rolling_mean_10,4.0626206,sensor_17_rolling_std_20,3.860733,sensor_12_rolling_mean_20,3.811907,sensor_14_rolling_mean_20,2.9838963,sensor_7_rolling_mean_20,2.73487,sensor_4_rolling_mean_5,-13.829395,sensor_11_rolling_mean_5,-7.2608767,sensor_4_rolling_mean_10,-6.712612,sensor_15_rolling_mean_10,-5.3428507,sensor_15_rolling_mean_5,-5.247966,sensor_4_rolling_mean_5,-13.829395,sensor_11_rolling_mean_5,-7.2608767,sensor_4_rolling_mean_10,-6.712612,sensor_15_rolling_mean_10,-5.3428507,sensor_15_rolling_mean_5,-5.247966,sensor_20_rolling_mean_10,-4.142841,sensor_3_rolling_mean_10,4.0626206,sensor_17_rolling_std_20,3.860733,sensor_12_rolling_mean_20,3.811907,sensor_20_rolling_std_20,-3.3826938
46,217,39.0,75.52484893798828,36.52484893798828,sensor_14_rolling_mean_20,4.20772,sensor_12_rolling_mean_20,3.832112,sensor_3_rolling_mean_10,3.5086308,sensor_8_rolling_mean_20,3.29147,sensor_7_rolling_mean_20,3.036839,sensor_4_rolling_mean_5,-14.077734,sensor_11_rolling_mean_5,-7.6761737,sensor_4_rolling_mean_10,-7.3932686,sensor_15_rolling_mean_10,-4.8897285,sensor_20_rolling_mean_10,-3.9841137,sensor_4_rolling_mean_5,-14.077734,sensor_11_rolling_mean_5,-7.6761737,sensor_4_rolling_mean_10,-7.3932686,sensor_15_rolling_mean_10,-4.8897285,sensor_14_rolling_mean_20,4.20772,sensor_20_rolling_mean_10,-3.9841137,sensor_2_rolling_mean_10,-3.8853068,sensor_12_rolling_mean_20,3.832112,sensor_21_rolling_mean_10,-3.6834028,sensor_3_rolling_mean_10,3.5086308
46,218,38.0,60.892845153808594,22.892845153808594,sensor_14_rolling_mean_20,3.685745,sensor_12_rolling_mean_20,3.646222,sensor_8_rolling_std_20,3.2306423,sensor_7_rolling_mean_20,3.2127008,sensor_8_rolling_mean_20,2.9657304,sensor_4_rolling_mean_5,-14.929175,sensor_11_rolling_mean_5,-9.919016,sensor_4_rolling_mean_10,-7.712883,sensor_15_rolling_mean_10,-5.6550984,sensor_20_rolling_mean_10,-4.56563,sensor_4_rolling_mean_5,-14.929175,sensor_11_rolling_mean_5,-9.919016,sensor_4_rolling_mean_10,-7.712883,sensor_15_rolling_mean_10,-5.6550984,sensor_20_rolling_mean_10,-4.56563,sensor_2_rolling_mean_10,-4.1064177,sensor_14_rolling_mean_20,3.685745,sensor_12_rolling_mean_20,3.646222,sensor_20_rolling_std_20,-3.5480945,sensor_21_rolling_mean_10,-3.2511344
46,219,37.0,52.16278839111328,15.162788391113281,sensor_14_rolling_mean_20,4.2197914,sensor_12_rolling_mean_20,3.0537195,sensor_6_rolling_std_5,2.739277,sensor_8_rolling_std_20,2.654414,sensor_20_rolling_mean_20,2.55081,sensor_4_rolling_mean_5,-17.948648,sensor_11_rolling_mean_5,-9.785305,sensor_4_rolling_mean_10,-7.3416276,sensor_15_rolling_mean_10,-5.902584,sensor_20_rolling_mean_10,-5.1154447,sensor_4_rolling_mean_5,-17.948648,sensor_11_rolling_mean_5,-9.785305,sensor_4_rolling_mean_10,-7.3416276,sensor_15_rolling_mean_10,-5.902584,sensor_20_rolling_mean_10,-5.1154447,sensor_21_rolling_mean_10,-4.2312875,sensor_14_rolling_mean_20,4.2197914,sensor_2_rolling_mean_10,-3.9687927,sensor_12_rolling_mean_20,3.0537195,sensor_6_rolling_std_5,2.739277
46,220,36.0,46.6160888671875,10.6160888671875,sensor_14_rolling_mean_20,4.2778683,sensor_12_rolling_mean_20,3.3778226,sensor_20_rolling_mean_20,2.8582437,sensor_8_rolling_mean_20,2.7237337,sensor_8_rolling_std_20,2.484063,sensor_4_rolling_mean_5,-17.074469,sensor_11_rolling_mean_5,-10.479042,sensor_4_rolling_mean_10,-7.475217,sensor_15_rolling_mean_10,-5.7524624,sensor_15_rolling_mean_5,-5.7382526,sensor_4_rolling_mean_5,-17.074469,sensor_11_rolling_mean_5,-10.479042,sensor_4_rolling_mean_10,-7.475217,sensor_15_rolling_mean_10,-5.7524624,sensor_15_rolling_mean_5,-5.7382526,sensor_20_rolling_mean_10,-5.100839,sensor_14_rolling_mean_20,4.2778683,sensor_21_rolling_mean_10,-4.1792035,sensor_12_rolling_mean_20,3.3778226,sensor_2_rolling_mean_10,-3.0818257
46,221,35.0,43.7847785949707,8.784778594970703,sensor_14_rolling_mean_20,4.085009,sensor_12_rolling_mean_20,3.3554235,sensor_20_rolling_mean_20,2.7292035,sensor_8_rolling_mean_20,2.6128633,sensor_15_rolling_mean_20,2.1438785,sensor_4_rolling_mean_5,-18.689913,sensor_11_rolling_mean_5,-10.11558,sensor_4_rolling_mean_10,-7.791717,sensor_15_rolling_mean_5,-5.4755797,sensor_15_rolling_mean_10,-5.3532634,sensor_4_rolling_mean_5,-18.689913,sensor_11_rolling_mean_5,-10.11558,sensor_4_rolling_mean_10,-7.791717,sensor_15_rolling_mean_5,-5.4755797,sensor_15_rolling_mean_10,-5.3532634,sensor_20_rolling_mean_10,-4.751638,sensor_21_rolling_mean_10,-4.246886,sensor_2_rolling_mean_10,-4.0947914,sensor_14_rolling_mean_20,4.085009,sensor_12_rolling_mean_20,3.3554235
46,222,34.0,38.92332458496094,4.9233245849609375,sensor_14_rolling_mean_20,3.7004123,sensor_12_rolling_mean_20,3.464449,sensor_8_rolling_mean_20,3.0436997,sensor_15_rolling_mean_20,2.6583133,sensor_20_rolling_mean_20,2.5418937,sensor_4_rolling_mean_5,-18.108244,sensor_11_rolling_mean_5,-10.777698,sensor_4_rolling_mean_10,-7.5673714,sensor_15_rolling_mean_10,-6.36853,sensor_15_rolling_mean_5,-5.568127,sensor_4_rolling_mean_5,-18.108244,sensor_11_rolling_mean_5,-10.777698,sensor_4_rolling_mean_10,-7.5673714,sensor_15_rolling_mean_10,-6.36853,sensor_15_rolling_mean_5,-5.568127,sensor_20_rolling_mean_10,-5.135539,sensor_21_rolling_mean_10,-4.3235774,sensor_2_rolling_mean_10,-4.0067954,sensor_14_rolling_mean_20,3.7004123,sensor_12_rolling_mean_20,3.464449
46,223,33.0,36.867103576660156,3.8671035766601562,sensor_14_rolling_mean_20,3.8328779,sensor_12_rolling_mean_20,3.4457953,sensor_8_rolling_mean_20,3.339572,sensor_20_rolling_mean_20,2.5679789,sensor_15_rolling_mean_20,2.1223187,sensor_4_rolling_mean_5,-18.003788,sensor_11_rolling_mean_5,-10.87039,sensor_4_rolling_mean_10,-7.3725066,sensor_15_rolling_mean_10,-6.4684606,sensor_15_rolling_mean_5,-5.6802206,sensor_4_rolling_mean_5,-18.003788,sensor_11_rolling_mean_5,-10.87039,sensor_4_rolling_mean_10,-7.3725066,sensor_15_rolling_mean_10,-6.4684606,sensor_15_rolling_mean_5,-5.6802206,sensor_20_rolling_mean_10,-5.109298,sensor_21_rolling_mean_10,-4.2365146,sensor_2_rolling_mean_10,-3.9343169,sensor_14_rolling_mean_20,3.8328779,sensor_12_rolling_mean_20,3.4457953
46,224,32.0,39.556400299072266,7.556400299072266,sensor_14_rolling_mean_20,3.7583127,sensor_8_rolling_mean_20,3.639188,sensor_12_rolling_mean_20,3.3587825,sensor_20_rolling_mean_20,2.6640449,sensor_15_rolling_mean_20,2.6085706,sensor_4_rolling_mean_5,-15.761083,sensor_11_rolling_mean_5,-10.9908905,sensor_4_rolling_mean_10,-7.602621,sensor_15_rolling_mean_5,-5.784931,sensor_15_rolling_mean_10,-5.536148,sensor_4_rolling_mean_5,-15.761083,sensor_11_rolling_mean_5,-10.9908905,sensor_4_rolling_mean_10,-7.602621,sensor_15_rolling_mean_5,-5.784931,sensor_15_rolling_mean_10,-5.536148,sensor_20_rolling_mean_10,-5.13346,sensor_2_rolling_mean_10,-4.6165566,sensor_21_rolling_mean_10,-4.091799,sensor_14_rolling_mean_20,3.7583127,sensor_8_rolling_mean_20,3.639188
46,225,31.0,37.61216735839844,6.6121673583984375,sensor_14_rolling_mean_20,3.7632625,sensor_8_rolling_mean_20,3.4360952,sensor_12_rolling_mean_20,3.330843,sensor_20_rolling_mean_20,2.7774727,sensor_15_rolling_mean_20,2.6290565,sensor_4_rolling_mean_5,-15.676403,sensor_11_rolling_mean_5,-10.623311,sensor_4_rolling_mean_10,-7.5607176,sensor_15_rolling_mean_5,-5.919692,sensor_15_rolling_mean_10,-5.8555803,sensor_4_rolling_mean_5,-15.676403,sensor_11_rolling_mean_5,-10.623311,sensor_4_rolling_mean_10,-7.5607176,sensor_15_rolling_mean_5,-5.919692,sensor_15_rolling_mean_10,-5.8555803,sensor_20_rolling_mean_10,-5.44496,sensor_2_rolling_mean_10,-4.4618015,sensor_21_rolling_mean_10,-4.0130377,sensor_14_rolling_mean_20,3.7632625,sensor_14_rolling_std_20,-3.5411248
46,226,30.0,34.2198371887207,4.219837188720703,sensor_14_rolling_mean_20,3.7114878,sensor_12_rolling_mean_20,3.6234062,sensor_8_rolling_mean_20,3.4754941,sensor_20_rolling_mean_20,2.7630627,sensor_15_rolling_mean_20,2.3645709,sensor_4_rolling_mean_5,-15.634894,sensor_11_rolling_mean_5,-11.502059,sensor_4_rolling_mean_10,-7.1513724,sensor_15_rolling_mean_10,-6.347549,sensor_15_rolling_mean_5,-6.2408895,sensor_4_rolling_mean_5,-15.634894,sensor_11_rolling_mean_5,-11.502059,sensor_4_rolling_mean_10,-7.1513724,sensor_15_rolling_mean_10,-6.347549,sensor_15_rolling_mean_5,-6.2408895,sensor_20_rolling_mean_10,-5.2443967,sensor_21_rolling_mean_10,-4.193847,sensor_2_rolling_mean_10,-4.01106,sensor_14_rolling_mean_20,3.7114878,sensor_12_rolling_mean_20,3.6234062
46,227,29.0,34.93385696411133,5.933856964111328,sensor_14_rolling_mean_20,3.9870496,sensor_12_rolling_mean_20,3.4103303,sensor_8_rolling_mean_20,2.9782734,sensor_15_rolling_mean_20,2.8026628,sensor_20_rolling_mean_20,2.710141,sensor_4_rolling_mean_5,-16.373814,sensor_11_rolling_mean_5,-10.946454,sensor_4_rolling_mean_10,-7.3943076,sensor_15_rolling_mean_10,-6.3104324,sensor_15_rolling_mean_5,-6.1264896,sensor_4_rolling_mean_5,-16.373814,sensor_11_rolling_mean_5,-10.946454,sensor_4_rolling_mean_10,-7.3943076,sensor_15_rolling_mean_10,-6.3104324,sensor_15_rolling_mean_5,-6.1264896,sensor_20_rolling_mean_10,-5.194192,sensor_14_rolling_std_20,-4.564383,sensor_14_rolling_mean_20,3.9870496,sensor_21_rolling_mean_10,-3.9826648,sensor_2_rolling_mean_10,-3.9606316
46,228,28.0,36.56891632080078,8.568916320800781,sensor_14_rolling_mean_20,3.4790757,sensor_12_rolling_mean_20,3.1792693,sensor_15_rolling_mean_20,3.114292,sensor_20_rolling_mean_20,2.622414,sensor_8_rolling_std_20,2.5995095,sensor_4_rolling_mean_5,-16.191685,sensor_11_rolling_mean_5,-11.313713,sensor_4_rolling_mean_10,-7.7894316,sensor_15_rolling_mean_5,-6.1118536,sensor_15_rolling_mean_10,-5.4559474,sensor_4_rolling_mean_5,-16.191685,sensor_11_rolling_mean_5,-11.313713,sensor_4_rolling_mean_10,-7.7894316,sensor_15_rolling_mean_5,-6.1118536,sensor_15_rolling_mean_10,-5.4559474,sensor_20_rolling_mean_10,-5.167914,sensor_14_rolling_std_20,-4.1385484,sensor_2_rolling_mean_10,-4.0156155,sensor_21_rolling_mean_10,-3.845054,sensor_14_rolling_mean_20,3.4790757
46,229,27.0,44.325801849365234,17.325801849365234,sensor_14_rolling_mean_20,3.405701,sensor_12_rolling_mean_20,3.3792248,sensor_8_rolling_mean_20,2.7495122,sensor_15_rolling_mean_20,2.6415603,sensor_20_rolling_mean_20,2.614406,sensor_4_rolling_mean_5,-15.521832,sensor_11_rolling_mean_5,-11.05923,sensor_4_rolling_mean_10,-7.454103,sensor_15_rolling_mean_5,-5.750868,sensor_15_rolling_mean_10,-5.1858883,sensor_4_rolling_mean_5,-15.521832,sensor_11_rolling_mean_5,-11.05923,sensor_4_rolling_mean_10,-7.454103,sensor_15_rolling_mean_5,-5.750868,sensor_15_rolling_mean_10,-5.1858883,sensor_20_rolling_mean_10,-4.8992853,sensor_2_rolling_mean_10,-3.8498316,sensor_21_rolling_mean_10,-3.727748,sensor_14_rolling_std_20,-3.4346302,sensor_14_rolling_mean_20,3.405701
46,230,26.0,39.214439392089844,13.214439392089844,sensor_12_rolling_mean_20,3.347213,sensor_8_rolling_std_20,3.1927986,sensor_15_rolling_mean_20,3.0214028,sensor_8_rolling_mean_20,2.7419052,sensor_20_rolling_mean_20,2.5225356,sensor_4_rolling_mean_5,-15.862981,sensor_11_rolling_mean_5,-11.079444,sensor_4_rolling_mean_10,-7.691955,sensor_15_rolling_mean_5,-5.9867897,sensor_15_rolling_mean_10,-5.673805,sensor_4_rolling_mean_5,-15.862981,sensor_11_rolling_mean_5,-11.079444,sensor_4_rolling_mean_10,-7.691955,sensor_15_rolling_mean_5,-5.9867897,sensor_15_rolling_mean_10,-5.673805,sensor_20_rolling_mean_10,-5.014888,sensor_2_rolling_mean_10,-3.9224048,sensor_21_rolling_mean_10,-3.8139732,sensor_14_rolling_std_20,-3.4152815,sensor_12_rolling_mean_20,3.347213
46,231,25.0,36.809757232666016,11.809757232666016,sensor_12_rolling_mean_20,3.4169183,sensor_8_rolling_std_20,2.9759345,sensor_20_rolling_mean_20,2.7511148,sensor_15_rolling_mean_20,2.734864,sensor_7_rolling_mean_20,2.6070855,sensor_4_rolling_mean_5,-18.632164,sensor_11_rolling_mean_5,-10.735552,sensor_4_rolling_mean_10,-7.835333,sensor_15_rolling_mean_5,-5.924444,sensor_15_rolling_mean_10,-5.5416703,sensor_4_rolling_mean_5,-18.632164,sensor_11_rolling_mean_5,-10.735552,sensor_4_rolling_mean_10,-7.835333,sensor_15_rolling_mean_5,-5.924444,sensor_15_rolling_mean_10,-5.5416703,sensor_20_rolling_mean_10,-5.1394415,sensor_2_rolling_mean_10,-3.8436322,sensor_21_rolling_mean_10,-3.7902956,sensor_14_rolling_std_20,-3.6197948,sensor_12_rolling_mean_20,3.4169183
46,232,24.0,41.27919006347656,17.279190063476562,sensor_12_rolling_mean_20,3.6825469,sensor_14_rolling_mean_20,2.7188687,sensor_20_rolling_mean_20,2.5276382,sensor_8_rolling_mean_20,2.522909,sensor_15_rolling_mean_20,2.5028236,sensor_4_rolling_mean_5,-18.521128,sensor_11_rolling_mean_5,-11.1574335,sensor_4_rolling_mean_10,-7.8227367,sensor_15_rolling_mean_5,-6.0144005,sensor_15_rolling_mean_10,-5.654187,sensor_4_rolling_mean_5,-18.521128,sensor_11_rolling_mean_5,-11.1574335,sensor_4_rolling_mean_10,-7.8227367,sensor_15_rolling_mean_5,-6.0144005,sensor_15_rolling_mean_10,-5.654187,sensor_20_rolling_mean_10,-4.942642,sensor_14_rolling_std_20,-3.9422655,sensor_21_rolling_mean_10,-3.8906128,sensor_2_rolling_mean_10,-3.760045,sensor_12_rolling_mean_20,3.6825469
46,233,23.0,42.83841323852539,19.83841323852539,sensor_12_rolling_mean_20,3.0401285,sensor_14_rolling_mean_20,2.6817868,sensor_7_rolling_mean_20,2.6665049,sensor_15_rolling_mean_20,2.555019,sensor_8_rolling_mean_20,2.507599,sensor_4_rolling_mean_5,-19.577085,sensor_11_rolling_mean_5,-10.369093,sensor_4_rolling_mean_10,-7.777659,sensor_15_rolling_mean_5,-5.7554007,sensor_15_rolling_mean_10,-5.4019737,sensor_4_rolling_mean_5,-19.577085,sensor_11_rolling_mean_5,-10.369093,sensor_4_rolling_mean_10,-7.777659,sensor_15_rolling_mean_5,-5.7554007,sensor_15_rolling_mean_10,-5.4019737,sensor_20_rolling_mean_10,-5.254759,sensor_21_rolling_mean_10,-4.2914433,sensor_2_rolling_mean_10,-4.21002,sensor_14_rolling_std_20,-3.3166184,sensor_21_rolling_mean_5,-3.1147888
46,234,22.0,37.79951858520508,15.799518585205078,sensor_12_rolling_mean_20,3.3216572,sensor_15_rolling_mean_20,2.9846494,sensor_14_rolling_mean_20,2.845254,sensor_8_rolling_mean_20,2.7969744,sensor_7_rolling_mean_20,2.6224027,sensor_4_rolling_mean_5,-19.562002,sensor_11_rolling_mean_5,-10.396416,sensor_4_rolling_mean_10,-7.743347,sensor_15_rolling_mean_5,-5.879554,sensor_15_rolling_mean_10,-5.828078,sensor_4_rolling_mean_5,-19.562002,sensor_11_rolling_mean_5,-10.396416,sensor_4_rolling_mean_10,-7.743347,sensor_15_rolling_mean_5,-5.879554,sensor_15_rolling_mean_10,-5.828078,sensor_20_rolling_mean_10,-5.366494,sensor_21_rolling_mean_10,-4.296421,sensor_2_rolling_mean_10,-4.054272,sensor_14_rolling_std_20,-3.9784837,sensor_12_rolling_mean_20,3.3216572
46,235,21.0,37.74443817138672,16.74443817138672,sensor_12_rolling_mean_20,3.175505,sensor_15_rolling_mean_20,3.0517547,sensor_14_rolling_mean_20,3.0090485,sensor_7_rolling_mean_20,2.599652,sensor_8_rolling_mean_20,2.5663214,sensor_4_rolling_mean_5,-18.738432,sensor_11_rolling_mean_5,-10.873481,sensor_4_rolling_mean_10,-7.6715703,sensor_15_rolling_mean_5,-6.0788193,sensor_15_rolling_mean_10,-5.561016,sensor_4_rolling_mean_5,-18.738432,sensor_11_rolling_mean_5,-10.873481,sensor_4_rolling_mean_10,-7.6715703,sensor_15_rolling_mean_5,-6.0788193,sensor_15_rolling_mean_10,-5.561016,sensor_20_rolling_mean_10,-5.323038,sensor_21_rolling_mean_10,-4.369571,sensor_2_rolling_mean_10,-3.8832734,sensor_13_rolling_std_20,-3.3814127,sensor_14_rolling_std_20,-3.3084273
46,236,20.0,35.64328384399414,15.64328384399414,sensor_14_rolling_mean_20,4.127996,sensor_12_rolling_mean_20,3.327641,sensor_15_rolling_mean_20,3.141938,sensor_20_rolling_mean_20,2.2859006,sensor_13_rolling_mean_20,2.225382,sensor_4_rolling_mean_5,-18.861086,sensor_11_rolling_mean_5,-10.639413,sensor_4_rolling_mean_10,-7.5791326,sensor_15_rolling_mean_5,-6.129105,sensor_15_rolling_mean_10,-5.9846835,sensor_4_rolling_mean_5,-18.861086,sensor_11_rolling_mean_5,-10.639413,sensor_4_rolling_mean_10,-7.5791326,sensor_15_rolling_mean_5,-6.129105,sensor_15_rolling_mean_10,-5.9846835,sensor_20_rolling_mean_10,-5.4774337,sensor_21_rolling_mean_10,-4.4129906,sensor_14_rolling_mean_20,4.127996,sensor_2_rolling_mean_10,-3.6746101,sensor_12_rolling_mean_20,3.327641
46,237,19.0,33.99760055541992,14.997600555419922,sensor_14_rolling_mean_20,3.9676344,sensor_12_rolling_mean_20,3.537701,sensor_15_rolling_mean_20,2.96341,sensor_7_rolling_mean_20,2.4379177,sensor_8_rolling_mean_20,2.3070624,sensor_4_rolling_mean_5,-18.614105,sensor_11_rolling_mean_5,-10.297828,sensor_4_rolling_mean_10,-7.6173267,sensor_15_rolling_mean_5,-6.293134,sensor_15_rolling_mean_10,-6.1885176,sensor_4_rolling_mean_5,-18.614105,sensor_11_rolling_mean_5,-10.297828,sensor_4_rolling_mean_10,-7.6173267,sensor_15_rolling_mean_5,-6.293134,sensor_15_rolling_mean_10,-6.1885176,sensor_20_rolling_mean_10,-5.494213,sensor_21_rolling_mean_10,-4.207274,sensor_14_rolling_mean_20,3.9676344,sensor_2_rolling_mean_10,-3.843503,sensor_12_rolling_mean_20,3.537701
46,238,18.0,36.31185531616211,18.31185531616211,sensor_12_rolling_mean_20,3.4529638,sensor_8_rolling_std_20,3.4326725,sensor_14_rolling_mean_20,3.2901626,sensor_12_rolling_std_10,3.0434802,sensor_15_rolling_mean_20,2.8995166,sensor_4_rolling_mean_5,-16.393402,sensor_11_rolling_mean_5,-12.661869,sensor_4_rolling_mean_10,-7.928322,sensor_15_rolling_mean_5,-6.574702,sensor_15_rolling_mean_10,-6.2905064,sensor_4_rolling_mean_5,-16.393402,sensor_11_rolling_mean_5,-12.661869,sensor_4_rolling_mean_10,-7.928322,sensor_15_rolling_mean_5,-6.574702,sensor_15_rolling_mean_10,-6.2905064,sensor_20_rolling_mean_10,-5.8081613,sensor_2_rolling_mean_10,-4.4927187,sensor_21_rolling_mean_10,-4.210727,sensor_12_rolling_mean_20,3.4529638,sensor_8_rolling_std_20,3.4326725
46,239,17.0,27.50409507751465,10.504095077514648,sensor_14_rolling_mean_20,3.6585486,sensor_12_rolling_mean_20,3.2246795,sensor_8_rolling_std_20,2.7625546,sensor_20_rolling_mean_20,2.6423264,sensor_15_rolling_mean_20,2.4079542,sensor_4_rolling_mean_5,-20.323952,sensor_11_rolling_mean_5,-13.988081,sensor_4_rolling_mean_10,-8.425418,sensor_15_rolling_mean_5,-8.016762,sensor_15_rolling_mean_10,-6.535283,sensor_4_rolling_mean_5,-20.323952,sensor_11_rolling_mean_5,-13.988081,sensor_4_rolling_mean_10,-8.425418,sensor_15_rolling_mean_5,-8.016762,sensor_15_rolling_mean_10,-6.535283,sensor_3_rolling_mean_10,-6.1390452,sensor_20_rolling_mean_10,-5.7467985,sensor_21_rolling_mean_10,-4.51544,sensor_2_rolling_mean_10,-4.315429,sensor_14_rolling_mean_20,3.6585486
46,240,16.0,18.263700485229492,2.263700485229492,sensor_12_rolling_mean_20,3.6475713,sensor_14_rolling_mean_20,3.5711458,sensor_8_rolling_std_20,2.7139,sensor_20_rolling_mean_20,2.650021,sensor_15_rolling_mean_20,2.390819,sensor_4_rolling_mean_5,-20.923456,sensor_11_rolling_mean_5,-14.606233,sensor_4_rolling_mean_10,-8.596605,sensor_15_rolling_mean_5,-8.092174,sensor_15_rolling_mean_10,-6.5566792,sensor_4_rolling_mean_5,-20.923456,sensor_11_rolling_mean_5,-14.606233,sensor_4_rolling_mean_10,-8.596605,sensor_15_rolling_mean_5,-8.092174,sensor_15_rolling_mean_10,-6.5566792,sensor_3_rolling_mean_10,-6.183018,sensor_20_rolling_mean_10,-5.752883,sensor_21_rolling_mean_10,-4.689745,sensor_2_rolling_mean_10,-4.5029926,sensor_12_rolling_mean_20,3.6475713
46,241,15.0,27.96941375732422,12.969413757324219,sensor_14_rolling_mean_20,3.775436,sensor_12_rolling_mean_20,3.1943452,sensor_15_rolling_mean_20,2.7255797,sensor_8_rolling_mean_20,2.6952186,sensor_20_rolling_mean_20,2.4161797,sensor_4_rolling_mean_5,-20.790243,sensor_11_rolling_mean_5,-13.9601345,sensor_4_rolling_mean_10,-8.752255,sensor_15_rolling_mean_5,-7.997921,sensor_15_rolling_mean_10,-6.3208113,sensor_4_rolling_mean_5,-20.790243,sensor_11_rolling_mean_5,-13.9601345,sensor_4_rolling_mean_10,-8.752255,sensor_15_rolling_mean_5,-7.997921,sensor_15_rolling_mean_10,-6.3208113,sensor_3_rolling_mean_10,-5.835815,sensor_20_rolling_mean_10,-5.76853,sensor_21_rolling_mean_10,-4.580738,sensor_14_rolling_mean_20,3.775436,sensor_21_rolling_mean_5,-3.3569686
46,242,14.0,21.0817813873291,7.081781387329102,sensor_14_rolling_mean_20,3.8844995,sensor_12_rolling_mean_20,3.3643196,sensor_20_rolling_mean_20,2.6088905,sensor_15_rolling_mean_20,2.603601,sensor_8_rolling_mean_20,2.357804,sensor_4_rolling_mean_5,-21.717176,sensor_11_rolling_mean_5,-14.594848,sensor_4_rolling_mean_10,-8.513167,sensor_15_rolling_mean_5,-7.890983,sensor_15_rolling_mean_10,-6.584253,sensor_4_rolling_mean_5,-21.717176,sensor_11_rolling_mean_5,-14.594848,sensor_4_rolling_mean_10,-8.513167,sensor_15_rolling_mean_5,-7.890983,sensor_15_rolling_mean_10,-6.584253,sensor_3_rolling_mean_10,-6.06631,sensor_20_rolling_mean_10,-5.960255,sensor_21_rolling_mean_10,-4.730332,sensor_14_rolling_mean_20,3.8844995,sensor_21_rolling_mean_5,-3.406021
46,243,13.0,17.419790267944336,4.419790267944336,sensor_14_rolling_mean_20,3.6398365,sensor_12_rolling_mean_20,3.4368503,sensor_8_rolling_mean_20,2.928577,sensor_20_rolling_mean_20,2.6540742,sensor_15_rolling_mean_20,2.5963526,sensor_4_rolling_mean_5,-22.7693,sensor_11_rolling_mean_5,-14.840096,sensor_4_rolling_mean_10,-8.480167,sensor_15_rolling_mean_5,-7.8652782,sensor_15_rolling_mean_10,-6.7405252,sensor_4_rolling_mean_5,-22.7693,sensor_11_rolling_mean_5,-14.840096,sensor_4_rolling_mean_10,-8.480167,sensor_15_rolling_mean_5,-7.8652782,sensor_15_rolling_mean_10,-6.7405252,sensor_20_rolling_mean_10,-5.9597387,sensor_3_rolling_mean_10,-5.7043643,sensor_21_rolling_mean_10,-4.786172,sensor_21_rolling_mean_5,-3.7297096,sensor_14_rolling_mean_20,3.6398365
46,244,12.0,16.836326599121094,4.836326599121094,sensor_14_rolling_mean_20,4.1665287,sensor_12_rolling_mean_20,3.2041428,sensor_20_rolling_mean_20,2.7818828,sensor_15_rolling_mean_20,2.6101866,sensor_8_rolling_mean_20,2.411624,sensor_4_rolling_mean_5,-22.0523,sensor_11_rolling_mean_5,-14.796729,sensor_4_rolling_mean_10,-8.560356,sensor_15_rolling_mean_5,-8.2827635,sensor_15_rolling_mean_10,-6.655819,sensor_4_rolling_mean_5,-22.0523,sensor_11_rolling_mean_5,-14.796729,sensor_4_rolling_mean_10,-8.560356,sensor_15_rolling_mean_5,-8.2827635,sensor_15_rolling_mean_10,-6.655819,sensor_3_rolling_mean_10,-6.1590533,sensor_20_rolling_mean_10,-5.9464493,sensor_21_rolling_mean_10,-4.727137,sensor_2_rolling_mean_10,-4.458583,sensor_14_rolling_mean_20,4.1665287
46,245,11.0,12.97032356262207,1.9703235626220703,sensor_12_rolling_mean_20,3.4074082,sensor_14_rolling_mean_20,3.0666597,sensor_8_rolling_mean_20,3.059975,sensor_15_rolling_mean_20,2.7742705,sensor_20_rolling_mean_20,2.5701418,sensor_4_rolling_mean_5,-22.049637,sensor_11_rolling_mean_5,-14.969276,sensor_15_rolling_mean_5,-8.122444,sensor_4_rolling_mean_10,-7.921524,sensor_15_rolling_mean_10,-6.8682485,sensor_4_rolling_mean_5,-22.049637,sensor_11_rolling_mean_5,-14.969276,sensor_15_rolling_mean_5,-8.122444,sensor_4_rolling_mean_10,-7.921524,sensor_15_rolling_mean_10,-6.8682485,sensor_3_rolling_mean_10,-6.1205645,sensor_20_rolling_mean_10,-6.0599303,sensor_2_rolling_mean_10,-5.0067515,sensor_21_rolling_mean_10,-4.8181367,sensor_21_rolling_mean_5,-3.960536
46,246,10.0,12.081245422363281,2.0812454223632812,sensor_12_rolling_mean_20,3.3293762,sensor_8_rolling_mean_20,2.981739,sensor_20_rolling_mean_20,2.9515922,sensor_14_rolling_mean_20,2.8703682,sensor_15_rolling_mean_20,2.6241426,sensor_4_rolling_mean_5,-22.256996,sensor_11_rolling_mean_5,-14.773635,sensor_15_rolling_mean_5,-8.2981615,sensor_4_rolling_mean_10,-8.020602,sensor_15_rolling_mean_10,-7.23882,sensor_4_rolling_mean_5,-22.256996,sensor_11_rolling_mean_5,-14.773635,sensor_15_rolling_mean_5,-8.2981615,sensor_4_rolling_mean_10,-8.020602,sensor_15_rolling_mean_10,-7.23882,sensor_20_rolling_mean_10,-6.2322836,sensor_3_rolling_mean_10,-6.2192216,sensor_2_rolling_mean_10,-4.964603,sensor_21_rolling_mean_10,-4.716053,sensor_21_rolling_mean_5,-4.0978937
46,247,9.0,11.647822380065918,2.647822380065918,sensor_8_rolling_mean_20,3.2035196,sensor_12_rolling_mean_20,3.1509504,sensor_14_rolling_mean_20,3.0592885,sensor_20_rolling_mean_20,2.716465,sensor_15_rolling_mean_20,2.5711918,sensor_4_rolling_mean_5,-22.646927,sensor_11_rolling_mean_5,-15.733114,sensor_15_rolling_mean_5,-8.435681,sensor_4_rolling_mean_10,-8.201895,sensor_15_rolling_mean_10,-7.1592803,sensor_4_rolling_mean_5,-22.646927,sensor_11_rolling_mean_5,-15.733114,sensor_15_rolling_mean_5,-8.435681,sensor_4_rolling_mean_10,-8.201895,sensor_15_rolling_mean_10,-7.1592803,sensor_3_rolling_mean_10,-6.198737,sensor_20_rolling_mean_10,-6.1114955,sensor_2_rolling_mean_10,-5.6170874,sensor_21_rolling_mean_10,-4.747429,sensor_21_rolling_mean_5,-3.8617933
46,248,8.0,6.600848197937012,-1.3991518020629883,sensor_14_rolling_mean_20,3.878257,sensor_8_rolling_mean_20,3.1632574,sensor_12_rolling_mean_20,3.1630106,sensor_20_rolling_mean_20,2.8210628,sensor_9_rolling_mean_10,2.348025,sensor_4_rolling_mean_5,-22.954443,sensor_11_rolling_mean_5,-15.9924755,sensor_15_rolling_mean_5,-8.646667,sensor_4_rolling_mean_10,-8.434291,sensor_15_rolling_mean_10,-7.220179,sensor_4_rolling_mean_5,-22.954443,sensor_11_rolling_mean_5,-15.9924755,sensor_15_rolling_mean_5,-8.646667,sensor_4_rolling_mean_10,-8.434291,sensor_15_rolling_mean_10,-7.220179,sensor_3_rolling_mean_10,-6.7757225,sensor_20_rolling_mean_10,-6.0273247,sensor_2_rolling_mean_10,-5.575691,sensor_21_rolling_mean_10,-4.9048433,sensor_14_rolling_mean_20,3.878257
46,249,7.0,8.026926040649414,1.026926040649414,sensor_14_rolling_mean_20,4.2273865,sensor_12_rolling_mean_20,3.2002068,sensor_8_rolling_mean_20,3.0224922,sensor_20_rolling_mean_20,2.6755416,sensor_15_rolling_mean_20,2.427446,sensor_4_rolling_mean_5,-22.952768,sensor_11_rolling_mean_5,-15.906364,sensor_15_rolling_mean_5,-9.069839,sensor_4_rolling_mean_10,-8.5674095,sensor_15_rolling_mean_10,-7.452537,sensor_4_rolling_mean_5,-22.952768,sensor_11_rolling_mean_5,-15.906364,sensor_15_rolling_mean_5,-9.069839,sensor_4_rolling_mean_10,-8.5674095,sensor_15_rolling_mean_10,-7.452537,sensor_3_rolling_mean_10,-6.381117,sensor_20_rolling_mean_10,-6.010918,sensor_2_rolling_mean_10,-5.76578,sensor_21_rolling_mean_10,-4.8121595,sensor_14_rolling_mean_20,4.2273865
46,250,6.0,5.244114398956299,-0.7558856010437012,sensor_14_rolling_mean_20,5.7899227,sensor_12_rolling_mean_20,3.2434173,sensor_8_rolling_mean_20,3.049449,sensor_15_rolling_mean_20,2.5545683,sensor_20_rolling_mean_20,2.3827195,sensor_4_rolling_mean_5,-22.395674,sensor_11_rolling_mean_5,-16.490885,sensor_4_rolling_mean_10,-8.866303,sensor_15_rolling_mean_5,-8.785551,sensor_15_rolling_mean_10,-7.6437907,sensor_4_rolling_mean_5,-22.395674,sensor_11_rolling_mean_5,-16.490885,sensor_4_rolling_mean_10,-8.866303,sensor_15_rolling_mean_5,-8.785551,sensor_15_rolling_mean_10,-7.6437907,sensor_3_rolling_mean_10,-6.3029184,sensor_20_rolling_mean_10,-5.880113,sensor_14_rolling_mean_20,5.7899227,sensor_2_rolling_mean_10,-5.784286,sensor_21_rolling_mean_10,-4.4633355
46,251,5.0,5.559909820556641,0.5599098205566406,sensor_14_rolling_mean_20,5.9418545,sensor_8_rolling_mean_20,3.1728253,sensor_12_rolling_mean_20,3.071629,sensor_15_rolling_mean_20,2.5042596,sensor_6_rolling_std_5,2.359067,sensor_4_rolling_mean_5,-22.767796,sensor_11_rolling_mean_5,-16.509954,sensor_15_rolling_mean_5,-9.109658,sensor_4_rolling_mean_10,-8.871068,sensor_15_rolling_mean_10,-7.650754,sensor_4_rolling_mean_5,-22.767796,sensor_11_rolling_mean_5,-16.509954,sensor_15_rolling_mean_5,-9.109658,sensor_4_rolling_mean_10,-8.871068,sensor_15_rolling_mean_10,-7.650754,sensor_3_rolling_mean_10,-6.4975395,sensor_20_rolling_mean_10,-5.941875,sensor_14_rolling_mean_20,5.9418545,sensor_2_rolling_mean_10,-5.832405,sensor_21_rolling_mean_10,-4.549696
46,252,4.0,4.309744358062744,0.30974435806274414,sensor_14_rolling_mean_20,5.6569076,sensor_8_rolling_mean_20,3.2393014,sensor_12_rolling_mean_20,2.9853182,sensor_15_rolling_mean_20,2.8159347,sensor_20_rolling_mean_20,2.3060281,sensor_4_rolling_mean_5,-22.623201,sensor_11_rolling_mean_5,-16.26887,sensor_15_rolling_mean_5,-8.871272,sensor_4_rolling_mean_10,-8.863675,sensor_15_rolling_mean_10,-7.815723,sensor_4_rolling_mean_5,-22.623201,sensor_11_rolling_mean_5,-16.26887,sensor_15_rolling_mean_5,-8.871272,sensor_4_rolling_mean_10,-8.863675,sensor_15_rolling_mean_10,-7.815723,sensor_3_rolling_mean_10,-6.527067,sensor_20_rolling_mean_10,-5.9367247,sensor_2_rolling_mean_10,-5.8533826,sensor_14_rolling_mean_20,5.6569076,sensor_21_rolling_mean_10,-4.585409
46,253,3.0,7.939676284790039,4.939676284790039,sensor_14_rolling_mean_20,5.6257877,sensor_8_rolling_mean_20,3.1780915,sensor_12_rolling_mean_20,3.0149312,sensor_6_rolling_std_5,2.562555,sensor_15_rolling_mean_20,2.4556818,sensor_4_rolling_mean_5,-22.835743,sensor_11_rolling_mean_5,-16.286203,sensor_15_rolling_mean_5,-9.137146,sensor_4_rolling_mean_10,-8.932472,sensor_15_rolling_mean_10,-7.8907447,sensor_4_rolling_mean_5,-22.835743,sensor_11_rolling_mean_5,-16.286203,sensor_15_rolling_mean_5,-9.137146,sensor_4_rolling_mean_10,-8.932472,sensor_15_rolling_mean_10,-7.8907447,sensor_3_rolling_mean_10,-6.532125,sensor_20_rolling_mean_10,-5.935815,sensor_2_rolling_mean_10,-5.667105,sensor_14_rolling_mean_20,5.6257877,sensor_21_rolling_mean_10,-4.514096
46,254,2.0,6.812190532684326,4.812190532684326,sensor_14_rolling_mean_20,5.740537,sensor_8_rolling_mean_20,3.444779,sensor_12_rolling_mean_20,2.921887,sensor_7_rolling_mean_20,2.3155544,sensor_20_rolling_mean_20,2.2923248,sensor_4_rolling_mean_5,-22.687885,sensor_11_rolling_mean_5,-16.224436,sensor_15_rolling_mean_5,-9.081826,sensor_4_rolling_mean_10,-8.781436,sensor_15_rolling_mean_10,-7.969986,sensor_4_rolling_mean_5,-22.687885,sensor_11_rolling_mean_5,-16.224436,sensor_15_rolling_mean_5,-9.081826,sensor_4_rolling_mean_10,-8.781436,sensor_15_rolling_mean_10,-7.969986,sensor_3_rolling_mean_10,-6.594246,sensor_20_rolling_mean_10,-5.970862,sensor_2_rolling_mean_10,-5.787289,sensor_14_rolling_mean_20,5.740537,sensor_21_rolling_mean_10,-4.456278
46,255,1.0,3.608470916748047,2.608470916748047,sensor_14_rolling_mean_20,5.0520473,sensor_8_rolling_mean_20,3.0614746,sensor_12_rolling_mean_20,2.9252234,sensor_20_rolling_mean_20,2.5014615,sensor_7_rolling_mean_20,1.9959136,sensor_4_rolling_mean_5,-22.85849,sensor_11_rolling_mean_5,-16.336233,sensor_4_rolling_mean_10,-9.1153,sensor_15_rolling_mean_5,-9.10683,sensor_15_rolling_mean_10,-7.902206,sensor_4_rolling_mean_5,-22.85849,sensor_11_rolling_mean_5,-16.336233,sensor_4_rolling_mean_10,-9.1153,sensor_15_rolling_mean_5,-9.10683,sensor_15_rolling_mean_10,-7.902206,sensor_3_rolling_mean_10,-6.4845066,sensor_2_rolling_mean_10,-6.0207977,sensor_20_rolling_mean_10,-5.98328,sensor_14_rolling_mean_20,5.0520473,sensor_21_rolling_mean_10,-4.37935
46,256,0.0,1.2903759479522705,1.2903759479522705,sensor_14_rolling_mean_20,4.4708524,sensor_12_rolling_mean_20,3.2554445,sensor_8_rolling_mean_20,3.065339,sensor_20_rolling_mean_20,2.590417,sensor_9_rolling_mean_10,2.1005414,sensor_4_rolling_mean_5,-22.999071,sensor_11_rolling_mean_5,-16.485025,sensor_15_rolling_mean_5,-9.283496,sensor_4_rolling_mean_10,-8.716649,sensor_15_rolling_mean_10,-8.019234,sensor_4_rolling_mean_5,-22.999071,sensor_11_rolling_mean_5,-16.485025,sensor_15_rolling_mean_5,-9.283496,sensor_4_rolling_mean_10,-8.716649,sensor_15_rolling_mean_10,-8.019234,sensor_3_rolling_mean_10,-6.6198397,sensor_20_rolling_mean_10,-5.963176,sensor_2_rolling_mean_10,-5.951591,sensor_21_rolling_mean_10,-4.516168,sensor_14_rolling_mean_20,4.4708524
74,1,165.0,205.77899169921875,40.77899169921875,sensor_4_rolling_mean_5,8.476563,sensor_4_rolling_std_20,7.4402313,sensor_9_rolling_mean_20,5.060836,sensor_14_rolling_mean_20,4.800192,sensor_14_rolling_std_20,4.232201,sensor_8_rolling_mean_20,-3.9840698,sensor_21_rolling_mean_10,-2.693639,sensor_21_rolling_mean_20,-2.3127549,sensor_8_rolling_mean_10,-2.0209904,sensor_12_rolling_mean_20,-1.8684734,sensor_4_rolling_mean_5,8.476563,sensor_4_rolling_std_20,7.4402313,sensor_9_rolling_mean_20,5.060836,sensor_14_rolling_mean_20,4.800192,sensor_14_rolling_std_20,4.232201,sensor_8_rolling_mean_20,-3.9840698,sensor_13_rolling_mean_20,3.8595529,sensor_3,3.8406074,sensor_11_rolling_mean_5,3.8305962,sensor_3_rolling_mean_10,3.8273516
74,2,164.0,183.6602325439453,19.660232543945312,sensor_4_rolling_mean_5,9.135146,sensor_21_rolling_mean_10,8.811239,sensor_11_rolling_mean_5,7.785434,sensor_17_rolling_mean_10,5.0933228,sensor_4_rolling_mean_10,4.4513774,sensor_13_rolling_mean_20,-6.932247,sensor_4_rolling_mean_20,-4.8383985,sensor_2_rolling_mean_20,-3.8007972,sensor_7_rolling_mean_20,-3.6021903,sensor_15_rolling_mean_20,-3.4780602,sensor_4_rolling_mean_5,9.135146,sensor_21_rolling_mean_10,8.811239,sensor_11_rolling_mean_5,7.785434,sensor_13_rolling_mean_20,-6.932247,sensor_17_rolling_mean_10,5.0933228,sensor_4_rolling_mean_20,-4.8383985,sensor_4_rolling_mean_10,4.4513774,sensor_15_rolling_mean_10,4.004094,sensor_3_rolling_mean_10,3.944108,sensor_21_rolling_mean_5,3.9052925
74,3,163.0,188.677490234375,25.677490234375,sensor_3_rolling_std_20,18.196186,sensor_21_rolling_mean_10,9.333487,sensor_4_rolling_mean_5,8.075626,sensor_9_rolling_std_20,7.0496836,sensor_11_rolling_mean_5,6.3361335,sensor_13_rolling_mean_20,-7.851605,sensor_4_rolling_mean_20,-5.066616,sensor_14_rolling_mean_20,-4.8552804,sensor_2_rolling_mean_20,-3.527532,sensor_7_rolling_mean_20,-3.4134455,sensor_3_rolling_std_20,18.196186,sensor_21_rolling_mean_10,9.333487,sensor_4_rolling_mean_5,8.075626,sensor_13_rolling_mean_20,-7.851605,sensor_9_rolling_std_20,7.0496836,sensor_11_rolling_mean_5,6.3361335,sensor_13_rolling_std_20,6.277847,sensor_4_rolling_std_20,5.7697086,sensor_4_rolling_mean_20,-5.066616,sensor_14_rolling_mean_20,-4.8552804
74,4,162.0,194.11936950683594,32.11936950683594,sensor_3_rolling_std_20,18.113459,sensor_9_rolling_std_20,8.667912,sensor_21_rolling_mean_10,8.0674515,sensor_4_rolling_mean_5,7.5683846,sensor_13_rolling_std_20,6.81089,sensor_13_rolling_mean_20,-6.903636,sensor_4_rolling_mean_20,-5.2367005,sensor_14_rolling_mean_20,-4.477663,sensor_7_rolling_mean_20,-4.427968,sensor_11_rolling_mean_20,-3.7792993,sensor_3_rolling_std_20,18.113459,sensor_9_rolling_std_20,8.667912,sensor_21_rolling_mean_10,8.0674515,sensor_4_rolling_mean_5,7.5683846,sensor_13_rolling_mean_20,-6.903636,sensor_13_rolling_std_20,6.81089,sensor_11_rolling_mean_5,6.7067337,sensor_4_rolling_mean_20,-5.2367005,sensor_4_rolling_std_20,5.125037,sensor_15_rolling_mean_10,4.657984
74,5,161.0,184.8729248046875,23.8729248046875,sensor_3_rolling_std_20,18.810493,sensor_21_rolling_mean_10,8.107621,sensor_4_rolling_mean_5,8.094989,sensor_9_rolling_std_20,7.6971493,sensor_11_rolling_mean_5,6.8057156,sensor_13_rolling_mean_20,-7.1406426,sensor_14_rolling_mean_20,-5.010458,sensor_11_rolling_mean_20,-4.2775736,sensor_4_rolling_mean_20,-3.6648812,sensor_9_rolling_mean_10,-3.4905696,sensor_3_rolling_std_20,18.810493,sensor_21_rolling_mean_10,8.107621,sensor_4_rolling_mean_5,8.094989,sensor_9_rolling_std_20,7.6971493,sensor_13_rolling_mean_20,-7.1406426,sensor_11_rolling_mean_5,6.8057156,sensor_13_rolling_std_20,6.3429313,sensor_4_rolling_std_20,5.6790257,sensor_14_rolling_mean_20,-5.010458,sensor_4_rolling_mean_10,4.34508
74,6,160.0,196.91018676757812,36.910186767578125,sensor_3_rolling_std_20,17.801151,sensor_4_rolling_mean_5,9.923576,sensor_21_rolling_mean_10,8.131883,sensor_13_rolling_std_20,6.6509943,sensor_11_rolling_mean_5,6.550564,sensor_13_rolling_mean_20,-7.8220296,sensor_7_rolling_mean_20,-5.58147,sensor_4_rolling_mean_20,-3.5476568,sensor_11_rolling_mean_20,-3.2518275,sensor_15_rolling_mean_20,-2.983936,sensor_3_rolling_std_20,17.801151,sensor_4_rolling_mean_5,9.923576,sensor_21_rolling_mean_10,8.131883,sensor_13_rolling_mean_20,-7.8220296,sensor_13_rolling_std_20,6.6509943,sensor_11_rolling_mean_5,6.550564,sensor_7_rolling_mean_20,-5.58147,sensor_4_rolling_std_20,5.066945,sensor_15_rolling_mean_10,4.911523,sensor_9_rolling_std_20,4.86707
74,7,159.0,149.6704559326172,-9.329544067382812,sensor_21_rolling_mean_10,8.539854,sensor_4_rolling_mean_5,8.341378,sensor_3_rolling_std_20,7.1433935,sensor_13_rolling_std_20,6.03322,sensor_11_rolling_mean_5,6.008381,sensor_13_rolling_mean_20,-6.9331417,sensor_14_rolling_mean_20,-6.8538947,sensor_9_rolling_std_20,-6.6802516,sensor_7_rolling_mean_20,-5.5922008,sensor_4_rolling_mean_20,-4.0943055,sensor_21_rolling_mean_10,8.539854,sensor_4_rolling_mean_5,8.341378,sensor_3_rolling_std_20,7.1433935,sensor_13_rolling_mean_20,-6.9331417,sensor_14_rolling_mean_20,-6.8538947,sensor_9_rolling_std_20,-6.6802516,sensor_13_rolling_std_20,6.03322,sensor_11_rolling_mean_5,6.008381,sensor_7_rolling_mean_20,-5.5922008,sensor_15_rolling_std_20,5.4784584
74,8,158.0,143.6884002685547,-14.311599731445312,sensor_3_rolling_std_20,13.863883,sensor_21_rolling_mean_10,8.222125,sensor_4_rolling_mean_5,7.9874415,sensor_11_rolling_mean_5,6.449703,sensor_13_rolling_std_20,5.568633,sensor_9_rolling_std_20,-10.465915,sensor_13_rolling_mean_20,-7.586666,sensor_14_rolling_mean_20,-6.525691,sensor_7_rolling_mean_20,-4.783648,sensor_20_rolling_mean_20,-3.9036548,sensor_3_rolling_std_20,13.863883,sensor_9_rolling_std_20,-10.465915,sensor_21_rolling_mean_10,8.222125,sensor_4_rolling_mean_5,7.9874415,sensor_13_rolling_mean_20,-7.586666,sensor_14_rolling_mean_20,-6.525691,sensor_11_rolling_mean_5,6.449703,sensor_13_rolling_std_20,5.568633,sensor_7_rolling_mean_20,-4.783648,sensor_4_rolling_mean_10,4.43311
74,9,157.0,144.88536071777344,-12.114639282226562,sensor_3_rolling_std_20,16.54253,sensor_21_rolling_mean_10,8.727171,sensor_4_rolling_mean_5,8.222138,sensor_11_rolling_mean_5,5.527215,sensor_4_rolling_std_20,5.364333,sensor_13_rolling_mean_20,-8.519184,sensor_9_rolling_std_20,-7.670408,sensor_7_rolling_mean_20,-5.882633,sensor_14_rolling_mean_20,-5.1912947,sensor_2_rolling_mean_20,-4.091095,sensor_3_rolling_std_20,16.54253,sensor_21_rolling_mean_10,8.727171,sensor_13_rolling_mean_20,-8.519184,sensor_4_rolling_mean_5,8.222138,sensor_9_rolling_std_20,-7.670408,sensor_7_rolling_mean_20,-5.882633,sensor_11_rolling_mean_5,5.527215,sensor_4_rolling_std_20,5.364333,sensor_14_rolling_mean_20,-5.1912947,sensor_15_rolling_mean_10,4.6561704
74,10,156.0,166.97840881347656,10.978408813476562,sensor_3_rolling_std_20,13.413575,sensor_21_rolling_mean_10,10.257252,sensor_4_rolling_mean_5,8.681139,sensor_4_rolling_std_20,7.182058,sensor_11_rolling_mean_5,6.0363727,sensor_9_rolling_std_20,-11.234269,sensor_13_rolling_mean_20,-10.171037,sensor_14_rolling_mean_20,-5.1680374,sensor_20_rolling_std_20,-4.0182343,sensor_4_rolling_mean_20,-3.850656,sensor_3_rolling_std_20,13.413575,sensor_9_rolling_std_20,-11.234269,sensor_21_rolling_mean_10,10.257252,sensor_13_rolling_mean_20,-10.171037,sensor_4_rolling_mean_5,8.681139,sensor_4_rolling_std_20,7.182058,sensor_11_rolling_mean_5,6.0363727,sensor_14_rolling_mean_20,-5.1680374,sensor_3_rolling_mean_10,5.113883,sensor_4_rolling_mean_10,4.539639
74,11,155.0,139.45367431640625,-15.54632568359375,sensor_21_rolling_mean_10,8.796907,sensor_4_rolling_std_20,8.072278,sensor_4_rolling_mean_5,6.961927,sensor_11_rolling_mean_5,5.9278245,sensor_2_rolling_mean_10,5.02335,sensor_9_rolling_std_20,-10.495853,sensor_13_rolling_mean_20,-10.004927,sensor_9_rolling_mean_5,-6.032124,sensor_14_rolling_mean_20,-5.8274946,sensor_7_rolling_mean_20,-5.5956106,sensor_9_rolling_std_20,-10.495853,sensor_13_rolling_mean_20,-10.004927,sensor_21_rolling_mean_10,8.796907,sensor_4_rolling_std_20,8.072278,sensor_4_rolling_mean_5,6.961927,sensor_9_rolling_mean_5,-6.032124,sensor_11_rolling_mean_5,5.9278245,sensor_14_rolling_mean_20,-5.8274946,sensor_7_rolling_mean_20,-5.5956106,sensor_2_rolling_mean_10,5.02335
74,12,154.0,130.60679626464844,-23.393203735351562,sensor_21_rolling_mean_10,8.216611,sensor_4_rolling_mean_5,7.5472193,sensor_4_rolling_std_20,6.1765933,sensor_3_rolling_std_20,5.5185833,sensor_11_rolling_mean_5,5.1374598,sensor_9_rolling_std_20,-10.329844,sensor_13_rolling_mean_20,-9.674993,sensor_7_rolling_mean_20,-5.8875403,sensor_14_rolling_mean_20,-5.2903404,sensor_4_rolling_mean_20,-3.8139772,sensor_9_rolling_std_20,-10.329844,sensor_13_rolling_mean_20,-9.674993,sensor_21_rolling_mean_10,8.216611,sensor_4_rolling_mean_5,7.5472193,sensor_4_rolling_std_20,6.1765933,sensor_7_rolling_mean_20,-5.8875403,sensor_3_rolling_std_20,5.5185833,sensor_14_rolling_mean_20,-5.2903404,sensor_11_rolling_mean_5,5.1374598,sensor_15_rolling_mean_10,3.994678
74,13,153.0,136.7089080810547,-16.291091918945312,sensor_4_rolling_mean_5,8.638215,sensor_21_rolling_mean_10,8.00889,sensor_4_rolling_std_20,7.875982,sensor_11_rolling_mean_5,6.412701,sensor_21_rolling_std_20,4.7578406,sensor_9_rolling_std_20,-10.008065,sensor_13_rolling_mean_20,-8.95806,sensor_14_rolling_mean_20,-5.4966598,sensor_7_rolling_mean_20,-5.411329,sensor_4_rolling_mean_20,-3.8981354,sensor_9_rolling_std_20,-10.008065,sensor_13_rolling_mean_20,-8.95806,sensor_4_rolling_mean_5,8.638215,sensor_21_rolling_mean_10,8.00889,sensor_4_rolling_std_20,7.875982,sensor_11_rolling_mean_5,6.412701,sensor_14_rolling_mean_20,-5.4966598,sensor_7_rolling_mean_20,-5.411329,sensor_21_rolling_std_20,4.7578406,sensor_3_rolling_mean_10,4.4978886
74,14,152.0,103.2183609008789,-48.781639099121094,sensor_4_rolling_mean_5,7.9760585,sensor_21_rolling_mean_10,7.376701,sensor_11_rolling_mean_5,5.29028,sensor_4_rolling_mean_10,3.938809,sensor_15_rolling_mean_10,3.6803656,sensor_9_rolling_std_20,-8.271783,sensor_13_rolling_mean_20,-7.8768063,sensor_14_rolling_mean_20,-7.4611974,sensor_7_rolling_mean_20,-4.190799,sensor_4_rolling_mean_20,-4.1465845,sensor_9_rolling_std_20,-8.271783,sensor_4_rolling_mean_5,7.9760585,sensor_13_rolling_mean_20,-7.8768063,sensor_14_rolling_mean_20,-7.4611974,sensor_21_rolling_mean_10,7.376701,sensor_11_rolling_mean_5,5.29028,sensor_7_rolling_mean_20,-4.190799,sensor_4_rolling_mean_20,-4.1465845,sensor_8_rolling_mean_20,-4.0300217,sensor_20_rolling_std_20,-4.007874
74,15,151.0,117.4676513671875,-33.5323486328125,sensor_21_rolling_mean_10,8.45282,sensor_4_rolling_mean_5,8.206838,sensor_11_rolling_mean_5,5.5335183,sensor_4_rolling_mean_10,4.124077,sensor_3_rolling_mean_10,3.370959,sensor_9_rolling_std_20,-7.6549015,sensor_13_rolling_mean_20,-7.1267066,sensor_14_rolling_mean_20,-6.3350005,sensor_7_rolling_mean_20,-5.0159364,sensor_4_rolling_mean_20,-3.5799224,sensor_21_rolling_mean_10,8.45282,sensor_4_rolling_mean_5,8.206838,sensor_9_rolling_std_20,-7.6549015,sensor_13_rolling_mean_20,-7.1267066,sensor_14_rolling_mean_20,-6.3350005,sensor_11_rolling_mean_5,5.5335183,sensor_7_rolling_mean_20,-5.0159364,sensor_4_rolling_mean_10,4.124077,sensor_4_rolling_mean_20,-3.5799224,sensor_3_rolling_std_20,-3.3918912
74,16,150.0,120.54539489746094,-29.454605102539062,sensor_4_rolling_mean_5,8.154618,sensor_21_rolling_mean_10,7.029646,sensor_11_rolling_mean_5,6.021531,sensor_2_rolling_mean_10,4.496582,sensor_4_rolling_mean_10,4.0125422,sensor_13_rolling_mean_20,-7.764307,sensor_9_rolling_std_20,-6.8765135,sensor_14_rolling_mean_20,-6.0195403,sensor_7_rolling_mean_20,-4.828282,sensor_2_rolling_mean_20,-4.0331087,sensor_4_rolling_mean_5,8.154618,sensor_13_rolling_mean_20,-7.764307,sensor_21_rolling_mean_10,7.029646,sensor_9_rolling_std_20,-6.8765135,sensor_11_rolling_mean_5,6.021531,sensor_14_rolling_mean_20,-6.0195403,sensor_7_rolling_mean_20,-4.828282,sensor_2_rolling_mean_10,4.496582,sensor_2_rolling_mean_20,-4.0331087,sensor_4_rolling_mean_10,4.0125422
74,17,149.0,106.50390625,-42.49609375,sensor_4_rolling_mean_5,7.7582684,sensor_21_rolling_mean_10,7.1236353,sensor_11_rolling_mean_5,6.154675,sensor_4_rolling_mean_10,4.2728057,sensor_2_rolling_mean_10,3.3144507,sensor_13_rolling_mean_20,-8.048084,sensor_9_rolling_std_20,-6.811058,sensor_14_rolling_mean_20,-6.4590435,sensor_7_rolling_mean_20,-4.958713,sensor_11_rolling_mean_20,-3.2192268,sensor_13_rolling_mean_20,-8.048084,sensor_4_rolling_mean_5,7.7582684,sensor_21_rolling_mean_10,7.1236353,sensor_9_rolling_std_20,-6.811058,sensor_14_rolling_mean_20,-6.4590435,sensor_11_rolling_mean_5,6.154675,sensor_7_rolling_mean_20,-4.958713,sensor_4_rolling_mean_10,4.2728057,sensor_2_rolling_mean_10,3.3144507,sensor_11_rolling_mean_20,-3.2192268
74,18,148.0,120.61168670654297,-27.38831329345703,sensor_4_rolling_mean_5,7.507965,sensor_21_rolling_mean_10,6.5355663,sensor_11_rolling_mean_5,6.14488,sensor_4_rolling_mean_10,4.270836,sensor_6,3.7372277,sensor_13_rolling_mean_20,-9.393933,sensor_14_rolling_mean_20,-6.4077663,sensor_9_rolling_std_20,-6.3876734,sensor_7_rolling_mean_20,-4.175295,sensor_2_rolling_mean_20,-3.4481206,sensor_13_rolling_mean_20,-9.393933,sensor_4_rolling_mean_5,7.507965,sensor_21_rolling_mean_10,6.5355663,sensor_14_rolling_mean_20,-6.4077663,sensor_9_rolling_std_20,-6.3876734,sensor_11_rolling_mean_5,6.14488,sensor_4_rolling_mean_10,4.270836,sensor_7_rolling_mean_20,-4.175295,sensor_6,3.7372277,sensor_2_rolling_mean_20,-3.4481206
74,19,147.0,129.27963256835938,-17.720367431640625,sensor_4_rolling_mean_5,7.93363,sensor_21_rolling_mean_10,6.8472075,sensor_11_rolling_mean_5,6.0626698,sensor_4_rolling_mean_10,4.162282,sensor_6,3.5225053,sensor_13_rolling_mean_20,-7.4746037,sensor_14_rolling_mean_20,-6.492164,sensor_9_rolling_std_20,-6.1250987,sensor_7_rolling_mean_20,-3.9905384,sensor_6_rolling_std_20,-3.8616645,sensor_4_rolling_mean_5,7.93363,sensor_13_rolling_mean_20,-7.4746037,sensor_21_rolling_mean_10,6.8472075,sensor_14_rolling_mean_20,-6.492164,sensor_9_rolling_std_20,-6.1250987,sensor_11_rolling_mean_5,6.0626698,sensor_4_rolling_mean_10,4.162282,sensor_7_rolling_mean_20,-3.9905384,sensor_6_rolling_std_20,-3.8616645,sensor_2_rolling_mean_20,-3.7318237
74,20,146.0,127.00650024414062,-18.993499755859375,sensor_4_rolling_mean_5,7.7246866,sensor_21_rolling_mean_10,7.710693,sensor_11_rolling_mean_5,5.9981823,sensor_4_rolling_mean_10,4.236886,sensor_3,3.790611,sensor_13_rolling_mean_20,-8.547984,sensor_14_rolling_mean_20,-7.0299163,sensor_9_rolling_std_20,-4.531458,sensor_7_rolling_mean_20,-4.38931,sensor_2_rolling_mean_20,-3.8930986,sensor_13_rolling_mean_20,-8.547984,sensor_4_rolling_mean_5,7.7246866,sensor_21_rolling_mean_10,7.710693,sensor_14_rolling_mean_20,-7.0299163,sensor_11_rolling_mean_5,5.9981823,sensor_9_rolling_std_20,-4.531458,sensor_7_rolling_mean_20,-4.38931,sensor_4_rolling_mean_10,4.236886,sensor_2_rolling_mean_20,-3.8930986,sensor_3,3.790611
74,21,145.0,123.47856903076172,-21.52143096923828,sensor_4_rolling_mean_5,7.640762,sensor_21_rolling_mean_10,7.3118896,sensor_11_rolling_mean_5,6.5047045,sensor_4_rolling_mean_10,4.390553,sensor_15_rolling_mean_5,4.045263,sensor_13_rolling_mean_20,-8.579055,sensor_14_rolling_mean_20,-8.495439,sensor_2_rolling_mean_20,-4.4072213,sensor_6_rolling_std_20,-3.8350983,sensor_7_rolling_mean_20,-3.7830117,sensor_13_rolling_mean_20,-8.579055,sensor_14_rolling_mean_20,-8.495439,sensor_4_rolling_mean_5,7.640762,sensor_21_rolling_mean_10,7.3118896,sensor_11_rolling_mean_5,6.5047045,sensor_2_rolling_mean_20,-4.4072213,sensor_4_rolling_mean_10,4.390553,sensor_15_rolling_mean_5,4.045263,sensor_6_rolling_std_20,-3.8350983,sensor_7_rolling_mean_20,-3.7830117
74,22,144.0,121.63285827636719,-22.367141723632812,sensor_4_rolling_mean_5,7.9006424,sensor_21_rolling_mean_10,7.3795,sensor_11_rolling_mean_5,5.850484,sensor_4_rolling_mean_10,4.102439,sensor_15_rolling_mean_5,3.8784704,sensor_14_rolling_mean_20,-9.149457,sensor_13_rolling_mean_20,-8.800948,sensor_2_rolling_mean_20,-4.639003,sensor_7_rolling_mean_20,-4.4609947,sensor_6_rolling_std_20,-4.2315125,sensor_14_rolling_mean_20,-9.149457,sensor_13_rolling_mean_20,-8.800948,sensor_4_rolling_mean_5,7.9006424,sensor_21_rolling_mean_10,7.3795,sensor_11_rolling_mean_5,5.850484,sensor_2_rolling_mean_20,-4.639003,sensor_7_rolling_mean_20,-4.4609947,sensor_6_rolling_std_20,-4.2315125,sensor_4_rolling_mean_10,4.102439,sensor_15_rolling_mean_5,3.8784704
74,23,143.0,120.70439147949219,-22.295608520507812,sensor_4_rolling_mean_5,7.6519394,sensor_21_rolling_mean_10,6.8439407,sensor_11_rolling_mean_5,5.826013,sensor_4_rolling_mean_10,4.176452,sensor_15_rolling_mean_5,4.164027,sensor_14_rolling_mean_20,-8.746622,sensor_13_rolling_mean_20,-8.141675,sensor_9_rolling_std_20,-7.379775,sensor_7_rolling_mean_20,-4.692278,sensor_2_rolling_mean_20,-3.9872806,sensor_14_rolling_mean_20,-8.746622,sensor_13_rolling_mean_20,-8.141675,sensor_4_rolling_mean_5,7.6519394,sensor_9_rolling_std_20,-7.379775,sensor_21_rolling_mean_10,6.8439407,sensor_11_rolling_mean_5,5.826013,sensor_7_rolling_mean_20,-4.692278,sensor_4_rolling_mean_10,4.176452,sensor_15_rolling_mean_5,4.164027,sensor_2_rolling_mean_20,-3.9872806
74,24,142.0,113.70803833007812,-28.291961669921875,sensor_4_rolling_mean_5,8.116799,sensor_11_rolling_mean_5,6.075881,sensor_21_rolling_mean_10,4.7486835,sensor_4_rolling_mean_10,4.562947,sensor_15_rolling_mean_5,3.7702482,sensor_13_rolling_mean_20,-7.631216,sensor_9_rolling_std_20,-7.270588,sensor_14_rolling_mean_20,-7.179577,sensor_7_rolling_mean_20,-4.743212,sensor_8_rolling_std_20,-3.950779,sensor_4_rolling_mean_5,8.116799,sensor_13_rolling_mean_20,-7.631216,sensor_9_rolling_std_20,-7.270588,sensor_14_rolling_mean_20,-7.179577,sensor_11_rolling_mean_5,6.075881,sensor_21_rolling_mean_10,4.7486835,sensor_7_rolling_mean_20,-4.743212,sensor_4_rolling_mean_10,4.562947,sensor_8_rolling_std_20,-3.950779,sensor_15_rolling_mean_5,3.7702482
74,25,141.0,118.06634521484375,-22.93365478515625,sensor_4_rolling_mean_5,7.975276,sensor_11_rolling_mean_5,6.2824516,sensor_21_rolling_mean_10,5.3302236,sensor_4_rolling_mean_10,4.231009,sensor_15_rolling_mean_5,3.7928946,sensor_13_rolling_mean_20,-9.04048,sensor_9_rolling_std_20,-7.1579022,sensor_14_rolling_mean_20,-6.5592904,sensor_7_rolling_mean_20,-4.617326,sensor_6_rolling_std_20,-4.1386604,sensor_13_rolling_mean_20,-9.04048,sensor_4_rolling_mean_5,7.975276,sensor_9_rolling_std_20,-7.1579022,sensor_14_rolling_mean_20,-6.5592904,sensor_11_rolling_mean_5,6.2824516,sensor_21_rolling_mean_10,5.3302236,sensor_7_rolling_mean_20,-4.617326,sensor_4_rolling_mean_10,4.231009,sensor_6_rolling_std_20,-4.1386604,sensor_2_rolling_mean_20,-3.9991941
74,26,140.0,113.55442810058594,-26.445571899414062,sensor_4_rolling_mean_5,7.822779,sensor_11_rolling_mean_5,5.461351,sensor_21_rolling_mean_10,5.4165916,sensor_4_rolling_mean_10,4.309522,sensor_15_rolling_mean_5,3.9649913,sensor_14_rolling_mean_20,-8.143744,sensor_13_rolling_mean_20,-7.829515,sensor_9_rolling_std_20,-7.1230783,sensor_6_rolling_std_20,-5.1207666,sensor_7_rolling_mean_20,-4.704846,sensor_14_rolling_mean_20,-8.143744,sensor_13_rolling_mean_20,-7.829515,sensor_4_rolling_mean_5,7.822779,sensor_9_rolling_std_20,-7.1230783,sensor_11_rolling_mean_5,5.461351,sensor_21_rolling_mean_10,5.4165916,sensor_6_rolling_std_20,-5.1207666,sensor_7_rolling_mean_20,-4.704846,sensor_8_rolling_std_20,-4.398347,sensor_4_rolling_mean_10,4.309522
74,27,139.0,126.08345031738281,-12.916549682617188,sensor_4_rolling_mean_5,8.30175,sensor_11_rolling_mean_5,5.8496194,sensor_21_rolling_mean_10,5.0587034,sensor_4_rolling_mean_10,4.2005677,sensor_11_rolling_std_20,3.6118486,sensor_13_rolling_mean_20,-9.007787,sensor_14_rolling_mean_20,-8.160748,sensor_9_rolling_std_20,-6.2976165,sensor_7_rolling_mean_20,-4.558499,sensor_6_rolling_std_20,-3.6240633,sensor_13_rolling_mean_20,-9.007787,sensor_4_rolling_mean_5,8.30175,sensor_14_rolling_mean_20,-8.160748,sensor_9_rolling_std_20,-6.2976165,sensor_11_rolling_mean_5,5.8496194,sensor_21_rolling_mean_10,5.0587034,sensor_7_rolling_mean_20,-4.558499,sensor_4_rolling_mean_10,4.2005677,sensor_6_rolling_std_20,-3.6240633,sensor_11_rolling_std_20,3.6118486
74,28,138.0,127.23335266113281,-10.766647338867188,sensor_4_rolling_mean_5,8.396762,sensor_11_rolling_mean_5,6.140108,sensor_21_rolling_mean_10,5.047165,sensor_4_rolling_mean_10,4.4173884,sensor_15_rolling_mean_5,3.7771978,sensor_13_rolling_mean_20,-9.73539,sensor_14_rolling_mean_20,-7.8678613,sensor_9_rolling_std_20,-7.2534666,sensor_7_rolling_mean_20,-4.1911993,sensor_8_rolling_mean_20,-3.8136015,sensor_13_rolling_mean_20,-9.73539,sensor_4_rolling_mean_5,8.396762,sensor_14_rolling_mean_20,-7.8678613,sensor_9_rolling_std_20,-7.2534666,sensor_11_rolling_mean_5,6.140108,sensor_21_rolling_mean_10,5.047165,sensor_4_rolling_mean_10,4.4173884,sensor_7_rolling_mean_20,-4.1911993,sensor_8_rolling_mean_20,-3.8136015,sensor_15_rolling_mean_5,3.7771978
74,29,137.0,120.1010971069336,-16.898902893066406,sensor_4_rolling_mean_5,8.411288,sensor_11_rolling_mean_5,6.7012753,sensor_4_rolling_mean_10,4.614578,sensor_2_rolling_mean_10,3.9726255,sensor_21_rolling_mean_10,3.7498555,sensor_14_rolling_mean_20,-10.433737,sensor_13_rolling_mean_20,-8.83017,sensor_9_rolling_std_20,-7.1811028,sensor_7_rolling_mean_20,-3.8194735,sensor_2_rolling_mean_20,-3.7072792,sensor_14_rolling_mean_20,-10.433737,sensor_13_rolling_mean_20,-8.83017,sensor_4_rolling_mean_5,8.411288,sensor_9_rolling_std_20,-7.1811028,sensor_11_rolling_mean_5,6.7012753,sensor_4_rolling_mean_10,4.614578,sensor_2_rolling_mean_10,3.9726255,sensor_7_rolling_mean_20,-3.8194735,sensor_21_rolling_mean_10,3.7498555,sensor_2_rolling_mean_20,-3.7072792
74,30,136.0,132.61476135253906,-3.3852386474609375,sensor_4_rolling_mean_5,8.452864,sensor_11_rolling_mean_5,6.3083735,sensor_21_rolling_mean_10,5.1752725,sensor_2_rolling_mean_10,3.9239023,sensor_4_rolling_mean_10,3.793634,sensor_14_rolling_mean_20,-9.448185,sensor_13_rolling_mean_20,-9.022851,sensor_7_rolling_mean_20,-4.628897,sensor_2_rolling_mean_20,-3.7099254,sensor_8_rolling_mean_20,-3.0972846,sensor_14_rolling_mean_20,-9.448185,sensor_13_rolling_mean_20,-9.022851,sensor_4_rolling_mean_5,8.452864,sensor_11_rolling_mean_5,6.3083735,sensor_21_rolling_mean_10,5.1752725,sensor_7_rolling_mean_20,-4.628897,sensor_2_rolling_mean_10,3.9239023,sensor_4_rolling_mean_10,3.793634,sensor_2_rolling_mean_20,-3.7099254,sensor_15_rolling_mean_5,3.4266179
74,31,135.0,122.2493667602539,-12.750633239746094,sensor_4_rolling_mean_5,8.682383,sensor_11_rolling_mean_5,7.775102,sensor_21_rolling_mean_10,5.239193,sensor_4_rolling_mean_10,4.345385,sensor_2_rolling_mean_10,3.8349826,sensor_13_rolling_mean_20,-8.996213,sensor_14_rolling_mean_20,-8.996188,sensor_2_rolling_mean_20,-4.551739,sensor_7_rolling_mean_20,-3.6435823,sensor_9_rolling_std_20,-3.4972646,sensor_13_rolling_mean_20,-8.996213,sensor_14_rolling_mean_20,-8.996188,sensor_4_rolling_mean_5,8.682383,sensor_11_rolling_mean_5,7.775102,sensor_21_rolling_mean_10,5.239193,sensor_2_rolling_mean_20,-4.551739,sensor_4_rolling_mean_10,4.345385,sensor_2_rolling_mean_10,3.8349826,sensor_7_rolling_mean_20,-3.6435823,sensor_15_rolling_mean_10,3.5470238
74,32,134.0,109.59581756591797,-24.40418243408203,sensor_4_rolling_mean_5,8.461336,sensor_11_rolling_mean_5,7.2210684,sensor_21_rolling_mean_10,6.3319364,sensor_2_rolling_mean_10,4.209993,sensor_4_rolling_mean_10,4.044452,sensor_14_rolling_mean_20,-8.690059,sensor_13_rolling_mean_20,-8.491658,sensor_9_rolling_std_20,-7.319267,sensor_2_rolling_mean_20,-4.008535,sensor_7_rolling_mean_20,-3.9823701,sensor_14_rolling_mean_20,-8.690059,sensor_13_rolling_mean_20,-8.491658,sensor_4_rolling_mean_5,8.461336,sensor_9_rolling_std_20,-7.319267,sensor_11_rolling_mean_5,7.2210684,sensor_21_rolling_mean_10,6.3319364,sensor_2_rolling_mean_10,4.209993,sensor_4_rolling_mean_10,4.044452,sensor_2_rolling_mean_20,-4.008535,sensor_7_rolling_mean_20,-3.9823701
74,33,133.0,109.2247314453125,-23.7752685546875,sensor_4_rolling_mean_5,8.402046,sensor_11_rolling_mean_5,6.262255,sensor_21_rolling_mean_10,5.384312,sensor_4_rolling_mean_10,4.3212276,sensor_2_rolling_mean_10,3.6873114,sensor_14_rolling_mean_20,-10.295418,sensor_13_rolling_mean_20,-8.2090845,sensor_9_rolling_std_20,-7.2185698,sensor_2_rolling_mean_20,-3.796099,sensor_7_rolling_mean_20,-3.639454,sensor_14_rolling_mean_20,-10.295418,sensor_4_rolling_mean_5,8.402046,sensor_13_rolling_mean_20,-8.2090845,sensor_9_rolling_std_20,-7.2185698,sensor_11_rolling_mean_5,6.262255,sensor_21_rolling_mean_10,5.384312,sensor_4_rolling_mean_10,4.3212276,sensor_2_rolling_mean_20,-3.796099,sensor_2_rolling_mean_10,3.6873114,sensor_7_rolling_mean_20,-3.639454
74,34,132.0,106.3764877319336,-25.623512268066406,sensor_4_rolling_mean_5,8.006849,sensor_11_rolling_mean_5,6.929358,sensor_21_rolling_mean_10,5.6465816,sensor_4_rolling_mean_10,4.1421127,sensor_15_rolling_mean_10,3.7633998,sensor_13_rolling_mean_20,-9.524334,sensor_14_rolling_mean_20,-8.31911,sensor_9_rolling_std_20,-8.199703,sensor_7_rolling_mean_20,-3.8901339,sensor_2_rolling_mean_20,-3.5402749,sensor_13_rolling_mean_20,-9.524334,sensor_14_rolling_mean_20,-8.31911,sensor_9_rolling_std_20,-8.199703,sensor_4_rolling_mean_5,8.006849,sensor_11_rolling_mean_5,6.929358,sensor_21_rolling_mean_10,5.6465816,sensor_4_rolling_mean_10,4.1421127,sensor_7_rolling_mean_20,-3.8901339,sensor_15_rolling_mean_10,3.7633998,sensor_2_rolling_mean_10,3.7056332
74,35,131.0,115.60663604736328,-15.393363952636719,sensor_4_rolling_mean_5,7.862394,sensor_11_rolling_mean_5,5.865261,sensor_21_rolling_mean_10,5.5807347,sensor_4_rolling_mean_10,4.6245947,sensor_2_rolling_mean_10,4.1773934,sensor_14_rolling_mean_20,-9.422717,sensor_9_rolling_std_20,-6.964502,sensor_13_rolling_mean_20,-5.876922,sensor_7_rolling_mean_20,-3.868809,sensor_9_rolling_mean_5,-3.8114314,sensor_14_rolling_mean_20,-9.422717,sensor_4_rolling_mean_5,7.862394,sensor_9_rolling_std_20,-6.964502,sensor_13_rolling_mean_20,-5.876922,sensor_11_rolling_mean_5,5.865261,sensor_21_rolling_mean_10,5.5807347,sensor_4_rolling_mean_10,4.6245947,sensor_2_rolling_mean_10,4.1773934,sensor_7_rolling_mean_20,-3.868809,sensor_15_rolling_mean_5,3.8278165
74,36,130.0,117.13986206054688,-12.860137939453125,sensor_4_rolling_mean_5,7.9276085,sensor_21_rolling_mean_10,7.5108876,sensor_11_rolling_mean_5,4.6933784,sensor_4_rolling_mean_10,4.2891903,sensor_15_rolling_mean_5,4.065886,sensor_14_rolling_mean_20,-10.622715,sensor_13_rolling_mean_20,-6.787116,sensor_9_rolling_std_20,-6.110832,sensor_7_rolling_mean_20,-3.9783492,sensor_2_rolling_mean_20,-3.6645799,sensor_14_rolling_mean_20,-10.622715,sensor_4_rolling_mean_5,7.9276085,sensor_21_rolling_mean_10,7.5108876,sensor_13_rolling_mean_20,-6.787116,sensor_9_rolling_std_20,-6.110832,sensor_11_rolling_mean_5,4.6933784,sensor_4_rolling_mean_10,4.2891903,sensor_15_rolling_mean_5,4.065886,sensor_7_rolling_mean_20,-3.9783492,sensor_2_rolling_mean_10,3.7423942
74,37,129.0,130.9002685546875,1.9002685546875,sensor_4_rolling_mean_5,8.126197,sensor_21_rolling_mean_10,7.6749215,sensor_11_rolling_mean_5,6.6002665,sensor_15_rolling_mean_5,4.4093595,sensor_4_rolling_mean_10,4.322198,sensor_14_rolling_mean_20,-7.21429,sensor_13_rolling_mean_20,-6.3862104,sensor_9_rolling_std_20,-6.1370654,sensor_7_rolling_mean_20,-4.6066847,sensor_2_rolling_mean_20,-3.9437973,sensor_4_rolling_mean_5,8.126197,sensor_21_rolling_mean_10,7.6749215,sensor_14_rolling_mean_20,-7.21429,sensor_11_rolling_mean_5,6.6002665,sensor_13_rolling_mean_20,-6.3862104,sensor_9_rolling_std_20,-6.1370654,sensor_7_rolling_mean_20,-4.6066847,sensor_15_rolling_mean_5,4.4093595,sensor_4_rolling_mean_10,4.322198,sensor_4_rolling_std_20,3.960131
74,38,128.0,123.95531463623047,-4.044685363769531,sensor_4_rolling_mean_5,7.3641305,sensor_21_rolling_mean_10,6.1144404,sensor_11_rolling_mean_5,5.7870946,sensor_8_rolling_std_20,5.154028,sensor_4_rolling_mean_10,4.531456,sensor_14_rolling_mean_20,-9.711435,sensor_9_rolling_std_20,-6.050553,sensor_13_rolling_mean_20,-5.424203,sensor_7_rolling_mean_20,-4.7889953,sensor_2_rolling_mean_20,-3.7590318,sensor_14_rolling_mean_20,-9.711435,sensor_4_rolling_mean_5,7.3641305,sensor_21_rolling_mean_10,6.1144404,sensor_9_rolling_std_20,-6.050553,sensor_11_rolling_mean_5,5.7870946,sensor_13_rolling_mean_20,-5.424203,sensor_8_rolling_std_20,5.154028,sensor_7_rolling_mean_20,-4.7889953,sensor_4_rolling_mean_10,4.531456,sensor_15_rolling_mean_5,4.109988
74,39,127.0,126.14972686767578,-0.8502731323242188,sensor_21_rolling_mean_10,7.6272306,sensor_4_rolling_mean_5,6.994074,sensor_11_rolling_mean_5,6.5746737,sensor_8_rolling_std_20,5.236763,sensor_4_rolling_mean_10,4.4049444,sensor_14_rolling_mean_20,-10.337507,sensor_9_rolling_std_20,-6.160774,sensor_13_rolling_mean_20,-5.9439116,sensor_7_rolling_mean_20,-4.4617887,sensor_2_rolling_mean_20,-3.8279538,sensor_14_rolling_mean_20,-10.337507,sensor_21_rolling_mean_10,7.6272306,sensor_4_rolling_mean_5,6.994074,sensor_11_rolling_mean_5,6.5746737,sensor_9_rolling_std_20,-6.160774,sensor_13_rolling_mean_20,-5.9439116,sensor_8_rolling_std_20,5.236763,sensor_7_rolling_mean_20,-4.4617887,sensor_4_rolling_mean_10,4.4049444,sensor_15_rolling_mean_5,3.9960756
74,40,126.0,128.0029754638672,2.0029754638671875,sensor_4_rolling_mean_5,7.860035,sensor_11_rolling_mean_5,6.558411,sensor_21_rolling_mean_10,6.473526,sensor_4_rolling_mean_10,4.7903337,sensor_8_rolling_std_20,4.6299534,sensor_14_rolling_mean_20,-8.971698,sensor_13_rolling_mean_20,-5.296507,sensor_7_rolling_mean_20,-4.403141,sensor_6_rolling_std_20,-4.1315513,sensor_9_rolling_std_20,-3.9760303,sensor_14_rolling_mean_20,-8.971698,sensor_4_rolling_mean_5,7.860035,sensor_11_rolling_mean_5,6.558411,sensor_21_rolling_mean_10,6.473526,sensor_13_rolling_mean_20,-5.296507,sensor_4_rolling_mean_10,4.7903337,sensor_8_rolling_std_20,4.6299534,sensor_7_rolling_mean_20,-4.403141,sensor_6_rolling_std_20,-4.1315513,sensor_2_rolling_mean_10,3.9795754
74,41,125.0,119.63550567626953,-5.364494323730469,sensor_4_rolling_mean_5,7.657997,sensor_21_rolling_mean_10,7.1813154,sensor_11_rolling_mean_5,6.1569314,sensor_8_rolling_std_20,5.488099,sensor_4_rolling_mean_10,4.1309295,sensor_14_rolling_mean_20,-8.232507,sensor_13_rolling_mean_20,-7.489962,sensor_6_rolling_std_20,-4.403651,sensor_2_rolling_mean_20,-4.381926,sensor_7_rolling_mean_20,-3.761419,sensor_14_rolling_mean_20,-8.232507,sensor_4_rolling_mean_5,7.657997,sensor_13_rolling_mean_20,-7.489962,sensor_21_rolling_mean_10,7.1813154,sensor_11_rolling_mean_5,6.1569314,sensor_8_rolling_std_20,5.488099,sensor_6_rolling_std_20,-4.403651,sensor_2_rolling_mean_20,-4.381926,sensor_4_rolling_mean_10,4.1309295,sensor_2_rolling_mean_10,3.9828842
74,42,124.0,126.00682067871094,2.0068206787109375,sensor_4_rolling_mean_5,7.7148404,sensor_21_rolling_mean_10,6.7910657,sensor_11_rolling_mean_5,6.1622534,sensor_4_rolling_mean_10,4.8520846,sensor_8_rolling_std_20,4.511013,sensor_13_rolling_mean_20,-8.532227,sensor_14_rolling_mean_20,-7.676014,sensor_7_rolling_mean_20,-4.263942,sensor_9_rolling_std_20,-3.8678155,sensor_2_rolling_mean_20,-3.7436256,sensor_13_rolling_mean_20,-8.532227,sensor_4_rolling_mean_5,7.7148404,sensor_14_rolling_mean_20,-7.676014,sensor_21_rolling_mean_10,6.7910657,sensor_11_rolling_mean_5,6.1622534,sensor_4_rolling_mean_10,4.8520846,sensor_8_rolling_std_20,4.511013,sensor_7_rolling_mean_20,-4.263942,sensor_9_rolling_std_20,-3.8678155,sensor_2_rolling_mean_20,-3.7436256
74,43,123.0,134.4735870361328,11.473587036132812,sensor_4_rolling_mean_5,8.691628,sensor_8_rolling_std_20,7.488766,sensor_11_rolling_mean_5,5.934,sensor_4_rolling_mean_10,4.9245453,sensor_21_rolling_mean_10,4.9019103,sensor_14_rolling_mean_20,-8.893014,sensor_13_rolling_mean_20,-6.463143,sensor_7_rolling_mean_20,-4.795662,sensor_6_rolling_std_20,-4.457524,sensor_2_rolling_mean_20,-3.9651887,sensor_14_rolling_mean_20,-8.893014,sensor_4_rolling_mean_5,8.691628,sensor_8_rolling_std_20,7.488766,sensor_13_rolling_mean_20,-6.463143,sensor_11_rolling_mean_5,5.934,sensor_4_rolling_mean_10,4.9245453,sensor_21_rolling_mean_10,4.9019103,sensor_7_rolling_mean_20,-4.795662,sensor_6_rolling_std_20,-4.457524,sensor_15_rolling_mean_5,3.9725938
74,44,122.0,137.0683135986328,15.068313598632812,sensor_8_rolling_std_20,8.944241,sensor_4_rolling_mean_5,8.594629,sensor_11_rolling_mean_5,5.8534408,sensor_4_rolling_mean_10,5.234364,sensor_21_rolling_mean_10,5.161132,sensor_14_rolling_mean_20,-9.703246,sensor_13_rolling_mean_20,-5.5002713,sensor_7_rolling_mean_20,-4.812842,sensor_6_rolling_std_20,-4.48613,sensor_2_rolling_mean_20,-3.5339987,sensor_14_rolling_mean_20,-9.703246,sensor_8_rolling_std_20,8.944241,sensor_4_rolling_mean_5,8.594629,sensor_11_rolling_mean_5,5.8534408,sensor_13_rolling_mean_20,-5.5002713,sensor_4_rolling_mean_10,5.234364,sensor_21_rolling_mean_10,5.161132,sensor_7_rolling_mean_20,-4.812842,sensor_6_rolling_std_20,-4.48613,sensor_3_rolling_mean_10,3.8709955
74,45,121.0,136.28265380859375,15.28265380859375,sensor_4_rolling_mean_5,8.651712,sensor_8_rolling_std_20,7.4490523,sensor_21_rolling_mean_10,6.0093627,sensor_11_rolling_mean_5,5.6852303,sensor_4_rolling_mean_10,4.3503876,sensor_14_rolling_mean_20,-10.800177,sensor_13_rolling_mean_20,-6.6005673,sensor_6_rolling_std_20,-5.1929245,sensor_7_rolling_mean_20,-4.8911657,sensor_2_rolling_mean_20,-3.651197,sensor_14_rolling_mean_20,-10.800177,sensor_4_rolling_mean_5,8.651712,sensor_8_rolling_std_20,7.4490523,sensor_13_rolling_mean_20,-6.6005673,sensor_21_rolling_mean_10,6.0093627,sensor_11_rolling_mean_5,5.6852303,sensor_6_rolling_std_20,-5.1929245,sensor_7_rolling_mean_20,-4.8911657,sensor_4_rolling_mean_10,4.3503876,sensor_3_rolling_mean_10,4.0383606
74,46,120.0,139.36697387695312,19.366973876953125,sensor_4_rolling_mean_5,8.69039,sensor_8_rolling_std_20,7.4377885,sensor_11_rolling_mean_5,6.5544586,sensor_21_rolling_mean_10,5.3437557,sensor_4_rolling_mean_10,4.6537385,sensor_14_rolling_mean_20,-10.239202,sensor_13_rolling_mean_20,-6.459629,sensor_7_rolling_mean_20,-5.097445,sensor_6_rolling_std_20,-5.019379,sensor_2_rolling_mean_20,-4.0417447,sensor_14_rolling_mean_20,-10.239202,sensor_4_rolling_mean_5,8.69039,sensor_8_rolling_std_20,7.4377885,sensor_11_rolling_mean_5,6.5544586,sensor_13_rolling_mean_20,-6.459629,sensor_21_rolling_mean_10,5.3437557,sensor_7_rolling_mean_20,-5.097445,sensor_6_rolling_std_20,-5.019379,sensor_4_rolling_mean_10,4.6537385,sensor_2_rolling_mean_20,-4.0417447
74,47,119.0,135.36129760742188,16.361297607421875,sensor_8_rolling_std_20,9.031,sensor_4_rolling_mean_5,7.541903,sensor_11_rolling_mean_5,5.8662424,sensor_21_rolling_mean_10,5.7519593,sensor_4_rolling_mean_10,5.7274103,sensor_14_rolling_mean_20,-9.530476,sensor_6_rolling_std_20,-8.900721,sensor_13_rolling_mean_20,-5.5214543,sensor_7_rolling_mean_20,-4.251703,sensor_2_rolling_mean_20,-4.204335,sensor_14_rolling_mean_20,-9.530476,sensor_8_rolling_std_20,9.031,sensor_6_rolling_std_20,-8.900721,sensor_4_rolling_mean_5,7.541903,sensor_11_rolling_mean_5,5.8662424,sensor_21_rolling_mean_10,5.7519593,sensor_4_rolling_mean_10,5.7274103,sensor_13_rolling_mean_20,-5.5214543,sensor_7_rolling_mean_20,-4.251703,sensor_2_rolling_mean_20,-4.204335
74,48,118.0,123.86793518066406,5.8679351806640625,sensor_8_rolling_std_20,8.527141,sensor_4_rolling_mean_5,7.961528,sensor_11_rolling_mean_5,6.4731603,sensor_21_rolling_mean_10,5.816332,sensor_4_rolling_mean_10,4.881111,sensor_14_rolling_mean_20,-9.772598,sensor_6_rolling_std_20,-9.13107,sensor_13_rolling_mean_20,-6.7188315,sensor_7_rolling_mean_20,-4.3079233,sensor_2_rolling_mean_20,-4.2497063,sensor_14_rolling_mean_20,-9.772598,sensor_6_rolling_std_20,-9.13107,sensor_8_rolling_std_20,8.527141,sensor_4_rolling_mean_5,7.961528,sensor_13_rolling_mean_20,-6.7188315,sensor_11_rolling_mean_5,6.4731603,sensor_21_rolling_mean_10,5.816332,sensor_4_rolling_mean_10,4.881111,sensor_7_rolling_mean_20,-4.3079233,sensor_2_rolling_mean_20,-4.2497063
74,49,117.0,113.37742614746094,-3.6225738525390625,sensor_4_rolling_mean_5,7.2851176,sensor_11_rolling_mean_5,6.348647,sensor_4_rolling_mean_10,4.9135413,sensor_21_rolling_mean_10,4.457772,sensor_8_rolling_std_20,3.688928,sensor_6_rolling_std_20,-12.290333,sensor_14_rolling_mean_20,-11.211456,sensor_13_rolling_mean_20,-7.0413766,sensor_7_rolling_mean_20,-5.184187,sensor_2_rolling_mean_20,-5.002455,sensor_6_rolling_std_20,-12.290333,sensor_14_rolling_mean_20,-11.211456,sensor_4_rolling_mean_5,7.2851176,sensor_13_rolling_mean_20,-7.0413766,sensor_11_rolling_mean_5,6.348647,sensor_7_rolling_mean_20,-5.184187,sensor_2_rolling_mean_20,-5.002455,sensor_4_rolling_mean_10,4.9135413,sensor_21_rolling_mean_10,4.457772,sensor_8_rolling_std_20,3.688928
74,50,116.0,125.60548400878906,9.605484008789062,sensor_4_rolling_mean_5,7.534363,sensor_21_rolling_mean_10,5.786312,sensor_8_rolling_std_20,5.6671696,sensor_11_rolling_mean_5,5.6162457,sensor_4_rolling_mean_10,4.872783,sensor_6_rolling_std_20,-11.413408,sensor_14_rolling_mean_20,-9.697441,sensor_13_rolling_mean_20,-7.7557516,sensor_7_rolling_mean_20,-4.080409,sensor_2_rolling_mean_20,-3.939332,sensor_6_rolling_std_20,-11.413408,sensor_14_rolling_mean_20,-9.697441,sensor_13_rolling_mean_20,-7.7557516,sensor_4_rolling_mean_5,7.534363,sensor_21_rolling_mean_10,5.786312,sensor_8_rolling_std_20,5.6671696,sensor_11_rolling_mean_5,5.6162457,sensor_4_rolling_mean_10,4.872783,sensor_7_rolling_mean_20,-4.080409,sensor_3_rolling_mean_10,4.010569
74,51,115.0,118.11771392822266,3.1177139282226562,sensor_4_rolling_mean_5,7.948918,sensor_11_rolling_mean_5,6.8608084,sensor_21_rolling_mean_10,5.5754867,sensor_4_rolling_mean_10,4.995348,sensor_8_rolling_std_20,4.3297286,sensor_14_rolling_mean_20,-10.296605,sensor_6_rolling_std_20,-10.2696295,sensor_13_rolling_mean_20,-7.1376967,sensor_2_rolling_mean_20,-4.4215007,sensor_7_rolling_mean_20,-4.087878,sensor_14_rolling_mean_20,-10.296605,sensor_6_rolling_std_20,-10.2696295,sensor_4_rolling_mean_5,7.948918,sensor_13_rolling_mean_20,-7.1376967,sensor_11_rolling_mean_5,6.8608084,sensor_21_rolling_mean_10,5.5754867,sensor_4_rolling_mean_10,4.995348,sensor_2_rolling_mean_20,-4.4215007,sensor_8_rolling_std_20,4.3297286,sensor_7_rolling_mean_20,-4.087878
74,52,114.0,123.43141174316406,9.431411743164062,sensor_4_rolling_mean_5,7.893783,sensor_11_rolling_mean_5,7.022037,sensor_21_rolling_mean_10,5.6994286,sensor_4_rolling_mean_10,4.820551,sensor_3_rolling_mean_10,3.9439228,sensor_6_rolling_std_20,-12.072742,sensor_13_rolling_mean_20,-10.062693,sensor_14_rolling_mean_20,-7.587927,sensor_7_rolling_mean_20,-5.9299006,sensor_8_rolling_mean_20,-3.152486,sensor_6_rolling_std_20,-12.072742,sensor_13_rolling_mean_20,-10.062693,sensor_4_rolling_mean_5,7.893783,sensor_14_rolling_mean_20,-7.587927,sensor_11_rolling_mean_5,7.022037,sensor_7_rolling_mean_20,-5.9299006,sensor_21_rolling_mean_10,5.6994286,sensor_4_rolling_mean_10,4.820551,sensor_3_rolling_mean_10,3.9439228,sensor_8_rolling_mean_20,-3.152486
74,53,113.0,115.26663208007812,2.266632080078125,sensor_4_rolling_mean_5,7.2182574,sensor_11_rolling_mean_5,7.139821,sensor_4_rolling_mean_10,5.049203,sensor_21_rolling_mean_10,4.6110215,sensor_20_rolling_mean_10,3.7515445,sensor_6_rolling_std_20,-14.106578,sensor_13_rolling_mean_20,-10.137038,sensor_14_rolling_mean_20,-7.426536,sensor_7_rolling_mean_20,-5.415716,sensor_20_rolling_std_20,-2.970335,sensor_6_rolling_std_20,-14.106578,sensor_13_rolling_mean_20,-10.137038,sensor_14_rolling_mean_20,-7.426536,sensor_4_rolling_mean_5,7.2182574,sensor_11_rolling_mean_5,7.139821,sensor_7_rolling_mean_20,-5.415716,sensor_4_rolling_mean_10,5.049203,sensor_21_rolling_mean_10,4.6110215,sensor_20_rolling_mean_10,3.7515445,sensor_8_rolling_std_20,3.7148943
74,54,112.0,124.62641143798828,12.626411437988281,sensor_4_rolling_mean_5,7.379516,sensor_11_rolling_mean_5,6.7201114,sensor_21_rolling_mean_10,5.801388,sensor_4_rolling_mean_10,5.140239,sensor_4_rolling_std_20,3.7615054,sensor_6_rolling_std_20,-12.379213,sensor_13_rolling_mean_20,-10.670227,sensor_14_rolling_mean_20,-8.328754,sensor_7_rolling_mean_20,-5.768217,sensor_11_rolling_mean_20,-3.411063,sensor_6_rolling_std_20,-12.379213,sensor_13_rolling_mean_20,-10.670227,sensor_14_rolling_mean_20,-8.328754,sensor_4_rolling_mean_5,7.379516,sensor_11_rolling_mean_5,6.7201114,sensor_21_rolling_mean_10,5.801388,sensor_7_rolling_mean_20,-5.768217,sensor_4_rolling_mean_10,5.140239,sensor_4_rolling_std_20,3.7615054,sensor_3_rolling_mean_10,3.7466226
74,55,111.0,135.657958984375,24.657958984375,sensor_4_rolling_mean_5,7.4707737,sensor_21_rolling_mean_10,6.9179826,sensor_11_rolling_mean_5,6.000128,sensor_4_rolling_mean_10,4.6765695,sensor_3_rolling_std_20,4.4024773,sensor_6_rolling_std_20,-13.650884,sensor_13_rolling_mean_20,-10.876785,sensor_14_rolling_mean_20,-8.451335,sensor_7_rolling_mean_20,-6.1074533,sensor_8_rolling_mean_20,-2.604759,sensor_6_rolling_std_20,-13.650884,sensor_13_rolling_mean_20,-10.876785,sensor_14_rolling_mean_20,-8.451335,sensor_4_rolling_mean_5,7.4707737,sensor_21_rolling_mean_10,6.9179826,sensor_7_rolling_mean_20,-6.1074533,sensor_11_rolling_mean_5,6.000128,sensor_4_rolling_mean_10,4.6765695,sensor_3_rolling_std_20,4.4024773,sensor_3_rolling_mean_10,4.142391
74,56,110.0,132.1019744873047,22.101974487304688,sensor_21_rolling_mean_10,7.0901437,sensor_4_rolling_mean_5,6.614939,sensor_11_rolling_mean_5,5.8338485,sensor_3_rolling_std_20,5.058261,sensor_4_rolling_std_20,4.8297286,sensor_6_rolling_std_20,-14.216682,sensor_13_rolling_mean_20,-11.113336,sensor_14_rolling_mean_20,-6.2032323,sensor_7_rolling_mean_20,-5.962988,sensor_2_rolling_mean_20,-3.4096162,sensor_6_rolling_std_20,-14.216682,sensor_13_rolling_mean_20,-11.113336,sensor_21_rolling_mean_10,7.0901437,sensor_4_rolling_mean_5,6.614939,sensor_14_rolling_mean_20,-6.2032323,sensor_7_rolling_mean_20,-5.962988,sensor_11_rolling_mean_5,5.8338485,sensor_3_rolling_std_20,5.058261,sensor_4_rolling_std_20,4.8297286,sensor_4_rolling_mean_10,4.738596
74,57,109.0,130.19366455078125,21.19366455078125,sensor_4_rolling_mean_5,7.0497985,sensor_21_rolling_mean_10,6.789305,sensor_3_rolling_std_20,5.8216267,sensor_4_rolling_std_20,5.5413065,sensor_4_rolling_mean_10,5.530837,sensor_6_rolling_std_20,-17.100336,sensor_13_rolling_mean_20,-10.500599,sensor_7_rolling_mean_20,-6.044241,sensor_14_rolling_mean_20,-6.025413,sensor_15_rolling_mean_20,-3.6329389,sensor_6_rolling_std_20,-17.100336,sensor_13_rolling_mean_20,-10.500599,sensor_4_rolling_mean_5,7.0497985,sensor_21_rolling_mean_10,6.789305,sensor_7_rolling_mean_20,-6.044241,sensor_14_rolling_mean_20,-6.025413,sensor_3_rolling_std_20,5.8216267,sensor_4_rolling_std_20,5.5413065,sensor_4_rolling_mean_10,5.530837,sensor_11_rolling_mean_5,4.6214824
74,58,108.0,158.3109130859375,50.3109130859375,sensor_3_rolling_std_20,18.51183,sensor_4_rolling_mean_5,7.294496,sensor_21_rolling_mean_10,7.0530972,sensor_4_rolling_mean_10,4.957543,sensor_13_rolling_std_20,4.563075,sensor_6_rolling_std_20,-14.551488,sensor_13_rolling_mean_20,-10.528683,sensor_7_rolling_mean_20,-5.4842978,sensor_14_rolling_mean_20,-3.6189733,sensor_15_rolling_mean_20,-3.221743,sensor_3_rolling_std_20,18.51183,sensor_6_rolling_std_20,-14.551488,sensor_13_rolling_mean_20,-10.528683,sensor_4_rolling_mean_5,7.294496,sensor_21_rolling_mean_10,7.0530972,sensor_7_rolling_mean_20,-5.4842978,sensor_4_rolling_mean_10,4.957543,sensor_13_rolling_std_20,4.563075,sensor_11_rolling_mean_5,4.5400915,sensor_9_rolling_std_20,4.406596
74,59,107.0,153.05584716796875,46.05584716796875,sensor_3_rolling_std_20,16.70397,sensor_4_rolling_mean_5,7.287901,sensor_21_rolling_mean_10,7.03377,sensor_4_rolling_mean_10,5.042277,sensor_11_rolling_mean_5,4.5042844,sensor_6_rolling_std_20,-13.270698,sensor_13_rolling_mean_20,-10.67967,sensor_7_rolling_mean_20,-5.199024,sensor_15_rolling_mean_20,-3.2007346,sensor_8_rolling_mean_20,-3.0791533,sensor_3_rolling_std_20,16.70397,sensor_6_rolling_std_20,-13.270698,sensor_13_rolling_mean_20,-10.67967,sensor_4_rolling_mean_5,7.287901,sensor_21_rolling_mean_10,7.03377,sensor_7_rolling_mean_20,-5.199024,sensor_4_rolling_mean_10,5.042277,sensor_11_rolling_mean_5,4.5042844,sensor_9_rolling_std_20,4.4975467,sensor_15_rolling_mean_5,3.5550995
74,60,106.0,165.78265380859375,59.78265380859375,sensor_3_rolling_std_20,19.750666,sensor_4_rolling_mean_5,8.178756,sensor_21_rolling_mean_10,7.6891856,sensor_11_rolling_mean_5,5.9325004,sensor_4_rolling_mean_10,5.1239343,sensor_6_rolling_std_20,-12.286594,sensor_13_rolling_mean_20,-11.700066,sensor_7_rolling_mean_20,-5.1627874,sensor_15_rolling_mean_20,-5.0749345,sensor_2_rolling_mean_20,-3.8973708,sensor_3_rolling_std_20,19.750666,sensor_6_rolling_std_20,-12.286594,sensor_13_rolling_mean_20,-11.700066,sensor_4_rolling_mean_5,8.178756,sensor_21_rolling_mean_10,7.6891856,sensor_11_rolling_mean_5,5.9325004,sensor_7_rolling_mean_20,-5.1627874,sensor_4_rolling_mean_10,5.1239343,sensor_15_rolling_mean_20,-5.0749345,sensor_11,4.1558204
74,61,105.0,123.81509399414062,18.815093994140625,sensor_21_rolling_mean_10,8.081645,sensor_4_rolling_mean_5,7.279678,sensor_4_rolling_std_20,5.7624965,sensor_4_rolling_mean_10,4.883139,sensor_11_rolling_mean_5,4.6171536,sensor_6_rolling_std_20,-12.685234,sensor_13_rolling_mean_20,-11.743429,sensor_14_rolling_mean_20,-5.432464,sensor_15_rolling_mean_20,-4.8134685,sensor_7_rolling_mean_20,-4.5283175,sensor_6_rolling_std_20,-12.685234,sensor_13_rolling_mean_20,-11.743429,sensor_21_rolling_mean_10,8.081645,sensor_4_rolling_mean_5,7.279678,sensor_4_rolling_std_20,5.7624965,sensor_14_rolling_mean_20,-5.432464,sensor_4_rolling_mean_10,4.883139,sensor_15_rolling_mean_20,-4.8134685,sensor_11_rolling_mean_5,4.6171536,sensor_7_rolling_mean_20,-4.5283175
74,62,104.0,125.17868041992188,21.178680419921875,sensor_4_rolling_mean_5,8.086913,sensor_21_rolling_mean_10,7.5457077,sensor_11_rolling_mean_5,6.250223,sensor_4_rolling_mean_10,4.6416707,sensor_4_rolling_std_20,4.5673075,sensor_6_rolling_std_20,-13.187813,sensor_13_rolling_mean_20,-11.172371,sensor_14_rolling_mean_20,-7.048941,sensor_7_rolling_mean_20,-5.5027833,sensor_15_rolling_mean_20,-5.004466,sensor_6_rolling_std_20,-13.187813,sensor_13_rolling_mean_20,-11.172371,sensor_4_rolling_mean_5,8.086913,sensor_21_rolling_mean_10,7.5457077,sensor_14_rolling_mean_20,-7.048941,sensor_11_rolling_mean_5,6.250223,sensor_7_rolling_mean_20,-5.5027833,sensor_15_rolling_mean_20,-5.004466,sensor_4_rolling_mean_10,4.6416707,sensor_4_rolling_std_20,4.5673075
74,63,103.0,121.85006713867188,18.850067138671875,sensor_4_rolling_mean_5,7.7274146,sensor_21_rolling_mean_10,6.63467,sensor_11_rolling_mean_5,5.952492,sensor_4_rolling_std_20,5.377484,sensor_4_rolling_mean_10,4.9115095,sensor_6_rolling_std_20,-13.285491,sensor_13_rolling_mean_20,-9.664198,sensor_14_rolling_mean_20,-6.4973416,sensor_7_rolling_mean_20,-5.693764,sensor_15_rolling_mean_20,-4.038902,sensor_6_rolling_std_20,-13.285491,sensor_13_rolling_mean_20,-9.664198,sensor_4_rolling_mean_5,7.7274146,sensor_21_rolling_mean_10,6.63467,sensor_14_rolling_mean_20,-6.4973416,sensor_11_rolling_mean_5,5.952492,sensor_7_rolling_mean_20,-5.693764,sensor_4_rolling_std_20,5.377484,sensor_4_rolling_mean_10,4.9115095,sensor_15_rolling_mean_10,4.3889303
74,64,102.0,117.45172119140625,15.45172119140625,sensor_4_rolling_mean_5,7.063602,sensor_21_rolling_mean_10,6.917649,sensor_11_rolling_mean_5,6.14986,sensor_4_rolling_std_20,5.006425,sensor_4_rolling_mean_10,4.874914,sensor_6_rolling_std_20,-14.424568,sensor_13_rolling_mean_20,-9.891358,sensor_14_rolling_mean_20,-6.0741262,sensor_15_rolling_mean_20,-4.4439507,sensor_9_rolling_std_20,-4.128962,sensor_6_rolling_std_20,-14.424568,sensor_13_rolling_mean_20,-9.891358,sensor_4_rolling_mean_5,7.063602,sensor_21_rolling_mean_10,6.917649,sensor_11_rolling_mean_5,6.14986,sensor_14_rolling_mean_20,-6.0741262,sensor_4_rolling_std_20,5.006425,sensor_4_rolling_mean_10,4.874914,sensor_15_rolling_mean_10,4.7028456,sensor_15_rolling_mean_20,-4.4439507
74,65,101.0,107.19566345214844,6.1956634521484375,sensor_21_rolling_mean_10,7.418036,sensor_4_rolling_mean_5,7.055534,sensor_11_rolling_mean_5,5.819616,sensor_4_rolling_mean_10,5.234196,sensor_15_rolling_mean_10,4.718898,sensor_6_rolling_std_20,-13.755756,sensor_13_rolling_mean_20,-8.796767,sensor_14_rolling_mean_20,-8.093237,sensor_12_rolling_mean_20,-3.9611876,sensor_9_rolling_std_20,-3.824346,sensor_6_rolling_std_20,-13.755756,sensor_13_rolling_mean_20,-8.796767,sensor_14_rolling_mean_20,-8.093237,sensor_21_rolling_mean_10,7.418036,sensor_4_rolling_mean_5,7.055534,sensor_11_rolling_mean_5,5.819616,sensor_4_rolling_mean_10,5.234196,sensor_15_rolling_mean_10,4.718898,sensor_3_rolling_mean_10,4.0725884,sensor_12_rolling_mean_20,-3.9611876
74,66,100.0,105.44193267822266,5.441932678222656,sensor_21_rolling_mean_10,7.6395893,sensor_4_rolling_mean_5,7.257361,sensor_4_rolling_mean_10,4.9736295,sensor_11_rolling_mean_5,4.783348,sensor_15_rolling_mean_10,4.2752495,sensor_6_rolling_std_20,-13.623444,sensor_13_rolling_mean_20,-9.354683,sensor_14_rolling_mean_20,-8.701157,sensor_15_rolling_mean_20,-3.8695245,sensor_7_rolling_mean_20,-3.757598,sensor_6_rolling_std_20,-13.623444,sensor_13_rolling_mean_20,-9.354683,sensor_14_rolling_mean_20,-8.701157,sensor_21_rolling_mean_10,7.6395893,sensor_4_rolling_mean_5,7.257361,sensor_4_rolling_mean_10,4.9736295,sensor_11_rolling_mean_5,4.783348,sensor_15_rolling_mean_10,4.2752495,sensor_4_rolling_std_20,4.113301,sensor_3_rolling_mean_10,4.1131897
74,67,99.0,100.1899642944336,1.1899642944335938,sensor_21_rolling_mean_10,8.730324,sensor_4_rolling_mean_5,7.2768517,sensor_4_rolling_mean_10,4.833186,sensor_15_rolling_mean_10,4.739708,sensor_3_rolling_mean_10,4.6315417,sensor_6_rolling_std_20,-13.618338,sensor_14_rolling_mean_20,-10.658286,sensor_13_rolling_mean_20,-8.097833,sensor_9_rolling_std_20,-7.504876,sensor_7_rolling_mean_20,-4.5029426,sensor_6_rolling_std_20,-13.618338,sensor_14_rolling_mean_20,-10.658286,sensor_21_rolling_mean_10,8.730324,sensor_13_rolling_mean_20,-8.097833,sensor_9_rolling_std_20,-7.504876,sensor_4_rolling_mean_5,7.2768517,sensor_4_rolling_mean_10,4.833186,sensor_15_rolling_mean_10,4.739708,sensor_3_rolling_mean_10,4.6315417,sensor_11_rolling_mean_5,4.6205883
74,68,98.0,114.3034439086914,16.303443908691406,sensor_21_rolling_mean_10,9.063076,sensor_4_rolling_mean_5,6.774956,sensor_4_rolling_std_20,5.791419,sensor_11_rolling_mean_5,5.0167413,sensor_15_rolling_mean_10,4.6355667,sensor_6_rolling_std_20,-15.086693,sensor_13_rolling_mean_20,-6.7520485,sensor_9_rolling_std_20,-6.684552,sensor_14_rolling_mean_20,-5.686274,sensor_7_rolling_mean_20,-4.2769923,sensor_6_rolling_std_20,-15.086693,sensor_21_rolling_mean_10,9.063076,sensor_4_rolling_mean_5,6.774956,sensor_13_rolling_mean_20,-6.7520485,sensor_9_rolling_std_20,-6.684552,sensor_4_rolling_std_20,5.791419,sensor_14_rolling_mean_20,-5.686274,sensor_11_rolling_mean_5,5.0167413,sensor_15_rolling_mean_10,4.6355667,sensor_3_rolling_mean_10,4.555848
74,69,97.0,122.97177124023438,25.971771240234375,sensor_21_rolling_mean_10,9.027079,sensor_4_rolling_std_20,7.395994,sensor_4_rolling_mean_5,7.3341227,sensor_11_rolling_mean_5,5.1843815,sensor_3_rolling_mean_10,4.7446604,sensor_6_rolling_std_20,-17.989075,sensor_14_rolling_mean_20,-8.714633,sensor_7_rolling_mean_20,-4.29664,sensor_9_rolling_std_20,-3.4785616,sensor_12_rolling_mean_20,-3.119832,sensor_6_rolling_std_20,-17.989075,sensor_21_rolling_mean_10,9.027079,sensor_14_rolling_mean_20,-8.714633,sensor_4_rolling_std_20,7.395994,sensor_4_rolling_mean_5,7.3341227,sensor_11_rolling_mean_5,5.1843815,sensor_3_rolling_mean_10,4.7446604,sensor_4_rolling_mean_10,4.714761,sensor_15_rolling_mean_10,4.513686,sensor_7_rolling_mean_20,-4.29664
74,70,96.0,121.10989379882812,25.109893798828125,sensor_4_rolling_mean_5,6.890041,sensor_21_rolling_mean_10,6.793564,sensor_11_rolling_mean_5,5.047305,sensor_4_rolling_std_20,4.755893,sensor_3_rolling_mean_10,4.53108,sensor_6_rolling_std_20,-12.592229,sensor_14_rolling_mean_20,-8.098986,sensor_13_rolling_mean_20,-6.1650476,sensor_7_rolling_mean_20,-4.301688,sensor_12_rolling_mean_20,-3.950077,sensor_6_rolling_std_20,-12.592229,sensor_14_rolling_mean_20,-8.098986,sensor_4_rolling_mean_5,6.890041,sensor_21_rolling_mean_10,6.793564,sensor_13_rolling_mean_20,-6.1650476,sensor_11_rolling_mean_5,5.047305,sensor_4_rolling_std_20,4.755893,sensor_3_rolling_mean_10,4.53108,sensor_4_rolling_mean_10,4.4082594,sensor_7_rolling_mean_20,-4.301688
74,71,95.0,101.32965850830078,6.329658508300781,sensor_4_rolling_mean_5,6.5655193,sensor_11_rolling_mean_5,5.257683,sensor_3_rolling_mean_10,4.6137786,sensor_4_rolling_std_20,4.5585155,sensor_2_rolling_mean_10,3.8536208,sensor_6_rolling_std_20,-17.57618,sensor_13_rolling_mean_20,-8.180384,sensor_7_rolling_mean_20,-5.4371142,sensor_2_rolling_mean_20,-5.1282616,sensor_14_rolling_mean_20,-5.1200194,sensor_6_rolling_std_20,-17.57618,sensor_13_rolling_mean_20,-8.180384,sensor_4_rolling_mean_5,6.5655193,sensor_7_rolling_mean_20,-5.4371142,sensor_11_rolling_mean_5,5.257683,sensor_2_rolling_mean_20,-5.1282616,sensor_14_rolling_mean_20,-5.1200194,sensor_3_rolling_mean_10,4.6137786,sensor_4_rolling_std_20,4.5585155,sensor_12_rolling_mean_20,-3.964912
74,72,94.0,103.24161529541016,9.241615295410156,sensor_4_rolling_mean_5,7.2391577,sensor_11_rolling_mean_5,5.076075,sensor_3_rolling_mean_10,4.304408,sensor_4_rolling_mean_10,4.0671,sensor_2_rolling_mean_5,3.9281178,sensor_6_rolling_std_20,-17.972954,sensor_13_rolling_mean_20,-7.108676,sensor_7_rolling_mean_20,-5.534598,sensor_15_rolling_mean_20,-4.1336584,sensor_14_rolling_mean_20,-4.0228624,sensor_6_rolling_std_20,-17.972954,sensor_4_rolling_mean_5,7.2391577,sensor_13_rolling_mean_20,-7.108676,sensor_7_rolling_mean_20,-5.534598,sensor_11_rolling_mean_5,5.076075,sensor_3_rolling_mean_10,4.304408,sensor_15_rolling_mean_20,-4.1336584,sensor_4_rolling_mean_10,4.0671,sensor_14_rolling_mean_20,-4.0228624,sensor_2_rolling_mean_5,3.9281178
74,73,93.0,107.26972961425781,14.269729614257812,sensor_4_rolling_mean_5,7.2937803,sensor_11_rolling_mean_5,4.5881042,sensor_3_rolling_mean_10,3.981309,sensor_4_rolling_mean_10,3.564069,sensor_11,3.3321867,sensor_6_rolling_std_20,-16.42577,sensor_13_rolling_mean_20,-6.6083503,sensor_14_rolling_mean_20,-5.6894193,sensor_7_rolling_mean_20,-4.9253573,sensor_12_rolling_mean_20,-3.8897645,sensor_6_rolling_std_20,-16.42577,sensor_4_rolling_mean_5,7.2937803,sensor_13_rolling_mean_20,-6.6083503,sensor_14_rolling_mean_20,-5.6894193,sensor_7_rolling_mean_20,-4.9253573,sensor_11_rolling_mean_5,4.5881042,sensor_3_rolling_mean_10,3.981309,sensor_12_rolling_mean_20,-3.8897645,sensor_8_rolling_mean_20,-3.805994,sensor_9_rolling_std_20,-3.6357033
74,74,92.0,120.8874740600586,28.887474060058594,sensor_4_rolling_mean_5,8.307605,sensor_21_rolling_mean_10,5.9898686,sensor_3_rolling_std_20,5.2461524,sensor_11_rolling_mean_5,4.6400075,sensor_4_rolling_mean_10,4.211288,sensor_6_rolling_std_20,-15.42557,sensor_13_rolling_mean_20,-6.82701,sensor_7_rolling_mean_20,-5.6277714,sensor_9_rolling_std_20,-4.771607,sensor_14_rolling_mean_20,-4.1804123,sensor_6_rolling_std_20,-15.42557,sensor_4_rolling_mean_5,8.307605,sensor_13_rolling_mean_20,-6.82701,sensor_21_rolling_mean_10,5.9898686,sensor_7_rolling_mean_20,-5.6277714,sensor_3_rolling_std_20,5.2461524,sensor_9_rolling_std_20,-4.771607,sensor_11_rolling_mean_5,4.6400075,sensor_4_rolling_mean_10,4.211288,sensor_14_rolling_mean_20,-4.1804123
74,75,91.0,109.23164367675781,18.231643676757812,sensor_11_rolling_mean_5,7.873765,sensor_4_rolling_mean_5,7.74103,sensor_4_rolling_std_20,4.239713,sensor_4_rolling_mean_10,3.9788518,sensor_11,3.7171133,sensor_6_rolling_std_20,-15.0834465,sensor_14_rolling_mean_20,-7.4738927,sensor_13_rolling_mean_20,-7.3357105,sensor_7_rolling_mean_20,-5.3596106,sensor_9_rolling_std_20,-4.800706,sensor_6_rolling_std_20,-15.0834465,sensor_11_rolling_mean_5,7.873765,sensor_4_rolling_mean_5,7.74103,sensor_14_rolling_mean_20,-7.4738927,sensor_13_rolling_mean_20,-7.3357105,sensor_7_rolling_mean_20,-5.3596106,sensor_9_rolling_std_20,-4.800706,sensor_4_rolling_std_20,4.239713,sensor_4_rolling_mean_10,3.9788518,sensor_11,3.7171133
74,76,90.0,98.40740966796875,8.40740966796875,sensor_11_rolling_mean_5,7.3951297,sensor_4_rolling_mean_5,6.53794,sensor_4_rolling_std_20,4.938219,sensor_11,3.7649617,sensor_3_rolling_mean_10,3.6628175,sensor_6_rolling_std_20,-17.059029,sensor_14_rolling_mean_20,-7.463468,sensor_13_rolling_mean_20,-5.1171956,sensor_7_rolling_mean_20,-4.532218,sensor_12_rolling_mean_20,-4.119358,sensor_6_rolling_std_20,-17.059029,sensor_14_rolling_mean_20,-7.463468,sensor_11_rolling_mean_5,7.3951297,sensor_4_rolling_mean_5,6.53794,sensor_13_rolling_mean_20,-5.1171956,sensor_4_rolling_std_20,4.938219,sensor_7_rolling_mean_20,-4.532218,sensor_12_rolling_mean_20,-4.119358,sensor_11,3.7649617,sensor_3_rolling_mean_10,3.6628175
74,77,89.0,112.0536117553711,23.053611755371094,sensor_11_rolling_mean_5,9.127383,sensor_4_rolling_mean_5,6.4832945,sensor_4_rolling_mean_10,4.285786,sensor_15_rolling_mean_5,3.3829482,sensor_20_rolling_mean_10,3.2722712,sensor_6_rolling_std_20,-16.245094,sensor_14_rolling_mean_20,-6.648396,sensor_7_rolling_mean_20,-4.055477,sensor_12_rolling_mean_20,-3.534979,sensor_8_rolling_std_20,-3.530406,sensor_6_rolling_std_20,-16.245094,sensor_11_rolling_mean_5,9.127383,sensor_14_rolling_mean_20,-6.648396,sensor_4_rolling_mean_5,6.4832945,sensor_4_rolling_mean_10,4.285786,sensor_7_rolling_mean_20,-4.055477,sensor_12_rolling_mean_20,-3.534979,sensor_8_rolling_std_20,-3.530406,sensor_15_rolling_mean_5,3.3829482,sensor_9_rolling_std_20,-3.2975519
74,78,88.0,120.39892578125,32.39892578125,sensor_11_rolling_mean_5,8.019347,sensor_4_rolling_mean_5,7.8346725,sensor_21_rolling_mean_10,6.9148917,sensor_4_rolling_mean_10,4.8621464,sensor_15_rolling_mean_5,3.6037471,sensor_6_rolling_std_20,-14.811846,sensor_14_rolling_mean_20,-6.222715,sensor_7_rolling_mean_20,-4.6609645,sensor_8_rolling_mean_20,-4.4205856,sensor_8_rolling_std_20,-3.8556285,sensor_6_rolling_std_20,-14.811846,sensor_11_rolling_mean_5,8.019347,sensor_4_rolling_mean_5,7.8346725,sensor_21_rolling_mean_10,6.9148917,sensor_14_rolling_mean_20,-6.222715,sensor_4_rolling_mean_10,4.8621464,sensor_7_rolling_mean_20,-4.6609645,sensor_8_rolling_mean_20,-4.4205856,sensor_8_rolling_std_20,-3.8556285,sensor_15_rolling_mean_5,3.6037471
74,79,87.0,137.5252227783203,50.52522277832031,sensor_21_rolling_mean_10,9.818723,sensor_4_rolling_mean_5,8.142669,sensor_11_rolling_mean_5,4.933893,sensor_4_rolling_mean_10,4.2308254,sensor_3,4.1273065,sensor_6_rolling_std_20,-15.538527,sensor_14_rolling_mean_20,-6.1484513,sensor_8_rolling_std_20,-3.709761,sensor_9_rolling_std_20,-3.609361,sensor_12_rolling_mean_20,-3.3901489,sensor_6_rolling_std_20,-15.538527,sensor_21_rolling_mean_10,9.818723,sensor_4_rolling_mean_5,8.142669,sensor_14_rolling_mean_20,-6.1484513,sensor_11_rolling_mean_5,4.933893,sensor_4_rolling_mean_10,4.2308254,sensor_3,4.1273065,sensor_8_rolling_std_20,-3.709761,sensor_9_rolling_std_20,-3.609361,sensor_15_rolling_mean_5,3.5435183
74,80,86.0,127.63470458984375,41.63470458984375,sensor_21_rolling_mean_10,8.282045,sensor_4_rolling_mean_5,7.652097,sensor_11_rolling_mean_5,4.2380652,sensor_4_rolling_mean_10,4.1520534,sensor_7_rolling_mean_20,3.5925539,sensor_6_rolling_std_20,-14.292944,sensor_14_rolling_mean_20,-6.257681,sensor_8_rolling_std_20,-3.8022838,sensor_12_rolling_mean_20,-3.7774858,sensor_9_rolling_std_20,-3.6561847,sensor_6_rolling_std_20,-14.292944,sensor_21_rolling_mean_10,8.282045,sensor_4_rolling_mean_5,7.652097,sensor_14_rolling_mean_20,-6.257681,sensor_11_rolling_mean_5,4.2380652,sensor_4_rolling_mean_10,4.1520534,sensor_8_rolling_std_20,-3.8022838,sensor_12_rolling_mean_20,-3.7774858,sensor_9_rolling_std_20,-3.6561847,sensor_7_rolling_mean_20,3.5925539
74,81,85.0,109.30599975585938,24.305999755859375,sensor_21_rolling_mean_10,7.4221964,sensor_4_rolling_mean_5,7.226457,sensor_4_rolling_mean_10,3.9477398,sensor_11_rolling_mean_5,3.9201012,sensor_15_rolling_mean_5,3.7683847,sensor_6_rolling_std_20,-14.116352,sensor_14_rolling_mean_20,-7.953906,sensor_12_rolling_mean_20,-4.757919,sensor_9_rolling_std_20,-4.381348,sensor_8_rolling_std_20,-3.3828475,sensor_6_rolling_std_20,-14.116352,sensor_14_rolling_mean_20,-7.953906,sensor_21_rolling_mean_10,7.4221964,sensor_4_rolling_mean_5,7.226457,sensor_12_rolling_mean_20,-4.757919,sensor_9_rolling_std_20,-4.381348,sensor_4_rolling_mean_10,3.9477398,sensor_11_rolling_mean_5,3.9201012,sensor_15_rolling_mean_5,3.7683847,sensor_8_rolling_std_20,-3.3828475
74,82,84.0,111.01432800292969,27.014328002929688,sensor_21_rolling_mean_10,9.264888,sensor_4_rolling_mean_5,6.5791993,sensor_4_rolling_mean_10,4.304598,sensor_15_rolling_mean_5,4.2047696,sensor_15_rolling_mean_10,3.6051471,sensor_6_rolling_std_20,-15.120398,sensor_14_rolling_mean_20,-6.4476333,sensor_12_rolling_mean_20,-4.291325,sensor_8_rolling_std_20,-3.935907,sensor_8_rolling_mean_20,-3.652001,sensor_6_rolling_std_20,-15.120398,sensor_21_rolling_mean_10,9.264888,sensor_4_rolling_mean_5,6.5791993,sensor_14_rolling_mean_20,-6.4476333,sensor_4_rolling_mean_10,4.304598,sensor_12_rolling_mean_20,-4.291325,sensor_15_rolling_mean_5,4.2047696,sensor_8_rolling_std_20,-3.935907,sensor_8_rolling_mean_20,-3.652001,sensor_15_rolling_mean_10,3.6051471
74,83,83.0,111.75251007080078,28.75251007080078,sensor_4_rolling_mean_5,5.3989577,sensor_4_rolling_mean_10,3.880505,sensor_11,3.5562525,sensor_15_rolling_mean_10,3.3358176,sensor_17_rolling_mean_10,3.0604575,sensor_6_rolling_std_20,-15.033632,sensor_14_rolling_mean_20,-8.681512,sensor_8_rolling_mean_20,-3.972716,sensor_8_rolling_std_20,-3.401046,sensor_4_rolling_std_20,-3.377048,sensor_6_rolling_std_20,-15.033632,sensor_14_rolling_mean_20,-8.681512,sensor_4_rolling_mean_5,5.3989577,sensor_8_rolling_mean_20,-3.972716,sensor_4_rolling_mean_10,3.880505,sensor_11,3.5562525,sensor_8_rolling_std_20,-3.401046,sensor_4_rolling_std_20,-3.377048,sensor_15_rolling_mean_10,3.3358176,sensor_12_rolling_mean_20,-3.3141692
74,84,82.0,115.2567138671875,33.2567138671875,sensor_11_rolling_mean_5,5.8770795,sensor_4_rolling_mean_5,5.635949,sensor_4_rolling_mean_10,3.389235,sensor_3_rolling_mean_10,3.3563633,sensor_11,3.3176188,sensor_6_rolling_std_20,-16.597235,sensor_14_rolling_mean_20,-6.8529305,sensor_21_rolling_mean_10,-5.177725,sensor_8_rolling_std_20,-4.1363525,sensor_4_rolling_std_20,-3.5458472,sensor_6_rolling_std_20,-16.597235,sensor_14_rolling_mean_20,-6.8529305,sensor_11_rolling_mean_5,5.8770795,sensor_4_rolling_mean_5,5.635949,sensor_21_rolling_mean_10,-5.177725,sensor_8_rolling_std_20,-4.1363525,sensor_4_rolling_std_20,-3.5458472,sensor_12_rolling_mean_20,-3.455971,sensor_4_rolling_mean_10,3.389235,sensor_3_rolling_mean_10,3.3563633
74,85,81.0,111.72403717041016,30.724037170410156,sensor_11_rolling_mean_5,6.3447328,sensor_4_rolling_mean_5,5.727922,sensor_4_rolling_mean_10,4.3428903,sensor_3_rolling_mean_10,3.75168,sensor_8_rolling_mean_10,3.2372282,sensor_6_rolling_std_20,-18.45513,sensor_14_rolling_mean_20,-4.6858854,sensor_21_rolling_mean_10,-4.4396234,sensor_8_rolling_std_20,-4.3405313,sensor_4_rolling_std_20,-3.8215883,sensor_6_rolling_std_20,-18.45513,sensor_11_rolling_mean_5,6.3447328,sensor_4_rolling_mean_5,5.727922,sensor_14_rolling_mean_20,-4.6858854,sensor_21_rolling_mean_10,-4.4396234,sensor_4_rolling_mean_10,4.3428903,sensor_8_rolling_std_20,-4.3405313,sensor_4_rolling_std_20,-3.8215883,sensor_3_rolling_mean_10,3.75168,sensor_12_rolling_mean_20,-3.5273032
74,86,80.0,111.10905456542969,31.109054565429688,sensor_11_rolling_mean_5,5.5184994,sensor_3_rolling_mean_10,4.2542434,sensor_4_rolling_mean_5,4.1276693,sensor_15_rolling_std_20,3.9962745,sensor_15_rolling_mean_5,3.6751237,sensor_6_rolling_std_20,-16.40164,sensor_14_rolling_mean_20,-5.995267,sensor_21_rolling_mean_10,-4.9046383,sensor_8_rolling_std_20,-3.65736,sensor_12_rolling_mean_20,-3.3651888,sensor_6_rolling_std_20,-16.40164,sensor_14_rolling_mean_20,-5.995267,sensor_11_rolling_mean_5,5.5184994,sensor_21_rolling_mean_10,-4.9046383,sensor_3_rolling_mean_10,4.2542434,sensor_4_rolling_mean_5,4.1276693,sensor_15_rolling_std_20,3.9962745,sensor_15_rolling_mean_5,3.6751237,sensor_8_rolling_std_20,-3.65736,sensor_12_rolling_mean_20,-3.3651888
74,87,79.0,97.07652282714844,18.076522827148438,sensor_11_rolling_mean_5,6.3882155,sensor_4_rolling_mean_5,5.100071,sensor_9_rolling_std_20,4.92712,sensor_3_rolling_mean_10,4.125871,sensor_15_rolling_mean_5,3.34248,sensor_6_rolling_std_20,-18.405092,sensor_21_rolling_mean_10,-4.953728,sensor_12_rolling_mean_20,-3.892798,sensor_8_rolling_std_20,-3.6231046,sensor_9_rolling_mean_10,-3.5544124,sensor_6_rolling_std_20,-18.405092,sensor_11_rolling_mean_5,6.3882155,sensor_4_rolling_mean_5,5.100071,sensor_21_rolling_mean_10,-4.953728,sensor_9_rolling_std_20,4.92712,sensor_3_rolling_mean_10,4.125871,sensor_12_rolling_mean_20,-3.892798,sensor_8_rolling_std_20,-3.6231046,sensor_9_rolling_mean_10,-3.5544124,sensor_14_rolling_mean_20,-3.4990697
74,88,78.0,116.92457580566406,38.92457580566406,sensor_11_rolling_mean_5,6.4995174,sensor_4_rolling_mean_5,6.086531,sensor_3_rolling_mean_10,4.336661,sensor_15_rolling_mean_5,4.2253404,sensor_9_rolling_std_20,3.7377284,sensor_6_rolling_std_20,-13.066736,sensor_14_rolling_mean_20,-6.2699513,sensor_21_rolling_mean_10,-4.9049644,sensor_4_rolling_std_20,-3.8644254,sensor_12_rolling_mean_20,-3.8344083,sensor_6_rolling_std_20,-13.066736,sensor_11_rolling_mean_5,6.4995174,sensor_14_rolling_mean_20,-6.2699513,sensor_4_rolling_mean_5,6.086531,sensor_21_rolling_mean_10,-4.9049644,sensor_3_rolling_mean_10,4.336661,sensor_15_rolling_mean_5,4.2253404,sensor_4_rolling_std_20,-3.8644254,sensor_12_rolling_mean_20,-3.8344083,sensor_9_rolling_std_20,3.7377284
74,89,77.0,105.20883178710938,28.208831787109375,sensor_11_rolling_mean_5,6.8493605,sensor_9_rolling_std_20,5.091776,sensor_4_rolling_mean_5,5.0325456,sensor_3_rolling_mean_10,4.021306,sensor_15_rolling_mean_5,3.480586,sensor_6_rolling_std_20,-15.871274,sensor_21_rolling_mean_10,-5.399423,sensor_4_rolling_std_20,-4.200625,sensor_12_rolling_mean_20,-3.9081743,sensor_9_rolling_mean_10,-3.279655,sensor_6_rolling_std_20,-15.871274,sensor_11_rolling_mean_5,6.8493605,sensor_21_rolling_mean_10,-5.399423,sensor_9_rolling_std_20,5.091776,sensor_4_rolling_mean_5,5.0325456,sensor_4_rolling_std_20,-4.200625,sensor_3_rolling_mean_10,4.021306,sensor_12_rolling_mean_20,-3.9081743,sensor_15_rolling_mean_5,3.480586,sensor_9_rolling_mean_10,-3.279655
74,90,76.0,106.21320343017578,30.21320343017578,sensor_4_rolling_mean_5,6.084255,sensor_11_rolling_mean_5,5.8284526,sensor_15_rolling_mean_10,4.280735,sensor_9_rolling_std_20,4.0215154,sensor_15_rolling_mean_5,3.9274611,sensor_6_rolling_std_20,-13.024887,sensor_14_rolling_mean_20,-6.7954473,sensor_4_rolling_std_20,-4.626,sensor_21_rolling_mean_10,-4.5698814,sensor_12_rolling_mean_20,-4.5614314,sensor_6_rolling_std_20,-13.024887,sensor_14_rolling_mean_20,-6.7954473,sensor_4_rolling_mean_5,6.084255,sensor_11_rolling_mean_5,5.8284526,sensor_4_rolling_std_20,-4.626,sensor_21_rolling_mean_10,-4.5698814,sensor_12_rolling_mean_20,-4.5614314,sensor_15_rolling_mean_10,4.280735,sensor_9_rolling_std_20,4.0215154,sensor_15_rolling_mean_5,3.9274611
74,91,75.0,110.01630401611328,35.01630401611328,sensor_11_rolling_mean_5,6.9986496,sensor_9_rolling_std_20,5.8272367,sensor_4_rolling_mean_5,5.469802,sensor_15_rolling_mean_5,4.579891,sensor_3_rolling_mean_10,3.7615492,sensor_6_rolling_std_20,-15.117276,sensor_14_rolling_mean_20,-5.285869,sensor_21_rolling_mean_10,-5.0410514,sensor_8_rolling_std_20,-4.3967414,sensor_4_rolling_std_20,-4.273039,sensor_6_rolling_std_20,-15.117276,sensor_11_rolling_mean_5,6.9986496,sensor_9_rolling_std_20,5.8272367,sensor_4_rolling_mean_5,5.469802,sensor_14_rolling_mean_20,-5.285869,sensor_21_rolling_mean_10,-5.0410514,sensor_15_rolling_mean_5,4.579891,sensor_8_rolling_std_20,-4.3967414,sensor_4_rolling_std_20,-4.273039,sensor_3_rolling_mean_10,3.7615492
74,92,74.0,128.51434326171875,54.51434326171875,sensor_4_rolling_mean_5,5.571206,sensor_11_rolling_mean_5,5.3557525,sensor_9_rolling_std_20,5.2940636,sensor_13_rolling_mean_20,4.5740905,sensor_3_rolling_mean_10,4.409633,sensor_6_rolling_std_20,-13.984675,sensor_14_rolling_mean_20,-6.425042,sensor_21_rolling_mean_10,-5.3629885,sensor_8_rolling_std_20,-4.5118756,sensor_4_rolling_std_20,-3.7646515,sensor_6_rolling_std_20,-13.984675,sensor_14_rolling_mean_20,-6.425042,sensor_4_rolling_mean_5,5.571206,sensor_21_rolling_mean_10,-5.3629885,sensor_11_rolling_mean_5,5.3557525,sensor_9_rolling_std_20,5.2940636,sensor_13_rolling_mean_20,4.5740905,sensor_8_rolling_std_20,-4.5118756,sensor_3_rolling_mean_10,4.409633,sensor_8_rolling_mean_10,3.949274
74,93,73.0,109.60498046875,36.60498046875,sensor_11_rolling_mean_5,5.9909678,sensor_4_rolling_mean_5,5.899574,sensor_4_rolling_mean_10,3.787389,sensor_8_rolling_mean_10,3.7456448,sensor_3_rolling_mean_10,3.4553208,sensor_6_rolling_std_20,-17.265198,sensor_21_rolling_mean_10,-4.8741455,sensor_8_rolling_std_20,-4.5398426,sensor_4_rolling_std_20,-3.704245,sensor_14_rolling_mean_20,-3.1274683,sensor_6_rolling_std_20,-17.265198,sensor_11_rolling_mean_5,5.9909678,sensor_4_rolling_mean_5,5.899574,sensor_21_rolling_mean_10,-4.8741455,sensor_8_rolling_std_20,-4.5398426,sensor_4_rolling_mean_10,3.787389,sensor_8_rolling_mean_10,3.7456448,sensor_4_rolling_std_20,-3.704245,sensor_3_rolling_mean_10,3.4553208,sensor_13_rolling_mean_20,3.4305465
74,94,72.0,114.72834777832031,42.72834777832031,sensor_11_rolling_mean_5,5.839893,sensor_4_rolling_mean_5,5.4177475,sensor_9_rolling_std_20,4.882729,sensor_13_rolling_mean_20,4.2772474,sensor_8_rolling_mean_10,4.1011276,sensor_6_rolling_std_20,-18.241629,sensor_14_rolling_mean_20,-5.4708157,sensor_21_rolling_mean_10,-5.236056,sensor_8_rolling_std_20,-3.5563812,sensor_4_rolling_std_20,-3.0527053,sensor_6_rolling_std_20,-18.241629,sensor_11_rolling_mean_5,5.839893,sensor_14_rolling_mean_20,-5.4708157,sensor_4_rolling_mean_5,5.4177475,sensor_21_rolling_mean_10,-5.236056,sensor_9_rolling_std_20,4.882729,sensor_13_rolling_mean_20,4.2772474,sensor_8_rolling_mean_10,4.1011276,sensor_8_rolling_std_20,-3.5563812,sensor_4_rolling_mean_10,3.481142
74,95,71.0,100.41667938232422,29.41667938232422,sensor_11_rolling_mean_5,6.2786603,sensor_4_rolling_mean_5,5.5753126,sensor_9_rolling_std_20,3.9885833,sensor_4_rolling_mean_10,3.3862379,sensor_2_rolling_mean_10,3.3446112,sensor_6_rolling_std_20,-17.808279,sensor_14_rolling_mean_20,-5.349786,sensor_21_rolling_mean_10,-4.434335,sensor_12_rolling_mean_20,-3.793399,sensor_3_rolling_mean_20,-3.5824099,sensor_6_rolling_std_20,-17.808279,sensor_11_rolling_mean_5,6.2786603,sensor_4_rolling_mean_5,5.5753126,sensor_14_rolling_mean_20,-5.349786,sensor_21_rolling_mean_10,-4.434335,sensor_9_rolling_std_20,3.9885833,sensor_12_rolling_mean_20,-3.793399,sensor_3_rolling_mean_20,-3.5824099,sensor_4_rolling_mean_10,3.3862379,sensor_2_rolling_mean_10,3.3446112
74,96,70.0,105.17613983154297,35.17613983154297,sensor_11_rolling_mean_5,6.138776,sensor_4_rolling_mean_5,5.66862,sensor_8_rolling_mean_10,3.590043,sensor_4_rolling_mean_10,3.4105222,sensor_2_rolling_mean_10,3.0226264,sensor_6_rolling_std_20,-17.457321,sensor_21_rolling_mean_10,-4.6139197,sensor_14_rolling_mean_20,-4.358046,sensor_12_rolling_mean_20,-3.577189,sensor_15_rolling_mean_20,-3.0880213,sensor_6_rolling_std_20,-17.457321,sensor_11_rolling_mean_5,6.138776,sensor_4_rolling_mean_5,5.66862,sensor_21_rolling_mean_10,-4.6139197,sensor_14_rolling_mean_20,-4.358046,sensor_8_rolling_mean_10,3.590043,sensor_12_rolling_mean_20,-3.577189,sensor_4_rolling_mean_10,3.4105222,sensor_15_rolling_mean_20,-3.0880213,sensor_3_rolling_mean_20,-3.0664384
74,97,69.0,99.36549377441406,30.365493774414062,sensor_4_rolling_mean_5,5.771626,sensor_11_rolling_mean_5,5.418645,sensor_8_rolling_mean_10,3.1937087,sensor_2_rolling_mean_10,3.055843,sensor_4_rolling_mean_10,3.051623,sensor_6_rolling_std_20,-18.378046,sensor_14_rolling_mean_20,-5.0063148,sensor_21_rolling_mean_10,-4.2144885,sensor_12_rolling_mean_20,-3.4288242,sensor_11,-2.4914007,sensor_6_rolling_std_20,-18.378046,sensor_4_rolling_mean_5,5.771626,sensor_11_rolling_mean_5,5.418645,sensor_14_rolling_mean_20,-5.0063148,sensor_21_rolling_mean_10,-4.2144885,sensor_12_rolling_mean_20,-3.4288242,sensor_8_rolling_mean_10,3.1937087,sensor_2_rolling_mean_10,3.055843,sensor_4_rolling_mean_10,3.051623,sensor_13_rolling_mean_20,2.9607272
74,98,68.0,99.01943969726562,31.019439697265625,sensor_4_rolling_mean_5,6.6488624,sensor_4_rolling_mean_10,4.3692875,sensor_11,3.5851057,sensor_13_rolling_mean_20,3.394328,sensor_8_rolling_mean_10,3.3684976,sensor_6_rolling_std_20,-15.117819,sensor_14_rolling_mean_20,-6.347318,sensor_12_rolling_mean_20,-3.9526274,sensor_21_rolling_mean_10,-3.8834076,sensor_15_rolling_mean_20,-3.381731,sensor_6_rolling_std_20,-15.117819,sensor_4_rolling_mean_5,6.6488624,sensor_14_rolling_mean_20,-6.347318,sensor_4_rolling_mean_10,4.3692875,sensor_12_rolling_mean_20,-3.9526274,sensor_21_rolling_mean_10,-3.8834076,sensor_11,3.5851057,sensor_13_rolling_mean_20,3.394328,sensor_15_rolling_mean_20,-3.381731,sensor_8_rolling_mean_10,3.3684976
74,99,67.0,85.00695037841797,18.00695037841797,sensor_4_rolling_mean_5,6.331089,sensor_4_rolling_mean_10,3.8531,sensor_9_rolling_mean_10,3.2719812,sensor_8_rolling_mean_10,2.6286585,sensor_3_rolling_mean_10,2.5442793,sensor_6_rolling_std_20,-15.318474,sensor_9_rolling_std_20,-5.0489655,sensor_15_rolling_mean_20,-3.6481311,sensor_14_rolling_mean_20,-3.369276,sensor_12_rolling_mean_20,-3.2739174,sensor_6_rolling_std_20,-15.318474,sensor_4_rolling_mean_5,6.331089,sensor_9_rolling_std_20,-5.0489655,sensor_4_rolling_mean_10,3.8531,sensor_15_rolling_mean_20,-3.6481311,sensor_14_rolling_mean_20,-3.369276,sensor_12_rolling_mean_20,-3.2739174,sensor_9_rolling_mean_10,3.2719812,sensor_8_rolling_mean_20,-3.1917593,sensor_21_rolling_mean_10,-2.8024468
74,100,66.0,72.59725189208984,6.597251892089844,sensor_4_rolling_mean_5,6.1791697,sensor_4_rolling_mean_10,3.1047366,sensor_8_rolling_mean_10,2.793979,sensor_13_rolling_mean_20,2.2497988,sensor_3_rolling_mean_10,2.2238321,sensor_6_rolling_std_20,-15.876527,sensor_14_rolling_mean_20,-6.1906295,sensor_9_rolling_std_20,-5.262848,sensor_21_rolling_mean_10,-3.8818784,sensor_9_rolling_mean_20,-3.8558176,sensor_6_rolling_std_20,-15.876527,sensor_14_rolling_mean_20,-6.1906295,sensor_4_rolling_mean_5,6.1791697,sensor_9_rolling_std_20,-5.262848,sensor_21_rolling_mean_10,-3.8818784,sensor_9_rolling_mean_20,-3.8558176,sensor_12_rolling_mean_20,-3.8108885,sensor_15_rolling_mean_20,-3.5059814,sensor_4_rolling_mean_10,3.1047366,sensor_8_rolling_mean_20,-2.9825897
74,101,65.0,86.01054382324219,21.010543823242188,sensor_4_rolling_mean_5,7.0807724,sensor_4_rolling_mean_10,4.3721757,sensor_8_rolling_mean_10,3.3966208,sensor_13_rolling_mean_20,2.8598995,sensor_3_rolling_mean_10,2.6430757,sensor_6_rolling_std_20,-13.208486,sensor_15_rolling_mean_20,-6.132921,sensor_14_rolling_mean_20,-5.966727,sensor_21_rolling_mean_10,-4.5349793,sensor_9_rolling_std_20,-3.7690337,sensor_6_rolling_std_20,-13.208486,sensor_4_rolling_mean_5,7.0807724,sensor_15_rolling_mean_20,-6.132921,sensor_14_rolling_mean_20,-5.966727,sensor_21_rolling_mean_10,-4.5349793,sensor_4_rolling_mean_10,4.3721757,sensor_9_rolling_std_20,-3.7690337,sensor_9_rolling_mean_20,-3.4096265,sensor_8_rolling_mean_10,3.3966208,sensor_12_rolling_mean_20,-3.1945415
74,102,64.0,76.73112487792969,12.731124877929688,sensor_4_rolling_mean_5,5.969578,sensor_4_rolling_mean_10,3.5886354,sensor_8_rolling_mean_10,3.393712,sensor_11_rolling_mean_5,2.6460485,sensor_3_rolling_mean_10,2.5826485,sensor_6_rolling_std_20,-15.139139,sensor_15_rolling_mean_20,-7.0420656,sensor_14_rolling_mean_20,-4.6052365,sensor_21_rolling_mean_10,-4.478704,sensor_8_rolling_std_20,-4.2910333,sensor_6_rolling_std_20,-15.139139,sensor_15_rolling_mean_20,-7.0420656,sensor_4_rolling_mean_5,5.969578,sensor_14_rolling_mean_20,-4.6052365,sensor_21_rolling_mean_10,-4.478704,sensor_8_rolling_std_20,-4.2910333,sensor_9_rolling_std_20,-4.076995,sensor_12_rolling_mean_20,-3.798331,sensor_4_rolling_mean_10,3.5886354,sensor_8_rolling_mean_10,3.393712
74,103,63.0,70.34693145751953,7.346931457519531,sensor_4_rolling_mean_5,5.8364882,sensor_11_rolling_mean_5,4.5257645,sensor_12_rolling_std_20,3.2673082,sensor_13_rolling_mean_20,2.82103,sensor_4_rolling_mean_10,2.6262183,sensor_6_rolling_std_20,-17.655521,sensor_14_rolling_mean_20,-6.5778327,sensor_9_rolling_std_20,-5.913223,sensor_15_rolling_mean_20,-4.2518964,sensor_8_rolling_std_20,-4.2026596,sensor_6_rolling_std_20,-17.655521,sensor_14_rolling_mean_20,-6.5778327,sensor_9_rolling_std_20,-5.913223,sensor_4_rolling_mean_5,5.8364882,sensor_11_rolling_mean_5,4.5257645,sensor_15_rolling_mean_20,-4.2518964,sensor_8_rolling_std_20,-4.2026596,sensor_21_rolling_mean_10,-3.790207,sensor_12_rolling_std_20,3.2673082,sensor_12_rolling_mean_20,-3.1762924
74,104,62.0,90.81893157958984,28.818931579589844,sensor_4_rolling_mean_5,6.036481,sensor_4_rolling_mean_10,4.030806,sensor_4_rolling_std_20,3.84662,sensor_12_rolling_std_20,3.6037872,sensor_13_rolling_mean_20,3.4821718,sensor_6_rolling_std_20,-16.865469,sensor_14_rolling_mean_20,-7.2225842,sensor_21_rolling_mean_10,-4.787149,sensor_8_rolling_std_20,-4.470376,sensor_15_rolling_mean_20,-4.052572,sensor_6_rolling_std_20,-16.865469,sensor_14_rolling_mean_20,-7.2225842,sensor_4_rolling_mean_5,6.036481,sensor_21_rolling_mean_10,-4.787149,sensor_8_rolling_std_20,-4.470376,sensor_15_rolling_mean_20,-4.052572,sensor_4_rolling_mean_10,4.030806,sensor_4_rolling_std_20,3.84662,sensor_12_rolling_std_20,3.6037872,sensor_12_rolling_mean_20,-3.4852662
74,105,61.0,87.79620361328125,26.79620361328125,sensor_4_rolling_mean_5,6.519847,sensor_12_rolling_std_20,4.603463,sensor_4_rolling_mean_10,3.7958179,sensor_4,2.8863554,sensor_2_rolling_mean_5,2.5180202,sensor_6_rolling_std_20,-17.099257,sensor_14_rolling_mean_20,-9.048385,sensor_21_rolling_mean_10,-4.838693,sensor_9_rolling_std_20,-3.5678735,sensor_12_rolling_mean_20,-3.4401593,sensor_6_rolling_std_20,-17.099257,sensor_14_rolling_mean_20,-9.048385,sensor_4_rolling_mean_5,6.519847,sensor_21_rolling_mean_10,-4.838693,sensor_12_rolling_std_20,4.603463,sensor_4_rolling_mean_10,3.7958179,sensor_9_rolling_std_20,-3.5678735,sensor_12_rolling_mean_20,-3.4401593,sensor_15_rolling_mean_20,-2.8899922,sensor_4,2.8863554
74,106,60.0,88.0541763305664,28.054176330566406,sensor_4_rolling_mean_5,7.036649,sensor_4_rolling_mean_10,3.8014953,sensor_12_rolling_std_20,3.6033947,sensor_13_rolling_mean_20,3.3126976,sensor_11,2.9372876,sensor_6_rolling_std_20,-16.228611,sensor_14_rolling_mean_20,-11.38085,sensor_21_rolling_mean_10,-4.8018603,sensor_12_rolling_mean_20,-3.502241,sensor_8_rolling_std_20,-3.4455142,sensor_6_rolling_std_20,-16.228611,sensor_14_rolling_mean_20,-11.38085,sensor_4_rolling_mean_5,7.036649,sensor_21_rolling_mean_10,-4.8018603,sensor_4_rolling_mean_10,3.8014953,sensor_12_rolling_std_20,3.6033947,sensor_12_rolling_mean_20,-3.502241,sensor_8_rolling_std_20,-3.4455142,sensor_13_rolling_mean_20,3.3126976,sensor_15_rolling_mean_20,-3.2746232
74,107,59.0,79.64118957519531,20.641189575195312,sensor_4_rolling_mean_5,6.3919606,sensor_12_rolling_std_20,4.5614085,sensor_4_rolling_mean_10,4.0868597,sensor_9_rolling_std_20,3.2185454,sensor_2_rolling_mean_10,2.4853642,sensor_6_rolling_std_20,-19.054567,sensor_14_rolling_mean_20,-6.76106,sensor_8_rolling_std_20,-4.69867,sensor_21_rolling_mean_10,-4.687091,sensor_12_rolling_mean_20,-4.205634,sensor_6_rolling_std_20,-19.054567,sensor_14_rolling_mean_20,-6.76106,sensor_4_rolling_mean_5,6.3919606,sensor_8_rolling_std_20,-4.69867,sensor_21_rolling_mean_10,-4.687091,sensor_12_rolling_std_20,4.5614085,sensor_12_rolling_mean_20,-4.205634,sensor_4_rolling_mean_10,4.0868597,sensor_8_rolling_mean_20,-3.4925044,sensor_9_rolling_std_20,3.2185454
74,108,58.0,94.03937530517578,36.03937530517578,sensor_4_rolling_mean_5,7.0009327,sensor_4_rolling_mean_10,4.5775094,sensor_12_rolling_std_20,4.532631,sensor_9_rolling_std_20,3.7970574,sensor_11,3.2918763,sensor_6_rolling_std_20,-16.698097,sensor_14_rolling_mean_20,-9.509743,sensor_12_rolling_mean_20,-4.234138,sensor_21_rolling_mean_10,-3.9096503,sensor_8_rolling_mean_20,-2.7923265,sensor_6_rolling_std_20,-16.698097,sensor_14_rolling_mean_20,-9.509743,sensor_4_rolling_mean_5,7.0009327,sensor_4_rolling_mean_10,4.5775094,sensor_12_rolling_std_20,4.532631,sensor_12_rolling_mean_20,-4.234138,sensor_21_rolling_mean_10,-3.9096503,sensor_9_rolling_std_20,3.7970574,sensor_11,3.2918763,sensor_2_rolling_mean_10,3.1960716
74,109,57.0,83.3804702758789,26.380470275878906,sensor_4_rolling_mean_5,7.6405845,sensor_12_rolling_std_20,5.6148133,sensor_11_rolling_mean_5,5.5630264,sensor_4_rolling_mean_10,4.827234,sensor_2_rolling_mean_10,3.0894258,sensor_6_rolling_std_20,-18.356745,sensor_14_rolling_mean_20,-8.099077,sensor_12_rolling_mean_20,-4.42205,sensor_2_rolling_std_20,-3.9796345,sensor_21_rolling_mean_10,-3.2760775,sensor_6_rolling_std_20,-18.356745,sensor_14_rolling_mean_20,-8.099077,sensor_4_rolling_mean_5,7.6405845,sensor_12_rolling_std_20,5.6148133,sensor_11_rolling_mean_5,5.5630264,sensor_4_rolling_mean_10,4.827234,sensor_12_rolling_mean_20,-4.42205,sensor_2_rolling_std_20,-3.9796345,sensor_21_rolling_mean_10,-3.2760775,sensor_2_rolling_mean_10,3.0894258
74,110,56.0,80.07765197753906,24.077651977539062,sensor_4_rolling_mean_5,7.259227,sensor_11_rolling_mean_5,5.410294,sensor_4_rolling_mean_10,4.8128247,sensor_2_rolling_mean_10,3.6876752,sensor_12_rolling_std_20,3.4114497,sensor_6_rolling_std_20,-18.446058,sensor_14_rolling_mean_20,-8.056599,sensor_12_rolling_mean_20,-4.99705,sensor_8_rolling_mean_20,-3.5863204,sensor_21_rolling_mean_10,-2.9992936,sensor_6_rolling_std_20,-18.446058,sensor_14_rolling_mean_20,-8.056599,sensor_4_rolling_mean_5,7.259227,sensor_11_rolling_mean_5,5.410294,sensor_12_rolling_mean_20,-4.99705,sensor_4_rolling_mean_10,4.8128247,sensor_2_rolling_mean_10,3.6876752,sensor_8_rolling_mean_20,-3.5863204,sensor_12_rolling_std_20,3.4114497,sensor_21_rolling_mean_10,-2.9992936
74,111,55.0,70.80057525634766,15.800575256347656,sensor_4_rolling_mean_5,6.821787,sensor_4_rolling_mean_10,5.3662143,sensor_11_rolling_mean_5,4.804493,sensor_2_rolling_mean_10,4.0883436,sensor_3_rolling_mean_10,2.9968343,sensor_6_rolling_std_20,-18.588522,sensor_14_rolling_mean_20,-8.967735,sensor_12_rolling_mean_20,-6.0613155,sensor_8_rolling_mean_20,-3.4995713,sensor_11,-3.4644995,sensor_6_rolling_std_20,-18.588522,sensor_14_rolling_mean_20,-8.967735,sensor_4_rolling_mean_5,6.821787,sensor_12_rolling_mean_20,-6.0613155,sensor_4_rolling_mean_10,5.3662143,sensor_11_rolling_mean_5,4.804493,sensor_2_rolling_mean_10,4.0883436,sensor_8_rolling_mean_20,-3.4995713,sensor_11,-3.4644995,sensor_21_rolling_mean_10,-3.2768648
74,112,54.0,82.02609252929688,28.026092529296875,sensor_4_rolling_mean_5,5.3261313,sensor_4_rolling_mean_10,4.912123,sensor_2_rolling_mean_10,3.9187424,sensor_11,3.4012027,sensor_15_rolling_std_20,2.9497023,sensor_6_rolling_std_20,-14.702266,sensor_14_rolling_mean_20,-12.11774,sensor_12_rolling_mean_20,-5.9686346,sensor_21_rolling_mean_10,-3.9406903,sensor_8_rolling_mean_20,-3.483437,sensor_6_rolling_std_20,-14.702266,sensor_14_rolling_mean_20,-12.11774,sensor_12_rolling_mean_20,-5.9686346,sensor_4_rolling_mean_5,5.3261313,sensor_4_rolling_mean_10,4.912123,sensor_21_rolling_mean_10,-3.9406903,sensor_2_rolling_mean_10,3.9187424,sensor_8_rolling_mean_20,-3.483437,sensor_11,3.4012027,sensor_15_rolling_std_20,2.9497023
74,113,53.0,86.83269500732422,33.83269500732422,sensor_4_rolling_mean_10,4.544576,sensor_15_rolling_std_20,4.1738086,sensor_4_rolling_mean_5,3.7059846,sensor_17_rolling_std_20,3.5113647,sensor_2_rolling_mean_10,3.2808986,sensor_6_rolling_std_20,-17.078411,sensor_14_rolling_mean_20,-9.047513,sensor_12_rolling_mean_20,-5.2979646,sensor_21_rolling_mean_10,-4.4797792,sensor_8_rolling_mean_20,-3.4667456,sensor_6_rolling_std_20,-17.078411,sensor_14_rolling_mean_20,-9.047513,sensor_12_rolling_mean_20,-5.2979646,sensor_4_rolling_mean_10,4.544576,sensor_21_rolling_mean_10,-4.4797792,sensor_15_rolling_std_20,4.1738086,sensor_4_rolling_mean_5,3.7059846,sensor_17_rolling_std_20,3.5113647,sensor_8_rolling_mean_20,-3.4667456,sensor_9_rolling_mean_20,-3.3028762
74,114,52.0,70.89546203613281,18.895462036132812,sensor_4_rolling_mean_10,3.8605273,sensor_20_rolling_mean_10,3.5625777,sensor_2_rolling_mean_10,3.1083162,sensor_15_rolling_std_20,2.9670398,sensor_4_rolling_mean_5,2.965458,sensor_6_rolling_std_20,-15.779282,sensor_14_rolling_mean_20,-11.444681,sensor_8_rolling_mean_20,-6.0177617,sensor_21_rolling_mean_10,-5.189134,sensor_12_rolling_mean_20,-4.5296016,sensor_6_rolling_std_20,-15.779282,sensor_14_rolling_mean_20,-11.444681,sensor_8_rolling_mean_20,-6.0177617,sensor_21_rolling_mean_10,-5.189134,sensor_12_rolling_mean_20,-4.5296016,sensor_4_rolling_mean_10,3.8605273,sensor_20_rolling_mean_10,3.5625777,sensor_2_rolling_mean_10,3.1083162,sensor_9_rolling_mean_20,-3.0290086,sensor_13_rolling_std_20,-3.0036364
74,115,51.0,65.89907836914062,14.899078369140625,sensor_4_rolling_mean_10,3.8739245,sensor_15_rolling_std_20,3.5528626,sensor_2_rolling_mean_10,3.4709227,sensor_20_rolling_mean_10,3.1101127,sensor_4_rolling_mean_5,2.3613975,sensor_6_rolling_std_20,-14.632866,sensor_14_rolling_mean_20,-12.084336,sensor_8_rolling_mean_20,-7.019468,sensor_12_rolling_mean_20,-5.281854,sensor_21_rolling_mean_10,-4.5702586,sensor_6_rolling_std_20,-14.632866,sensor_14_rolling_mean_20,-12.084336,sensor_8_rolling_mean_20,-7.019468,sensor_12_rolling_mean_20,-5.281854,sensor_21_rolling_mean_10,-4.5702586,sensor_9_rolling_mean_20,-3.99873,sensor_4_rolling_mean_10,3.8739245,sensor_15_rolling_std_20,3.5528626,sensor_2_rolling_mean_10,3.4709227,sensor_20_rolling_mean_10,3.1101127
74,116,50.0,48.39421463012695,-1.6057853698730469,sensor_2_rolling_mean_10,2.8531075,sensor_4_rolling_mean_10,2.5623367,sensor_20_rolling_mean_10,2.1604512,sensor_8_rolling_std_20,2.0453959,sensor_9_rolling_std_20,1.9874427,sensor_6_rolling_std_20,-14.003736,sensor_14_rolling_mean_20,-12.296083,sensor_8_rolling_mean_20,-7.11645,sensor_21_rolling_mean_10,-4.863685,sensor_12_rolling_mean_20,-4.5529265,sensor_6_rolling_std_20,-14.003736,sensor_14_rolling_mean_20,-12.296083,sensor_8_rolling_mean_20,-7.11645,sensor_21_rolling_mean_10,-4.863685,sensor_12_rolling_mean_20,-4.5529265,sensor_9_rolling_mean_20,-4.1876817,sensor_13_rolling_std_20,-3.6533713,sensor_7_rolling_mean_20,-3.4030948,sensor_2_rolling_mean_10,2.8531075,sensor_7_rolling_mean_10,-2.8312917
74,117,49.0,45.18461608886719,-3.8153839111328125,sensor_2_rolling_mean_10,3.1155953,sensor_8_rolling_std_20,3.0227985,sensor_4_rolling_mean_5,2.8607113,sensor_2_rolling_mean_5,2.619539,sensor_17_rolling_std_20,2.3685002,sensor_14_rolling_mean_20,-13.022869,sensor_6_rolling_std_20,-12.949713,sensor_8_rolling_mean_20,-6.042479,sensor_12_rolling_mean_20,-5.41963,sensor_21_rolling_mean_10,-5.3544602,sensor_14_rolling_mean_20,-13.022869,sensor_6_rolling_std_20,-12.949713,sensor_8_rolling_mean_20,-6.042479,sensor_12_rolling_mean_20,-5.41963,sensor_21_rolling_mean_10,-5.3544602,sensor_9_rolling_mean_20,-4.722881,sensor_13_rolling_std_20,-3.7406182,sensor_2_rolling_mean_10,3.1155953,sensor_8_rolling_std_20,3.0227985,sensor_14_rolling_std_20,-2.9560506
74,118,48.0,55.94953155517578,7.949531555175781,sensor_4_rolling_mean_5,3.6984286,sensor_20_rolling_mean_10,3.4304972,sensor_2_rolling_mean_10,3.2444305,sensor_17_rolling_std_20,2.865856,sensor_8_rolling_std_20,2.4938874,sensor_6_rolling_std_20,-13.80897,sensor_14_rolling_mean_20,-12.474196,sensor_21_rolling_mean_10,-6.6411037,sensor_8_rolling_mean_20,-5.36759,sensor_9_rolling_mean_20,-4.714239,sensor_6_rolling_std_20,-13.80897,sensor_14_rolling_mean_20,-12.474196,sensor_21_rolling_mean_10,-6.6411037,sensor_8_rolling_mean_20,-5.36759,sensor_9_rolling_mean_20,-4.714239,sensor_12_rolling_mean_20,-4.075002,sensor_4_rolling_mean_5,3.6984286,sensor_20_rolling_mean_10,3.4304972,sensor_2_rolling_mean_10,3.2444305,sensor_21_rolling_mean_5,-3.1151628
74,119,47.0,50.17998504638672,3.1799850463867188,sensor_8_rolling_std_20,3.476587,sensor_17_rolling_std_20,3.1770127,sensor_4_rolling_mean_5,3.1739564,sensor_20_rolling_mean_10,2.2274487,sensor_13_rolling_mean_20,1.9842991,sensor_6_rolling_std_20,-13.684735,sensor_14_rolling_mean_20,-12.821851,sensor_21_rolling_mean_10,-7.3427973,sensor_8_rolling_mean_20,-5.4466457,sensor_12_rolling_mean_20,-4.3711314,sensor_6_rolling_std_20,-13.684735,sensor_14_rolling_mean_20,-12.821851,sensor_21_rolling_mean_10,-7.3427973,sensor_8_rolling_mean_20,-5.4466457,sensor_12_rolling_mean_20,-4.3711314,sensor_9_rolling_mean_20,-4.241772,sensor_8_rolling_std_20,3.476587,sensor_17_rolling_std_20,3.1770127,sensor_4_rolling_mean_5,3.1739564,sensor_21_rolling_mean_5,-2.7850573
74,120,46.0,38.57421875,-7.42578125,sensor_4_rolling_mean_5,4.016424,sensor_17_rolling_std_20,3.115482,sensor_2_rolling_mean_10,2.219986,sensor_8_rolling_std_20,1.8761826,sensor_20_rolling_mean_20,1.7259037,sensor_6_rolling_std_20,-16.840122,sensor_14_rolling_mean_20,-9.990819,sensor_21_rolling_mean_10,-7.785462,sensor_8_rolling_mean_20,-5.308199,sensor_9_rolling_mean_20,-4.886729,sensor_6_rolling_std_20,-16.840122,sensor_14_rolling_mean_20,-9.990819,sensor_21_rolling_mean_10,-7.785462,sensor_8_rolling_mean_20,-5.308199,sensor_9_rolling_mean_20,-4.886729,sensor_4_rolling_mean_5,4.016424,sensor_21_rolling_mean_5,-3.394607,sensor_17_rolling_std_20,3.115482,sensor_12_rolling_mean_20,-3.0843704,sensor_20_rolling_std_20,-2.9276562
74,121,45.0,51.271324157714844,6.271324157714844,sensor_17_rolling_std_20,5.2855983,sensor_4_rolling_mean_5,5.185799,sensor_8_rolling_std_20,4.192832,sensor_2_rolling_mean_10,3.3170078,sensor_2_rolling_mean_5,1.6270982,sensor_6_rolling_std_20,-15.481742,sensor_14_rolling_mean_20,-10.200842,sensor_21_rolling_mean_10,-7.0689845,sensor_8_rolling_mean_20,-4.842845,sensor_9_rolling_mean_20,-4.3775926,sensor_6_rolling_std_20,-15.481742,sensor_14_rolling_mean_20,-10.200842,sensor_21_rolling_mean_10,-7.0689845,sensor_17_rolling_std_20,5.2855983,sensor_4_rolling_mean_5,5.185799,sensor_8_rolling_mean_20,-4.842845,sensor_9_rolling_mean_20,-4.3775926,sensor_8_rolling_std_20,4.192832,sensor_7_rolling_mean_20,-3.6751733,sensor_12_rolling_mean_20,-3.590931
74,122,44.0,41.54055404663086,-2.4594459533691406,sensor_4_rolling_mean_5,4.8496633,sensor_8_rolling_std_20,4.255808,sensor_2_rolling_mean_10,3.232337,sensor_17_rolling_std_20,3.0414464,sensor_20_rolling_mean_20,2.1542225,sensor_6_rolling_std_20,-16.685118,sensor_14_rolling_mean_20,-10.083261,sensor_21_rolling_mean_10,-7.50567,sensor_8_rolling_mean_20,-5.5075636,sensor_9_rolling_mean_20,-4.8113456,sensor_6_rolling_std_20,-16.685118,sensor_14_rolling_mean_20,-10.083261,sensor_21_rolling_mean_10,-7.50567,sensor_8_rolling_mean_20,-5.5075636,sensor_4_rolling_mean_5,4.8496633,sensor_9_rolling_mean_20,-4.8113456,sensor_8_rolling_std_20,4.255808,sensor_7_rolling_mean_20,-3.558268,sensor_9_rolling_mean_5,-3.4833786,sensor_2_rolling_mean_10,3.232337
74,123,43.0,48.814456939697266,5.814456939697266,sensor_4_rolling_mean_5,6.029571,sensor_2_rolling_mean_10,3.9865777,sensor_8_rolling_std_20,3.9748914,sensor_17_rolling_std_20,3.3930402,sensor_4_rolling_mean_10,2.5166986,sensor_6_rolling_std_20,-15.9942045,sensor_14_rolling_mean_20,-10.073424,sensor_21_rolling_mean_10,-7.3029156,sensor_7_rolling_mean_20,-4.821724,sensor_8_rolling_mean_20,-4.793356,sensor_6_rolling_std_20,-15.9942045,sensor_14_rolling_mean_20,-10.073424,sensor_21_rolling_mean_10,-7.3029156,sensor_4_rolling_mean_5,6.029571,sensor_7_rolling_mean_20,-4.821724,sensor_8_rolling_mean_20,-4.793356,sensor_9_rolling_mean_20,-4.156617,sensor_2_rolling_mean_10,3.9865777,sensor_8_rolling_std_20,3.9748914,sensor_17_rolling_std_20,3.3930402
74,124,42.0,41.35871124267578,-0.6412887573242188,sensor_4_rolling_mean_5,5.837246,sensor_2_rolling_mean_10,4.760853,sensor_2_rolling_mean_5,2.8176675,sensor_8_rolling_std_20,2.2835565,sensor_4_rolling_mean_10,2.1047146,sensor_6_rolling_std_20,-14.291858,sensor_14_rolling_mean_20,-11.253511,sensor_11_rolling_mean_5,-8.117459,sensor_21_rolling_mean_10,-6.727336,sensor_8_rolling_mean_20,-5.134292,sensor_6_rolling_std_20,-14.291858,sensor_14_rolling_mean_20,-11.253511,sensor_11_rolling_mean_5,-8.117459,sensor_21_rolling_mean_10,-6.727336,sensor_4_rolling_mean_5,5.837246,sensor_8_rolling_mean_20,-5.134292,sensor_2_rolling_mean_10,4.760853,sensor_9_rolling_mean_20,-3.4599538,sensor_14_rolling_std_20,-3.325561,sensor_2_rolling_mean_5,2.8176675
74,125,41.0,52.41001892089844,11.410018920898438,sensor_2_rolling_mean_10,4.6222086,sensor_2_rolling_mean_5,3.2733495,sensor_8_rolling_std_20,2.8225238,sensor_4_rolling_mean_5,2.5526464,sensor_13_rolling_mean_20,2.1713138,sensor_6_rolling_std_20,-12.789139,sensor_14_rolling_mean_20,-11.710257,sensor_11_rolling_mean_5,-7.6342287,sensor_21_rolling_mean_10,-7.3797503,sensor_8_rolling_mean_20,-4.2242894,sensor_6_rolling_std_20,-12.789139,sensor_14_rolling_mean_20,-11.710257,sensor_11_rolling_mean_5,-7.6342287,sensor_21_rolling_mean_10,-7.3797503,sensor_2_rolling_mean_10,4.6222086,sensor_8_rolling_mean_20,-4.2242894,sensor_2_rolling_mean_5,3.2733495,sensor_9_rolling_mean_20,-3.0627208,sensor_8_rolling_std_20,2.8225238,sensor_4_rolling_mean_5,2.5526464
74,126,40.0,47.46641540527344,7.4664154052734375,sensor_2_rolling_mean_10,4.30159,sensor_8_rolling_std_20,4.0325017,sensor_13_rolling_mean_20,2.599985,sensor_3_rolling_mean_10,2.549594,sensor_2_rolling_mean_5,1.9391129,sensor_6_rolling_std_20,-12.309523,sensor_14_rolling_mean_20,-11.948447,sensor_21_rolling_mean_10,-7.0555377,sensor_11_rolling_mean_5,-5.2442713,sensor_8_rolling_mean_20,-4.138367,sensor_6_rolling_std_20,-12.309523,sensor_14_rolling_mean_20,-11.948447,sensor_21_rolling_mean_10,-7.0555377,sensor_11_rolling_mean_5,-5.2442713,sensor_2_rolling_mean_10,4.30159,sensor_8_rolling_mean_20,-4.138367,sensor_8_rolling_std_20,4.0325017,sensor_9_rolling_mean_20,-3.5395944,sensor_14_rolling_std_20,-3.4119642,sensor_13_rolling_mean_20,2.599985
74,127,39.0,54.04433822631836,15.04433822631836,sensor_2_rolling_mean_10,3.6792827,sensor_8_rolling_std_20,2.8173206,sensor_2_rolling_mean_5,2.7026412,sensor_17_rolling_std_20,2.4619772,sensor_21_rolling_std_20,2.1149404,sensor_6_rolling_std_20,-14.146878,sensor_14_rolling_mean_20,-10.066645,sensor_21_rolling_mean_10,-5.3624215,sensor_8_rolling_mean_20,-5.2482986,sensor_9_rolling_mean_20,-4.4067316,sensor_6_rolling_std_20,-14.146878,sensor_14_rolling_mean_20,-10.066645,sensor_21_rolling_mean_10,-5.3624215,sensor_8_rolling_mean_20,-5.2482986,sensor_9_rolling_mean_20,-4.4067316,sensor_2_rolling_mean_10,3.6792827,sensor_8_rolling_std_20,2.8173206,sensor_2_rolling_mean_5,2.7026412,sensor_21_rolling_mean_20,-2.4936347,sensor_17_rolling_std_20,2.4619772
74,128,38.0,59.80518341064453,21.80518341064453,sensor_8_rolling_std_20,6.2216,sensor_2_rolling_mean_10,4.1021166,sensor_7_rolling_mean_20,3.7184947,sensor_13_rolling_mean_20,2.1407871,sensor_15_rolling_mean_10,1.9982412,sensor_6_rolling_std_20,-11.563829,sensor_14_rolling_mean_20,-10.531442,sensor_4_rolling_mean_5,-4.859315,sensor_9_rolling_mean_20,-4.6231437,sensor_21_rolling_mean_10,-4.2703123,sensor_6_rolling_std_20,-11.563829,sensor_14_rolling_mean_20,-10.531442,sensor_8_rolling_std_20,6.2216,sensor_4_rolling_mean_5,-4.859315,sensor_9_rolling_mean_20,-4.6231437,sensor_21_rolling_mean_10,-4.2703123,sensor_2_rolling_mean_10,4.1021166,sensor_8_rolling_mean_20,-3.9683876,sensor_20_rolling_mean_10,-3.9241486,sensor_7_rolling_mean_20,3.7184947
74,129,37.0,61.098758697509766,24.098758697509766,sensor_8_rolling_std_20,7.3689933,sensor_2_rolling_mean_10,5.878236,sensor_7_rolling_mean_20,3.2190964,sensor_2_rolling_mean_5,2.3644395,sensor_13_rolling_mean_20,1.5768201,sensor_6_rolling_std_20,-12.245802,sensor_4_rolling_mean_5,-10.796131,sensor_14_rolling_mean_20,-6.0085,sensor_20_rolling_mean_10,-4.551565,sensor_9_rolling_mean_20,-4.063299,sensor_6_rolling_std_20,-12.245802,sensor_4_rolling_mean_5,-10.796131,sensor_8_rolling_std_20,7.3689933,sensor_14_rolling_mean_20,-6.0085,sensor_2_rolling_mean_10,5.878236,sensor_20_rolling_mean_10,-4.551565,sensor_9_rolling_mean_20,-4.063299,sensor_8_rolling_mean_20,-3.9539094,sensor_21_rolling_mean_10,-3.9192293,sensor_7_rolling_mean_20,3.2190964
74,130,36.0,62.938087463378906,26.938087463378906,sensor_8_rolling_std_20,6.793103,sensor_2_rolling_mean_10,5.0306096,sensor_7_rolling_mean_20,3.6340468,sensor_2_rolling_mean_5,3.3029974,sensor_13_rolling_mean_20,1.7397357,sensor_6_rolling_std_20,-14.510932,sensor_21_rolling_mean_10,-6.7990017,sensor_20_rolling_mean_10,-4.9623775,sensor_15_rolling_mean_5,-4.46246,sensor_11,-4.385922,sensor_6_rolling_std_20,-14.510932,sensor_21_rolling_mean_10,-6.7990017,sensor_8_rolling_std_20,6.793103,sensor_2_rolling_mean_10,5.0306096,sensor_20_rolling_mean_10,-4.9623775,sensor_15_rolling_mean_5,-4.46246,sensor_11,-4.385922,sensor_9_rolling_mean_20,-3.8304641,sensor_7_rolling_mean_20,3.6340468,sensor_20_rolling_std_20,-3.5097003
74,131,35.0,58.97032928466797,23.97032928466797,sensor_8_rolling_std_20,6.090271,sensor_2_rolling_mean_10,5.0164213,sensor_7_rolling_mean_20,3.2269335,sensor_2_rolling_mean_5,2.7900069,sensor_13_rolling_mean_20,2.1360013,sensor_6_rolling_std_20,-11.8401375,sensor_11_rolling_mean_5,-7.191874,sensor_21_rolling_mean_10,-5.433911,sensor_20_rolling_mean_10,-5.068118,sensor_15_rolling_mean_10,-5.052659,sensor_6_rolling_std_20,-11.8401375,sensor_11_rolling_mean_5,-7.191874,sensor_8_rolling_std_20,6.090271,sensor_21_rolling_mean_10,-5.433911,sensor_20_rolling_mean_10,-5.068118,sensor_15_rolling_mean_10,-5.052659,sensor_2_rolling_mean_10,5.0164213,sensor_15_rolling_mean_5,-4.3528585,sensor_14_rolling_mean_20,-3.6040947,sensor_7_rolling_mean_20,3.2269335
74,132,34.0,52.504085540771484,18.504085540771484,sensor_8_rolling_std_20,6.0392427,sensor_2_rolling_mean_10,3.8701293,sensor_7_rolling_mean_20,3.666631,sensor_13_rolling_mean_20,1.8238932,sensor_14_rolling_std_20,1.4832047,sensor_6_rolling_std_20,-11.672235,sensor_11_rolling_mean_5,-7.574897,sensor_21_rolling_mean_10,-5.480622,sensor_20_rolling_mean_10,-5.0672665,sensor_15_rolling_mean_5,-4.731823,sensor_6_rolling_std_20,-11.672235,sensor_11_rolling_mean_5,-7.574897,sensor_8_rolling_std_20,6.0392427,sensor_21_rolling_mean_10,-5.480622,sensor_20_rolling_mean_10,-5.0672665,sensor_15_rolling_mean_5,-4.731823,sensor_15_rolling_mean_10,-4.4672112,sensor_2_rolling_mean_10,3.8701293,sensor_7_rolling_mean_20,3.666631,sensor_4_rolling_mean_5,-3.186555
74,133,33.0,53.55929946899414,20.55929946899414,sensor_8_rolling_std_20,6.6071825,sensor_2_rolling_mean_10,4.19422,sensor_7_rolling_mean_20,3.5767334,sensor_13_rolling_mean_20,2.1018221,sensor_3_rolling_mean_10,2.0924206,sensor_4_rolling_mean_5,-11.059579,sensor_6_rolling_std_20,-10.629812,sensor_11_rolling_mean_5,-7.7518992,sensor_4_rolling_mean_10,-5.678502,sensor_15_rolling_mean_5,-4.9164996,sensor_4_rolling_mean_5,-11.059579,sensor_6_rolling_std_20,-10.629812,sensor_11_rolling_mean_5,-7.7518992,sensor_8_rolling_std_20,6.6071825,sensor_4_rolling_mean_10,-5.678502,sensor_15_rolling_mean_5,-4.9164996,sensor_15_rolling_mean_10,-4.7580385,sensor_20_rolling_mean_10,-4.342974,sensor_2_rolling_mean_10,4.19422,sensor_7_rolling_mean_20,3.5767334
74,134,32.0,56.66455078125,24.66455078125,sensor_8_rolling_std_20,6.222737,sensor_2_rolling_mean_10,4.5057783,sensor_7_rolling_mean_20,3.4347417,sensor_12_rolling_mean_20,2.4383547,sensor_13_rolling_mean_20,1.8155018,sensor_6_rolling_std_20,-11.522842,sensor_4_rolling_mean_5,-10.780572,sensor_11_rolling_mean_5,-7.6815,sensor_4_rolling_mean_10,-5.4717474,sensor_15_rolling_mean_5,-4.9779444,sensor_6_rolling_std_20,-11.522842,sensor_4_rolling_mean_5,-10.780572,sensor_11_rolling_mean_5,-7.6815,sensor_8_rolling_std_20,6.222737,sensor_4_rolling_mean_10,-5.4717474,sensor_15_rolling_mean_5,-4.9779444,sensor_15_rolling_mean_10,-4.7770033,sensor_2_rolling_mean_10,4.5057783,sensor_20_rolling_mean_10,-4.36692,sensor_7_rolling_mean_20,3.4347417
74,135,31.0,47.06723403930664,16.06723403930664,sensor_8_rolling_std_20,3.7910528,sensor_12_rolling_mean_20,3.300157,sensor_2_rolling_mean_10,3.0117776,sensor_7_rolling_mean_20,2.50805,sensor_2_rolling_mean_20,1.9223295,sensor_6_rolling_std_20,-12.283342,sensor_4_rolling_mean_5,-10.398186,sensor_11_rolling_mean_5,-7.9652734,sensor_4_rolling_mean_10,-6.0242205,sensor_15_rolling_mean_10,-4.875474,sensor_6_rolling_std_20,-12.283342,sensor_4_rolling_mean_5,-10.398186,sensor_11_rolling_mean_5,-7.9652734,sensor_4_rolling_mean_10,-6.0242205,sensor_15_rolling_mean_10,-4.875474,sensor_15_rolling_mean_5,-4.718454,sensor_20_rolling_mean_10,-4.343944,sensor_8_rolling_std_20,3.7910528,sensor_12_rolling_mean_20,3.300157,sensor_9_rolling_std_20,-3.1480143
74,136,30.0,53.25771713256836,23.25771713256836,sensor_2_rolling_mean_10,4.0033703,sensor_8_rolling_std_20,3.873741,sensor_7_rolling_mean_20,3.4979572,sensor_12_rolling_mean_20,3.0648787,sensor_13_rolling_mean_20,2.6244814,sensor_6_rolling_std_20,-11.734354,sensor_4_rolling_mean_5,-10.592967,sensor_11_rolling_mean_5,-7.963859,sensor_4_rolling_mean_10,-5.959495,sensor_15_rolling_mean_10,-5.7975187,sensor_6_rolling_std_20,-11.734354,sensor_4_rolling_mean_5,-10.592967,sensor_11_rolling_mean_5,-7.963859,sensor_4_rolling_mean_10,-5.959495,sensor_15_rolling_mean_10,-5.7975187,sensor_15_rolling_mean_5,-4.517662,sensor_2_rolling_mean_10,4.0033703,sensor_20_rolling_mean_10,-3.8915112,sensor_8_rolling_std_20,3.873741,sensor_21_rolling_mean_10,-3.7869513
74,137,29.0,46.130882263183594,17.130882263183594,sensor_8_rolling_std_20,5.1369553,sensor_2_rolling_mean_10,3.7597163,sensor_7_rolling_mean_20,3.224304,sensor_12_rolling_mean_20,3.0665681,sensor_15_rolling_mean_5,2.5137546,sensor_6_rolling_std_20,-13.469667,sensor_4_rolling_mean_5,-10.863489,sensor_11_rolling_mean_5,-8.386654,sensor_4_rolling_mean_10,-6.0909925,sensor_15_rolling_mean_10,-4.942537,sensor_6_rolling_std_20,-13.469667,sensor_4_rolling_mean_5,-10.863489,sensor_11_rolling_mean_5,-8.386654,sensor_4_rolling_mean_10,-6.0909925,sensor_8_rolling_std_20,5.1369553,sensor_15_rolling_mean_10,-4.942537,sensor_3_rolling_mean_10,-4.6356487,sensor_20_rolling_mean_10,-4.077049,sensor_21_rolling_mean_10,-3.9761217,sensor_2_rolling_mean_10,3.7597163
74,138,28.0,39.377166748046875,11.377166748046875,sensor_2_rolling_mean_10,3.0972295,sensor_15_rolling_mean_5,2.9488957,sensor_12_rolling_mean_20,2.934689,sensor_7_rolling_mean_20,2.6929443,sensor_13_rolling_mean_20,2.4332523,sensor_6_rolling_std_20,-13.580069,sensor_4_rolling_mean_5,-11.67792,sensor_11_rolling_mean_5,-7.80241,sensor_4_rolling_mean_10,-6.0626984,sensor_15_rolling_mean_10,-4.9354353,sensor_6_rolling_std_20,-13.580069,sensor_4_rolling_mean_5,-11.67792,sensor_11_rolling_mean_5,-7.80241,sensor_4_rolling_mean_10,-6.0626984,sensor_15_rolling_mean_10,-4.9354353,sensor_13_rolling_std_20,-4.5013514,sensor_21_rolling_mean_10,-4.0827527,sensor_20_rolling_mean_10,-3.948094,sensor_3_rolling_mean_10,-3.915856,sensor_9_rolling_std_20,-3.7157264
74,139,27.0,41.194244384765625,14.194244384765625,sensor_12_rolling_mean_20,3.184777,sensor_8_rolling_mean_20,2.7600086,sensor_15_rolling_mean_5,2.7548406,sensor_7_rolling_mean_20,2.6380816,sensor_2_rolling_mean_10,2.6316776,sensor_6_rolling_std_20,-13.110022,sensor_4_rolling_mean_5,-10.915716,sensor_11_rolling_mean_5,-8.104388,sensor_4_rolling_mean_10,-5.665676,sensor_13_rolling_std_20,-4.5404177,sensor_6_rolling_std_20,-13.110022,sensor_4_rolling_mean_5,-10.915716,sensor_11_rolling_mean_5,-8.104388,sensor_4_rolling_mean_10,-5.665676,sensor_13_rolling_std_20,-4.5404177,sensor_15_rolling_mean_10,-4.398857,sensor_20_rolling_mean_10,-4.326011,sensor_21_rolling_mean_10,-3.8218338,sensor_9_rolling_std_20,-3.8044295,sensor_12_rolling_mean_20,3.184777
74,140,26.0,26.87699317932129,0.8769931793212891,sensor_12_rolling_mean_20,2.698181,sensor_13_rolling_mean_20,2.521094,sensor_7_rolling_mean_20,2.476691,sensor_8_rolling_mean_20,2.2507195,sensor_2_rolling_mean_20,1.3259051,sensor_6_rolling_std_20,-11.763476,sensor_4_rolling_mean_5,-11.202854,sensor_11_rolling_mean_5,-6.592835,sensor_4_rolling_mean_10,-5.9281244,sensor_13_rolling_std_20,-5.1335573,sensor_6_rolling_std_20,-11.763476,sensor_4_rolling_mean_5,-11.202854,sensor_11_rolling_mean_5,-6.592835,sensor_4_rolling_mean_10,-5.9281244,sensor_13_rolling_std_20,-5.1335573,sensor_15_rolling_mean_10,-4.7547865,sensor_15_rolling_mean_5,-4.689946,sensor_20_rolling_mean_10,-4.3826866,sensor_21_rolling_mean_10,-3.858243,sensor_9_rolling_std_20,-3.2006216
74,141,25.0,24.233484268188477,-0.7665157318115234,sensor_12_rolling_mean_20,3.5441737,sensor_8_rolling_mean_20,2.7510328,sensor_7_rolling_mean_20,2.480106,sensor_13_rolling_mean_20,2.110991,sensor_2_rolling_mean_10,1.6190199,sensor_6_rolling_std_20,-12.457841,sensor_4_rolling_mean_5,-10.824416,sensor_11_rolling_mean_5,-7.2577686,sensor_4_rolling_mean_10,-5.342288,sensor_15_rolling_mean_5,-4.7730713,sensor_6_rolling_std_20,-12.457841,sensor_4_rolling_mean_5,-10.824416,sensor_11_rolling_mean_5,-7.2577686,sensor_4_rolling_mean_10,-5.342288,sensor_15_rolling_mean_5,-4.7730713,sensor_15_rolling_mean_10,-4.6445518,sensor_21_rolling_mean_10,-4.4234953,sensor_20_rolling_mean_10,-4.144486,sensor_12_rolling_mean_20,3.5441737,sensor_3_rolling_mean_10,-3.3721626
74,142,24.0,20.821285247802734,-3.1787147521972656,sensor_12_rolling_mean_20,3.2982445,sensor_8_rolling_mean_20,2.564817,sensor_7_rolling_mean_20,2.5050256,sensor_13_rolling_mean_20,2.4487617,sensor_20_rolling_mean_20,2.0281632,sensor_4_rolling_mean_5,-13.864642,sensor_6_rolling_std_20,-11.867989,sensor_11_rolling_mean_5,-7.0920773,sensor_4_rolling_mean_10,-5.7538366,sensor_15_rolling_mean_10,-5.213271,sensor_4_rolling_mean_5,-13.864642,sensor_6_rolling_std_20,-11.867989,sensor_11_rolling_mean_5,-7.0920773,sensor_4_rolling_mean_10,-5.7538366,sensor_15_rolling_mean_10,-5.213271,sensor_15_rolling_mean_5,-5.210268,sensor_13_rolling_std_20,-4.9739513,sensor_20_rolling_mean_10,-4.2727575,sensor_3_rolling_mean_10,-4.2498407,sensor_21_rolling_mean_10,-4.2307363
74,143,23.0,15.016997337341309,-7.983002662658691,sensor_12_rolling_mean_20,3.141929,sensor_8_rolling_mean_20,3.0443153,sensor_7_rolling_mean_20,2.6887028,sensor_20_rolling_mean_20,2.6551073,sensor_13_rolling_mean_20,2.4800565,sensor_4_rolling_mean_5,-15.359623,sensor_6_rolling_std_20,-11.481045,sensor_11_rolling_mean_5,-8.6711,sensor_4_rolling_mean_10,-6.6385064,sensor_15_rolling_mean_5,-4.89368,sensor_4_rolling_mean_5,-15.359623,sensor_6_rolling_std_20,-11.481045,sensor_11_rolling_mean_5,-8.6711,sensor_4_rolling_mean_10,-6.6385064,sensor_15_rolling_mean_5,-4.89368,sensor_20_rolling_mean_10,-4.737664,sensor_13_rolling_std_20,-4.4792633,sensor_21_rolling_mean_10,-4.462129,sensor_15_rolling_mean_10,-4.316087,sensor_3_rolling_mean_10,-3.767736
74,144,22.0,13.818861961364746,-8.181138038635254,sensor_8_rolling_mean_20,3.2698429,sensor_12_rolling_mean_20,3.104911,sensor_20_rolling_mean_20,2.7444472,sensor_7_rolling_mean_20,2.5606933,sensor_13_rolling_mean_20,2.3493319,sensor_4_rolling_mean_5,-14.515698,sensor_6_rolling_std_20,-11.447479,sensor_11_rolling_mean_5,-7.07995,sensor_4_rolling_mean_10,-6.0118246,sensor_20_rolling_mean_10,-4.9083223,sensor_4_rolling_mean_5,-14.515698,sensor_6_rolling_std_20,-11.447479,sensor_11_rolling_mean_5,-7.07995,sensor_4_rolling_mean_10,-6.0118246,sensor_20_rolling_mean_10,-4.9083223,sensor_15_rolling_mean_5,-4.8340178,sensor_13_rolling_std_20,-4.5446935,sensor_15_rolling_mean_10,-4.5142255,sensor_21_rolling_mean_10,-4.463036,sensor_8_rolling_std_20,-3.618241
74,145,21.0,18.91792106628418,-2.0820789337158203,sensor_8_rolling_mean_20,3.1770895,sensor_13_rolling_mean_20,2.9040668,sensor_20_rolling_mean_20,2.845448,sensor_12_rolling_mean_20,2.6139452,sensor_7_rolling_mean_20,2.4032485,sensor_4_rolling_mean_5,-15.084912,sensor_6_rolling_std_20,-11.442156,sensor_11_rolling_mean_5,-7.712739,sensor_4_rolling_mean_10,-6.2605762,sensor_20_rolling_mean_10,-5.378249,sensor_4_rolling_mean_5,-15.084912,sensor_6_rolling_std_20,-11.442156,sensor_11_rolling_mean_5,-7.712739,sensor_4_rolling_mean_10,-6.2605762,sensor_20_rolling_mean_10,-5.378249,sensor_15_rolling_mean_10,-5.163368,sensor_13_rolling_std_20,-4.8010607,sensor_15_rolling_mean_5,-4.6975245,sensor_21_rolling_mean_10,-4.407488,sensor_8_rolling_std_20,-3.8793302
74,146,20.0,20.496994018554688,0.4969940185546875,sensor_14_rolling_std_20,3.9651275,sensor_8_rolling_mean_20,3.0713315,sensor_13_rolling_mean_20,3.0425637,sensor_12_rolling_mean_20,2.803188,sensor_20_rolling_mean_20,2.6534472,sensor_4_rolling_mean_5,-16.2444,sensor_6_rolling_std_20,-11.627685,sensor_11_rolling_mean_5,-8.797498,sensor_15_rolling_mean_5,-6.358089,sensor_4_rolling_mean_10,-5.9371157,sensor_4_rolling_mean_5,-16.2444,sensor_6_rolling_std_20,-11.627685,sensor_11_rolling_mean_5,-8.797498,sensor_15_rolling_mean_5,-6.358089,sensor_4_rolling_mean_10,-5.9371157,sensor_20_rolling_mean_10,-5.611095,sensor_15_rolling_mean_10,-5.357675,sensor_21_rolling_mean_10,-4.537978,sensor_13_rolling_std_20,-4.3837914,sensor_14_rolling_std_20,3.9651275
74,147,19.0,35.67399597167969,16.673995971679688,sensor_13_rolling_mean_20,3.1657295,sensor_8_rolling_mean_20,2.9563599,sensor_12_rolling_mean_20,2.685219,sensor_11_rolling_std_20,2.585772,sensor_14_rolling_mean_20,2.329929,sensor_4_rolling_mean_5,-15.338711,sensor_6_rolling_std_20,-10.773234,sensor_4_rolling_mean_10,-6.0414157,sensor_11_rolling_mean_5,-5.833272,sensor_20_rolling_mean_10,-5.6819053,sensor_4_rolling_mean_5,-15.338711,sensor_6_rolling_std_20,-10.773234,sensor_4_rolling_mean_10,-6.0414157,sensor_11_rolling_mean_5,-5.833272,sensor_20_rolling_mean_10,-5.6819053,sensor_15_rolling_mean_5,-5.0451794,sensor_15_rolling_mean_10,-4.525655,sensor_21_rolling_mean_10,-4.348299,sensor_13_rolling_std_20,-4.2153387,sensor_8_rolling_std_20,-3.4180372
74,148,18.0,31.600828170776367,13.600828170776367,sensor_12_rolling_mean_20,3.147178,sensor_13_rolling_mean_20,2.8845582,sensor_8_rolling_mean_20,2.730526,sensor_11_rolling_std_20,2.710045,sensor_20_rolling_mean_20,2.5209718,sensor_4_rolling_mean_5,-14.977414,sensor_6_rolling_std_20,-10.970608,sensor_11_rolling_mean_5,-5.929938,sensor_20_rolling_mean_10,-5.878495,sensor_4_rolling_mean_10,-5.7739305,sensor_4_rolling_mean_5,-14.977414,sensor_6_rolling_std_20,-10.970608,sensor_11_rolling_mean_5,-5.929938,sensor_20_rolling_mean_10,-5.878495,sensor_4_rolling_mean_10,-5.7739305,sensor_15_rolling_mean_10,-5.624731,sensor_15_rolling_mean_5,-5.094264,sensor_21_rolling_mean_10,-4.405654,sensor_13_rolling_std_20,-4.376687,sensor_21_rolling_mean_5,-3.4689438
74,149,17.0,23.534711837768555,6.534711837768555,sensor_15_rolling_mean_20,3.195447,sensor_12_rolling_mean_20,3.1535535,sensor_8_rolling_mean_20,3.0361469,sensor_14_rolling_mean_20,3.0331118,sensor_20_rolling_mean_20,2.7668023,sensor_4_rolling_mean_5,-16.068247,sensor_6_rolling_std_20,-11.5575075,sensor_11_rolling_mean_5,-8.738749,sensor_4_rolling_mean_10,-6.510003,sensor_15_rolling_mean_5,-5.259242,sensor_4_rolling_mean_5,-16.068247,sensor_6_rolling_std_20,-11.5575075,sensor_11_rolling_mean_5,-8.738749,sensor_4_rolling_mean_10,-6.510003,sensor_15_rolling_mean_5,-5.259242,sensor_15_rolling_mean_10,-5.224334,sensor_20_rolling_mean_10,-5.1046295,sensor_13_rolling_std_20,-4.625142,sensor_21_rolling_mean_10,-4.4504786,sensor_3_rolling_mean_10,-4.138406
74,150,16.0,20.555307388305664,4.555307388305664,sensor_12_rolling_mean_20,3.3427167,sensor_20_rolling_mean_20,2.8124588,sensor_8_rolling_mean_20,2.771674,sensor_14_rolling_mean_20,2.5945578,sensor_13_rolling_mean_20,2.5542676,sensor_4_rolling_mean_5,-16.67604,sensor_6_rolling_std_20,-11.882951,sensor_11_rolling_mean_5,-8.841178,sensor_4_rolling_mean_10,-6.5041685,sensor_20_rolling_mean_10,-5.582664,sensor_4_rolling_mean_5,-16.67604,sensor_6_rolling_std_20,-11.882951,sensor_11_rolling_mean_5,-8.841178,sensor_4_rolling_mean_10,-6.5041685,sensor_20_rolling_mean_10,-5.582664,sensor_15_rolling_mean_10,-5.151842,sensor_15_rolling_mean_5,-4.985531,sensor_3_rolling_mean_10,-4.918666,sensor_21_rolling_mean_10,-4.4454265,sensor_21_rolling_mean_5,-3.882688
74,151,15.0,13.46117115020752,-1.5388288497924805,sensor_12_rolling_mean_20,3.1893847,sensor_15_rolling_mean_20,3.172779,sensor_20_rolling_mean_20,2.8116868,sensor_13_rolling_mean_20,2.6690109,sensor_8_rolling_mean_20,2.6214304,sensor_4_rolling_mean_5,-17.564106,sensor_6_rolling_std_20,-10.985458,sensor_11_rolling_mean_5,-10.113673,sensor_4_rolling_mean_10,-7.151235,sensor_15_rolling_mean_5,-6.7356215,sensor_4_rolling_mean_5,-17.564106,sensor_6_rolling_std_20,-10.985458,sensor_11_rolling_mean_5,-10.113673,sensor_4_rolling_mean_10,-7.151235,sensor_15_rolling_mean_5,-6.7356215,sensor_15_rolling_mean_10,-5.736544,sensor_20_rolling_mean_10,-5.6081595,sensor_3_rolling_mean_10,-5.122096,sensor_21_rolling_mean_10,-4.4855266,sensor_13_rolling_std_20,-4.417382
74,152,14.0,17.74693489074707,3.7469348907470703,sensor_12_rolling_mean_20,3.013834,sensor_4_rolling_std_20,2.8511827,sensor_14_rolling_mean_20,2.7848222,sensor_13_rolling_mean_20,2.7213435,sensor_20_rolling_mean_20,2.6794465,sensor_4_rolling_mean_5,-17.496017,sensor_6_rolling_std_20,-11.147533,sensor_11_rolling_mean_5,-10.718826,sensor_4_rolling_mean_10,-7.2931066,sensor_15_rolling_mean_5,-6.9274745,sensor_4_rolling_mean_5,-17.496017,sensor_6_rolling_std_20,-11.147533,sensor_11_rolling_mean_5,-10.718826,sensor_4_rolling_mean_10,-7.2931066,sensor_15_rolling_mean_5,-6.9274745,sensor_20_rolling_mean_10,-5.654953,sensor_3_rolling_mean_10,-5.556724,sensor_15_rolling_mean_10,-5.480997,sensor_21_rolling_mean_10,-4.287184,sensor_21_rolling_mean_5,-3.8036077
74,153,13.0,14.531571388244629,1.531571388244629,sensor_14_rolling_mean_20,2.8604517,sensor_15_rolling_mean_20,2.858007,sensor_12_rolling_mean_20,2.8506753,sensor_20_rolling_mean_20,2.6477227,sensor_13_rolling_mean_20,2.48263,sensor_4_rolling_mean_5,-17.60901,sensor_11_rolling_mean_5,-11.396915,sensor_6_rolling_std_20,-11.186539,sensor_4_rolling_mean_10,-7.129555,sensor_15_rolling_mean_5,-6.602128,sensor_4_rolling_mean_5,-17.60901,sensor_11_rolling_mean_5,-11.396915,sensor_6_rolling_std_20,-11.186539,sensor_4_rolling_mean_10,-7.129555,sensor_15_rolling_mean_5,-6.602128,sensor_20_rolling_mean_10,-6.2403812,sensor_3_rolling_mean_10,-5.764102,sensor_15_rolling_mean_10,-5.701421,sensor_21_rolling_mean_10,-4.4181013,sensor_21_rolling_mean_5,-4.0600514
74,154,12.0,15.759302139282227,3.7593021392822266,sensor_15_rolling_mean_20,3.1786187,sensor_12_rolling_mean_20,2.8803022,sensor_20_rolling_mean_20,2.8422632,sensor_13_rolling_mean_20,2.6602888,sensor_14_rolling_mean_20,2.558971,sensor_4_rolling_mean_5,-17.924397,sensor_6_rolling_std_20,-11.012593,sensor_11_rolling_mean_5,-10.962319,sensor_4_rolling_mean_10,-7.197574,sensor_15_rolling_mean_5,-6.7243824,sensor_4_rolling_mean_5,-17.924397,sensor_6_rolling_std_20,-11.012593,sensor_11_rolling_mean_5,-10.962319,sensor_4_rolling_mean_10,-7.197574,sensor_15_rolling_mean_5,-6.7243824,sensor_20_rolling_mean_10,-6.2845936,sensor_15_rolling_mean_10,-5.9684763,sensor_3_rolling_mean_10,-5.77971,sensor_21_rolling_mean_10,-4.420253,sensor_21_rolling_mean_5,-3.779459
74,155,11.0,14.211691856384277,3.2116918563842773,sensor_15_rolling_mean_20,2.9732544,sensor_20_rolling_mean_20,2.7245262,sensor_12_rolling_mean_20,2.6828704,sensor_13_rolling_mean_20,2.587682,sensor_4_rolling_std_20,2.5334067,sensor_4_rolling_mean_5,-18.423649,sensor_11_rolling_mean_5,-13.312545,sensor_6_rolling_std_20,-10.151519,sensor_4_rolling_mean_10,-7.4745984,sensor_15_rolling_mean_5,-6.665951,sensor_4_rolling_mean_5,-18.423649,sensor_11_rolling_mean_5,-13.312545,sensor_6_rolling_std_20,-10.151519,sensor_4_rolling_mean_10,-7.4745984,sensor_15_rolling_mean_5,-6.665951,sensor_20_rolling_mean_10,-6.259369,sensor_3_rolling_mean_10,-6.1971545,sensor_15_rolling_mean_10,-5.691396,sensor_21_rolling_mean_10,-4.2508526,sensor_21_rolling_mean_5,-4.0133147
74,156,10.0,3.0617780685424805,-6.9382219314575195,sensor_15_rolling_mean_20,3.103041,sensor_12_rolling_mean_20,2.8432484,sensor_20_rolling_mean_20,2.743715,sensor_8_rolling_mean_20,2.7421074,sensor_13_rolling_mean_20,2.4870121,sensor_4_rolling_mean_5,-18.612432,sensor_11_rolling_mean_5,-13.151359,sensor_6_rolling_std_20,-10.479237,sensor_4_rolling_mean_10,-7.0507507,sensor_15_rolling_mean_5,-6.8086877,sensor_4_rolling_mean_5,-18.612432,sensor_11_rolling_mean_5,-13.151359,sensor_6_rolling_std_20,-10.479237,sensor_4_rolling_mean_10,-7.0507507,sensor_15_rolling_mean_5,-6.8086877,sensor_20_rolling_mean_10,-6.2384443,sensor_3_rolling_mean_10,-6.056526,sensor_15_rolling_mean_10,-6.0507636,sensor_21_rolling_mean_10,-4.497393,sensor_13_rolling_std_20,-3.9669256
74,157,9.0,5.384819030761719,-3.6151809692382812,sensor_15_rolling_mean_20,3.5509307,sensor_12_rolling_mean_20,3.0582144,sensor_8_rolling_mean_20,2.8865001,sensor_20_rolling_mean_20,2.6870432,sensor_13_rolling_mean_20,2.3756723,sensor_4_rolling_mean_5,-18.167816,sensor_11_rolling_mean_5,-13.5785885,sensor_6_rolling_std_20,-10.111491,sensor_4_rolling_mean_10,-7.175383,sensor_15_rolling_mean_5,-6.999784,sensor_4_rolling_mean_5,-18.167816,sensor_11_rolling_mean_5,-13.5785885,sensor_6_rolling_std_20,-10.111491,sensor_4_rolling_mean_10,-7.175383,sensor_15_rolling_mean_5,-6.999784,sensor_3_rolling_mean_10,-6.056437,sensor_20_rolling_mean_10,-5.9702764,sensor_15_rolling_mean_10,-5.4006505,sensor_21_rolling_mean_10,-4.3171997,sensor_2_rolling_mean_10,-3.9866946
74,158,8.0,6.1626973152160645,-1.8373026847839355,sensor_15_rolling_mean_20,3.0667727,sensor_8_rolling_mean_20,2.967243,sensor_20_rolling_mean_20,2.8737276,sensor_4_rolling_std_20,2.726186,sensor_7_rolling_mean_20,2.6511188,sensor_4_rolling_mean_5,-18.458899,sensor_11_rolling_mean_5,-14.086921,sensor_6_rolling_std_20,-9.751717,sensor_4_rolling_mean_10,-7.6095004,sensor_15_rolling_mean_5,-6.9557986,sensor_4_rolling_mean_5,-18.458899,sensor_11_rolling_mean_5,-14.086921,sensor_6_rolling_std_20,-9.751717,sensor_4_rolling_mean_10,-7.6095004,sensor_15_rolling_mean_5,-6.9557986,sensor_15_rolling_mean_10,-6.7312307,sensor_3_rolling_mean_10,-6.191609,sensor_20_rolling_mean_10,-6.103009,sensor_21_rolling_mean_10,-4.202554,sensor_2_rolling_mean_10,-3.9450119
74,159,7.0,1.9070708751678467,-5.092929124832153,sensor_15_rolling_mean_20,3.4325197,sensor_8_rolling_mean_20,3.158854,sensor_14_rolling_mean_20,2.9289193,sensor_12_rolling_mean_20,2.9031253,sensor_7_rolling_mean_20,2.7644918,sensor_4_rolling_mean_5,-19.148224,sensor_11_rolling_mean_5,-14.74893,sensor_6_rolling_std_20,-10.290336,sensor_4_rolling_mean_10,-7.5076523,sensor_15_rolling_mean_5,-6.961506,sensor_4_rolling_mean_5,-19.148224,sensor_11_rolling_mean_5,-14.74893,sensor_6_rolling_std_20,-10.290336,sensor_4_rolling_mean_10,-7.5076523,sensor_15_rolling_mean_5,-6.961506,sensor_15_rolling_mean_10,-6.6625576,sensor_3_rolling_mean_10,-6.300328,sensor_20_rolling_mean_10,-6.0299115,sensor_21_rolling_mean_10,-4.643897,sensor_2_rolling_mean_10,-4.5237546
74,160,6.0,-1.1883511543273926,-7.188351154327393,sensor_15_rolling_mean_20,3.2191968,sensor_12_rolling_mean_20,3.1339636,sensor_8_rolling_mean_20,3.0369625,sensor_20_rolling_mean_20,2.7546132,sensor_7_rolling_mean_20,2.6321633,sensor_4_rolling_mean_5,-19.895721,sensor_11_rolling_mean_5,-14.737914,sensor_6_rolling_std_20,-9.65913,sensor_4_rolling_mean_10,-7.8351526,sensor_15_rolling_mean_5,-6.968422,sensor_4_rolling_mean_5,-19.895721,sensor_11_rolling_mean_5,-14.737914,sensor_6_rolling_std_20,-9.65913,sensor_4_rolling_mean_10,-7.8351526,sensor_15_rolling_mean_5,-6.968422,sensor_15_rolling_mean_10,-6.780156,sensor_20_rolling_mean_10,-5.8889785,sensor_3_rolling_mean_10,-5.4027805,sensor_21_rolling_mean_10,-4.729017,sensor_2_rolling_mean_10,-4.5656676
74,161,5.0,-1.2344555854797363,-6.234455585479736,sensor_12_rolling_mean_20,3.2510834,sensor_8_rolling_mean_20,3.2379558,sensor_20_rolling_mean_20,2.8213649,sensor_15_rolling_mean_20,2.6679893,sensor_13_rolling_mean_20,2.5563247,sensor_4_rolling_mean_5,-19.529675,sensor_11_rolling_mean_5,-14.862496,sensor_6_rolling_std_20,-9.545998,sensor_4_rolling_mean_10,-8.11158,sensor_15_rolling_mean_5,-6.956605,sensor_4_rolling_mean_5,-19.529675,sensor_11_rolling_mean_5,-14.862496,sensor_6_rolling_std_20,-9.545998,sensor_4_rolling_mean_10,-8.11158,sensor_15_rolling_mean_5,-6.956605,sensor_15_rolling_mean_10,-6.8627706,sensor_20_rolling_mean_10,-6.119612,sensor_3_rolling_mean_10,-5.1501966,sensor_2_rolling_mean_10,-4.8753743,sensor_21_rolling_mean_10,-4.6714334
74,162,4.0,-2.5312483310699463,-6.531248331069946,sensor_12_rolling_mean_20,3.3414707,sensor_8_rolling_mean_20,3.328371,sensor_15_rolling_mean_20,3.2081373,sensor_20_rolling_mean_20,2.9021838,sensor_14_rolling_mean_20,2.5860415,sensor_4_rolling_mean_5,-19.41041,sensor_11_rolling_mean_5,-14.759591,sensor_6_rolling_std_20,-8.9948435,sensor_4_rolling_mean_10,-8.297938,sensor_15_rolling_mean_10,-7.1027026,sensor_4_rolling_mean_5,-19.41041,sensor_11_rolling_mean_5,-14.759591,sensor_6_rolling_std_20,-8.9948435,sensor_4_rolling_mean_10,-8.297938,sensor_15_rolling_mean_10,-7.1027026,sensor_15_rolling_mean_5,-6.8923273,sensor_20_rolling_mean_10,-6.1807003,sensor_3_rolling_mean_10,-5.1721077,sensor_2_rolling_mean_10,-4.78266,sensor_21_rolling_mean_10,-4.730777
74,163,3.0,-2.74133563041687,-5.74133563041687,sensor_8_rolling_mean_20,3.4096997,sensor_15_rolling_mean_20,3.3161445,sensor_12_rolling_mean_20,3.0562146,sensor_20_rolling_mean_20,2.8244815,sensor_7_rolling_mean_20,2.524843,sensor_4_rolling_mean_5,-19.439432,sensor_11_rolling_mean_5,-14.79654,sensor_6_rolling_std_20,-9.05297,sensor_4_rolling_mean_10,-8.083685,sensor_15_rolling_mean_10,-7.152584,sensor_4_rolling_mean_5,-19.439432,sensor_11_rolling_mean_5,-14.79654,sensor_6_rolling_std_20,-9.05297,sensor_4_rolling_mean_10,-8.083685,sensor_15_rolling_mean_10,-7.152584,sensor_15_rolling_mean_5,-7.0050535,sensor_20_rolling_mean_10,-6.052216,sensor_3_rolling_mean_10,-5.146903,sensor_2_rolling_mean_10,-4.8270645,sensor_21_rolling_mean_10,-4.604984
74,164,2.0,-4.33098030090332,-6.33098030090332,sensor_15_rolling_mean_20,3.429759,sensor_12_rolling_mean_20,3.2727966,sensor_8_rolling_mean_20,3.103206,sensor_14_rolling_mean_20,2.783978,sensor_20_rolling_mean_20,2.7759871,sensor_4_rolling_mean_5,-19.652828,sensor_11_rolling_mean_5,-14.805877,sensor_6_rolling_std_20,-9.139843,sensor_4_rolling_mean_10,-8.1729355,sensor_15_rolling_mean_10,-7.0555515,sensor_4_rolling_mean_5,-19.652828,sensor_11_rolling_mean_5,-14.805877,sensor_6_rolling_std_20,-9.139843,sensor_4_rolling_mean_10,-8.1729355,sensor_15_rolling_mean_10,-7.0555515,sensor_15_rolling_mean_5,-7.0493402,sensor_20_rolling_mean_10,-6.116544,sensor_3_rolling_mean_10,-5.2124915,sensor_2_rolling_mean_10,-5.0293307,sensor_21_rolling_mean_10,-4.664376
74,165,1.0,-4.226912498474121,-5.226912498474121,sensor_15_rolling_mean_20,3.6525936,sensor_12_rolling_mean_20,3.4360454,sensor_20_rolling_mean_20,3.1323261,sensor_8_rolling_mean_20,3.0664768,sensor_14_rolling_mean_20,2.5922947,sensor_4_rolling_mean_5,-19.710617,sensor_11_rolling_mean_5,-14.906653,sensor_6_rolling_std_20,-8.868765,sensor_4_rolling_mean_10,-8.286831,sensor_15_rolling_mean_10,-7.082762,sensor_4_rolling_mean_5,-19.710617,sensor_11_rolling_mean_5,-14.906653,sensor_6_rolling_std_20,-8.868765,sensor_4_rolling_mean_10,-8.286831,sensor_15_rolling_mean_10,-7.082762,sensor_15_rolling_mean_5,-6.994372,sensor_20_rolling_mean_10,-6.2360215,sensor_3_rolling_mean_10,-5.4885907,sensor_2_rolling_mean_10,-5.026646,sensor_21_rolling_mean_10,-4.8403244
74,166,0.0,-3.0791263580322266,-3.0791263580322266,sensor_12_rolling_mean_20,3.5352452,sensor_15_rolling_mean_20,3.2802978,sensor_8_rolling_mean_20,3.185697,sensor_20_rolling_mean_20,2.9824255,sensor_14_rolling_mean_20,2.6334038,sensor_4_rolling_mean_5,-19.526796,sensor_11_rolling_mean_5,-14.770314,sensor_6_rolling_std_20,-9.228878,sensor_4_rolling_mean_10,-8.346024,sensor_15_rolling_mean_5,-7.0569344,sensor_4_rolling_mean_5,-19.526796,sensor_11_rolling_mean_5,-14.770314,sensor_6_rolling_std_20,-9.228878,sensor_4_rolling_mean_10,-8.346024,sensor_15_rolling_mean_5,-7.0569344,sensor_15_rolling_mean_10,-6.9661384,sensor_20_rolling_mean_10,-5.8243637,sensor_3_rolling_mean_10,-5.3707275,sensor_21_rolling_mean_10,-5.103185,sensor_2_rolling_mean_10,-4.8148136
