unit_id,cycle,actual_rul,predicted_rul,prediction_error,absolute_error,positive_shap_contribution,negative_shap_contribution,absolute_shap_contribution,error_direction
1,1,191,213.68254,22.682540893554688,22.682540893554688,126.3536865435,-21.113422446269997,147.46710898977,over_prediction
1,2,190,218.14742,28.147415161132812,28.147415161132812,140.24134614651996,-30.536297412259998,170.77764355877994,over_prediction
1,3,189,250.02678,61.02677917480469,61.02677917480469,179.30512312870002,-37.720607890109996,217.02573101881006,over_prediction
1,4,188,197.87332,9.873321533203125,9.873321533203125,135.92709488539998,-46.496007903210014,182.42310278860998,over_prediction
1,5,187,226.71034,39.71034240722656,39.71034240722656,159.44879661340553,-41.180748858209995,200.6295454716156,over_prediction
1,6,186,208.39333,22.393325805664062,22.393325805664062,145.48084913500003,-45.52974998940997,191.01059912441002,over_prediction
1,7,185,224.87762,39.87762451171875,39.87762451171875,157.89607156460005,-41.460686417410024,199.35675798201004,over_prediction
1,8,184,197.16699,13.1669921875,13.1669921875,159.598523793,-70.87380957001001,230.4723333630099,over_prediction
1,9,183,161.9985,-21.001495361328125,21.001495361328125,129.61581264750006,-76.05949766922,205.67531031672,under_prediction
1,10,182,157.4691,-24.530899047851562,24.530899047851562,117.75373510060003,-68.72692963852,186.48066473912007,under_prediction
1,11,181,165.99554,-15.00445556640625,15.00445556640625,128.66242811579997,-71.10920959441002,199.77163771020994,under_prediction
1,12,180,161.28427,-18.715728759765625,18.715728759765625,126.8983747322,-74.05640563591,200.95478036810988,under_prediction
1,13,179,187.1093,8.109298706054688,8.109298706054688,144.74119332971,-66.07425019990998,210.81544352961987,over_prediction
1,14,178,169.6196,-8.380401611328125,8.380401611328125,130.17815456559998,-69.00087620062,199.17903076621997,under_prediction
1,15,177,162.08263,-14.917373657226562,14.917373657226562,126.02248625429999,-72.38210073872,198.40458699302013,under_prediction
1,16,176,171.11223,-4.8877716064453125,4.8877716064453125,128.3716237531,-65.70168269486999,194.07330644797008,under_prediction
1,17,175,192.51312,17.51312255859375,17.51312255859375,140.531813782,-56.460999636210005,196.99281341821003,over_prediction
1,18,174,186.97076,12.97076416015625,12.97076416015625,134.18348886129996,-55.65506766912001,189.83855653042,over_prediction
1,19,173,172.7634,-0.236602783203125,0.236602783203125,126.970176861,-62.64913555371998,189.61931241471999,under_prediction
1,20,172,160.83826,-11.1617431640625,11.1617431640625,120.91281001079999,-68.51696842862,189.42977843942012,under_prediction
1,21,171,150.65173,-20.3482666015625,20.3482666015625,110.0379124658,-67.82845225772003,177.86636472352004,under_prediction
1,22,170,168.52386,-1.47613525390625,1.47613525390625,123.22670896250004,-63.14511992241002,186.37182888490995,under_prediction
1,23,169,186.37857,17.378570556640625,17.378570556640625,130.88512075380004,-52.94874555922,183.83386631302,over_prediction
1,24,168,186.18686,18.186859130859375,18.186859130859375,133.76429059229997,-56.01967571989,189.78396631218993,over_prediction
1,25,167,146.27573,-20.724273681640625,20.724273681640625,112.89633661799998,-75.06283585680004,187.95917247479989,under_prediction
1,26,166,144.91985,-21.080154418945312,21.080154418945312,108.70224094800001,-72.22454228819998,180.92678323620007,under_prediction
1,27,165,127.11579,-37.88420867919922,37.88420867919922,99.79204876589998,-81.11846460518,180.91051337108001,under_prediction
1,28,164,157.72217,-6.27783203125,6.27783203125,115.93166428139997,-66.65175696090999,182.58342124231,under_prediction
1,29,163,163.81847,0.8184661865234375,0.8184661865234375,108.986269937,-53.61005460390999,162.59632454091,over_prediction
1,30,162,146.88393,-15.116073608398438,15.116073608398438,105.73995758449995,-67.29825315898003,173.03821074347997,under_prediction
1,31,161,171.666,10.666000366210938,10.666000366210938,121.11859923030002,-57.89489103452,179.01349026482,over_prediction
1,32,160,178.63577,18.635772705078125,18.635772705078125,125.59055712010002,-55.39697491372,180.9875320338199,over_prediction
1,33,159,201.77715,42.77714538574219,42.77714538574219,134.9338179015,-41.59878579252002,176.53260369402008,over_prediction
1,34,158,199.9846,41.98460388183594,41.98460388183594,135.0686926132,-43.52629368661,178.59498629981005,over_prediction
1,35,157,207.94707,50.94706726074219,50.94706726074219,141.60786981219994,-42.10303992926001,183.71090974145997,over_prediction
1,36,156,180.58334,24.583343505859375,24.583343505859375,121.521691737,-49.380649796309996,170.90234153331005,over_prediction
1,37,155,191.81584,36.81584167480469,36.81584167480469,134.44280840718002,-51.06923962562002,185.51204803279984,over_prediction
1,38,154,194.59734,40.59733581542969,40.59733581542969,133.80844044614,-47.65329187141,181.46173231755006,over_prediction
1,39,153,178.82062,25.82061767578125,25.82061767578125,128.39422544840002,-58.015922884510005,186.4101483329099,over_prediction
1,40,152,182.49812,30.498123168945312,30.498123168945312,130.84419681849994,-56.78831008091002,187.63250689941,over_prediction
1,41,151,204.13753,53.13752746582031,53.13752746582031,143.98086456373008,-48.28575869041001,192.26662325414006,over_prediction
1,42,150,201.05669,51.05668640136719,51.05668640136719,136.61785410900004,-44.003598285559995,180.62145239455992,over_prediction
1,43,149,203.09848,54.098480224609375,54.098480224609375,140.23861707243003,-45.58248203670999,185.82109910914,over_prediction
1,44,148,238.4071,90.4071044921875,90.4071044921875,172.68696398769995,-42.72227902029002,215.40924300799014,over_prediction
1,45,147,230.76768,83.76768493652344,83.76768493652344,165.74132181560003,-43.416070632849994,209.15739244844997,over_prediction
1,46,146,210.28113,64.2811279296875,64.2811279296875,150.02195509794998,-48.183208740209984,198.20516383815993,over_prediction
1,47,145,223.52678,78.52677917480469,78.52677917480469,163.59757508830006,-48.51314444671,212.11071953501002,over_prediction
1,48,144,212.82997,68.82997131347656,68.82997131347656,152.04042425580002,-47.65274288580999,199.69316714161,over_prediction
1,49,143,218.46103,75.46102905273438,75.46102905273438,153.8444840241,-43.82579250772501,197.6702765318249,over_prediction
1,50,142,220.79907,78.799072265625,78.799072265625,158.21801973699996,-45.861196472809986,204.07921620981006,over_prediction
1,51,141,220.39774,79.39773559570312,79.39773559570312,157.41623205739995,-45.46082344505,202.87705550244985,over_prediction
1,52,140,204.26492,64.26492309570312,64.26492309570312,148.4209795751999,-52.59825813591,201.0192377111099,over_prediction
1,53,139,203.27101,64.27101135253906,64.27101135253906,144.24409800184998,-49.41544755736001,193.65954555921,over_prediction
1,54,138,189.9369,51.93690490722656,51.93690490722656,136.15112350446995,-54.65646206490999,190.80758556937994,over_prediction
1,55,137,212.73813,75.73812866210938,75.73812866210938,147.91707241649996,-43.62125881551,191.53833123200997,over_prediction
1,56,136,220.05486,84.05485534667969,84.05485534667969,148.91365842169995,-37.30097767391,186.21463609561005,over_prediction
1,57,135,215.91335,80.91334533691406,80.91334533691406,151.0374972275001,-43.56635526061001,194.60385248810996,over_prediction
1,58,134,238.39272,104.39271545410156,104.39271545410156,167.41421782319998,-37.46387791062,204.87809573382006,over_prediction
1,59,133,229.41655,96.41654968261719,96.41654968261719,153.58364327951003,-32.60952603902001,186.19316931852993,over_prediction
1,60,132,254.75803,122.75802612304688,122.75802612304688,174.35049589360023,-28.034765710779993,202.3852616043802,over_prediction
1,61,131,249.27614,118.27613830566406,118.27613830566406,174.666183312,-33.832290327719996,208.49847363972006,over_prediction
1,62,130,253.99606,123.99606323242188,123.99606323242188,177.0314675994001,-31.47761075072,208.50907835012015,over_prediction
1,63,129,227.40195,98.40194702148438,98.40194702148438,155.5488347056,-36.58915974301999,192.13799444862,over_prediction
1,64,128,215.50035,87.50035095214844,87.50035095214844,142.3319013225999,-35.27380619926,177.60570752185993,over_prediction
1,65,127,182.55515,55.555145263671875,55.555145263671875,121.73178363790001,-47.61895371471999,169.35073735261997,over_prediction
1,66,126,182.49924,56.499237060546875,56.499237060546875,118.53178988170002,-44.47480187401999,163.0065917557199,over_prediction
1,67,125,193.12405,68.12405395507812,68.12405395507812,123.48886656299999,-38.80704509740001,162.2959116604001,over_prediction
1,68,124,180.23352,56.2335205078125,56.2335205078125,117.2523744953,-45.46109751312,162.71347200841998,over_prediction
1,69,123,190.86292,67.8629150390625,67.8629150390625,124.58558675269997,-42.164975573469995,166.7505623261701,over_prediction
1,70,122,170.97208,48.972076416015625,48.972076416015625,115.745408928,-53.215444892019995,168.9608538200201,over_prediction
1,71,121,186.90094,65.90093994140625,65.90093994140625,130.54058259252,-52.08192525141999,182.62250784393999,over_prediction
1,72,120,182.451,62.45100402832031,62.45100402832031,125.82003182656001,-51.81134598862001,177.63137781518006,over_prediction
1,73,119,200.74477,81.74476623535156,81.74476623535156,133.75712353809993,-41.45477230741999,175.21189584551982,over_prediction
1,74,118,207.39821,89.39820861816406,89.39820861816406,146.97486347000006,-48.01904845572001,194.99391192572006,over_prediction
1,75,117,172.83182,55.831817626953125,55.831817626953125,124.49006042294,-60.10051377472001,184.59057419766003,over_prediction
1,76,116,169.16249,53.16249084472656,53.16249084472656,128.1051826028,-67.38522827642,195.4904108792199,over_prediction
1,77,115,201.2646,86.26460266113281,86.26460266113281,146.49498817580005,-53.67281398672001,200.16780216252005,over_prediction
1,78,114,188.12428,74.12428283691406,74.12428283691406,135.23295944330005,-55.55095777570002,190.783917219,over_prediction
1,79,113,173.25204,60.252044677734375,60.252044677734375,126.08394791099995,-61.27419088499999,187.35813879600005,over_prediction
1,80,112,170.16522,58.16522216796875,58.16522216796875,117.19269018893002,-55.469847449919996,172.66253763885007,over_prediction
1,81,111,135.12503,24.125030517578125,24.125030517578125,91.21413124117,-64.53157616246,155.74570740363004,over_prediction
1,82,110,139.21077,29.210769653320312,29.210769653320312,87.96058708719994,-57.19219181252001,145.15277889972,over_prediction
1,83,109,133.76326,24.763259887695312,24.763259887695312,87.92564162930002,-62.604856241220006,150.53049787051995,over_prediction
1,84,108,122.338844,14.338844299316406,14.338844299316406,81.05186743979998,-67.15541259472,148.20728003452004,over_prediction
1,85,107,130.05028,23.050277709960938,23.050277709960938,82.85075387579998,-61.24279854299999,144.0935524188,over_prediction
1,86,106,135.56157,29.561569213867188,29.561569213867188,87.7039782084,-60.58479529800499,148.28877350640497,over_prediction
1,87,105,124.81465,19.814651489257812,19.814651489257812,90.06239104710001,-73.69006782229997,163.75245886940004,over_prediction
1,88,104,109.966324,5.9663238525390625,5.9663238525390625,76.3921659424,-74.86815388272001,151.26031982511995,over_prediction
1,89,103,111.389565,8.389564514160156,8.389564514160156,78.87179618740001,-75.92454779781998,154.79634398522,over_prediction
1,90,102,117.15646,15.156463623046875,15.156463623046875,87.36313542659994,-78.64904577872002,166.0121812053201,over_prediction
1,91,101,118.50169,17.501693725585938,17.501693725585938,79.17273388460002,-69.1133642373,148.28609812189995,over_prediction
1,92,100,119.729744,19.72974395751953,19.72974395751953,78.35556946210002,-67.06814897202001,145.42371843411996,over_prediction
1,93,99,94.99773,-4.0022735595703125,4.0022735595703125,67.49853573641998,-80.94308387802,148.44161961444004,under_prediction
1,94,98,106.673805,8.673805236816406,8.673805236816406,73.34332503330498,-75.11174780472,148.455072838025,over_prediction
1,95,97,124.11286,27.11286163330078,27.11286163330078,87.44868310360006,-71.77813236382002,159.22681546742,over_prediction
1,96,96,127.006966,31.00696563720703,31.00696563720703,81.29569188669998,-62.73112004102001,144.02681192772008,over_prediction
1,97,95,124.83569,29.835693359375,29.835693359375,84.44264421180002,-68.04925999022,152.49190420201998,over_prediction
1,98,94,126.48726,32.48725891113281,32.48725891113281,84.55063295372003,-66.50559350072004,151.05622645444,over_prediction
1,99,93,116.836494,23.83649444580078,23.83649444580078,78.63430408789998,-70.24009826035002,148.87440234825004,over_prediction
1,100,92,116.86591,24.86591339111328,24.86591339111328,80.23037941339999,-71.80674030971998,152.03711972312,over_prediction
1,101,91,135.80576,44.805755615234375,44.805755615234375,90.94685896379998,-63.583452465819995,154.53031142962007,over_prediction
1,102,90,119.71949,29.71949005126953,29.71949005126953,76.79994222380002,-65.52268084140002,142.32262306520002,over_prediction
1,103,89,122.65167,33.65167236328125,33.65167236328125,78.5371983929,-64.32780974292001,142.86500813581995,over_prediction
1,104,88,120.05621,32.05621337890625,32.05621337890625,74.47897778199996,-62.86505747333999,137.34403525534006,over_prediction
1,105,87,126.03117,39.03117370605469,39.03117370605469,77.6126463945,-60.02378768812,137.63643408261996,over_prediction
1,106,86,127.348015,41.34801483154297,41.34801483154297,81.0040927597,-62.098411485589985,143.10250424528994,over_prediction
1,107,85,133.11386,48.113861083984375,48.113861083984375,83.2214909415,-58.54998855422,141.77147949572011,over_prediction
1,108,84,151.47841,67.47840881347656,67.47840881347656,94.59141422830002,-51.55524909471999,146.14666332302005,over_prediction
1,109,83,137.6774,54.677398681640625,54.677398681640625,84.91699205319999,-55.68175767617,140.59874972936996,over_prediction
1,110,82,122.57537,40.57537078857422,40.57537078857422,79.80300260150003,-65.66991869431997,145.47292129581987,over_prediction
1,111,81,127.11231,46.11231231689453,46.11231231689453,81.73545136210001,-63.06539627682002,144.8008476389199,over_prediction
1,112,80,124.8611,44.86109924316406,44.86109924316406,73.65025255499994,-57.23156387157999,130.88181642657986,over_prediction
1,113,79,127.96992,48.96991729736328,48.96991729736328,74.2908143469,-54.76316591842,129.05398026532,over_prediction
1,114,78,132.03795,54.03794860839844,54.03794860839844,78.9347431695,-55.33916655997001,134.27390972947,over_prediction
1,115,77,126.346436,49.346435546875,49.346435546875,69.0034243753,-51.09929572212001,120.10272009742,over_prediction
1,116,76,148.30229,72.30229187011719,72.30229187011719,82.57160425280003,-42.71167574002,125.28327999282007,over_prediction
1,117,75,148.42815,73.42814636230469,73.42814636230469,87.67676753070003,-47.69090572522001,135.36767325591998,over_prediction
1,118,74,160.24292,86.242919921875,86.242919921875,94.62166901220006,-42.82107131672001,137.44274032892,over_prediction
1,119,73,154.69775,81.69775390625,81.69775390625,92.04008484639999,-45.78466916071999,137.8247540071201,over_prediction
1,120,72,142.18137,70.18136596679688,70.18136596679688,86.25850577149998,-52.51947265242001,138.77797842391996,over_prediction
1,121,71,126.24393,55.243927001953125,55.243927001953125,77.28612690120002,-59.48438300131998,136.77050990252016,over_prediction
1,122,70,111.4704,41.47039794921875,41.47039794921875,71.58281880460001,-68.55465256212,140.13747136672006,over_prediction
1,123,69,103.14446,34.14446258544922,34.14446258544922,60.85479879650001,-66.15263435805004,127.00743315455,over_prediction
1,124,68,102.704346,34.704345703125,34.704345703125,63.3991953878,-69.13712550692003,132.53632089471992,over_prediction
1,125,67,96.73763,29.737632751464844,29.737632751464844,59.30018169879999,-71.00478025141999,130.30496195022005,over_prediction
1,126,66,120.961876,54.961875915527344,54.961875915527344,69.13387813326,-56.61422816491999,125.74810629817998,over_prediction
1,127,65,114.47391,49.473907470703125,49.473907470703125,64.24948142999999,-58.21774592441999,122.46722735442003,over_prediction
1,128,64,125.44314,61.443138122558594,61.443138122558594,69.77372578030001,-52.77284204772001,122.54656782802003,over_prediction
1,129,63,116.42468,53.4246826171875,53.4246826171875,63.668519176,-55.68613019242001,119.35464936842003,over_prediction
1,130,62,134.69057,72.69056701660156,72.69056701660156,69.70231987460004,-43.454045153840006,113.15636502843998,over_prediction
1,131,61,120.47932,59.47931671142578,59.47931671142578,61.2891551352,-49.252084732060005,110.54123986726,over_prediction
1,132,60,118.42703,58.427032470703125,58.427032470703125,63.47470567549999,-53.48995617662,116.96466185211999,over_prediction
1,133,59,116.91753,57.91752624511719,57.91752624511719,62.38474845869998,-53.90952569992001,116.29427415861997,over_prediction
1,134,58,107.42897,49.42897033691406,49.42897033691406,58.77088782491999,-59.78417293432001,118.55506075923998,over_prediction
1,135,57,128.43172,71.43171691894531,71.43171691894531,70.2350434518,-50.245649667119984,120.48069311891996,over_prediction
1,136,56,133.37125,77.37124633789062,77.37124633789062,70.74241172024004,-45.81350850671999,116.55592022696005,over_prediction
1,137,55,124.16966,69.16966247558594,69.16966247558594,68.0575505914,-52.33024567932,120.38779627072,over_prediction
1,138,54,128.98978,74.98977661132812,74.98977661132812,70.65255862529999,-50.10513134972001,120.75768997501996,over_prediction
1,139,53,131.88489,78.8848876953125,78.8848876953125,67.61729043040003,-44.17469799552001,111.79198842592002,over_prediction
1,140,52,123.46844,71.46843719482422,71.46843719482422,60.4656551495,-45.43947104602,105.90512619552001,over_prediction
1,141,51,123.15894,72.15894317626953,72.15894317626953,67.29882161490004,-52.58208716032001,119.88090877522,over_prediction
1,142,50,128.05542,78.055419921875,78.055419921875,67.11008830969995,-47.49702386692,114.60711217661995,over_prediction
1,143,49,130.06415,81.06414794921875,81.06414794921875,74.22834947436002,-52.60650823015998,126.83485770452003,over_prediction
1,144,48,116.273674,68.27367401123047,68.27367401123047,67.60461494679998,-59.77331006912001,127.37792501592003,over_prediction
1,145,47,112.103676,65.10367584228516,65.10367584228516,66.06574359399998,-62.40441188653997,128.47015548053997,over_prediction
1,146,46,97.111435,51.11143493652344,51.11143493652344,59.36415612500001,-70.69498305132,130.05913917631992,over_prediction
1,147,45,111.87236,66.87236022949219,66.87236022949219,64.38727888569998,-60.957165248519985,125.34444413422003,over_prediction
1,148,44,91.93113,47.931129455566406,47.931129455566406,52.10742790321302,-68.61853814841997,120.7259660516329,over_prediction
1,149,43,71.512726,28.512725830078125,28.512725830078125,42.103104419400005,-79.03268896991997,121.13579338931999,over_prediction
1,150,42,64.805405,22.805404663085938,22.805404663085938,40.3854126468,-84.02227111128998,124.40768375809004,over_prediction
1,151,41,64.831436,23.831436157226562,23.831436157226562,36.818863651000015,-80.42965497131999,117.24851862231998,over_prediction
1,152,40,44.42083,4.420829772949219,4.420829772949219,33.62402321820001,-97.6455187259,131.26954194409996,over_prediction
1,153,39,32.345695,-6.654304504394531,6.654304504394531,31.785080374900005,-107.88168636325004,139.66676673815002,under_prediction
1,154,38,25.31485,-12.685150146484375,12.685150146484375,29.253284543299998,-112.38075443621996,141.63403897952006,under_prediction
1,155,37,29.853619,-7.146381378173828,7.146381378173828,32.06340339929999,-110.65208228572,142.71548568501996,under_prediction
1,156,36,32.809772,-3.190227508544922,3.190227508544922,35.07468678930002,-110.70723992522004,145.78192671452,under_prediction
1,157,35,34.10627,-0.8937301635742188,0.8937301635742188,35.68278513799999,-110.01881066731998,145.70159580532004,under_prediction
1,158,34,40.491776,6.4917755126953125,6.4917755126953125,35.425803396300005,-103.37631977842,138.8021231747201,over_prediction
1,159,33,44.21351,11.213508605957031,11.213508605957031,38.65322023929999,-102.88204239765999,141.53526263695994,over_prediction
1,160,32,51.94258,19.942581176757812,19.942581176757812,42.404589788399996,-98.90430467474602,141.30889446314603,over_prediction
1,161,31,56.649727,25.64972686767578,25.64972686767578,44.068166477599995,-95.86072279672,139.92888927432006,over_prediction
1,162,30,69.865654,39.86565399169922,39.86565399169922,48.69357126367,-87.27019228651999,135.96376355019007,over_prediction
1,163,29,33.46002,4.460018157958984,4.460018157958984,36.72722435538,-111.70948404382004,148.43670839919997,over_prediction
1,164,28,37.262043,9.262042999267578,9.262042999267578,39.588244057665,-110.76846003571998,150.356704093385,over_prediction
1,165,27,35.183113,8.183113098144531,8.183113098144531,41.48943504259998,-114.74860885171996,156.23804389432,over_prediction
1,166,26,28.666931,2.66693115234375,2.66693115234375,37.34631220096998,-117.12166364121998,154.46797584219,over_prediction
1,167,25,31.400547,6.400547027587891,6.400547027587891,39.14569990479999,-116.18745262792002,155.33315253271996,over_prediction
1,168,24,33.75854,9.758541107177734,9.758541107177734,40.163183408,-114.84698385752004,155.01016726552007,over_prediction
1,169,23,40.551064,17.551063537597656,17.551063537597656,41.442910538300005,-109.33417079668999,150.77708133499007,over_prediction
1,170,22,34.292103,12.292102813720703,12.292102813720703,37.605557092756,-111.75577395672006,149.36133104947595,over_prediction
1,171,21,35.533634,14.533634185791016,14.533634185791016,38.904193197500014,-111.81286422222001,150.71705741972,over_prediction
1,172,20,31.686537,11.68653678894043,11.68653678894043,38.10075365300001,-114.85650518042004,152.95725883341998,over_prediction
1,173,19,21.661816,2.661815643310547,2.661815643310547,35.185134420699995,-121.96560201813601,157.150736438836,over_prediction
1,174,18,24.653889,6.653888702392578,6.653888702392578,38.65888070109999,-122.44729009271997,161.10617079382007,over_prediction
1,175,17,20.477926,3.477926254272461,3.477926254272461,36.101807328,-124.06617229632003,160.16797962431994,over_prediction
1,176,16,20.01637,4.01637077331543,4.01637077331543,36.350100306099996,-124.77600651731997,161.12610682341992,over_prediction
1,177,15,26.806087,11.806087493896484,11.806087493896484,37.33907290970001,-118.97527227981998,156.31434518951994,over_prediction
1,178,14,22.996864,8.996864318847656,8.996864318847656,36.3742339914,-121.81965101432002,158.19388500572006,over_prediction
1,179,13,20.501297,7.5012969970703125,7.5012969970703125,36.85657144349999,-124.79755426712002,161.65412571061987,over_prediction
1,180,12,23.51289,11.512889862060547,11.512889862060547,38.8549261924,-123.78432864211999,162.63925483451987,over_prediction
1,181,11,24.44573,13.445730209350586,13.445730209350586,40.572781636,-124.56933542512995,165.14211706113008,over_prediction
1,182,10,24.310638,14.310638427734375,14.310638427734375,39.21379699589999,-123.34545681091997,162.55925380681992,over_prediction
1,183,9,19.722578,10.722578048706055,10.722578048706055,38.45426678654002,-127.17398028512001,165.62824707165987,over_prediction
1,184,8,13.431644,5.431644439697266,5.431644439697266,37.294567822800005,-132.30521184531992,169.5997796681199,over_prediction
1,185,7,8.935652,1.9356517791748047,1.9356517791748047,40.195418047500006,-139.70204740782006,179.89746545531997,over_prediction
1,186,6,11.742,5.741999626159668,5.741999626159668,39.676969740599986,-136.37725300271998,176.05422274332005,over_prediction
1,187,5,6.3038373,1.3038372993469238,1.3038372993469238,36.782867971299986,-138.92131108122007,175.70417905252,over_prediction
1,188,4,16.374538,12.37453842163086,12.37453842163086,47.0369158163,-139.10467337132002,186.14158918762016,over_prediction
1,189,3,4.65358,1.6535801887512207,1.6535801887512207,34.52627546430003,-138.31498283782005,172.84125830212008,over_prediction
1,190,2,6.6410446,4.641044616699219,4.641044616699219,36.9690465655,-138.77027603005004,175.73932259555008,over_prediction
1,191,1,3.073026,2.073025941848755,2.073025941848755,37.90574810820001,-143.27498683271997,181.1807349409199,over_prediction
1,192,0,6.2544312,6.254431247711182,6.254431247711182,38.36731749999999,-140.55516534072,178.92248284072005,over_prediction
5,1,268,222.5652,-45.43479919433594,45.43479919433594,135.0708342407,-20.94797046192001,156.01880470262,under_prediction
5,2,267,207.65518,-59.344818115234375,59.344818115234375,132.2477470213,-33.03493141990999,165.28267844121,under_prediction
5,3,266,208.99077,-57.00923156738281,57.00923156738281,141.2551220086,-40.70650399641001,181.9616260050099,under_prediction
5,4,265,234.25221,-30.747787475585938,30.747787475585938,153.10908574380008,-27.299143271994996,180.40822901579503,under_prediction
5,5,264,238.968,-25.031997680664062,25.031997680664062,162.75004823599994,-32.22439417831,194.97444241430995,under_prediction
5,6,263,232.52087,-30.4791259765625,30.4791259765625,157.851767893,-33.773094861939995,191.62486275494004,under_prediction
5,7,262,233.41026,-28.589736938476562,28.589736938476562,157.85388585369998,-32.885769884099986,190.73965573779998,under_prediction
5,8,261,230.19678,-30.80322265625,30.80322265625,161.7951039185,-40.04060845773998,201.83571237624008,under_prediction
5,9,260,220.57616,-39.42384338378906,39.42384338378906,152.97120942599997,-40.83727501263,193.80848443863002,under_prediction
5,10,259,213.98444,-45.01556396484375,45.01556396484375,145.33610245188999,-39.7937943153,185.12989676719002,under_prediction
5,11,258,212.50868,-45.49131774902344,45.49131774902344,144.7145617061,-40.64807230724,185.36263401334008,under_prediction
5,12,257,211.02943,-45.97056579589844,45.97056579589844,146.59172359604997,-44.00456856239999,190.59629215844984,under_prediction
5,13,256,224.78992,-31.2100830078125,31.2100830078125,156.9111815907999,-40.56352555624,197.47470714703996,under_prediction
5,14,255,206.95543,-48.04457092285156,48.04457092285156,142.22819531037004,-43.714957146239996,185.94315245661005,under_prediction
5,15,254,215.6055,-38.394500732421875,38.394500732421875,142.68755368100003,-35.52419420625999,178.21174788725997,under_prediction
5,16,253,222.16002,-30.839981079101562,30.839981079101562,148.4142509463,-34.69635282223999,183.11060376853996,under_prediction
5,17,252,233.19455,-18.805450439453125,18.805450439453125,152.19871727199998,-27.446386834010006,179.64510410601002,under_prediction
5,18,251,225.49081,-25.509185791015625,25.509185791015625,146.23257839319996,-29.183893500040003,175.41647189323996,under_prediction
5,19,250,223.12347,-26.87652587890625,26.87652587890625,146.75736993959995,-32.07598749774,178.8333574373399,under_prediction
5,20,249,203.44795,-45.55204772949219,45.55204772949219,130.1248102905,-35.11901087203999,165.24382116253994,under_prediction
5,21,248,192.58197,-55.41802978515625,55.41802978515625,122.0101513582,-37.87037558320001,159.88052694139998,under_prediction
5,22,247,212.5817,-34.418304443359375,34.418304443359375,136.79887031999993,-32.65939971814,169.45827003813986,under_prediction
5,23,246,201.06024,-44.93975830078125,44.93975830078125,129.79792258604004,-37.179808069,166.97773065504006,under_prediction
5,24,245,196.7014,-48.29859924316406,48.29859924316406,123.77992370732228,-35.52075186054,159.30067556786236,under_prediction
5,25,244,195.00244,-48.99755859375,48.99755859375,120.5087710668,-33.948501665539986,154.45727273234007,under_prediction
5,26,243,202.72304,-40.27696228027344,40.27696228027344,129.19877754500004,-34.917967552469996,164.11674509746996,under_prediction
5,27,242,198.36095,-43.63905334472656,43.63905334472656,125.51482713220003,-35.59610928160001,161.11093641380006,under_prediction
5,28,241,190.55104,-50.44895935058594,50.44895935058594,125.03466491300001,-42.92578284454001,167.96044775754,under_prediction
5,29,240,185.04906,-54.95094299316406,54.95094299316406,125.88413948830001,-49.277334171910006,175.16147366021002,under_prediction
5,30,239,186.47728,-52.52272033691406,52.52272033691406,123.79554966760001,-45.76055319742999,169.5561028650302,under_prediction
5,31,238,193.30054,-44.699462890625,44.699462890625,125.7606400772,-40.902252568239994,166.6628926454399,under_prediction
5,32,237,188.81822,-48.18177795410156,48.18177795410156,122.74270208569996,-42.36652867344499,165.10923075914494,under_prediction
5,33,236,188.30124,-47.698760986328125,47.698760986328125,123.7010315094,-43.84194077144,167.54297228083996,under_prediction
5,34,235,182.14265,-52.85734558105469,52.85734558105469,119.95360104648002,-46.2530123012,166.20661334768002,under_prediction
5,35,234,179.20335,-54.79664611816406,54.79664611816406,117.49785656690001,-46.73661667591001,164.2344732428099,under_prediction
5,36,233,181.50377,-51.49623107910156,51.49623107910156,115.8468717899,-42.78528862551,158.63216041541014,under_prediction
5,37,232,175.89473,-56.10527038574219,56.10527038574219,115.32321204800004,-47.87065310441,163.19386515241,under_prediction
5,38,231,180.17322,-50.8267822265625,50.8267822265625,119.968648019,-48.23759058771001,168.20623860671,under_prediction
5,39,230,187.41559,-42.58441162109375,42.58441162109375,120.95033103249999,-41.976932312909994,162.9272633454101,under_prediction
5,40,229,181.93074,-47.06925964355469,47.06925964355469,116.4403535153,-42.95187778992799,159.392231305228,under_prediction
5,41,228,180.33823,-47.661773681640625,47.661773681640625,112.83126047800002,-40.935211326600005,153.7664718046,under_prediction
5,42,227,192.14363,-34.85636901855469,34.85636901855469,120.32852351570001,-36.62708348561,156.95560700131,under_prediction
5,43,226,198.60667,-27.393325805664062,27.393325805664062,122.75953244541996,-32.59496351910999,155.35449596453014,under_prediction
5,44,225,189.92249,-35.0775146484375,35.0775146484375,120.441879231,-38.96158111324002,159.40346034424005,under_prediction
5,45,224,202.91057,-21.089431762695312,21.089431762695312,130.7545929623,-36.28620682891001,167.04079979120996,under_prediction
5,46,223,193.40353,-29.596466064453125,29.596466064453125,123.008083958,-38.04670360474001,161.05478756273993,under_prediction
5,47,222,200.266,-21.733993530273438,21.733993530273438,130.1373770044,-38.313534263,168.4509112674,under_prediction
5,48,221,202.34273,-18.657272338867188,18.657272338867188,131.1706976246,-37.27021025741,168.44090788201,under_prediction
5,49,220,201.47862,-18.521377563476562,18.521377563476562,128.77687608349996,-35.740481013110006,164.51735709660997,under_prediction
5,50,219,200.59743,-18.402572631835938,18.402572631835938,129.13487505300003,-36.97953737371,166.11441242670998,under_prediction
5,51,218,206.81914,-11.180862426757812,11.180862426757812,133.01053509419998,-34.63361417791,167.64414927210998,under_prediction
5,52,217,211.6566,-5.3433990478515625,5.3433990478515625,142.80311076398,-39.58867953340001,182.39179029738,under_prediction
5,53,216,222.67815,6.6781463623046875,6.6781463623046875,146.72414255069998,-32.48825124465,179.21239379534993,over_prediction
5,54,215,228.13403,13.134033203125,13.134033203125,151.51208621036005,-31.820343922610004,183.33243013297,over_prediction
5,55,214,218.45264,4.45263671875,4.45263671875,143.45993020929998,-33.44961052291,176.90954073220993,over_prediction
5,56,213,216.34547,3.3454742431640625,3.3454742431640625,143.27327681890011,-35.37011358233998,178.6433904012401,over_prediction
5,57,212,220.71416,8.714157104492188,8.714157104492188,142.5812388923,-30.30930662290999,172.89054551521,over_prediction
5,58,211,214.93195,3.93194580078125,3.93194580078125,136.01281772809992,-29.523104358009995,165.53592208611005,over_prediction
5,59,210,195.47119,-14.52880859375,14.52880859375,122.86654071370998,-35.837536555,158.70407726870997,under_prediction
5,60,209,204.92055,-4.0794525146484375,4.0794525146484375,129.11609434516006,-32.637822369409996,161.75391671457007,under_prediction
5,61,208,191.8409,-16.159103393554688,16.159103393554688,123.24261696090002,-39.84395393731,163.08657089820997,under_prediction
5,62,207,186.64331,-20.356689453125,20.356689453125,119.73803079479998,-41.536909659319996,161.27494045411999,under_prediction
5,63,206,190.20613,-15.793869018554688,15.793869018554688,119.32251686219999,-37.55847463210997,156.88099149431,under_prediction
5,64,205,194.99876,-10.001235961914062,10.001235961914062,119.4270027744,-32.87045456767998,152.29745734208007,under_prediction
5,65,204,193.693,-10.3070068359375,10.3070068359375,121.18970118100002,-35.93873447831001,157.12843565931004,under_prediction
5,66,203,176.65446,-26.345535278320312,26.345535278320312,110.3397330318,-42.12733529391,152.46706832571004,under_prediction
5,67,202,185.16202,-16.837982177734375,16.837982177734375,116.03532067699999,-39.31536593934999,155.35068661635015,under_prediction
5,68,201,208.4998,7.4998016357421875,7.4998016357421875,137.03579195279994,-36.97808590140001,174.01387785419996,over_prediction
5,69,200,188.82474,-11.175262451171875,11.175262451171875,120.0742969051,-39.69174940791001,159.7660463130099,under_prediction
5,70,199,191.2031,-7.796905517578125,7.796905517578125,122.3632447482,-39.60238410961,161.96562885781012,under_prediction
5,71,198,218.27303,20.273025512695312,20.273025512695312,140.87866951239994,-31.047851596999994,171.92652110940003,over_prediction
5,72,197,219.36249,22.36248779296875,22.36248779296875,144.36878711549997,-33.44858535411,177.81737246960998,over_prediction
5,73,196,204.2995,8.29949951171875,8.29949951171875,132.9036601284,-37.046515440609994,169.95017556900999,over_prediction
5,74,195,196.34393,1.34393310546875,1.34393310546875,125.91378337000002,-38.01200886941001,163.92579223941004,over_prediction
5,75,194,179.40887,-14.59112548828125,14.59112548828125,115.11541065700003,-44.14881951240999,159.26423016940993,under_prediction
5,76,193,178.43529,-14.564712524414062,14.564712524414062,115.47935701499999,-45.486335589110006,160.96569260411,under_prediction
5,77,192,168.91634,-23.083663940429688,23.083663940429688,107.69153731236999,-47.21746858634,154.9090058987099,under_prediction
5,78,191,157.98328,-33.0167236328125,33.0167236328125,101.18338041349998,-51.64227703923999,152.82565745274002,under_prediction
5,79,190,151.35521,-38.64479064941406,38.64479064941406,95.9433864507,-53.03044371427998,148.97383016498,under_prediction
5,80,189,149.87204,-39.127960205078125,39.127960205078125,96.67579152790002,-55.24590076081,151.9216922887099,under_prediction
5,81,188,155.75493,-32.24507141113281,32.24507141113281,103.56506120470002,-56.25233731401001,159.81739851871006,under_prediction
5,82,187,153.63303,-33.366973876953125,33.366973876953125,102.6140096482,-57.42336553843001,160.03737518662984,under_prediction
5,83,186,159.69713,-26.302871704101562,26.302871704101562,103.01267361870003,-51.75771226331,154.77038588200998,under_prediction
5,84,185,160.50516,-24.494842529296875,24.494842529296875,104.09796128800001,-52.03510132859001,156.13306261659,under_prediction
5,85,184,157.2457,-26.754302978515625,26.754302978515625,106.52461901100001,-57.72111318631001,164.24573219730996,under_prediction
5,86,183,161.09312,-21.906875610351562,21.906875610351562,105.20700481000002,-52.55607426839999,157.7630790783999,under_prediction
5,87,182,164.82567,-17.174331665039062,17.174331665039062,110.11009563860001,-53.726708733845015,163.8368043724449,under_prediction
5,88,181,155.07462,-25.925384521484375,25.925384521484375,103.40753736199999,-56.77510605313999,160.18264341513995,under_prediction
5,89,180,157.33406,-22.665939331054688,22.665939331054688,107.27200056263001,-58.3800701406,165.65207070322992,under_prediction
5,90,179,163.4603,-15.539703369140625,15.539703369140625,110.29711016600001,-55.27890476324,165.57601492924002,under_prediction
5,91,178,177.1523,-0.8477020263671875,0.8477020263671875,120.44222672250001,-51.73215411411,172.17438083660988,under_prediction
5,92,177,172.02904,-4.9709625244140625,4.9709625244140625,118.51179324934999,-54.92493956253999,173.43673281189007,under_prediction
5,93,176,165.13376,-10.866241455078125,10.866241455078125,113.9729182542,-57.281416311639994,171.25433456583994,under_prediction
5,94,175,174.61731,-0.3826904296875,0.3826904296875,117.50193196,-51.326858211096024,168.82879017109593,under_prediction
5,95,174,190.46516,16.465164184570312,16.465164184570312,129.71895679890005,-47.69609527093999,177.41505206984002,over_prediction
5,96,173,195.21501,22.215011596679688,22.215011596679688,125.74332695522497,-38.97064394863999,164.71397090386495,over_prediction
5,97,172,196.44977,24.44976806640625,24.44976806640625,128.0291772032,-40.021808694910014,168.05098589810993,over_prediction
5,98,171,206.38683,35.38682556152344,35.38682556152344,135.76625348970006,-37.82167394242998,173.5879274321301,over_prediction
5,99,170,200.97641,30.976409912109375,30.976409912109375,132.3500593584,-39.81584451121,172.16590386960993,over_prediction
5,100,169,178.66714,9.667144775390625,9.667144775390625,119.87776101959999,-49.65287492369998,169.53063594330004,over_prediction
5,101,168,167.37187,-0.6281280517578125,0.6281280517578125,111.34640404050006,-52.416763897690004,163.76316793818992,under_prediction
5,102,167,164.91714,-2.082855224609375,2.082855224609375,109.47616983689996,-53.00129590044002,162.47746573733994,under_prediction
5,103,166,151.96475,-14.035247802734375,14.035247802734375,103.74833316243999,-60.22584279151002,163.97417595394995,under_prediction
5,104,165,144.73898,-20.261016845703125,20.261016845703125,101.103277828,-64.80660261696,165.90988044496007,under_prediction
5,105,164,132.52681,-31.473190307617188,31.473190307617188,90.92810977939997,-66.84354535268,157.77165513207999,under_prediction
5,106,163,143.20657,-19.793426513671875,19.793426513671875,92.8612312386,-58.096895391610005,150.95812663020988,under_prediction
5,107,162,142.31258,-19.687423706054688,19.687423706054688,90.04338948799996,-56.17307638181001,146.21646586981012,under_prediction
5,108,161,154.1337,-6.866302490234375,6.866302490234375,99.3395283131,-53.64803103581,152.98755934891,under_prediction
5,109,160,156.71999,-3.2800140380859375,3.2800140380859375,98.86366715074995,-50.58584391141,149.44951106216,under_prediction
5,110,159,149.09474,-9.905258178710938,9.905258178710938,94.71265666520003,-54.06011448555199,148.77277115075202,under_prediction
5,111,158,144.68199,-13.318008422851562,13.318008422851562,93.59625908810004,-57.35650973891,150.95276882700998,under_prediction
5,112,157,147.48169,-9.518310546875,9.518310546875,96.06359043349994,-57.024233572910006,153.08782400640996,under_prediction
5,113,156,144.76332,-11.236679077148438,11.236679077148438,97.15129770499999,-60.83025891890998,157.98155662391,under_prediction
5,114,155,136.5838,-18.41619873046875,18.41619873046875,94.29987074,-66.15824804391002,160.45811878390995,under_prediction
5,115,154,143.82867,-10.17132568359375,10.17132568359375,100.81512370030002,-65.42878133341003,166.2439050337099,under_prediction
5,116,153,136.52562,-16.474380493164062,16.474380493164062,96.93908842035995,-68.85572454351001,165.79481296387007,under_prediction
5,117,152,137.74922,-14.250778198242188,14.250778198242188,93.98639825949999,-64.67938563111002,158.66578389061004,under_prediction
5,118,151,136.25275,-14.74725341796875,14.74725341796875,91.17571220759999,-63.365216849410004,154.54092905700998,under_prediction
5,119,150,131.21321,-18.786788940429688,18.786788940429688,90.05981403155,-67.28885961034997,157.34867364189998,under_prediction
5,120,149,134.69705,-14.302947998046875,14.302947998046875,93.21955085980004,-66.96472169054002,160.18427255033984,under_prediction
5,121,148,121.06625,-26.933746337890625,26.933746337890625,83.80649139935002,-71.18250287131,154.98899427066,under_prediction
5,122,147,129.03427,-17.965728759765625,17.965728759765625,88.80531213529999,-68.21327704524,157.01858918053992,under_prediction
5,123,146,140.82347,-5.1765289306640625,5.1765289306640625,89.28797708500001,-56.906787881639985,146.19476496664,under_prediction
5,124,145,126.38545,-18.614547729492188,18.614547729492188,84.0441620545,-66.10095101016002,150.14511306465985,under_prediction
5,125,144,125.16998,-18.83001708984375,18.83001708984375,84.63497710379997,-67.90719964261004,152.54217674641006,under_prediction
5,126,143,127.23915,-15.760848999023438,15.760848999023438,83.91049783199999,-65.11353075611002,149.02402858810999,under_prediction
5,127,142,127.46763,-14.532371520996094,14.532371520996094,87.756625333,-68.73120537101002,156.48783070401,under_prediction
5,128,141,121.031494,-19.968505859375,19.968505859375,83.27796372669997,-70.68870852264,153.96667224933992,under_prediction
5,129,140,117.49822,-22.50177764892578,22.50177764892578,80.27669928094001,-71.22075025140997,151.4974495323501,under_prediction
5,130,139,115.65371,-23.346290588378906,23.346290588378906,77.676486579862,-70.46504869301,148.14153527287203,under_prediction
5,131,138,112.77288,-25.22711944580078,25.22711944580078,75.1494805759,-70.81885722826001,145.9683378041601,under_prediction
5,132,137,133.67014,-3.329864501953125,3.329864501953125,84.80164244799998,-59.57377310241001,144.37541555040994,under_prediction
5,133,136,128.363,-7.636993408203125,7.636993408203125,80.48358623299997,-60.56277602171999,141.04636225471995,under_prediction
5,134,135,128.21555,-6.784454345703125,6.784454345703125,79.82147220630003,-60.04810095192,139.86957315822,under_prediction
5,135,134,133.36191,-0.638092041015625,0.638092041015625,84.15778492864003,-59.23816819032,143.39595311896014,under_prediction
5,136,133,128.50844,-4.4915618896484375,4.4915618896484375,81.94709188760001,-61.88103226072002,143.82812414831994,under_prediction
5,137,132,115.17207,-16.827926635742188,16.827926635742188,75.85609090519999,-69.12623933999998,144.9823302452,under_prediction
5,138,131,125.2136,-5.786399841308594,5.786399841308594,84.74272549129998,-67.97138107200001,152.7141065633001,under_prediction
5,139,130,117.82888,-12.171119689941406,12.171119689941406,83.18081049799999,-73.79428881772002,156.97509931572,under_prediction
5,140,129,128.23187,-0.76812744140625,0.76812744140625,86.08847610108002,-66.29887489702,152.38735099809995,under_prediction
5,141,128,119.14266,-8.857337951660156,8.857337951660156,80.1518119949,-69.45138301782002,149.60319501272002,under_prediction
5,142,127,123.2589,-3.7410964965820312,3.7410964965820312,83.24253852630004,-68.42593258577998,151.66847111208008,under_prediction
5,143,126,120.88548,-5.1145172119140625,5.1145172119140625,79.568601863,-67.12536786391999,146.69396972692,under_prediction
5,144,125,119.81753,-5.182472229003906,5.182472229003906,81.18019229400001,-69.80489361371998,150.9850859077199,under_prediction
5,145,124,102.24379,-21.756210327148438,21.756210327148438,73.03328470119999,-79.23176679522,152.26505149642003,under_prediction
5,146,123,95.27806,-27.721939086914062,27.721939086914062,71.3958396444,-84.56005245912004,155.95589210352006,under_prediction
5,147,122,102.41258,-19.587417602539062,19.587417602539062,75.60109101879999,-81.6307306886,157.23182170740012,under_prediction
5,148,121,116.92893,-4.071067810058594,4.071067810058594,95.41510702869996,-86.92839596499998,182.34350299369999,under_prediction
5,149,120,124.47832,4.4783172607421875,4.4783172607421875,97.64125297890001,-81.60517284375997,179.24642582265994,over_prediction
5,150,119,121.58795,2.58795166015625,2.58795166015625,96.5621489492,-83.41646164500004,179.9786105942002,over_prediction
5,151,118,111.37905,-6.620948791503906,6.620948791503906,87.75080819274,-84.81403266018003,172.5648408529201,under_prediction
5,152,117,101.716736,-15.28326416015625,15.28326416015625,85.3375340736,-92.06313167732,177.40066575092015,under_prediction
5,153,116,87.24061,-28.75939178466797,28.75939178466797,65.91732067170003,-87.11894193531997,153.03626260702003,under_prediction
5,154,115,82.629585,-32.37041473388672,32.37041473388672,66.32769592399998,-92.14037961722,158.46807554121997,under_prediction
5,155,114,92.26532,-21.73468017578125,21.73468017578125,73.72921046699997,-89.90615408232003,163.63536454932003,under_prediction
5,156,113,86.582794,-26.417205810546875,26.417205810546875,68.4564382028,-90.31581127442004,158.77224947721993,under_prediction
5,157,112,80.0263,-31.97370147705078,31.97370147705078,62.484843886299984,-90.90067413142002,153.38551801772,under_prediction
5,158,111,83.232506,-27.767494201660156,27.767494201660156,64.50934508280002,-89.71904697432001,154.22839205711995,under_prediction
5,159,110,84.7816,-25.218399047851562,25.218399047851562,57.59028016935996,-81.25090037082008,138.84118054018,under_prediction
5,160,109,85.09311,-23.906890869140625,23.906890869140625,64.7867518238,-88.13576894172003,152.92252076551998,under_prediction
5,161,108,79.80041,-28.19959259033203,28.19959259033203,59.633404703500005,-88.27508769762,147.90849240111996,under_prediction
5,162,107,89.238625,-17.761375427246094,17.761375427246094,63.43542573139999,-82.63895879132001,146.07438452271992,under_prediction
5,163,106,86.52004,-19.479957580566406,19.479957580566406,61.85414923600001,-83.77619958641993,145.63034882242002,under_prediction
5,164,105,81.34778,-23.6522216796875,23.6522216796875,62.1153990388,-89.20975397812005,151.32515301691998,under_prediction
5,165,104,72.68922,-31.31078338623047,31.31078338623047,55.626162148300004,-91.37913134022003,147.00529348851992,under_prediction
5,166,103,81.87,-21.12999725341797,21.12999725341797,56.39715438359999,-82.96932240142002,139.36647678502004,under_prediction
5,167,102,80.8342,-21.165802001953125,21.165802001953125,56.6267480966,-84.23474400251997,140.8614920991201,under_prediction
5,168,101,71.863976,-29.136024475097656,29.136024475097656,54.66224121649999,-91.24048615172,145.90272736821996,under_prediction
5,169,100,69.26057,-30.73943328857422,30.73943328857422,51.64237119580001,-90.82401542212001,142.46638661792002,under_prediction
5,170,99,67.71083,-31.289169311523438,31.289169311523438,49.816511216500004,-90.54788137685998,140.36439259336,under_prediction
5,171,98,68.935165,-29.064834594726562,29.064834594726562,51.777863120999996,-91.28483047672,143.06269359771989,under_prediction
5,172,97,71.55102,-25.44898223876953,25.44898223876953,50.2385436906,-87.12971100771998,137.36825469832,under_prediction
5,173,96,79.93028,-16.069717407226562,16.069717407226562,53.10932789450002,-81.62120582571997,134.73053372021997,under_prediction
5,174,95,85.1731,-9.826896667480469,9.826896667480469,53.87217028041498,-77.14130126172002,131.01347154213494,under_prediction
5,175,94,87.15998,-6.840019226074219,6.840019226074219,57.88047165559998,-79.16267004771998,137.04314170332003,under_prediction
5,176,93,87.2291,-5.770896911621094,5.770896911621094,57.32704347100001,-78.54015332992002,135.86719680092008,under_prediction
5,177,92,86.84721,-5.1527862548828125,5.1527862548828125,57.05892092420002,-78.65384165052001,135.71276257472002,under_prediction
5,178,91,77.76802,-13.231979370117188,13.231979370117188,55.96974777920001,-86.64389256222,142.61364034142002,under_prediction
5,179,90,77.6204,-12.379600524902344,12.379600524902344,51.65608993169998,-82.47787330510005,134.13396323680004,under_prediction
5,180,89,82.79968,-6.2003173828125,6.2003173828125,56.365983340199996,-82.00854540129998,138.37452874150003,under_prediction
5,181,88,86.0956,-1.9044036865234375,1.9044036865234375,66.84767019190001,-89.19428653290001,156.0419567248,under_prediction
5,182,87,78.78477,-8.215232849121094,8.215232849121094,59.09203198400001,-88.74943937952,147.84147136352013,under_prediction
5,183,86,77.76979,-8.230209350585938,8.230209350585938,59.17312221201997,-89.84546032051003,149.01858253253016,under_prediction
5,184,85,89.77878,4.778778076171875,4.778778076171875,59.63878161020001,-78.30221747801995,137.94099908821994,over_prediction
5,185,84,79.32469,-4.6753082275390625,4.6753082275390625,51.774393595700026,-80.89188259392,132.6662761896199,under_prediction
5,186,83,77.85818,-5.141822814941406,5.141822814941406,50.411543965,-80.99556239782,131.40710636281997,under_prediction
5,187,82,72.01724,-9.982757568359375,9.982757568359375,51.6699796929,-88.09494258140003,139.76492227429995,under_prediction
5,188,81,78.303444,-2.6965560913085938,2.6965560913085938,52.29630818594,-82.43505235085007,134.73136053678996,under_prediction
5,189,80,82.39982,2.3998184204101562,2.3998184204101562,52.33197271950001,-78.37434445762003,130.70631717711993,over_prediction
5,190,79,79.03004,0.03003692626953125,0.03003692626953125,48.5615427009,-77.97380972771997,126.53535242861997,over_prediction
5,191,78,68.04617,-9.953826904296875,9.953826904296875,45.80352344829998,-86.19961364625999,132.00313709456003,under_prediction
5,192,77,58.617584,-18.382415771484375,18.382415771484375,38.079869435700004,-87.90459458851998,125.98446402422002,under_prediction
5,193,76,51.60062,-24.39937973022461,24.39937973022461,37.9163508649,-94.75806408271998,132.6744149476199,under_prediction
5,194,75,57.23821,-17.761791229248047,17.761791229248047,37.9312309033,-89.13534301786004,127.06657392116,under_prediction
5,195,74,66.96687,-7.0331268310546875,7.0331268310546875,41.50843577099999,-82.98381794335003,124.49225371435004,under_prediction
5,196,73,64.843094,-8.156906127929688,8.156906127929688,40.37405626520002,-83.97321610599997,124.34727237119998,under_prediction
5,197,72,68.73601,-3.2639923095703125,3.2639923095703125,38.832917513700004,-78.53912228919998,117.37203980289998,under_prediction
5,198,71,69.219185,-1.7808151245117188,1.7808151245117188,39.919793884899995,-79.14286154882996,119.06265543372997,under_prediction
5,199,70,71.46885,1.4688491821289062,1.4688491821289062,42.865288190769995,-79.83866529051997,122.70395348128997,over_prediction
5,200,69,61.568584,-7.431415557861328,7.431415557861328,33.611669039400006,-80.48535224872002,114.09702128812003,under_prediction
5,201,68,69.951355,1.95135498046875,1.95135498046875,40.051822827799995,-78.54271709584799,118.594539923648,over_prediction
5,202,67,64.99898,-2.0010223388671875,2.0010223388671875,40.50056872910001,-83.94389386671997,124.44446259581997,under_prediction
5,203,66,58.559082,-7.44091796875,7.44091796875,36.5131273564,-86.39638292186001,122.90951027826004,under_prediction
5,204,65,58.838173,-6.161827087402344,6.161827087402344,37.225238037000004,-86.82942914899999,124.05466718599999,under_prediction
5,205,64,56.413776,-7.586223602294922,7.586223602294922,35.237893813640014,-87.26645114071997,122.50434495435998,under_prediction
5,206,63,56.273834,-6.726165771484375,6.726165771484375,31.161131746833,-83.32964269474003,114.49077444157297,under_prediction
5,207,62,55.374504,-6.625495910644531,6.625495910644531,29.116348854899996,-82.18421501902003,111.30056387392004,under_prediction
5,208,61,65.791954,4.791954040527344,4.791954040527344,33.5851588236,-76.23542286602002,109.82058168962004,over_prediction
5,209,60,53.887962,-6.112037658691406,6.112037658691406,28.80493325003,-83.35929039390001,112.16422364392994,under_prediction
5,210,59,52.922318,-6.0776824951171875,6.0776824951171875,28.750201908299996,-84.27021239805997,113.02041430636001,under_prediction
5,211,58,56.228626,-1.7713737487792969,1.7713737487792969,33.86756259930001,-86.08126094711999,119.94882354641994,under_prediction
5,212,57,42.01647,-14.983528137207031,14.983528137207031,25.3386985151,-91.76456727490003,117.10326578999998,under_prediction
5,213,56,51.459785,-4.540214538574219,4.540214538574219,25.094961402800003,-82.07752684472001,107.17248824751998,under_prediction
5,214,55,49.146877,-5.853122711181641,5.853122711181641,26.4362983625,-85.73176481110002,112.16806317360002,under_prediction
5,215,54,42.835587,-11.164413452148438,11.164413452148438,24.91232609928501,-90.5190774667,115.431403565985,under_prediction
5,216,53,41.806503,-11.193496704101562,11.193496704101562,24.065963077500008,-90.70177025352001,114.76773333101995,under_prediction
5,217,52,34.704807,-17.29519271850586,17.29519271850586,20.18528947723,-93.92280571011999,114.10809518734995,under_prediction
5,218,51,36.789967,-14.210033416748047,14.210033416748047,20.46978563979999,-92.12213800551999,112.59192364532001,under_prediction
5,219,50,37.942432,-12.057567596435547,12.057567596435547,21.43822942661,-91.93810107272002,113.37633049933004,under_prediction
5,220,49,34.78542,-14.214580535888672,14.214580535888672,20.148364096670992,-93.80528517102,113.95364926769099,under_prediction
5,221,48,33.311855,-14.68814468383789,14.68814468383789,19.406177669899996,-94.53668903871997,113.94286670861999,under_prediction
5,222,47,38.179985,-8.820014953613281,8.820014953613281,20.489253524399995,-90.75160879812,111.24086232252004,under_prediction
5,223,46,44.853786,-1.1462135314941406,1.1462135314941406,24.430379873299994,-88.01891494452002,112.44929481782009,under_prediction
5,224,45,49.939922,4.939922332763672,4.939922332763672,29.818747695199995,-88.32114440812995,118.13989210332996,over_prediction
5,225,44,35.66867,-8.331329345703125,8.331329345703125,22.885977897200004,-95.65964734575404,118.54562524295405,under_prediction
5,226,43,44.73745,1.7374496459960938,1.7374496459960938,25.98717904694,-89.69207323532002,115.67925228226008,over_prediction
5,227,42,43.858463,1.8584632873535156,1.8584632873535156,25.5610808446,-90.14494286381996,115.70602370841993,over_prediction
5,228,41,46.463093,5.463092803955078,5.463092803955078,30.3286919449,-92.30791923951999,122.63661118441998,over_prediction
5,229,40,38.345245,-1.654754638671875,1.654754638671875,24.367703399899995,-94.46480414212002,118.83250754202001,under_prediction
5,230,39,38.499805,-0.5001945495605469,0.5001945495605469,26.281613126300005,-96.22414738972004,122.50576051602005,under_prediction
5,231,38,44.58601,6.586009979248047,6.586009979248047,23.592648138599994,-87.44896968072001,111.04161781932001,over_prediction
5,232,37,36.249844,-0.7501564025878906,0.7501564025878906,20.346347685399998,-92.53883870572,112.88518639112,under_prediction
5,233,36,34.128628,-1.8713722229003906,1.8713722229003906,22.973294939400006,-97.28702820902002,120.26032314841997,under_prediction
5,234,35,35.970207,0.9702072143554688,0.9702072143554688,22.932568874700003,-95.40465996524,118.33722883993997,over_prediction
5,235,34,34.92858,0.9285812377929688,0.9285812377929688,20.974357832099997,-94.48806259821994,115.46242043031997,over_prediction
5,236,33,30.551899,-2.448101043701172,2.448101043701172,20.497268835700005,-98.38767195871995,118.88494079441996,under_prediction
5,237,32,32.99805,0.9980506896972656,0.9980506896972656,22.1548469685,-97.59910720572003,119.75395417422004,over_prediction
5,238,31,26.067022,-4.932977676391602,4.932977676391602,19.502411864060008,-101.87768127372003,121.38009313778007,under_prediction
5,239,30,28.776714,-1.2232856750488281,1.2232856750488281,17.638917238153,-97.30449565726997,114.94341289542297,under_prediction
5,240,29,27.383284,-1.6167163848876953,1.6167163848876953,18.571816032300003,-99.63084375172005,118.20265978402008,under_prediction
5,241,28,22.234966,-5.765033721923828,5.765033721923828,17.421898371200005,-103.62923608452,121.05113445572002,under_prediction
5,242,27,18.082962,-8.917037963867188,8.917037963867188,17.956459268699998,-108.31580718072003,126.27226644941997,under_prediction
5,243,26,21.988976,-4.011024475097656,4.011024475097656,18.690153597200002,-105.14349340930005,123.83364700650006,under_prediction
5,244,25,21.36754,-3.6324596405029297,3.6324596405029297,18.454937900999997,-105.52970364381999,123.98464154481997,under_prediction
5,245,24,18.214191,-5.785808563232422,5.785808563232422,17.180618827400007,-107.40874495272006,124.58936378012001,under_prediction
5,246,23,14.283361,-8.716638565063477,8.716638565063477,16.625434181200003,-110.78435571811202,127.40978989931205,under_prediction
5,247,22,16.758596,-5.241403579711914,5.241403579711914,20.4950990089,-112.17880137329999,132.67390038219995,under_prediction
5,248,21,16.426716,-4.573284149169922,4.573284149169922,20.77253211725001,-112.78812673542001,133.56065885266997,under_prediction
5,249,20,13.776425,-6.223574638366699,6.223574638366699,23.1187723232,-117.78464483301998,140.90341715621994,under_prediction
5,250,19,13.546259,-5.453741073608398,5.453741073608398,20.8555765525,-115.75159081202003,136.60716736451997,under_prediction
5,251,18,14.712897,-3.287102699279785,3.287102699279785,22.602468828270005,-116.33187033491998,138.93433916319003,under_prediction
5,252,17,13.606742,-3.3932580947875977,3.3932580947875977,19.346789443899993,-114.18234126101999,133.52913070492005,under_prediction
5,253,16,10.4362955,-5.563704490661621,5.563704490661621,18.868985321,-116.87499962171997,135.74398494271986,under_prediction
5,254,15,10.013109,-4.98689079284668,4.98689079284668,19.4115188005,-117.84071967880003,137.25223847929996,under_prediction
5,255,14,9.166201,-4.833799362182617,4.833799362182617,21.688341494290007,-120.96444094572,142.65278244001,under_prediction
5,256,13,6.371382,-6.628617763519287,6.628617763519287,22.0713115809,-124.14222230412007,146.21353388502,under_prediction
5,257,12,5.5134907,-6.486509323120117,6.486509323120117,23.47681082746999,-126.40562294404997,149.88243377151994,under_prediction
5,258,11,5.690332,-5.309668064117432,5.309668064117432,23.72525861128,-126.47721530649999,150.20247391778003,under_prediction
5,259,10,3.4476125,-6.552387475967407,6.552387475967407,23.0480928113,-128.04277876202002,151.09087157331996,under_prediction
5,260,9,4.161637,-4.838363170623779,4.838363170623779,24.908317159080003,-129.18896901621997,154.09728617529987,under_prediction
5,261,8,3.1917524,-4.8082475662231445,4.8082475662231445,23.307549483400006,-128.55808149502005,151.86563097842003,under_prediction
5,262,7,3.8668168,-3.133183240890503,3.133183240890503,24.385083494030003,-128.96055639271998,153.34563988675006,under_prediction
5,263,6,3.327598,-2.6724019050598145,2.6724019050598145,23.21621198310001,-128.33089367832005,151.54710566142003,under_prediction
5,264,5,2.1835968,-2.8164031505584717,2.8164031505584717,24.4353677377,-130.69406352712,155.12943126481997,under_prediction
5,265,4,3.1127412,-0.887258768081665,0.887258768081665,23.6034277464,-128.93296637161998,152.53639411801998,under_prediction
5,266,3,2.6575282,-0.3424718379974365,0.3424718379974365,25.46452185749999,-131.24927444871997,156.71379630622002,under_prediction
5,267,2,1.0454924,-0.95450758934021,0.95450758934021,21.74472307409999,-129.14150756702003,150.88623064112,under_prediction
5,268,1,0.94833034,-0.0516696572303772,0.0516696572303772,24.2766948101,-131.77064499041998,156.0473398005201,under_prediction
5,269,0,0.06956513,0.06956513226032257,0.06956513226032257,21.719270363500005,-130.09198019002,151.81125055351998,over_prediction
11,1,239,213.49167,-25.508331298828125,25.508331298828125,131.70116228620003,-26.651821728719998,158.35298401492,under_prediction
11,2,238,234.77525,-3.2247467041015625,3.2247467041015625,158.936273995,-32.603233542800005,191.53950753779992,under_prediction
11,3,237,231.43698,-5.563018798828125,5.563018798828125,164.54977884620007,-41.55507636290999,206.10485520911004,under_prediction
11,4,236,217.99191,-18.008087158203125,18.008087158203125,158.06895918100003,-48.51921991929999,206.58817910030004,under_prediction
11,5,235,213.91887,-21.081130981445312,21.081130981445312,159.595107256,-54.11836970771,213.71347696371,under_prediction
11,6,234,215.3541,-18.645904541015625,18.645904541015625,154.1417596731,-47.22980873348,201.37156840657997,under_prediction
11,7,233,211.65367,-21.346328735351562,21.346328735351562,148.5768804239999,-45.36549177010998,193.94237219411002,under_prediction
11,8,232,201.70027,-30.299728393554688,30.299728393554688,136.18212788599996,-42.924083901210004,179.10621178720982,under_prediction
11,9,231,201.81131,-29.188690185546875,29.188690185546875,136.45797385639997,-43.08901632699999,179.5469901834,under_prediction
11,10,230,195.32465,-34.67535400390625,34.67535400390625,129.17616060959998,-42.29376390333,171.46992451293,under_prediction
11,11,229,184.64789,-44.35211181640625,44.35211181640625,124.34017611499999,-48.13457572443999,172.47475183944007,under_prediction
11,12,228,188.08748,-39.91252136230469,39.91252136230469,125.44974365569998,-45.80462288190999,171.25436653760994,under_prediction
11,13,227,173.83372,-53.16627502441406,53.16627502441406,117.52367585599997,-52.13225776340001,169.65593361940003,under_prediction
11,14,226,178.49673,-47.503265380859375,47.503265380859375,120.67184283675005,-50.61736825200999,171.28921108876003,under_prediction
11,15,225,182.77219,-42.227813720703125,42.227813720703125,125.2664533442,-50.93658693641,176.20304028060997,under_prediction
11,16,224,178.30537,-45.69462585449219,45.69462585449219,120.90156476669992,-51.038679307940015,171.94024407464002,under_prediction
11,17,223,180.2877,-42.71229553222656,42.71229553222656,125.28198768718005,-53.436683203939985,178.7186708911201,under_prediction
11,18,222,181.42828,-40.57171630859375,40.57171630859375,120.6633402697,-47.67748308181,168.34082335150995,under_prediction
11,19,221,176.75096,-44.24903869628906,44.24903869628906,117.59995435218003,-49.29135938940999,166.89131374158993,under_prediction
11,20,220,170.79591,-49.20408630371094,49.20408630371094,114.47794522069998,-52.12442609329998,166.6023713140002,under_prediction
11,21,219,171.4944,-47.50559997558594,47.50559997558594,115.76797722500001,-52.71595043211001,168.48392765711003,under_prediction
11,22,218,171.23483,-46.765167236328125,46.765167236328125,117.06099397242997,-54.268527514910005,171.32952148734003,under_prediction
11,23,217,157.14372,-59.85627746582031,59.85627746582031,111.13633093809999,-62.43501953091001,173.5713504690099,under_prediction
11,24,216,173.99863,-42.001373291015625,42.001373291015625,117.16189467829999,-51.605603465909994,168.76749814420992,under_prediction
11,25,215,163.30653,-51.69346618652344,51.69346618652344,112.37826910609996,-57.51396534660999,169.89223445271006,under_prediction
11,26,214,169.81606,-44.18394470214844,44.18394470214844,112.06420856419997,-50.69040821971,162.75461678390994,under_prediction
11,27,213,180.38152,-32.61848449707031,32.61848449707031,115.29886467196,-43.35957144691001,158.65843611886993,under_prediction
11,28,212,185.27531,-26.724685668945312,26.724685668945312,121.19405968110004,-44.36103348531,165.5550931664099,under_prediction
11,29,211,193.7904,-17.2095947265625,17.2095947265625,127.71341067299998,-42.36522608691,170.07863675991,under_prediction
11,30,210,183.36418,-26.635818481445312,26.635818481445312,127.29214491390003,-52.370111355110005,179.6622562690099,under_prediction
11,31,209,175.49164,-33.50836181640625,33.50836181640625,121.61378871530002,-54.564474207909996,176.17826292321007,under_prediction
11,32,208,181.99597,-26.0040283203125,26.0040283203125,128.23237922949997,-54.67855314610999,182.91093237561,under_prediction
11,33,207,192.46106,-14.5389404296875,14.5389404296875,133.6555857966,-49.63686487850999,183.29245067511,under_prediction
11,34,206,189.33484,-16.6651611328125,16.6651611328125,133.1835701472,-52.29106225787699,185.474632405077,under_prediction
11,35,205,192.67522,-12.324783325195312,12.324783325195312,128.41182635221998,-44.178843095,172.59066944721997,under_prediction
11,36,204,186.66519,-17.334808349609375,17.334808349609375,122.3585749499,-44.135522310309995,166.49409726021008,under_prediction
11,37,203,188.10165,-14.898345947265625,14.898345947265625,124.47237699000001,-44.81299195730998,169.28536894731002,under_prediction
11,38,202,193.92772,-8.072280883789062,8.072280883789062,128.82071682283996,-43.33531062432,172.1560274471601,under_prediction
11,39,201,201.45636,0.45635986328125,0.45635986328125,140.13373088749998,-47.11973286210001,187.25346374959997,over_prediction
11,40,200,176.50882,-23.491180419921875,23.491180419921875,119.70966230699997,-51.643045515909996,171.35270782291013,under_prediction
11,41,199,194.49232,-4.5076751708984375,4.5076751708984375,133.548726267,-47.498560025309985,181.04728629230993,under_prediction
11,42,198,193.12837,-4.8716278076171875,4.8716278076171875,135.03722582999998,-50.351102425010005,185.38832825501015,under_prediction
11,43,197,189.4099,-7.5901031494140625,7.5901031494140625,132.18312813760005,-51.215416242600014,183.39854438020006,under_prediction
11,44,196,182.11604,-13.883956909179688,13.883956909179688,122.48148932100003,-48.80766755370999,171.28915687471005,under_prediction
11,45,195,172.20703,-22.79296875,22.79296875,116.38812369520004,-52.62333215150999,169.01145584671002,under_prediction
11,46,194,181.97139,-12.028610229492188,12.028610229492188,127.95430743020002,-54.42518796371002,182.37949539390993,under_prediction
11,47,193,179.8928,-13.107192993164062,13.107192993164062,123.76352928877003,-52.31291694691,176.07644623567992,under_prediction
11,48,192,171.99385,-20.006149291992188,20.006149291992188,123.67226591349998,-60.12068630860999,183.79295222211007,under_prediction
11,49,191,172.42694,-18.57305908203125,18.57305908203125,117.23712589094005,-53.252394558409996,170.48952044934995,under_prediction
11,50,190,167.0912,-22.908798217773438,22.908798217773438,121.72917183799998,-63.08027386013999,184.80944569814005,under_prediction
11,51,189,185.72353,-3.2764739990234375,3.2764739990234375,131.30361963620004,-54.02234323371001,185.32596286991,under_prediction
11,52,188,172.48041,-15.51959228515625,15.51959228515625,124.59152780879998,-60.553497105609985,185.1450249144101,under_prediction
11,53,187,180.23387,-6.7661285400390625,6.7661285400390625,123.8860735508,-52.094384885909996,175.9804584367099,under_prediction
11,54,186,166.92961,-19.070388793945312,19.070388793945312,117.58049813939998,-59.09308032010999,176.67357845950997,under_prediction
11,55,185,165.0642,-19.935806274414062,19.935806274414062,117.380670996,-60.75856002570998,178.13923102171006,under_prediction
11,56,184,159.07784,-24.922164916992188,24.922164916992188,113.41961974060007,-62.78395349564001,176.2035732362401,under_prediction
11,57,183,165.96355,-17.036453247070312,17.036453247070312,119.6188454715,-62.09752330161001,181.71636877311008,under_prediction
11,58,182,167.63676,-14.363235473632812,14.363235473632812,119.84058829070003,-60.64604516907,180.48663345976996,under_prediction
11,59,181,160.84743,-20.152572631835938,20.152572631835938,115.11920118799998,-62.71403008081,177.8332312688099,under_prediction
11,60,180,173.06398,-6.9360198974609375,6.9360198974609375,122.54304197410002,-57.92121768021002,180.46425965431,under_prediction
11,61,179,176.50598,-2.4940185546875,2.4940185546875,124.58461145969997,-56.52095471071,181.10556617041,under_prediction
11,62,178,179.57077,1.570770263671875,1.570770263671875,123.13389858329995,-52.005434066910006,175.13933265021004,over_prediction
11,63,177,175.30496,-1.695037841796875,1.695037841796875,123.29779150049997,-56.43484623924,179.73263773974,under_prediction
11,64,176,176.41411,0.4141082763671875,0.4141082763671875,122.17340413700005,-54.20133172364002,176.37473586064,over_prediction
11,65,175,173.23134,-1.7686614990234375,1.7686614990234375,119.7623983798,-54.97321829414001,174.73561667393986,under_prediction
11,66,174,163.71785,-10.282150268554688,10.282150268554688,108.06042718920004,-52.784755198310016,160.84518238750996,under_prediction
11,67,173,167.15965,-5.8403472900390625,5.8403472900390625,109.74329219930001,-51.025828664609996,160.7691208639101,under_prediction
11,68,172,157.61157,-14.388427734375,14.388427734375,105.43072417289999,-56.26133171691001,161.69205588980995,under_prediction
11,69,171,159.73015,-11.269851684570312,11.269851684570312,105.0229829841,-53.734903585450006,158.75788656955,under_prediction
11,70,170,148.60518,-21.394821166992188,21.394821166992188,99.62299403873,-59.459861426509995,159.08285546523996,under_prediction
11,71,169,167.1731,-1.826904296875,1.826904296875,110.8918169566,-52.16094590631,163.05276286291,under_prediction
11,72,168,166.11111,-1.888885498046875,1.888885498046875,113.84427473617002,-56.17536648120999,170.01964121737993,under_prediction
11,73,167,173.01514,6.01513671875,6.01513671875,112.41173389849999,-47.838720882810016,160.25045478130997,over_prediction
11,74,166,161.94708,-4.05291748046875,4.05291748046875,107.16336770299996,-53.658555213909985,160.82192291691,under_prediction
11,75,165,168.81221,3.8122100830078125,3.8122100830078125,111.56092970420006,-51.19095907136,162.75188877556,over_prediction
11,76,164,164.71425,0.7142486572265625,0.7142486572265625,107.53558870420005,-51.26373666261001,158.79932536681002,over_prediction
11,77,163,163.87943,0.879425048828125,0.879425048828125,108.8340312195,-53.39693408821001,162.2309653077099,over_prediction
11,78,162,152.7701,-9.229904174804688,9.229904174804688,104.01611626,-59.68829180872001,163.7044080687201,under_prediction
11,79,161,159.9808,-1.019195556640625,1.019195556640625,106.95348118399993,-55.414982402639986,162.36846358664005,under_prediction
11,80,160,168.91107,8.91107177734375,8.91107177734375,117.01262007879994,-56.543941199260004,173.55656127806,over_prediction
11,81,159,169.08194,10.081939697265625,10.081939697265625,116.12552694229996,-55.48590573764001,171.61143267994,over_prediction
11,82,158,168.63483,10.63482666015625,10.63482666015625,116.54190734686,-56.349260538509995,172.89116788537,over_prediction
11,83,157,156.31311,-0.6868896484375,0.6868896484375,106.89570194710006,-59.02486115372001,165.92056310082003,under_prediction
11,84,156,152.87671,-3.123291015625,3.123291015625,104.30652081772003,-59.87203942637,164.17856024408997,under_prediction
11,85,155,136.14705,-18.852951049804688,18.852951049804688,91.86392771820002,-64.15907534511001,156.02300306331003,under_prediction
11,86,154,142.52502,-11.4749755859375,11.4749755859375,97.0634679713,-62.98068138190998,160.0441493532099,under_prediction
11,87,153,157.70073,4.7007293701171875,4.7007293701171875,107.62996768699998,-58.37141459491003,166.00138228191003,over_prediction
11,88,152,140.53244,-11.467559814453125,11.467559814453125,95.55460129550004,-63.46442587390998,159.01902716941,under_prediction
11,89,151,143.57413,-7.425872802734375,7.425872802734375,94.79065666490004,-59.65878970261,154.4494463675101,under_prediction
11,90,150,136.8412,-13.158798217773438,13.158798217773438,92.28220883879999,-63.883253785410005,156.16546262420997,under_prediction
11,91,149,135.2027,-13.79730224609375,13.79730224609375,92.43707396319999,-65.67662468870999,158.11369865190994,under_prediction
11,92,148,148.78458,0.784576416015625,0.784576416015625,99.34698522800001,-59.00461368001999,158.35159890801998,over_prediction
11,93,147,111.00916,-35.99083709716797,35.99083709716797,79.17517750629999,-76.60831218901002,155.7834896953101,under_prediction
11,94,146,141.29779,-4.70220947265625,4.70220947265625,96.66724123420002,-63.81175058183999,160.47899181603995,under_prediction
11,95,145,148.88258,3.8825836181640625,3.8825836181640625,104.93936461680002,-64.49903913574998,169.43840375255002,over_prediction
11,96,144,151.21902,7.219024658203125,7.219024658203125,109.4187247228,-66.64194504093999,176.06066976374004,over_prediction
11,97,143,128.18993,-14.810073852539062,14.810073852539062,87.971233241,-68.22356783191,156.19480107291,under_prediction
11,98,142,140.15091,-1.849090576171875,1.849090576171875,95.22206884934303,-63.513390328109985,158.73545917745298,under_prediction
11,99,141,144.08441,3.08441162109375,3.08441162109375,99.39263526760003,-63.75046145100999,163.14309671860988,over_prediction
11,100,140,124.90386,-15.096138000488281,15.096138000488281,86.03613098922003,-69.57448005357,155.61061104278997,under_prediction
11,101,139,136.91782,-2.082183837890625,2.082183837890625,91.04216090027,-62.56661938991,153.60878029017994,under_prediction
11,102,138,143.19252,5.1925201416015625,5.1925201416015625,92.23414349850003,-57.48395118564002,149.71809468414,over_prediction
11,103,137,131.69902,-5.3009796142578125,5.3009796142578125,86.58613527860001,-63.32942392391,149.91555920250994,under_prediction
11,104,136,122.44673,-13.553268432617188,13.553268432617188,78.4797980673,-64.47530580551002,142.95510387280996,under_prediction
11,105,135,120.53489,-14.465110778808594,14.465110778808594,80.8352726283,-68.74257821291002,149.57785084121002,under_prediction
11,106,134,117.92419,-16.07581329345703,16.07581329345703,79.4001327113,-69.91816623061001,149.31829894190994,under_prediction
11,107,133,117.18407,-15.815933227539062,15.815933227539062,82.12157854699998,-73.37978612241002,155.50136466941012,under_prediction
11,108,132,115.99862,-16.001380920410156,16.001380920410156,79.837969329,-72.281611465115,152.1195807941149,under_prediction
11,109,131,117.21186,-13.788139343261719,13.788139343261719,79.30767182,-70.53804484921,149.8457166692101,under_prediction
11,110,130,124.47176,-5.528236389160156,5.528236389160156,85.16876462699999,-69.13931689391,154.30808152090995,under_prediction
11,111,129,130.31044,1.3104400634765625,1.3104400634765625,92.00599567120003,-70.13778390191,162.14377957310992,over_prediction
11,112,128,122.17839,-5.8216094970703125,5.8216094970703125,84.33174524269998,-70.59565385644001,154.92739909914,under_prediction
11,113,127,118.83133,-8.168670654296875,8.168670654296875,79.05439345830003,-68.66541043769999,147.71980389599995,under_prediction
11,114,126,121.58339,-4.4166107177734375,4.4166107177734375,89.21261822849999,-76.07157277969006,165.28419100819,under_prediction
11,115,125,112.931,-12.069000244140625,12.069000244140625,86.82498417279997,-82.33634687170999,169.16133104451004,under_prediction
11,116,124,101.93721,-22.062789916992188,22.062789916992188,83.94704685499997,-90.45219926431004,174.39924611930996,under_prediction
11,117,123,101.04842,-21.951576232910156,21.951576232910156,79.93575692600001,-87.32963060611002,167.26538753211003,under_prediction
11,118,122,97.00834,-24.991661071777344,24.991661071777344,79.16960543820001,-90.60354285061003,169.7731482888099,under_prediction
11,119,121,96.96713,-24.032867431640625,24.032867431640625,76.1760472639,-87.65119584461003,163.8272431085101,under_prediction
11,120,120,101.151855,-18.84814453125,18.84814453125,81.21127255910001,-88.50169090344001,169.71296346254,under_prediction
11,121,119,95.82465,-23.17534637451172,23.17534637451172,72.92239466089995,-85.54006784997003,158.4624625108699,under_prediction
11,122,118,87.54116,-30.458839416503906,30.458839416503906,68.64149881410003,-89.54262821610999,158.18412703021,under_prediction
11,123,117,93.69871,-23.301292419433594,23.301292419433594,68.94154010617,-83.68514592630999,152.62668603247994,under_prediction
11,124,116,77.648125,-38.35187530517578,38.35187530517578,64.59538142460003,-95.38952641841001,159.98490784300995,under_prediction
11,125,115,78.0764,-36.92359924316406,36.92359924316406,65.13810341190003,-95.50395991341,160.64206332531,under_prediction
11,126,114,89.002,-24.998001098632812,24.998001098632812,70.54568707399999,-89.98596461970003,160.53165169370007,under_prediction
11,127,113,81.80168,-31.198318481445312,31.198318481445312,68.7983347966,-95.43890296640998,164.23723776300992,under_prediction
11,128,112,83.451935,-28.548065185546875,28.548065185546875,69.20826439870002,-94.19858686051002,163.40685125920996,under_prediction
11,129,111,88.02275,-22.977249145507812,22.977249145507812,68.39951353620002,-88.81901501790999,157.21852855410995,under_prediction
11,130,110,86.716934,-23.283065795898438,23.283065795898438,71.41429164739993,-93.13961278952999,164.55390443693008,under_prediction
11,131,109,85.032135,-23.967864990234375,23.967864990234375,68.0563345726,-91.46642788447998,159.5227624570801,under_prediction
11,132,108,94.04065,-13.9593505859375,13.9593505859375,71.19492215310001,-85.59647988831998,156.79140204142,under_prediction
11,133,107,109.66088,2.6608810424804688,2.6608810424804688,76.4454476888,-75.22682460592,151.67227229471993,over_prediction
11,134,106,125.23048,19.23047637939453,19.23047637939453,89.98460109730003,-73.19633840102,163.1809394983201,over_prediction
11,135,105,98.1961,-6.803901672363281,6.803901672363281,71.515293278,-81.76138726011999,153.27668053811993,under_prediction
11,136,104,100.16101,-3.8389892578125,3.8389892578125,73.5153465561,-81.79657831491998,155.31192487101995,under_prediction
11,137,103,110.08255,7.082550048828125,7.082550048828125,78.21219684120001,-76.57180675692001,154.78400359812,over_prediction
11,138,102,115.201584,13.201583862304688,13.201583862304688,78.434618482,-71.67519804272001,150.10981652472003,over_prediction
11,139,101,132.93451,31.93450927734375,31.93450927734375,92.45210001859998,-67.95980218431998,160.41190220291998,over_prediction
11,140,100,137.51855,37.5185546875,37.5185546875,87.04407351119997,-57.96770256822002,145.01177607941995,over_prediction
11,141,99,123.01541,24.015411376953125,24.015411376953125,85.1273976153,-70.55416122771999,155.68155884301993,over_prediction
11,142,98,124.35051,26.350509643554688,26.350509643554688,81.79132928119996,-65.88299443372001,147.6743237149201,over_prediction
11,143,97,118.038765,21.03876495361328,21.03876495361328,76.44780019649998,-66.85128575382,143.29908595031998,over_prediction
11,144,96,119.89819,23.898193359375,23.898193359375,84.96146588699997,-73.50546239931998,158.4669282863199,over_prediction
11,145,95,108.816414,13.816413879394531,13.816413879394531,75.4715672876,-75.09736765186,150.56893493946006,over_prediction
11,146,94,107.16589,13.1658935546875,13.1658935546875,71.02197297433001,-72.29833331369005,143.3203062880199,over_prediction
11,147,93,99.57248,6.572479248046875,6.572479248046875,67.97928416549999,-76.84903829632002,144.82832246181997,over_prediction
11,148,92,94.90793,2.907928466796875,2.907928466796875,62.98838989839999,-76.52265270892002,139.51104260731995,over_prediction
11,149,91,91.05876,0.0587615966796875,0.0587615966796875,57.841689016850005,-75.22508034922005,133.06676936606996,over_prediction
11,150,90,96.67124,6.671241760253906,6.671241760253906,62.83556292970002,-74.60652052331999,137.44208345302,over_prediction
11,151,89,101.08532,12.085319519042969,12.085319519042969,65.59117490789998,-72.94805562622,138.53923053411998,over_prediction
11,152,88,106.611465,18.611465454101562,18.611465454101562,69.782978523,-71.61374813342,141.39672665642001,over_prediction
11,153,87,100.84768,13.847679138183594,13.847679138183594,66.67779568289998,-74.27231467231998,140.95011035521992,over_prediction
11,154,86,94.53087,8.530868530273438,8.530868530273438,60.01845622889999,-73.92971427702,133.94817050592002,over_prediction
11,155,85,113.96552,28.96552276611328,28.96552276611328,72.4652697915,-66.94192577552,139.40719556702004,over_prediction
11,156,84,105.51545,21.51544952392578,21.51544952392578,73.9384023441,-76.86516593932002,150.80356828342005,over_prediction
11,157,83,91.493805,8.493804931640625,8.493804931640625,66.83875594569999,-83.78718672192001,150.62594266762,over_prediction
11,158,82,110.677444,28.677444458007812,28.677444458007812,74.47624740899998,-72.24099224232003,146.71723965132003,over_prediction
11,159,81,100.22127,19.221267700195312,19.221267700195312,66.98725269799999,-75.20814811150002,142.19540080949997,over_prediction
11,160,80,93.15753,13.15753173828125,13.15753173828125,57.5497395784,-72.83447739302,130.38421697142,over_prediction
11,161,79,95.78698,16.78697967529297,16.78697967529297,60.08764439829999,-72.74298038762,132.83062478591998,over_prediction
11,162,78,90.21915,12.219146728515625,12.219146728515625,57.439852785500015,-75.66301469262001,133.1028674781199,over_prediction
11,163,77,109.90213,32.902130126953125,32.902130126953125,69.81924650209994,-68.35938565322002,138.17863215532003,over_prediction
11,164,76,102.834946,26.834945678710938,26.834945678710938,67.46847830779998,-73.07578631555002,140.54426462335013,over_prediction
11,165,75,79.86777,4.867767333984375,4.867767333984375,52.292633312899994,-80.86711265651999,133.15974596942004,over_prediction
11,166,74,84.83829,10.838287353515625,10.838287353515625,55.89574885909999,-79.49968742871994,135.39543628782002,over_prediction
11,167,73,74.92344,1.9234390258789062,1.9234390258789062,47.47601447029997,-80.99480030482003,128.47081477512003,over_prediction
11,168,72,75.8338,3.83380126953125,3.83380126953125,47.255054341,-79.86350184551996,127.11855618651997,over_prediction
11,169,71,77.259834,6.259834289550781,6.259834289550781,44.255595342300005,-75.43798396521994,119.69357930751998,over_prediction
11,170,70,73.68035,3.6803512573242188,3.6803512573242188,44.79638613820001,-79.55831842612002,124.35470456432,over_prediction
11,171,69,64.48623,-4.513771057128906,4.513771057128906,39.39988968230001,-83.35583770091002,122.75572738321004,under_prediction
11,172,68,77.06682,9.066818237304688,9.066818237304688,45.06118464630001,-76.43652806671999,121.49771271301998,over_prediction
11,173,67,70.703415,3.7034149169921875,3.7034149169921875,39.88633502220001,-77.62511745411999,117.51145247631997,over_prediction
11,174,66,80.22303,14.223030090332031,14.223030090332031,46.00645541299998,-74.22564090100002,120.23209631399997,over_prediction
11,175,65,71.4805,6.480499267578125,6.480499267578125,36.616485303099985,-73.57814766972002,110.19463297282002,over_prediction
11,176,64,69.49916,5.4991607666015625,5.4991607666015625,43.86063591240001,-82.80372405359999,126.66435996599999,over_prediction
11,177,63,79.096596,16.096595764160156,16.096595764160156,47.07142940930001,-76.41706962960001,123.48849903890002,over_prediction
11,178,62,86.6708,24.670799255371094,24.670799255371094,53.57661214250003,-75.34806484906503,128.92467699156495,over_prediction
11,179,61,70.11269,9.112693786621094,9.112693786621094,42.105950439699996,-80.43543689022002,122.54138732992006,over_prediction
11,180,60,78.793465,18.79346466064453,18.79346466064453,39.72265827050002,-69.37139090802002,109.09404917852004,over_prediction
11,181,59,66.58648,7.586479187011719,7.586479187011719,32.100386990660006,-73.95615553610006,106.05654252676004,over_prediction
11,182,58,69.7813,11.781303405761719,11.781303405761719,38.19742718523999,-76.85840024872003,115.05582743396006,over_prediction
11,183,57,72.422264,15.422264099121094,15.422264099121094,40.14383395529999,-76.1637940437,116.30762799899996,over_prediction
11,184,56,73.093056,17.093055725097656,17.093055725097656,42.1793078743,-77.52846467142004,119.70777254572,over_prediction
11,185,55,48.14996,-6.850040435791016,6.850040435791016,26.3985941905,-86.69100650072,113.08960069121994,under_prediction
11,186,54,54.802002,0.802001953125,0.802001953125,26.67775579629999,-80.31808725612002,106.99584305242001,over_prediction
11,187,53,54.839973,1.8399734497070312,1.8399734497070312,25.012079649199997,-78.61444582422,103.62652547342002,over_prediction
11,188,52,51.797413,-0.20258712768554688,0.20258712768554688,25.3260295079,-81.97091370818998,107.29694321609004,under_prediction
11,189,51,54.667324,3.6673240661621094,3.6673240661621094,26.336364945300005,-80.11135050532,106.44771545062002,over_prediction
11,190,50,43.58207,-6.417930603027344,6.417930603027344,22.650741349060002,-87.51096258172,110.16170393078,under_prediction
11,191,49,51.750797,2.7507972717285156,2.7507972717285156,27.4187351284,-84.11028458697999,111.52901971538,over_prediction
11,192,48,52.87705,4.877048492431641,4.877048492431641,28.1043995053,-83.66967195972,111.77407146502,over_prediction
11,193,47,50.519676,3.5196762084960938,3.5196762084960938,31.3859142029,-89.30854617342005,120.69446037632007,over_prediction
11,194,46,50.6482,4.648200988769531,4.648200988769531,29.189255505300007,-86.98339576292004,116.17265126822,over_prediction
11,195,45,42.924637,-2.0753631591796875,2.0753631591796875,25.8314671224,-91.34914473997,117.18061186237,under_prediction
11,196,44,40.82889,-3.1711082458496094,3.1711082458496094,23.107411702300006,-90.72082130638005,113.82823300868003,under_prediction
11,197,43,30.841398,-12.158601760864258,12.158601760864258,19.3292792113,-96.93023138171998,116.25951059301998,under_prediction
11,198,42,29.662416,-12.337583541870117,12.337583541870117,16.859117920299994,-95.63902788042,112.49814580071997,under_prediction
11,199,41,35.693665,-5.30633544921875,5.30633544921875,19.7351891401,-92.48386959842001,112.21905873852002,under_prediction
11,200,40,33.65803,-6.341968536376953,6.341968536376953,18.951440417499995,-93.73575701336404,112.68719743086407,under_prediction
11,201,39,43.551785,4.551784515380859,4.551784515380859,25.367857268300007,-90.25841963010004,115.62627689840005,over_prediction
11,202,38,45.707,7.707000732421875,7.707000732421875,26.166454962899994,-88.90180451511999,115.06825947802,over_prediction
11,203,37,37.635532,0.6355323791503906,0.6355323791503906,23.842310342760005,-94.64913889491997,118.49144923767994,over_prediction
11,204,36,29.214752,-6.785247802734375,6.785247802734375,20.02866422530001,-99.25625524011997,119.28491946541995,under_prediction
11,205,35,22.88914,-12.110860824584961,12.110860824584961,20.228011369400008,-105.78119103535998,126.00920240475999,under_prediction
11,206,34,20.39484,-13.605159759521484,13.605159759521484,16.307153389150002,-104.35461672631995,120.66177011546998,under_prediction
11,207,33,24.482237,-8.517763137817383,8.517763137817383,18.481312801669993,-102.44137229884203,120.92268510051203,under_prediction
11,208,32,23.220078,-8.779922485351562,8.779922485351562,17.850346060830002,-103.07257589132,120.92292195214999,under_prediction
11,209,31,23.679031,-7.3209686279296875,7.3209686279296875,17.818074393000007,-102.58134436502003,120.39941875802002,under_prediction
11,210,30,18.060656,-11.93934440612793,11.93934440612793,15.166371556599998,-105.54802945747998,120.71440101407998,under_prediction
11,211,29,20.445232,-8.554767608642578,8.554767608642578,17.321180331749996,-105.31824397112,122.63942430287,under_prediction
11,212,28,21.758904,-6.241096496582031,6.241096496582031,16.97793299949999,-103.66131075342001,120.63924375292,under_prediction
11,213,27,20.609428,-6.390571594238281,6.390571594238281,16.3881934282,-104.22108162531997,120.60927505352001,under_prediction
11,214,26,22.651892,-3.3481082916259766,3.3481082916259766,21.837968952199997,-107.62838871502,129.46635766722002,under_prediction
11,215,25,26.441238,1.4412384033203125,1.4412384033203125,24.559472727699998,-106.56051444991999,131.11998717761992,over_prediction
11,216,24,28.527145,4.5271453857421875,4.5271453857421875,25.361037687,-105.27617377562005,130.63721146262003,over_prediction
11,217,23,24.368862,1.3688621520996094,1.3688621520996094,23.042157716,-107.11558557730402,130.15774329330404,over_prediction
11,218,22,25.040068,3.040067672729492,3.040067672729492,23.759017675299994,-107.16124069642002,130.92025837172,over_prediction
11,219,21,22.012224,1.0122241973876953,1.0122241973876953,22.823114012299996,-109.25317082691997,132.07628483922,over_prediction
11,220,20,23.482433,3.482433319091797,3.482433319091797,24.282185708809997,-109.24204944472002,133.52423515353,over_prediction
11,221,19,23.103731,4.103731155395508,4.103731155395508,24.62804300819999,-109.96660571242003,134.59464872062009,over_prediction
11,222,18,22.32476,4.324760437011719,4.324760437011719,23.446855259640003,-109.56439678232003,133.01125204196012,over_prediction
11,223,17,19.732256,2.7322559356689453,2.7322559356689453,21.8880397884,-110.59808814053001,132.48612792892993,over_prediction
11,224,16,20.802147,4.802146911621094,4.802146911621094,20.259858093499997,-107.90002018932002,128.15987828282002,over_prediction
11,225,15,15.75502,0.7550201416015625,0.7550201416015625,21.5216502861,-114.20893208832,135.73058237441998,over_prediction
11,226,14,16.18708,2.1870803833007812,2.1870803833007812,21.778123632940005,-114.03335960571998,135.81148323866003,over_prediction
11,227,13,18.646008,5.646007537841797,5.646007537841797,25.184731796500003,-114.98102334299999,140.16575513950005,over_prediction
11,228,12,14.333303,2.333303451538086,2.333303451538086,20.150086230439996,-114.25907437431992,134.40916060475996,over_prediction
11,229,11,11.97756,0.9775600433349609,0.9775600433349609,21.90890569630001,-118.37364737011998,140.28255306641992,over_prediction
11,230,10,12.516786,2.5167856216430664,2.5167856216430664,21.8922281225,-117.81774437021998,139.7099724927201,over_prediction
11,231,9,8.384512,-0.6154880523681641,0.6154880523681641,20.7463620518,-120.80414984312004,141.55051189491994,under_prediction
11,232,8,13.263088,5.263088226318359,5.263088226318359,21.97836087630001,-117.15758059369998,139.13594146999998,over_prediction
11,233,7,10.438945,3.4389448165893555,3.4389448165893555,21.780523598599984,-119.78386280496498,141.5643864035651,over_prediction
11,234,6,12.3559475,6.355947494506836,6.355947494506836,23.436008558200005,-119.52232521922,142.95833377742,over_prediction
11,235,5,11.844018,6.84401798248291,6.84401798248291,25.466210360700007,-122.06446724138998,147.53067760209,over_prediction
11,236,4,7.9998536,3.9998536109924316,3.9998536109924316,22.219734733499994,-122.66217574222001,144.88191047571996,over_prediction
11,237,3,7.6898565,4.68985652923584,4.68985652923584,23.779573143999997,-124.53199860341996,148.31157174742006,over_prediction
11,238,2,4.3156433,2.315643310546875,2.315643310546875,24.360594420399995,-128.48723576242006,152.84783018282008,over_prediction
11,239,1,2.6165597,1.6165597438812256,1.6165597438812256,23.975249897999998,-129.80096187192,153.77621176992,over_prediction
11,240,0,2.550439,2.55043888092041,2.55043888092041,23.9958153862,-129.88766121672003,153.88347660291996,over_prediction
13,1,162,199.38943,37.389434814453125,37.389434814453125,115.61878978270003,-24.671651335720004,140.29044111841995,over_prediction
13,2,161,285.07837,124.078369140625,124.078369140625,199.87899567249997,-23.242900989419994,223.12189666191992,over_prediction
13,3,160,182.96393,22.96392822265625,22.96392822265625,126.4212013272,-51.89950790171999,178.32070922892,over_prediction
13,4,159,172.73305,13.733047485351562,13.733047485351562,109.257137566216,-44.966457245719994,154.2235948119361,over_prediction
13,5,158,169.75226,11.75225830078125,11.75225830078125,102.4161696505,-41.10631081471999,143.52248046522004,over_prediction
13,6,157,174.31815,17.318145751953125,17.318145751953125,113.39326053379996,-47.51735502562002,160.91061555942005,over_prediction
13,7,156,186.26387,30.263870239257812,30.263870239257812,118.00909630349999,-40.18752646022,158.19662276372,over_prediction
13,8,155,148.92627,-6.07373046875,6.07373046875,93.13696989250002,-52.652924327520005,145.78989422002002,under_prediction
13,9,154,138.03915,-15.960845947265625,15.960845947265625,80.90818429599996,-51.31134728591999,132.21953158192002,under_prediction
13,10,153,140.02211,-12.977890014648438,12.977890014648438,82.46352480579999,-50.88363856761999,133.34716337342013,under_prediction
13,11,152,149.21797,-2.7820281982421875,2.7820281982421875,89.54922274679996,-48.77353383192,138.32275657871992,under_prediction
13,12,151,145.34952,-5.650482177734375,5.650482177734375,86.7613799985,-49.85423002121999,136.61561001971998,under_prediction
13,13,150,128.91994,-21.080062866210938,21.080062866210938,79.75312473080001,-59.27552748371999,139.02865221452006,under_prediction
13,14,149,127.447426,-21.552574157714844,21.552574157714844,68.2558097304,-49.25067705916998,117.50648678957002,under_prediction
13,15,148,133.63426,-14.365737915039062,14.365737915039062,78.25061407215999,-53.05860820951999,131.30922228167998,under_prediction
13,16,147,138.62119,-8.378814697265625,8.378814697265625,76.0184948637,-45.83960734672,121.85810221041997,under_prediction
13,17,146,141.28662,-4.71337890625,4.71337890625,80.3024069322,-47.45804475422,127.76045168642003,under_prediction
13,18,145,137.97935,-7.0206451416015625,7.0206451416015625,78.98053152799999,-49.44342050122001,128.42395202922003,under_prediction
13,19,144,139.44669,-4.553314208984375,4.553314208984375,74.44330814800006,-43.43894334632,117.88225149432006,under_prediction
13,20,143,137.22786,-5.7721405029296875,5.7721405029296875,77.7070235498,-48.921425804720016,126.62844935452001,under_prediction
13,21,142,142.12575,0.1257476806640625,0.1257476806640625,84.12402270724,-50.440574379820006,134.56459708706004,over_prediction
13,22,141,152.15634,11.156341552734375,11.156341552734375,86.34719541759998,-42.6331760407,128.98037145829997,over_prediction
13,23,140,141.50304,1.5030364990234375,1.5030364990234375,78.78220355369605,-45.72148581482,124.50368936851605,over_prediction
13,24,139,140.18684,1.1868438720703125,1.1868438720703125,81.28639999080002,-49.54176966172,130.82816965252,over_prediction
13,25,138,136.57256,-1.4274444580078125,1.4274444580078125,75.88113781059998,-47.75094552992002,123.63208334052001,under_prediction
13,26,137,159.92331,22.923309326171875,22.923309326171875,94.79323495050998,-43.31219972632002,138.10543467682987,over_prediction
13,27,136,140.46196,4.4619598388671875,4.4619598388671875,78.30263779910003,-46.28299540722001,124.58563320632001,over_prediction
13,28,135,144.05919,9.059188842773438,9.059188842773438,82.14185286219998,-46.525085375649994,128.66693823785002,over_prediction
13,29,134,142.30278,8.302780151367188,8.302780151367188,79.1001633542,-45.23964452042001,124.33980787461998,over_prediction
13,30,133,132.51462,-0.485382080078125,0.485382080078125,74.8303044603,-50.757964935620016,125.58826939592002,under_prediction
13,31,132,134.79192,2.7919158935546875,2.7919158935546875,74.06425547166,-47.71457228091999,121.77882775258,over_prediction
13,32,131,133.39764,2.39764404296875,2.39764404296875,72.760927855,-47.805518703720004,120.56644655871995,over_prediction
13,33,130,145.6033,15.603302001953125,15.603302001953125,77.9979622605,-40.83689490332001,118.83485716382002,over_prediction
13,34,129,146.07039,17.070388793945312,17.070388793945312,80.84323396030003,-43.215047638819996,124.05828159912001,over_prediction
13,35,128,150.87263,22.872634887695312,22.872634887695312,86.4209751941,-43.990602663985,130.41157785808502,over_prediction
13,36,127,142.46869,15.46868896484375,15.46868896484375,82.00330651480003,-47.976808338720005,129.98011485351998,over_prediction
13,37,126,139.84712,13.847122192382812,13.847122192382812,79.55962390499997,-48.15477205722,127.71439596221994,over_prediction
13,38,125,137.11627,12.11627197265625,12.11627197265625,77.74219449840001,-49.06821961049001,126.81041410889006,over_prediction
13,39,124,168.71423,44.7142333984375,44.7142333984375,91.8162972561,-31.54431611222001,123.36061336832003,over_prediction
13,40,123,139.26599,16.2659912109375,16.2659912109375,78.32974128359999,-47.50597628069999,125.83571756430005,over_prediction
13,41,122,143.0091,21.00909423828125,21.00909423828125,78.85391354980007,-44.287168549220006,123.14108209902014,over_prediction
13,42,121,143.32568,22.32568359375,22.32568359375,79.58886189026003,-44.70555767852,124.29441956878007,over_prediction
13,43,120,138.32594,18.325942993164062,18.325942993164062,75.00662310319996,-45.122986308499996,120.12960941169999,over_prediction
13,44,119,130.75496,11.754959106445312,11.754959106445312,73.04029007820002,-50.727580049013994,123.76787012721397,over_prediction
13,45,118,146.44011,28.440109252929688,28.440109252929688,80.4677086934,-42.469882497219984,122.93759119062007,over_prediction
13,46,117,143.15378,26.153778076171875,26.153778076171875,77.48987521340001,-42.778341480719995,120.26821669412,over_prediction
13,47,116,132.57057,16.570571899414062,16.570571899414062,70.14521641930003,-46.01682208661999,116.16203850592002,over_prediction
13,48,115,134.9377,19.937698364257812,19.937698364257812,71.939290621,-45.44382939512001,117.38312001611996,over_prediction
13,49,114,125.46951,11.469512939453125,11.469512939453125,66.67163200553202,-49.64443260514999,116.31606461068208,over_prediction
13,50,113,116.888115,3.8881149291992188,3.8881149291992188,63.5104672306,-55.06459021802,118.57505744861997,over_prediction
13,51,112,129.7942,17.794204711914062,17.794204711914062,72.77639169080003,-51.42441187131998,124.20080356212003,over_prediction
13,52,111,129.74295,18.742950439453125,18.742950439453125,69.03653046430003,-47.73576120112001,116.77229166542,over_prediction
13,53,110,127.23227,17.232269287109375,17.232269287109375,67.49793557470001,-48.70798517147001,116.20592074617004,over_prediction
13,54,109,120.253265,11.253265380859375,11.253265380859375,65.83374152200003,-54.02274859072,119.85649011272002,over_prediction
13,55,108,124.683,16.682998657226562,16.682998657226562,67.43580133590001,-51.19505144642002,118.63085278232002,over_prediction
13,56,107,124.1332,17.133201599121094,17.133201599121094,70.9987847439,-55.30785653238001,126.30664127627998,over_prediction
13,57,106,118.3383,12.338302612304688,12.338302612304688,65.30069334480001,-55.404651569319995,120.70534491412,over_prediction
13,58,105,125.60681,20.6068115234375,20.6068115234375,72.8913385343,-55.72683183461999,128.6181703689201,over_prediction
13,59,104,130.3351,26.335098266601562,26.335098266601562,73.47496118870002,-51.58225300221997,125.05721419091995,over_prediction
13,60,103,126.33723,23.33722686767578,23.33722686767578,68.49170394089998,-50.59688224522,119.08858618612,over_prediction
13,61,102,112.37797,10.377967834472656,10.377967834472656,61.25723837440002,-57.32149808942002,118.57873646381998,over_prediction
13,62,101,117.40103,16.401031494140625,16.401031494140625,65.769384472,-56.810583448719996,122.57996792071997,over_prediction
13,63,100,119.86794,19.867942810058594,19.867942810058594,67.19312468610003,-55.767446142919994,122.96057082902004,over_prediction
13,64,99,107.93452,8.934516906738281,8.934516906738281,61.88210281100001,-62.38979774041999,124.27190055142006,over_prediction
13,65,98,108.75249,10.752487182617188,10.752487182617188,65.1733285962,-64.86306536811999,130.03639396431998,over_prediction
13,66,97,108.05758,11.057579040527344,11.057579040527344,63.691511226199964,-64.07613198071999,127.76764320692004,over_prediction
13,67,96,105.07216,9.072158813476562,9.072158813476562,63.819515802600016,-67.18955584472002,131.00907164732004,over_prediction
13,68,95,104.395195,9.395195007324219,9.395195007324219,63.00782590820001,-67.05494199672002,130.06276790492004,over_prediction
13,69,94,99.13211,5.132110595703125,5.132110595703125,58.443846019000006,-67.75397453402,126.19782055302001,over_prediction
13,70,93,100.222755,7.222755432128906,7.222755432128906,60.28010058350001,-68.49959465242003,128.77969523591995,over_prediction
13,71,92,101.566246,9.566246032714844,9.566246032714844,58.18548405030001,-65.06156870277002,123.24705275307008,over_prediction
13,72,91,107.19251,16.19251251220703,16.19251251220703,62.61624683130001,-63.866057003719995,126.48230383502003,over_prediction
13,73,90,106.536995,16.53699493408203,16.53699493408203,55.50331388990003,-57.40856431936002,112.91187820925998,over_prediction
13,74,89,102.77847,13.778472900390625,13.778472900390625,56.17645953820001,-61.840218104790004,118.01667764298999,over_prediction
13,75,88,96.44893,8.448928833007812,8.448928833007812,50.73711140619998,-62.73044240502,113.46755381122004,over_prediction
13,76,87,97.931625,10.931625366210938,10.931625366210938,54.42180290220001,-64.93238172056,119.35418462276,over_prediction
13,77,86,102.45413,16.454132080078125,16.454132080078125,49.976947230099995,-55.96504217221998,105.94198940232,over_prediction
13,78,85,108.34092,23.340919494628906,23.340919494628906,50.92214472970001,-51.02347549128999,101.94562022099002,over_prediction
13,79,84,106.873314,22.873313903808594,22.873313903808594,53.53969658525999,-55.10869309157,108.64838967683005,over_prediction
13,80,83,113.60621,30.60620880126953,30.60620880126953,56.39380188089999,-51.22991876941998,107.62372065032008,over_prediction
13,81,82,110.06535,28.065353393554688,28.065353393554688,53.153574414600016,-51.53052192652001,104.68409634111998,over_prediction
13,82,81,91.50678,10.506782531738281,10.506782531738281,43.64795500600002,-60.58342113346,104.23137613946005,over_prediction
13,83,80,91.96863,11.9686279296875,11.9686279296875,47.69119845139998,-64.16487942282001,111.85607787422008,over_prediction
13,84,79,113.698074,34.69807434082031,34.69807434082031,64.63458943399998,-59.3788167778,124.01340621180002,over_prediction
13,85,78,113.73837,35.738372802734375,35.738372802734375,63.33426176480001,-58.038167196619995,121.37242896142001,over_prediction
13,86,77,120.91616,43.916160583496094,43.916160583496094,67.98180720750001,-55.50795935262,123.48976656012003,over_prediction
13,87,76,97.31957,21.31957244873047,21.31957244873047,56.48704148409998,-67.60969747532002,124.09673895942005,over_prediction
13,88,75,95.41433,20.414329528808594,20.414329528808594,46.3550825529,-59.38298132197998,105.73806387488,over_prediction
13,89,74,118.24165,44.24165344238281,44.24165344238281,61.10618993550001,-51.306788522219996,112.41297845772,over_prediction
13,90,73,92.27542,19.275421142578125,19.275421142578125,50.83497553639,-67.00173102892,117.83670656530997,over_prediction
13,91,72,85.45272,13.452720642089844,13.452720642089844,48.74629237609999,-71.73575306812,120.48204544421999,over_prediction
13,92,71,95.50665,24.50665283203125,24.50665283203125,57.84267219,-70.77820812252003,128.62088031251997,over_prediction
13,93,70,88.791885,18.791885375976562,18.791885375976562,51.90681835509999,-71.55707485442002,123.46389320952004,over_prediction
13,94,69,80.07547,11.075469970703125,11.075469970703125,34.47821483824,-62.84498677972,97.32320161796001,over_prediction
13,95,68,66.894165,-1.1058349609375,1.1058349609375,33.34040185120001,-74.88847652201997,108.22887837321994,under_prediction
13,96,67,69.62363,2.623626708984375,2.623626708984375,30.4488256495,-69.26738431642002,99.71620996592,over_prediction
13,97,66,62.25565,-3.7443504333496094,3.7443504333496094,34.48850615510002,-80.67517278851997,115.16367894361998,under_prediction
13,98,65,62.274357,-2.7256431579589844,2.7256431579589844,31.304298998790006,-77.47223122414997,108.77653022293995,under_prediction
13,99,64,63.159195,-0.8408050537109375,0.8408050537109375,31.56410111269999,-76.84717608072002,108.41127719342,under_prediction
13,100,63,65.10471,2.1047134399414062,2.1047134399414062,28.2498718029,-71.58737931421999,99.83725111711998,over_prediction
13,101,62,63.79175,1.7917518615722656,1.7917518615722656,26.37725256,-71.02780879862001,97.40506135862,over_prediction
13,102,61,61.97347,0.9734687805175781,0.9734687805175781,26.483044862100005,-72.95183774302001,99.43488260511995,over_prediction
13,103,60,64.55282,4.552818298339844,4.552818298339844,26.832217188200005,-70.72164424172003,97.55386142992002,over_prediction
13,104,59,72.443794,13.443794250488281,13.443794250488281,38.18424675360001,-74.18269648162001,112.36694323522002,over_prediction
13,105,58,66.96148,8.961479187011719,8.961479187011719,32.14876716660002,-73.62955352841998,105.77832069502001,over_prediction
13,106,57,66.33032,9.330322265625,9.330322265625,31.759736719229995,-73.87170531192,105.63144203114997,over_prediction
13,107,56,60.026722,4.026721954345703,4.026721954345703,26.338977408399998,-74.75455795532001,101.09353536372001,over_prediction
13,108,55,59.03534,4.03533935546875,4.03533935546875,25.607713420900005,-75.01471840792,100.62243182882004,over_prediction
13,109,54,63.47311,9.47311019897461,9.47311019897461,27.755138739599992,-72.72432147982003,100.47946021942,over_prediction
13,110,53,50.84314,-2.1568603515625,2.1568603515625,21.9053229523,-79.50455345802001,101.40987641032001,under_prediction
13,111,52,53.727367,1.7273674011230469,1.7273674011230469,25.981449022100005,-80.69636702268998,106.67781604478999,over_prediction
13,112,51,41.94138,-9.05862045288086,9.05862045288086,23.3294258356,-89.83039433242003,113.15982016802002,under_prediction
13,113,50,49.93167,-0.068328857421875,0.068328857421875,25.726300325,-84.23695577110001,109.96325609610003,under_prediction
13,114,49,58.772762,9.772762298583984,9.772762298583984,31.662929074199997,-81.33248504422001,112.99541411841997,over_prediction
13,115,48,48.579018,0.5790176391601562,0.5790176391601562,24.09586721409999,-83.95916486451998,108.05503207861996,over_prediction
13,116,47,49.95019,2.9501914978027344,2.9501914978027344,26.562552318730003,-85.05464718332007,111.61719950205003,over_prediction
13,117,46,49.5221,3.5220985412597656,3.5220985412597656,27.17410183339999,-86.09429635812003,113.26839819152003,over_prediction
13,118,45,50.338894,5.338893890380859,5.338893890380859,24.3823079623,-82.48573702629996,106.86804498859998,over_prediction
13,119,44,51.344,7.344001770019531,7.344001770019531,24.918815067049998,-82.01711552250002,106.93593058955001,over_prediction
13,120,43,66.537674,23.537673950195312,23.537673950195312,33.27856772137,-75.18320488744502,108.46177260881498,over_prediction
13,121,42,54.877438,12.877437591552734,12.877437591552734,29.53614554465999,-83.10102603562001,112.63717158028,over_prediction
13,122,41,48.69979,7.699790954589844,7.699790954589844,24.800481350360005,-84.54303297691999,109.34351432727996,over_prediction
13,123,40,53.636646,13.636646270751953,13.636646270751953,27.167083754360004,-81.97277689271998,109.13986064707996,over_prediction
13,124,39,50.47609,11.476089477539062,11.476089477539062,25.29990282546001,-83.26615199602001,108.56605482148004,over_prediction
13,125,38,50.174835,12.174835205078125,12.174835205078125,25.619662178400006,-83.88717173572,109.50683391412001,over_prediction
13,126,37,52.455708,15.455707550048828,15.455707550048828,27.01101311483,-82.99763009772002,110.00864321255003,over_prediction
13,127,36,52.95275,16.95275115966797,16.95275115966797,27.270076084819994,-82.75967762572,110.02975371053998,over_prediction
13,128,35,51.142868,16.142868041992188,16.142868041992188,27.5924662842,-84.89195736667001,112.48442365087,over_prediction
13,129,34,46.528442,12.5284423828125,12.5284423828125,27.089789371700004,-89.00367893522002,116.09346830692003,over_prediction
13,130,33,45.72344,12.723438262939453,12.723438262939453,25.944839113000004,-88.66376176051998,114.60860087351993,over_prediction
13,131,32,39.108482,7.108482360839844,7.108482360839844,24.817487996600008,-94.15131127446,118.96879927105996,over_prediction
13,132,31,38.155006,7.155006408691406,7.155006408691406,22.98053670940001,-93.26785137962001,116.24838808902001,over_prediction
13,133,30,37.123028,7.123027801513672,7.123027801513672,23.83365900039999,-95.15292922461997,118.98658822501997,over_prediction
13,134,29,34.034355,5.034355163574219,5.034355163574219,23.907684507970004,-98.31563016632002,122.22331467429002,over_prediction
13,135,28,38.45533,10.455329895019531,10.455329895019531,29.09846625539999,-99.08544803191998,128.18391428732,over_prediction
13,136,27,40.056713,13.056713104248047,13.056713104248047,28.2677211892,-96.65329149350003,124.92101268270005,over_prediction
13,137,26,37.2805,11.280498504638672,11.280498504638672,25.648975820599997,-96.81076696172003,122.45974278231999,over_prediction
13,138,25,36.282097,11.282096862792969,11.282096862792969,26.307703331599996,-98.46790781932002,124.77561115091999,over_prediction
13,139,24,37.177254,13.177253723144531,13.177253723144531,27.754697442700007,-99.01973561702002,126.77443305971998,over_prediction
13,140,23,32.008785,9.008785247802734,9.008785247802734,26.117553614000002,-102.55106910699998,128.66862272099996,over_prediction
13,141,22,31.509377,9.509376525878906,9.509376525878906,27.421212290299998,-104.3541400263,131.77535231660008,over_prediction
13,142,21,28.377752,7.377752304077148,7.377752304077148,27.6077680913,-107.6723079361,135.28007602739996,over_prediction
13,143,20,29.7724,9.77239990234375,9.77239990234375,27.333858520699994,-106.00374586779999,133.3376043885,over_prediction
13,144,19,27.66866,8.668659210205078,8.668659210205078,26.522994536499997,-107.29664664122002,133.81964117772003,over_prediction
13,145,18,26.010021,8.010021209716797,8.010021209716797,26.065084606299997,-108.49735740032001,134.56244200662005,over_prediction
13,146,17,24.832657,7.8326568603515625,7.8326568603515625,28.6867769829,-112.29640391182004,140.98318089472,over_prediction
13,147,16,24.505632,8.505632400512695,8.505632400512695,28.703374027929996,-112.64005207152005,141.34342609945,over_prediction
13,148,15,24.980776,9.980775833129883,9.980775833129883,30.505776811199993,-113.96729802152001,144.47307483272002,over_prediction
13,149,14,23.21323,9.21323013305664,9.21323013305664,30.479563921500006,-115.70864851932008,146.18821244082002,over_prediction
13,150,13,23.296803,10.296802520751953,10.296802520751953,33.3719165703,-118.51743924602005,151.88935581631992,over_prediction
13,151,12,20.534988,8.534988403320312,8.534988403320312,28.956925750399996,-116.86422695262,145.82115270301998,over_prediction
13,152,11,18.009167,7.009166717529297,7.009166717529297,25.002043316059993,-115.43518482792003,140.43722814397998,over_prediction
13,153,10,14.063601,4.063600540161133,4.063600540161133,24.786709384539996,-119.16540944491997,143.95211882946003,over_prediction
13,154,9,13.483573,4.483572959899902,4.483572959899902,24.277710904600003,-119.23643175712002,143.51414266172,over_prediction
13,155,8,13.200598,5.200597763061523,5.200597763061523,24.28258931659999,-119.52427324822004,143.80686256482002,over_prediction
13,156,7,10.456639,3.456639289855957,3.456639289855957,21.507618553900002,-119.49327742102003,141.00089597492004,over_prediction
13,157,6,10.2045965,4.204596519470215,4.204596519470215,21.95306497639999,-120.19076080512006,142.14382578152004,over_prediction
13,158,5,4.9958425,-0.004157543182373047,0.004157543182373047,21.826316480699997,-125.27276408501997,147.09908056572004,under_prediction
13,159,4,7.308874,3.3088741302490234,3.3088741302490234,24.163754754670006,-125.29716813272,149.4609228873899,over_prediction
13,160,3,6.0595093,3.05950927734375,3.05950927734375,24.9350050826,-127.31778095509002,152.2527860376901,over_prediction
13,161,2,0.4497227,-1.550277292728424,1.550277292728424,23.944408654399997,-131.93697087695006,155.88137953134992,under_prediction
13,162,1,0.9293303,-0.07066971063613892,0.07066971063613892,22.828597173069987,-130.34153451222002,153.17013168528996,under_prediction
13,163,0,1.1076028,1.107602834701538,1.107602834701538,23.259943333,-130.59460931372,153.85455264671998,over_prediction
19,1,157,196.37122,39.3712158203125,39.3712158203125,113.98719457119999,-26.058312837219987,140.04550740841998,over_prediction
19,2,156,143.70467,-12.295333862304688,12.295333862304688,94.70336578769998,-59.44099560672,154.14436139442012,under_prediction
19,3,155,186.67139,31.67138671875,31.67138671875,142.77903877130007,-64.55005145292002,207.32909022421995,over_prediction
19,4,154,183.8549,29.854904174804688,29.854904174804688,130.7617894621,-55.34907140371999,186.11086086582006,over_prediction
19,5,153,206.3288,53.32879638671875,53.32879638671875,141.10276336399997,-43.216171395619995,184.31893475962,over_prediction
19,6,152,189.797,37.7969970703125,37.7969970703125,126.87341318980003,-45.51853753102001,172.39195072081998,over_prediction
19,7,151,185.96918,34.96917724609375,34.96917724609375,121.62491186425001,-44.09785699186001,165.72276885611004,over_prediction
19,8,150,156.97981,6.9798126220703125,6.9798126220703125,95.31379120410003,-46.77624422612002,142.09003543021998,over_prediction
19,9,149,142.47606,-6.5239410400390625,6.5239410400390625,87.71286721730003,-53.67906989502,141.39193711231994,under_prediction
19,10,148,160.52364,12.523635864257812,12.523635864257812,95.50400918509997,-43.42261494112,138.92662412622005,over_prediction
19,11,147,154.14934,7.1493377685546875,7.1493377685546875,95.2579849598,-49.55087998372001,144.80886494351998,over_prediction
19,12,146,133.83333,-12.166671752929688,12.166671752929688,83.52307628191996,-58.13197425225004,141.65505053416996,under_prediction
19,13,145,118.83602,-26.163978576660156,26.163978576660156,63.835765185999996,-53.44199557072003,117.27776075672,under_prediction
19,14,144,148.97586,4.975860595703125,4.975860595703125,82.3980953379,-41.86451646512001,124.26261180302,over_prediction
19,15,143,151.94778,8.947784423828125,8.947784423828125,88.46091562450002,-44.955383711070006,133.41629933557002,over_prediction
19,16,142,134.0756,-7.9243927001953125,7.9243927001953125,74.58102753006303,-48.94758242921998,123.52860995928302,under_prediction
19,17,141,139.66727,-1.332733154296875,1.332733154296875,77.6458990788,-46.42073825081999,124.06663732962005,under_prediction
19,18,140,134.68779,-5.3122100830078125,5.3122100830078125,81.19645110894798,-54.950830043719996,136.14728115266794,under_prediction
19,19,139,137.18347,-1.8165283203125,1.8165283203125,85.83320194569995,-57.091948517320006,142.92515046301992,under_prediction
19,20,138,137.3383,-0.6616973876953125,0.6616973876953125,79.50731097900002,-50.61124518102001,130.11855616002,under_prediction
19,21,137,138.29936,1.2993621826171875,1.2993621826171875,73.14425286090002,-43.287123540719996,116.43137640162001,over_prediction
19,22,136,159.28642,23.286422729492188,23.286422729492188,87.80580637540001,-36.961688154419996,124.76749452982003,over_prediction
19,23,135,161.70003,26.700027465820312,26.700027465820312,96.33983969950002,-43.08214825751998,139.42198795702004,over_prediction
19,24,134,157.57458,23.5745849609375,23.5745849609375,89.8262528406,-40.69376864842,130.52002148902,over_prediction
19,25,133,153.7679,20.767898559570312,20.767898559570312,88.00713023629999,-42.68141635042,130.68854658671998,over_prediction
19,26,132,142.85939,10.859390258789062,10.859390258789062,82.177565451,-47.76039474031999,129.93796019132003,over_prediction
19,27,131,146.01572,15.015716552734375,15.015716552734375,80.50258149589999,-42.92905444082001,123.43163593672001,over_prediction
19,28,130,141.10246,11.102462768554688,11.102462768554688,81.53820152191997,-48.87790854111999,130.41611006303995,over_prediction
19,29,129,133.21646,4.216461181640625,4.216461181640625,79.2298200458,-54.455511765820006,133.68533181162007,over_prediction
19,30,128,127.62183,-0.37816619873046875,0.37816619873046875,74.04815599530001,-54.86846797772,128.91662397302,under_prediction
19,31,127,134.03917,7.0391693115234375,7.0391693115234375,79.1589793426,-53.562131415719996,132.72111075831998,over_prediction
19,32,126,115.62095,-10.379051208496094,10.379051208496094,69.47727966799998,-62.29860653552,131.77588620351995,under_prediction
19,33,125,126.65351,1.6535110473632812,1.6535110473632812,75.10634150860001,-56.895145945119985,132.00148745372007,over_prediction
19,34,124,119.40359,-4.596412658691406,4.596412658691406,71.55318457429999,-60.591937535590006,132.14512210988997,under_prediction
19,35,123,104.418274,-18.58172607421875,18.58172607421875,59.512593818999996,-63.53658388711999,123.04917770612008,under_prediction
19,36,122,105.193344,-16.806655883789062,16.806655883789062,64.40268775350003,-67.65162572972004,132.05431348321994,under_prediction
19,37,121,113.14654,-7.853462219238281,7.853462219238281,64.90701951119999,-60.20273106472,125.10975057591997,under_prediction
19,38,120,109.29555,-10.704452514648438,10.704452514648438,62.97042870800001,-62.117105838719986,125.08753454671998,under_prediction
19,39,119,113.39715,-5.602851867675781,5.602851867675781,60.96683024670002,-56.01193651641999,116.97876676311992,under_prediction
19,40,118,115.29928,-2.7007217407226562,2.7007217407226562,62.291196857920006,-55.43417724957999,117.72537410749999,under_prediction
19,41,117,104.4363,-12.563697814941406,12.563697814941406,52.8983432159,-56.90428203569998,109.80262525160003,under_prediction
19,42,116,115.54855,-0.451446533203125,0.451446533203125,57.3842241622,-50.27783795291998,107.66206211512002,under_prediction
19,43,115,117.66074,2.6607437133789062,2.6607437133789062,59.25320821449999,-50.034628520719984,109.28783673522007,over_prediction
19,44,114,129.7317,15.731704711914062,15.731704711914062,62.6732023957,-41.38372996001999,104.05693235572006,over_prediction
19,45,113,145.4681,32.46809387207031,32.46809387207031,74.47785985060003,-37.452083518392,111.92994336899204,over_prediction
19,46,112,146.76666,34.76666259765625,34.76666259765625,76.54247888599998,-38.21810315172,114.76058203771996,over_prediction
19,47,111,153.07011,42.07011413574219,42.07011413574219,82.62051632970002,-37.99265750362,120.61317383332005,over_prediction
19,48,110,142.45544,32.4554443359375,32.4554443359375,78.91318609500001,-44.90003000102001,123.81321609602006,over_prediction
19,49,109,144.18149,35.181488037109375,35.181488037109375,87.55321934540002,-51.81406230872001,139.3672816541201,over_prediction
19,50,108,156.42418,48.42417907714844,48.42417907714844,92.78010608880005,-44.79818718641999,137.5782932752201,over_prediction
19,51,107,156.27197,49.27197265625,49.27197265625,90.25424359959997,-42.42448097321999,132.67872457282007,over_prediction
19,52,106,161.86479,55.86479187011719,55.86479187011719,97.56900127369995,-44.146339836334995,141.71534111003498,over_prediction
19,53,105,160.34193,55.34193420410156,55.34193420410156,95.17562651619997,-43.275972378270005,138.45159889447,over_prediction
19,54,104,148.05917,44.059173583984375,44.059173583984375,84.87113287699997,-45.254316973519984,130.12544985052006,over_prediction
19,55,103,155.42812,52.42811584472656,52.42811584472656,94.13130018510002,-47.14547208622001,141.27677227131997,over_prediction
19,56,102,140.62727,38.62727355957031,38.62727355957031,82.55589681130002,-50.37093545245999,132.92683226376008,over_prediction
19,57,101,141.40843,40.40843200683594,40.40843200683594,84.3031401466,-51.33694186472001,135.64008201131998,over_prediction
19,58,100,140.36081,40.360809326171875,40.360809326171875,83.91426592820001,-51.99577174421998,135.91003767241997,over_prediction
19,59,99,126.435234,27.43523406982422,27.43523406982422,72.61610946379999,-54.62311995072002,127.23922941451998,over_prediction
19,60,98,133.01572,35.015716552734375,35.015716552734375,73.35679840272999,-48.78332495772001,122.14012336045,over_prediction
19,61,97,135.26903,38.26902770996094,38.26902770996094,70.27779255,-43.45105769552101,113.72885024552097,over_prediction
19,62,96,133.82523,37.825225830078125,37.825225830078125,74.2584692024,-48.875549536320015,123.13401873872002,over_prediction
19,63,95,128.42165,33.42164611816406,33.42164611816406,75.80607018040001,-55.82665425721999,131.63272443762003,over_prediction
19,64,94,130.5965,36.59649658203125,36.59649658203125,71.0276405558,-48.873385808613996,119.90102636441402,over_prediction
19,65,93,118.47643,25.47643280029297,25.47643280029297,65.24258897470003,-55.20838846171999,120.45097743642005,over_prediction
19,66,92,128.63457,36.63456726074219,36.63456726074219,74.284813876,-54.09258246312001,128.37739633912,over_prediction
19,67,91,106.54014,15.540138244628906,15.540138244628906,60.51461434929997,-62.41676516211999,122.93137951141998,over_prediction
19,68,90,108.42456,18.424560546875,18.424560546875,60.39441475059999,-60.41211746772001,120.80653221831994,over_prediction
19,69,89,122.89211,33.892112731933594,33.892112731933594,70.10278815016004,-55.652945773620026,125.75573392378006,over_prediction
19,70,88,132.4408,44.4407958984375,44.4407958984375,70.90309623980997,-46.90451704771999,117.80761328752999,over_prediction
19,71,87,124.78743,37.78742980957031,37.78742980957031,66.4274989651,-50.08229779112001,116.50979675622,over_prediction
19,72,86,134.00298,48.00297546386719,48.00297546386719,72.32588249160003,-46.76524786372,119.09113035531998,over_prediction
19,73,85,129.70909,44.70909118652344,44.70909118652344,71.06237662880004,-49.795551052820024,120.85792768161998,over_prediction
19,74,84,122.80527,38.805267333984375,38.805267333984375,69.47856574140003,-55.11557529442,124.59414103582004,over_prediction
19,75,83,109.06387,26.063873291015625,26.063873291015625,59.68261787730001,-59.06103816771998,118.74365604501997,over_prediction
19,76,82,106.230095,24.23009490966797,24.23009490966797,62.079907858200016,-64.29207127372,126.37197913191997,over_prediction
19,77,81,114.064674,33.064674377441406,33.064674377441406,66.11057938147997,-60.48814515471999,126.5987245362,over_prediction
19,78,80,110.02794,30.027938842773438,30.027938842773438,61.73215468459999,-60.14642342871998,121.87857811331997,over_prediction
19,79,79,107.79108,28.79107666015625,28.79107666015625,67.77345289330002,-68.42461415492001,136.19806704821988,over_prediction
19,80,78,91.66577,13.665771484375,13.665771484375,53.16821521830001,-69.94468407068001,123.11289928898005,over_prediction
19,81,77,84.60065,7.60064697265625,7.60064697265625,49.277269746700014,-73.11887112871997,122.39614087541999,over_prediction
19,82,76,78.8543,2.8543014526367188,2.8543014526367188,53.95976773321,-83.54775102271999,137.50751875593005,over_prediction
19,83,75,88.70488,13.704879760742188,13.704879760742188,68.96878007199999,-88.70617680426002,157.67495687626,over_prediction
19,84,74,97.619385,23.619384765625,23.619384765625,63.882782694700005,-74.70564771851998,138.58843041322004,over_prediction
19,85,73,87.25562,14.255622863769531,14.255622863769531,59.855335928100004,-81.04196727292002,140.89730320102007,over_prediction
19,86,72,85.73776,13.737762451171875,13.737762451171875,64.33857653100002,-87.04304039961998,151.38161693062003,over_prediction
19,87,71,89.367676,18.36767578125,18.36767578125,58.3416550266,-77.4162372539,135.75789228050002,over_prediction
19,88,70,78.00329,8.003288269042969,8.003288269042969,51.197370354286,-81.63629870401998,132.83366905830607,over_prediction
19,89,69,49.571762,-19.428237915039062,19.428237915039062,39.857770863400006,-98.72833253602006,138.58610339941993,under_prediction
19,90,68,51.904114,-16.09588623046875,16.09588623046875,39.995927855119994,-96.53413342990008,136.53006128502,under_prediction
19,91,67,54.528038,-12.471961975097656,12.471961975097656,41.28984094389998,-95.20414001782002,136.49398096172004,under_prediction
19,92,66,62.76807,-3.2319297790527344,3.2319297790527344,44.27945275625002,-89.95369469237998,134.23314744862995,under_prediction
19,93,65,67.06267,2.0626678466796875,2.0626678466796875,45.72649272979999,-87.10605658577002,132.83254931556996,over_prediction
19,94,64,58.503067,-5.4969329833984375,5.4969329833984375,45.2285363006,-95.16779039162007,140.39632669222004,under_prediction
19,95,63,47.608208,-15.391792297363281,15.391792297363281,37.780543552400005,-98.61469200001999,136.39523555242,under_prediction
19,96,62,39.039253,-22.96074676513672,22.96074676513672,38.466786043560006,-107.86985006032003,146.3366361038801,under_prediction
19,97,61,43.916218,-17.083782196044922,17.083782196044922,39.21470863850001,-103.74080437892002,142.95551301742,under_prediction
19,98,60,42.087368,-17.91263198852539,17.91263198852539,40.0530214661,-106.40796508051996,146.46098654661998,under_prediction
19,99,59,47.466957,-11.533042907714844,11.533042907714844,42.42038897690002,-103.39572960392,145.81611858082007,under_prediction
19,100,58,42.435925,-15.564075469970703,15.564075469970703,40.39677889440001,-106.40318278542001,146.79996167982006,under_prediction
19,101,57,49.46966,-7.530338287353516,7.530338287353516,46.186235265437006,-105.15888298752004,151.345118252957,under_prediction
19,102,56,65.41719,9.417190551757812,9.417190551757812,51.1809332734,-94.20599120892,145.38692448232,over_prediction
19,103,55,61.298046,6.298046112060547,6.298046112060547,50.9238158058,-98.06809744022,148.99191324602006,over_prediction
19,104,54,45.727573,-8.27242660522461,8.27242660522461,40.5546693122,-103.26941546602002,143.82408477821997,under_prediction
19,105,53,48.34869,-4.651309967041016,4.651309967041016,42.00331831999999,-102.09697004621998,144.10028836622,under_prediction
19,106,52,49.675205,-2.3247947692871094,2.3247947692871094,43.136052224300016,-101.90315531872005,145.03920754302007,under_prediction
19,107,51,56.26151,5.261508941650391,5.261508941650391,47.555965687999986,-99.73674437871999,147.29271006672002,over_prediction
19,108,50,58.17691,8.176910400390625,8.176910400390625,49.17377753249001,-99.43916385062002,148.61294138310996,over_prediction
19,109,49,50.16379,1.1637916564941406,1.1637916564941406,46.73559157829998,-105.01407743621999,151.74966901451992,over_prediction
19,110,48,47.384476,-0.6155242919921875,0.6155242919921875,44.86077871412,-105.91860254471997,150.77938125884006,under_prediction
19,111,47,47.63128,0.6312789916992188,0.6312789916992188,46.99321259499999,-107.80424554072003,154.79745813572,over_prediction
19,112,46,44.796017,-1.2039833068847656,1.2039833068847656,45.23488072240001,-108.88113494831998,154.11601567072,under_prediction
19,113,45,48.727303,3.7273025512695312,3.7273025512695312,46.57935511770002,-106.29434042562,152.87369554332005,over_prediction
19,114,44,46.450455,2.4504547119140625,2.4504547119140625,45.68129956939999,-107.67312609572002,153.35442566512,over_prediction
19,115,43,41.38349,-1.6165084838867188,1.6165084838867188,46.07669500846002,-113.13549017602003,159.21218518448003,under_prediction
19,116,42,45.77059,3.7705917358398438,3.7705917358398438,46.317654994700014,-108.98938834730001,155.30704334200004,over_prediction
19,117,41,48.431767,7.431766510009766,7.431766510009766,47.32959148405,-107.34014950512002,154.66974098917007,over_prediction
19,118,40,42.02751,2.0275115966796875,2.0275115966796875,43.1664401,-109.58125174502,152.74769184501997,over_prediction
19,119,39,45.372025,6.3720245361328125,6.3720245361328125,45.6627144613,-108.73305408852002,154.39576854981993,over_prediction
19,120,38,46.88191,8.881908416748047,8.881908416748047,46.13577726489999,-107.69621762801992,153.83199489291994,over_prediction
19,121,37,43.254147,6.254146575927734,6.254146575927734,44.95726004400001,-110.14545552284997,155.10271556685007,over_prediction
19,122,36,37.982925,1.9829254150390625,1.9829254150390625,44.578627899299995,-115.03802017242,159.61664807172002,over_prediction
19,123,35,33.09524,-1.9047584533691406,1.9047584533691406,44.79579853940001,-120.14284564761999,164.93864418701997,under_prediction
19,124,34,30.515718,-3.484281539916992,3.484281539916992,42.15326753669999,-120.07985867161999,162.23312620832002,under_prediction
19,125,33,32.21354,-0.7864608764648438,0.7864608764648438,43.67004247639999,-119.89879417456002,163.56883665095987,under_prediction
19,126,32,25.897074,-6.102926254272461,6.102926254272461,38.98509842800001,-121.53034918740002,160.51544761539995,under_prediction
19,127,31,32.23449,1.2344894409179688,1.2344894409179688,42.07006718880001,-118.27790404322002,160.34797123202,over_prediction
19,128,30,22.36903,-7.630970001220703,7.630970001220703,40.07364744555001,-126.14693981232,166.22058725786994,under_prediction
19,129,29,26.54746,-2.4525394439697266,2.4525394439697266,42.54027452449999,-124.43508895112002,166.97536347562,under_prediction
19,130,28,24.148548,-3.851451873779297,3.851451873779297,42.717959405737,-127.01171650722,169.72967591295694,under_prediction
19,131,27,23.4255,-3.5744991302490234,3.5744991302490234,41.57320946276399,-126.58999896831996,168.16320843108394,under_prediction
19,132,26,20.681772,-5.318227767944336,5.318227767944336,41.9382011194,-129.69873813401998,171.63693925342,under_prediction
19,133,25,22.150028,-2.8499717712402344,2.8499717712402344,41.47653397519999,-127.76881586731999,169.2453498425201,under_prediction
19,134,24,21.860607,-2.139392852783203,2.139392852783203,38.7258690874,-125.30756897386001,164.03343806126006,under_prediction
19,135,23,20.477924,-2.522075653076172,2.522075653076172,40.96606194754001,-128.93044751932,169.89650946686007,under_prediction
19,136,22,24.242008,2.2420082092285156,2.2420082092285156,40.320407459500004,-124.52070336982,164.84111082931983,over_prediction
19,137,21,26.466244,5.466243743896484,5.466243743896484,42.7464821207,-124.72254586662007,167.46902798732,over_prediction
19,138,20,25.790108,5.790107727050781,5.790107727050781,42.925607942730004,-125.57781305971996,168.50342100245004,over_prediction
19,139,19,24.390358,5.390357971191406,5.390357971191406,43.15725114860001,-127.2091763873,170.36642753590002,over_prediction
19,140,18,20.744673,2.7446727752685547,2.7446727752685547,41.4812630269,-129.17888859119992,170.66015161809992,over_prediction
19,141,17,20.89557,3.895570755004883,3.895570755004883,43.71820447493001,-131.26493056432,174.98313503925004,over_prediction
19,142,16,19.760624,3.7606239318847656,3.7606239318847656,43.91175307839997,-132.59341957391996,176.50517265232003,over_prediction
19,143,15,17.021442,2.021442413330078,2.021442413330078,44.745217806899994,-136.16605832722004,180.91127613412007,over_prediction
19,144,14,19.97846,5.978460311889648,5.978460311889648,42.744078099499994,-131.20790647450002,173.951984574,over_prediction
19,145,13,14.936283,1.9362831115722656,1.9362831115722656,41.017554918599984,-134.52354911422,175.54110403282002,over_prediction
19,146,12,16.987751,4.987751007080078,4.987751007080078,41.6831606923,-133.13769155772,174.82085225001993,over_prediction
19,147,11,11.702828,0.7028284072875977,0.7028284072875977,40.383539712099996,-137.12299135391999,177.50653106602002,over_prediction
19,148,10,9.344375,-0.6556253433227539,0.6556253433227539,40.954393069800005,-140.05228861312995,181.00668168292995,under_prediction
19,149,9,8.754438,-0.2455615997314453,0.2455615997314453,40.3066055277,-139.99445723259004,180.30106276029,under_prediction
19,150,8,8.033446,0.033446311950683594,0.033446311950683594,38.62846551749998,-139.03729587552,177.66576139302,over_prediction
19,151,7,7.8783293,0.8783292770385742,0.8783292770385742,39.966744671099995,-140.53068523031996,180.49742990142002,over_prediction
19,152,6,7.282993,1.2829928398132324,1.2829928398132324,38.99872971360002,-140.15801433280998,179.15674404640998,over_prediction
19,153,5,5.859078,0.8590779304504395,0.8590779304504395,39.183151251600016,-141.76635757032003,180.94950882192006,over_prediction
19,154,4,5.2311554,1.2311553955078125,1.2311553955078125,39.300999279100004,-142.51213704462,181.81313632372004,over_prediction
19,155,3,4.9228373,1.922837257385254,1.922837257385254,40.3418035494,-143.86127368572002,184.20307723512005,over_prediction
19,156,2,3.0423615,1.0423614978790283,1.0423614978790283,36.41794736214001,-141.81785914612,178.23580650826003,over_prediction
19,157,1,1.7430267,0.7430267333984375,0.7430267333984375,35.51354684933999,-142.21280874362,177.72635559295992,over_prediction
19,158,0,2.235605,2.235605001449585,2.235605001449585,37.96012583787998,-144.16679072711995,182.12691656499987,over_prediction
23,1,167,196.2691,29.26910400390625,29.26910400390625,112.25588059996997,-24.42900573912,136.68488633909,over_prediction
23,2,166,202.78732,36.787322998046875,36.787322998046875,131.52553189710002,-37.18052522692,168.70605712402,over_prediction
23,3,165,220.43486,55.43486022949219,55.43486022949219,153.0586640636,-41.06595229712002,194.12461636072004,over_prediction
23,4,164,194.39565,30.395645141601562,30.395645141601562,129.92795383709995,-43.974682077219995,173.90263591431986,over_prediction
23,5,163,177.90741,14.90740966796875,14.90740966796875,123.28643016519996,-53.82129599549998,177.10772616070008,over_prediction
23,6,162,201.08775,39.08775329589844,39.08775329589844,136.11401643309998,-43.46853917871999,179.58255561182008,over_prediction
23,7,161,195.81895,34.81895446777344,34.81895446777344,130.3560621055,-42.979307135719985,173.33536924122,over_prediction
23,8,160,208.6115,48.61149597167969,48.61149597167969,126.84904076839997,-26.679744760719995,153.52878552912003,over_prediction
23,9,159,205.60443,46.60443115234375,46.60443115234375,130.56739153000004,-33.40514023012,163.97253176012,over_prediction
23,10,158,193.94943,35.949432373046875,35.949432373046875,117.02695800795999,-31.51973197062,148.54668997858005,over_prediction
23,11,157,196.6072,39.60719299316406,39.60719299316406,118.52881400439996,-30.363763964620002,148.89257796902,over_prediction
23,12,156,199.2051,43.20509338378906,43.20509338378906,124.03034741000006,-33.26751044891999,157.29785785891997,over_prediction
23,13,155,189.01779,34.017791748046875,34.017791748046875,115.17155895799999,-34.59603090441999,149.76758986242,over_prediction
23,14,154,179.06892,25.068923950195312,25.068923950195312,105.67979959730002,-35.053108271819994,140.73290786911997,over_prediction
23,15,153,178.18243,25.18243408203125,25.18243408203125,110.43382143990004,-40.69351478102,151.12733622092,over_prediction
23,16,152,183.0288,31.028793334960938,31.028793334960938,114.52130926400004,-39.93470953741999,154.45601880142004,over_prediction
23,17,151,197.66951,46.66950988769531,46.66950988769531,125.48476656000001,-36.25744749246999,161.74221405247005,over_prediction
23,18,150,192.71399,42.7139892578125,42.7139892578125,124.14819122130002,-39.87645312372,164.02464434502005,over_prediction
23,19,149,188.03247,39.032470703125,39.032470703125,121.82394132616001,-42.23357043711999,164.05751176328,over_prediction
23,20,148,188.3125,40.3125,40.3125,119.55345255030001,-39.68319045656,159.2366430068599,over_prediction
23,21,147,182.81454,35.814544677734375,35.814544677734375,116.1291503139,-41.756914992719985,157.88606530662003,over_prediction
23,22,146,167.19768,21.197677612304688,21.197677612304688,103.55999838340006,-44.80452927992001,148.36452766332005,over_prediction
23,23,145,171.50609,26.506088256835938,26.506088256835938,109.28562782799999,-46.22171389272,155.50734172072,over_prediction
23,24,144,170.21559,26.215591430664062,26.215591430664062,111.53104860920004,-49.757612243219995,161.2886608524199,over_prediction
23,25,143,146.77534,3.7753448486328125,3.7753448486328125,89.79663497400001,-51.46357023169999,141.2602052057,over_prediction
23,26,142,153.93422,11.934219360351562,11.934219360351562,93.64968304750002,-48.157699096719995,141.8073821442201,over_prediction
23,27,141,151.00752,10.007522583007812,10.007522583007812,86.82108668120004,-44.25583675942,131.07692344062005,over_prediction
23,28,140,159.5792,19.579193115234375,19.579193115234375,92.52501193110007,-41.38812244642,133.91313437752007,over_prediction
23,29,139,150.75024,11.750244140625,11.750244140625,84.21139103059997,-41.90337283162,126.11476386222003,over_prediction
23,30,138,154.88275,16.88275146484375,16.88275146484375,81.62026521024995,-35.17973542962001,116.80000063986994,over_prediction
23,31,137,170.49542,33.49542236328125,33.49542236328125,93.111943627,-31.058723295719997,124.17066692272006,over_prediction
23,32,136,170.88818,34.88818359375,34.88818359375,93.55532704388399,-31.10945123232001,124.66477827620398,over_prediction
23,33,135,165.43767,30.437667846679688,30.437667846679688,93.90456645199998,-36.909140079719975,130.81370653172007,over_prediction
23,34,134,163.13959,29.13958740234375,29.13958740234375,96.07852126989998,-41.38127866890001,137.45979993879993,over_prediction
23,35,133,144.7671,11.767105102539062,11.767105102539062,85.0541122168,-48.72930207332003,133.78341429012,over_prediction
23,36,132,153.10918,21.109176635742188,21.109176635742188,86.9692342219,-42.30238908302002,129.27162330492007,over_prediction
23,37,131,136.66336,5.663360595703125,5.663360595703125,80.38390404090003,-52.16287734212,132.54678138302,over_prediction
23,38,130,139.29337,9.293365478515625,9.293365478515625,82.85387083890002,-52.00279638641998,134.8566672253201,over_prediction
23,39,129,131.04895,2.0489501953125,2.0489501953125,76.782803448,-54.17602933371999,130.95883278171996,over_prediction
23,40,128,127.20332,-0.7966766357421875,0.7966766357421875,76.81499468040006,-58.05404800312,134.86904268352012,under_prediction
23,41,127,135.2002,8.2001953125,8.2001953125,79.22589174949995,-52.468001853820006,131.69389360332002,over_prediction
23,42,126,124.83486,-1.1651382446289062,1.1651382446289062,77.36323349000001,-60.97067139769,138.33390488769007,under_prediction
23,43,125,119.78673,-5.2132720947265625,5.2132720947265625,71.8230438524,-60.47865468971999,132.30169854212005,under_prediction
23,44,124,85.77506,-38.224937438964844,38.224937438964844,58.510134753900005,-81.17735449672004,139.68748925062008,under_prediction
23,45,123,84.93107,-38.068931579589844,38.068931579589844,55.274222422800015,-78.78544397671998,134.05966639951993,under_prediction
23,46,122,101.15032,-20.84967803955078,20.84967803955078,62.91343600349999,-70.20539998612004,133.11883598962004,under_prediction
23,47,121,97.27746,-23.72254180908203,23.72254180908203,62.82589540829998,-73.99070421102002,136.81659961932004,under_prediction
23,48,120,99.99843,-20.001571655273438,20.001571655273438,60.515536710099994,-68.95936199481997,129.47489870491998,under_prediction
23,49,119,109.32398,-9.676017761230469,9.676017761230469,65.1636496212,-64.28190481572001,129.44555443691996,under_prediction
23,50,118,118.54344,0.5434417724609375,0.5434417724609375,70.61225552353997,-60.51102558241999,131.12328110596002,over_prediction
23,51,117,107.478195,-9.521804809570312,9.521804809570312,62.560855925860004,-63.52488664732,126.08574257318006,under_prediction
23,52,116,102.177414,-13.822586059570312,13.822586059570312,58.82200771640001,-65.08682714071998,123.90883485712003,under_prediction
23,53,115,117.37622,2.376220703125,2.376220703125,68.3239347283,-59.38999118852001,127.71392591682002,over_prediction
23,54,114,114.47757,0.477569580078125,0.477569580078125,64.23438505006,-58.199065474520005,122.43345052458002,over_prediction
23,55,113,104.61481,-8.38519287109375,8.38519287109375,65.24785293020001,-69.07525987102001,134.32311280121996,under_prediction
23,56,112,121.19271,9.192710876464844,9.192710876464844,73.067395237,-60.316951977920006,133.38434721492004,over_prediction
23,57,111,118.709366,7.7093658447265625,7.7093658447265625,70.16200063560002,-59.89487356322,130.05687419882,over_prediction
23,58,110,118.89295,8.892951965332031,8.892951965332031,75.00039570340002,-64.54973742822001,139.55013313162,over_prediction
23,59,109,125.06674,16.066741943359375,16.066741943359375,75.2238327377,-58.599408292619984,133.8232410303199,over_prediction
23,60,108,135.98662,27.986618041992188,27.986618041992188,80.59628570979999,-53.05207221572001,133.64835792552003,over_prediction
23,61,107,146.62003,39.620025634765625,39.620025634765625,75.2870679313,-37.10928646471999,112.39635439602003,over_prediction
23,62,106,141.35324,35.353240966796875,35.353240966796875,75.11470645407,-42.20379014622,117.31849660029003,over_prediction
23,63,105,149.06448,44.064483642578125,44.064483642578125,86.7180830541,-46.095880465620006,132.81396351972,over_prediction
23,64,104,139.42622,35.42622375488281,35.42622375488281,78.71410838803601,-47.73010500902001,126.44421339705599,over_prediction
23,65,103,127.584656,24.58465576171875,24.58465576171875,74.6920357517,-55.54958327891999,130.24161903062006,over_prediction
23,66,102,146.48463,44.48463439941406,44.48463439941406,77.51845817399997,-39.476203280920004,116.99466145491999,over_prediction
23,67,101,131.73247,30.732467651367188,30.732467651367188,72.15086216030004,-48.86078392122,121.01164608152003,over_prediction
23,68,100,150.20853,50.208526611328125,50.208526611328125,82.73092465642002,-40.96467837271998,123.69560302914007,over_prediction
23,69,99,142.10245,43.102447509765625,43.102447509765625,78.14864819389999,-44.488524034566,122.637172228466,over_prediction
23,70,98,140.1293,42.129302978515625,42.129302978515625,73.82683327979997,-42.139838857719994,115.96667213751995,over_prediction
23,71,97,131.19472,34.19471740722656,34.19471740722656,66.95090911660002,-44.19849617741998,111.14940529401999,over_prediction
23,72,96,130.60535,34.6053466796875,34.6053466796875,71.94120598630003,-49.778067369119995,121.71927335542006,over_prediction
23,73,95,132.78372,37.783721923828125,37.783721923828125,74.13797221966004,-49.79651126572,123.93448348538,over_prediction
23,74,94,123.43004,29.430038452148438,29.430038452148438,64.73852222430001,-49.75074195031999,114.48926417462005,over_prediction
23,75,93,129.55682,36.55682373046875,36.55682373046875,73.79384566217999,-52.67933059772001,126.47317625989999,over_prediction
23,76,92,130.42421,38.42420959472656,38.42420959472656,75.51468172700001,-53.53284132302,129.04752305002,over_prediction
23,77,91,127.60972,36.609718322753906,36.609718322753906,70.82578601699996,-51.65832135921999,122.48410737621997,over_prediction
23,78,90,148.5351,58.53509521484375,58.53509521484375,85.5640369895,-45.47122818637898,131.03526517587892,over_prediction
23,79,89,138.03427,49.034271240234375,49.034271240234375,70.79795606569998,-41.205854365069996,112.00381043077,over_prediction
23,80,88,145.99745,57.99745178222656,57.99745178222656,79.80057490089997,-42.245382340720006,122.04595724162,over_prediction
23,81,87,141.26553,54.265533447265625,54.265533447265625,73.45551518860006,-40.63233316534998,114.0878483539501,over_prediction
23,82,86,135.87553,49.87553405761719,49.87553405761719,69.33961009919999,-41.906290125320005,111.24590022451999,over_prediction
23,83,85,150.52972,65.52972412109375,65.52972412109375,76.3189165513,-34.23142209072001,110.55033864202002,over_prediction
23,84,84,153.45064,69.45063781738281,69.45063781738281,78.13500836440001,-33.126671996919995,111.26168036132005,over_prediction
23,85,83,146.12329,63.123291015625,63.123291015625,80.19130666470001,-42.51023743872,122.70154410341999,over_prediction
23,86,82,145.10635,63.106353759765625,63.106353759765625,80.22778014359996,-43.56373142132,123.79151156492,over_prediction
23,87,81,130.6229,49.622894287109375,49.622894287109375,75.14637671460002,-52.965754471499984,128.11213118610004,over_prediction
23,88,80,136.93555,56.935546875,56.935546875,74.80788007330003,-46.314563293334004,121.12244336663402,over_prediction
23,89,79,122.27308,43.27307891845703,43.27307891845703,68.310356105,-54.479466779500015,122.78982288450005,over_prediction
23,90,78,128.57118,50.57118225097656,50.57118225097656,72.30991553678004,-52.18093974302001,124.49085527979997,over_prediction
23,91,77,143.78511,66.78511047363281,66.78511047363281,80.66828292380002,-45.325541974219995,125.99382489802,over_prediction
23,92,76,122.762794,46.762794494628906,46.762794494628906,74.26826811039999,-59.94769348681998,134.21596159722003,over_prediction
23,93,75,127.04473,52.04473114013672,52.04473114013672,71.8009746195,-53.198463164220016,124.99943778371998,over_prediction
23,94,74,113.14336,39.14335632324219,39.14335632324219,65.60709146039996,-60.905978314220015,126.51306977461994,over_prediction
23,95,73,115.85503,42.85502624511719,42.85502624511719,68.70299057850002,-61.29021462712,129.99320520562003,over_prediction
23,96,72,142.02348,70.02348327636719,70.02348327636719,79.79667536649997,-46.21533564372,126.01201101021996,over_prediction
23,97,71,130.46988,59.469879150390625,59.469879150390625,80.82220735320006,-58.79458807951999,139.61679543272007,over_prediction
23,98,70,139.81242,69.81242370605469,69.81242370605469,73.63587954520003,-42.26565310252,115.90153264772003,over_prediction
23,99,69,127.27059,58.270591735839844,58.270591735839844,76.04100270669998,-57.212641362720014,133.2536440694199,over_prediction
23,100,68,114.807076,46.80707550048828,46.80707550048828,68.8599898296,-62.49515247121999,131.35514230082003,over_prediction
23,101,67,118.666664,51.666664123535156,51.666664123535156,70.88814427219997,-60.66372808325999,131.55187235546,over_prediction
23,102,66,125.59182,59.591819763183594,59.591819763183594,79.97045284139996,-62.82091414172001,142.79136698311984,over_prediction
23,103,65,99.2993,34.29930114746094,34.29930114746094,65.6591593618,-74.80213600269003,140.46129536449007,over_prediction
23,104,64,109.73124,45.731239318847656,45.731239318847656,67.54262139747001,-66.25362410752,133.79624550499,over_prediction
23,105,63,107.20317,44.20317077636719,44.20317077636719,71.09506063199998,-72.33413422966001,143.42919486166002,over_prediction
23,106,62,112.519646,50.51964569091797,50.51964569091797,65.89780309349999,-61.820473684719985,127.71827677822004,over_prediction
23,107,61,100.64116,39.64115905761719,39.64115905761719,57.907588281500004,-65.70876107512004,123.61634935661998,over_prediction
23,108,60,109.45438,49.454376220703125,49.454376220703125,65.4775891392,-64.46545188922005,129.94304102841994,over_prediction
23,109,59,99.620056,40.62005615234375,40.62005615234375,51.29848931006001,-60.12068463532001,111.41917394538,over_prediction
23,110,58,106.61785,48.61785125732422,48.61785125732422,61.567316477400006,-63.39175719342,124.95907367081998,over_prediction
23,111,57,88.91884,31.918838500976562,31.918838500976562,51.5200454209,-71.04346628772002,122.56351170862,over_prediction
23,112,56,100.56563,44.56562805175781,44.56562805175781,61.501037852299994,-69.37765333692003,130.87869118922,over_prediction
23,113,55,112.57931,57.579307556152344,57.579307556152344,73.5017225443,-69.36461712542001,142.86633966972005,over_prediction
23,114,54,114.84009,60.840087890625,60.840087890625,75.05197168469994,-68.65410992372001,143.70608160842008,over_prediction
23,115,53,97.75761,44.757606506347656,44.757606506347656,66.91050322305999,-77.59517738372001,144.50568060678,over_prediction
23,116,52,82.0454,30.04540252685547,30.04540252685547,56.112265508899995,-82.50916201851999,138.62142752742005,over_prediction
23,117,51,62.34095,11.340950012207031,11.340950012207031,49.3668722694,-95.46827837235999,144.83515064175992,over_prediction
23,118,50,56.510143,6.510143280029297,6.510143280029297,46.03522069819999,-97.96739860372004,144.00261930192002,over_prediction
23,119,49,64.507706,15.507705688476562,15.507705688476562,54.989565293,-98.92411955375353,153.91368484675345,over_prediction
23,120,48,53.936596,5.936595916748047,5.936595916748047,47.86095689889999,-102.36672069022002,150.2276775891201,over_prediction
23,121,47,52.130795,5.130794525146484,5.130794525146484,43.657412888299994,-99.96892932531996,143.62634221362,over_prediction
23,122,46,52.934235,6.934234619140625,6.934234619140625,45.49887306894999,-101.00694670100003,146.5058197699501,over_prediction
23,123,45,46.385815,1.3858146667480469,1.3858146667480469,41.394436160999994,-103.45095495572006,144.84539111671998,over_prediction
23,124,44,59.017223,15.017223358154297,15.017223358154297,44.8099843568,-94.23507838651999,139.0450627433199,over_prediction
23,125,43,48.410183,5.410182952880859,5.410182952880859,42.42960116750001,-102.46172768528999,144.89132885279008,over_prediction
23,126,42,53.190002,11.19000244140625,11.19000244140625,41.58714423499999,-96.83944849822001,138.42659273322,over_prediction
23,127,41,46.622257,5.622257232666016,5.622257232666016,41.6876918681,-103.50774516242002,145.19543703052008,over_prediction
23,128,40,44.895523,4.8955230712890625,4.8955230712890625,41.328341311599985,-104.87512481859996,146.20346613019996,over_prediction
23,129,39,44.04823,5.048229217529297,5.048229217529297,40.50878227600001,-104.90286020410001,145.41164248010003,over_prediction
23,130,38,40.763668,2.7636680603027344,2.7636680603027344,37.40668634580002,-105.08531406005001,142.49200040585004,over_prediction
23,131,37,37.974125,0.9741249084472656,0.9741249084472656,37.9877395416,-108.45592190182,146.4436614434199,over_prediction
23,132,36,42.65079,6.650791168212891,6.650791168212891,40.73644570785999,-106.52798198581,147.26442769366992,over_prediction
23,133,35,34.614677,-0.38532257080078125,0.38532257080078125,37.61470486619998,-111.44233862141998,149.05704348762006,under_prediction
23,134,34,37.30598,3.305980682373047,3.305980682373047,40.290961165099986,-111.42730562299997,151.7182667881,over_prediction
23,135,33,34.828823,1.8288230895996094,1.8288230895996094,38.383684114600015,-111.99717235472004,150.38085646931998,over_prediction
23,136,32,35.060863,3.060863494873047,3.060863494873047,39.48578550700002,-112.86721301792001,152.35299852491994,over_prediction
23,137,31,33.438194,2.4381942749023438,2.4381942749023438,39.17180121920001,-114.17592569188001,153.34772691108,over_prediction
23,138,30,33.136196,3.1361961364746094,3.1361961364746094,39.868344098499996,-115.17446578460002,155.04280988309998,over_prediction
23,139,29,29.130125,0.1301250457763672,0.1301250457763672,40.2447558199,-119.55692640652,159.8016822264201,over_prediction
23,140,28,28.53806,0.5380592346191406,0.5380592346191406,40.995909174400005,-120.90014450181998,161.89605367622008,over_prediction
23,141,27,28.21285,1.212850570678711,1.212850570678711,41.17670980800001,-121.40616568842,162.58287549641994,over_prediction
23,142,26,32.55176,6.551761627197266,6.551761627197266,42.171087079300015,-118.06165683271999,160.23274391202,over_prediction
23,143,25,31.982784,6.982784271240234,6.982784271240234,43.82592616239999,-120.28545770112004,164.11138386352008,over_prediction
23,144,24,34.155148,10.155147552490234,10.155147552490234,42.21866745925001,-116.50582003621999,158.72448749547004,over_prediction
23,145,23,21.339077,-1.6609230041503906,1.6609230041503906,40.12051876170002,-127.22372822211997,167.34424698382003,under_prediction
23,146,22,28.613056,6.613056182861328,6.613056182861328,41.663765334900006,-121.49299096622,163.15675630112,over_prediction
23,147,21,26.23627,5.236270904541016,5.236270904541016,38.43117331109999,-120.63718543252001,159.06835874362,over_prediction
23,148,20,21.03908,1.0390796661376953,1.0390796661376953,38.266516237500014,-125.66971816462004,163.93623440211994,over_prediction
23,149,19,18.135462,-0.8645381927490234,0.8645381927490234,37.94061521696111,-128.24741203372002,166.18802725068113,under_prediction
23,150,18,20.272295,2.2722949981689453,2.2722949981689453,38.938690454299994,-127.10866216251999,166.04735261681998,over_prediction
23,151,17,21.783415,4.783414840698242,4.783414840698242,37.99898707069999,-124.65786875842002,162.6568558291199,over_prediction
23,152,16,18.360868,2.360868453979492,2.360868453979492,37.079990164700014,-127.16142347872,164.2414136434199,over_prediction
23,153,15,27.082968,12.082967758178711,12.082967758178711,41.06910812752001,-122.42842526999998,163.49753339752,over_prediction
23,154,14,16.783426,2.783426284790039,2.783426284790039,39.88203753750002,-131.54091075431998,171.42294829181992,over_prediction
23,155,13,14.389987,1.3899869918823242,1.3899869918823242,40.700452601900004,-134.75276470701996,175.45321730891993,over_prediction
23,156,12,17.303936,5.303936004638672,5.303936004638672,43.685769416899994,-134.8241238884201,178.50989330532002,over_prediction
23,157,11,16.594175,5.594175338745117,5.594175338745117,40.62183517260001,-132.46996715562003,173.09180232821996,over_prediction
23,158,10,16.629759,6.629758834838867,6.629758834838867,39.86156276899998,-131.67410735362003,171.53567012262005,over_prediction
23,159,9,16.750713,7.750713348388672,7.750713348388672,38.89641128299999,-130.58798985611998,169.48440113911997,over_prediction
23,160,8,16.238111,8.23811149597168,8.23811149597168,42.761713007800005,-134.96591165987996,177.72762466767995,over_prediction
23,161,7,15.695589,8.695589065551758,8.695589065551758,45.356692763,-138.10341533412003,183.46010809711998,over_prediction
23,162,6,12.976545,6.976545333862305,6.976545333862305,45.262599528500004,-140.72835061002,185.99095013852,over_prediction
23,163,5,13.567471,8.56747055053711,8.56747055053711,45.340514408699995,-140.21534360101995,185.5558580097199,over_prediction
23,164,4,6.500638,2.500638008117676,2.500638008117676,39.08662168940799,-141.02828739671995,180.11490908612797,over_prediction
23,165,3,8.468988,5.468988418579102,5.468988418579102,39.987547660869986,-139.96084795417005,179.9483956150401,over_prediction
23,166,2,10.14567,8.145669937133789,8.145669937133789,42.088393186800005,-140.38500648011996,182.47339966691982,over_prediction
23,167,1,4.9620156,3.9620156288146973,3.9620156288146973,42.81036570514001,-146.29063208771993,189.10099779285994,over_prediction
23,168,0,0.22982115,0.22982114553451538,0.22982114553451538,36.5202190457,-144.73269667122003,181.25291571692009,over_prediction
31,1,233,225.75667,-7.2433319091796875,7.2433319091796875,138.23459564166004,-20.920199824719997,159.15479546638002,under_prediction
31,2,232,219.55081,-12.449188232421875,12.449188232421875,139.73451237150005,-28.626017593210005,168.36052996471,under_prediction
31,3,231,202.24886,-28.751144409179688,28.751144409179688,137.98612001489997,-44.17933241221001,182.16545242711004,under_prediction
31,4,230,202.55922,-27.440780639648438,27.440780639648438,136.36833127430003,-42.25121333831001,178.61954461261,under_prediction
31,5,229,225.96031,-3.0396881103515625,3.0396881103515625,158.92505189090008,-41.40684607784001,200.33189796874012,under_prediction
31,6,228,221.1297,-6.87030029296875,6.87030029296875,152.777154049,-40.08967556514,192.86682961413987,under_prediction
31,7,227,219.51807,-7.48193359375,7.48193359375,149.5460647935,-38.47019400294001,188.01625879644004,under_prediction
31,8,226,197.82228,-28.177719116210938,28.177719116210938,130.20909614930002,-40.828957628240005,171.03805377753997,under_prediction
31,9,225,187.67216,-37.32783508300781,37.32783508300781,119.873297952,-40.64329302500998,160.51659097701014,under_prediction
31,10,224,169.00377,-54.99623107910156,54.99623107910156,115.205019455615,-54.64356366901001,169.8485831246251,under_prediction
31,11,223,167.95613,-55.04386901855469,55.04386901855469,108.96019983770007,-49.44625255471,158.4064523924101,under_prediction
31,12,222,167.3644,-54.63560485839844,54.63560485839844,110.72826005050004,-51.80608064770999,162.53434069820997,under_prediction
31,13,221,185.25508,-35.74491882324219,35.74491882324219,123.43681829529997,-46.62398986161001,170.06080815690999,under_prediction
31,14,220,178.21805,-41.781951904296875,41.781951904296875,117.9150128096,-48.13920313700999,166.05421594660996,under_prediction
31,15,219,173.67984,-45.320159912109375,45.320159912109375,113.04621240400003,-47.80854371900998,160.85475612301,under_prediction
31,16,218,180.3803,-37.61970520019531,37.61970520019531,111.21888190298006,-39.28085131323999,150.49973321622002,under_prediction
31,17,217,178.1187,-38.88130187988281,38.88130187988281,112.93765399769997,-43.26114213001001,156.1987961277099,under_prediction
31,18,216,176.5614,-39.4385986328125,39.4385986328125,115.77550947950004,-47.65629229480999,163.43180177430997,under_prediction
31,19,215,192.03447,-22.965530395507812,22.965530395507812,122.48908862100001,-38.89703456561,161.38612318660992,under_prediction
31,20,214,174.59668,-39.4033203125,39.4033203125,110.47956989620008,-44.32514179941001,154.80471169561002,under_prediction
31,21,213,166.75711,-46.242889404296875,46.242889404296875,107.30166592499998,-48.98688025900999,156.28854618401002,under_prediction
31,22,212,169.13956,-42.860443115234375,42.860443115234375,110.72048677969995,-50.02307657200999,160.7435633517099,under_prediction
31,23,211,168.06581,-42.93418884277344,42.93418884277344,111.24544814379998,-51.62183653191,162.86728467570998,under_prediction
31,24,210,168.42378,-41.57621765136719,41.57621765136719,110.1855113288,-50.20394631591,160.38945764470998,under_prediction
31,25,209,155.4683,-53.53169250488281,53.53169250488281,105.69744775299998,-58.67140909890999,164.36885685190995,under_prediction
31,26,208,159.3902,-48.60980224609375,48.60980224609375,105.80086432099999,-54.85294993530997,160.65381425631003,under_prediction
31,27,207,171.3647,-35.63529968261719,35.63529968261719,112.99700386300002,-50.074535889810015,163.0715397528099,under_prediction
31,28,206,177.7641,-28.23590087890625,28.23590087890625,119.99694558400004,-50.67508729781,170.67203288181014,under_prediction
31,29,205,176.81798,-28.182022094726562,28.182022094726562,125.77559005759993,-57.399907489100016,183.17549754670003,under_prediction
31,30,204,179.11238,-24.887619018554688,24.887619018554688,127.2342556642,-56.56417320164002,183.79842886583992,under_prediction
31,31,203,170.63329,-32.36671447753906,32.36671447753906,118.6374737821,-56.44652038735,175.08399416944994,under_prediction
31,32,202,159.37459,-42.62541198730469,42.62541198730469,112.15809952899998,-61.22585516800002,173.38395469699995,under_prediction
31,33,201,171.72865,-29.271347045898438,29.271347045898438,113.63170725169994,-50.34542988541001,163.97713713710993,under_prediction
31,34,200,150.05821,-49.94178771972656,49.94178771972656,99.49864634264,-57.88274032074,157.38138666338008,under_prediction
31,35,199,159.51036,-39.48963928222656,39.48963928222656,107.06123324939999,-55.99321621756001,163.05444946696,under_prediction
31,36,198,155.721,-42.27900695800781,42.27900695800781,109.65306735200001,-62.37434756890998,172.02741492091005,under_prediction
31,37,197,157.77008,-39.22991943359375,39.22991943359375,112.96437929160008,-63.636543672909994,176.60092296451,under_prediction
31,38,196,157.89444,-38.105560302734375,38.105560302734375,113.43446477620002,-63.98230297590999,177.41676775210996,under_prediction
31,39,195,151.18704,-43.812957763671875,43.812957763671875,109.2908669092,-66.54604905281,175.83691596200998,under_prediction
31,40,194,149.04318,-44.956817626953125,44.956817626953125,107.63837647750002,-67.03758311269999,174.6759595901999,under_prediction
31,41,193,159.89159,-33.10841369628906,33.10841369628906,114.64416411805003,-63.19471852990997,177.8388826479601,under_prediction
31,42,192,170.62454,-21.375457763671875,21.375457763671875,117.15929524399999,-54.97697690963999,172.13627215363994,under_prediction
31,43,191,168.13765,-22.862350463867188,22.862350463867188,115.89227568740006,-56.19682765813999,172.08910334554005,under_prediction
31,44,190,171.08157,-18.918426513671875,18.918426513671875,114.8740819232,-52.23466291361,167.10874483680996,under_prediction
31,45,189,174.58537,-14.414627075195312,14.414627075195312,114.68414577050002,-48.540970971910006,163.22511674241002,under_prediction
31,46,188,182.5374,-5.4626007080078125,5.4626007080078125,117.90441819939998,-43.80923069591,161.71364889530994,under_prediction
31,47,187,175.09079,-11.909210205078125,11.909210205078125,115.86372165099998,-49.2151685404,165.07889019139995,under_prediction
31,48,186,183.89249,-2.107513427734375,2.107513427734375,125.95327944559996,-50.50306702790999,176.45634647351002,under_prediction
31,49,185,172.28072,-12.719284057617188,12.719284057617188,119.55822022170004,-55.71970705791001,175.27792727960988,under_prediction
31,50,184,173.5243,-10.475692749023438,10.475692749023438,117.37778242000003,-52.295785616200014,169.67356803619992,under_prediction
31,51,183,179.75316,-3.2468414306640625,3.2468414306640625,120.98780998800002,-49.67686954361,170.66467953161,under_prediction
31,52,182,180.41325,-1.5867462158203125,1.5867462158203125,124.09492915140004,-52.12383579481001,176.21876494620994,under_prediction
31,53,181,162.76636,-18.233642578125,18.233642578125,112.79776477140004,-58.473569987609984,171.2713347590101,under_prediction
31,54,180,180.77611,0.7761077880859375,0.7761077880859375,120.14791241239999,-47.813960943009995,167.96187335541,over_prediction
31,55,179,161.5013,-17.498703002929688,17.498703002929688,109.18522693939997,-56.12618022141,165.31140716080995,under_prediction
31,56,178,184.22356,6.2235565185546875,6.2235565185546875,122.402177487,-46.62079878861001,169.02297627560998,over_prediction
31,57,177,193.39323,16.393234252929688,16.393234252929688,130.7875848184,-45.83659051461,176.62417533300996,over_prediction
31,58,176,189.41139,13.411392211914062,13.411392211914062,131.04023507640002,-50.071086431409995,181.11132150781006,over_prediction
31,59,175,182.48877,7.48876953125,7.48876953125,130.1007514366001,-56.05426916171001,186.15502059831,over_prediction
31,60,174,189.10893,15.108932495117188,15.108932495117188,134.0873855358999,-53.420759251210015,187.50814478710998,over_prediction
31,61,173,184.06798,11.067977905273438,11.067977905273438,132.4903653891,-56.86476691790001,189.355132307,over_prediction
31,62,172,179.6394,7.639404296875,7.639404296875,126.02911182754504,-54.832052782309994,180.86116460985494,over_prediction
31,63,171,177.84268,6.842681884765625,6.842681884765625,122.60223220829998,-53.20179311531001,175.80402532361003,over_prediction
31,64,170,180.0832,10.083206176757812,10.083206176757812,127.22762338539998,-55.58665375726,182.81427714266005,over_prediction
31,65,169,187.24338,18.243377685546875,18.243377685546875,134.79686927049997,-55.99576210097998,190.79263137147993,over_prediction
31,66,168,176.53674,8.5367431640625,8.5367431640625,125.02350134165998,-56.92897176221,181.95247310387015,over_prediction
31,67,167,166.82079,-0.1792144775390625,0.1792144775390625,118.21234073199996,-59.83371818936,178.04605892135993,under_prediction
31,68,166,160.45477,-5.54522705078125,5.54522705078125,110.32930304069994,-58.31659651664002,168.64589955734002,under_prediction
31,69,165,140.54515,-24.454849243164062,24.454849243164062,101.29144208199997,-69.18866066064,170.48010274263996,under_prediction
31,70,164,135.64517,-28.354827880859375,28.354827880859375,99.2012872032,-71.99813739621,171.19942459940995,under_prediction
31,71,163,135.44699,-27.553009033203125,27.553009033203125,99.24819634100002,-72.24331709400998,171.49151343500995,under_prediction
31,72,162,145.77176,-16.228240966796875,16.228240966796875,102.982018963,-65.65243614216999,168.63445510517005,under_prediction
31,73,161,139.50542,-21.494583129882812,21.494583129882812,101.52192479527702,-70.45862854821002,171.98055334348714,under_prediction
31,74,160,150.15598,-9.844024658203125,9.844024658203125,106.2780742272599,-64.56406367131001,170.84213789856992,under_prediction
31,75,159,140.52007,-18.479934692382812,18.479934692382812,105.70024368880004,-73.62224050841002,179.32248419721006,under_prediction
31,76,158,143.47383,-14.526168823242188,14.526168823242188,99.97002435169998,-64.93837849423998,164.90840284594,under_prediction
31,77,157,121.31917,-35.68083190917969,35.68083190917969,90.72780975880002,-77.85089482153998,168.57870458033995,under_prediction
31,78,156,137.62726,-18.37274169921875,18.37274169921875,100.29696970339997,-71.11188726408,171.40885696747998,under_prediction
31,79,155,136.49844,-18.501556396484375,18.501556396484375,98.729459237,-70.67324745231001,169.40270668931,under_prediction
31,80,154,135.23427,-18.765731811523438,18.765731811523438,99.06500049310002,-72.27290033271002,171.33790082580998,under_prediction
31,81,153,139.13153,-13.86846923828125,13.86846923828125,98.71328016899997,-68.02394124511001,166.7372214141101,under_prediction
31,82,152,131.83624,-20.16375732421875,20.16375732421875,96.5324869196,-73.13856786257398,169.671054782174,under_prediction
31,83,151,133.94228,-17.057723999023438,17.057723999023438,99.56612008359998,-74.06608132591,173.63220140951,under_prediction
31,84,150,150.65088,0.65087890625,0.65087890625,112.1018575451,-69.89316367781002,181.99502122290997,over_prediction
31,85,149,144.22041,-4.7795867919921875,4.7795867919921875,106.98563860480003,-71.20744382641001,178.19308243121014,under_prediction
31,86,148,128.08594,-19.9140625,19.9140625,97.418616747,-77.77491196759998,175.19352871459998,under_prediction
31,87,147,141.51016,-5.489837646484375,5.489837646484375,102.07528389260001,-69.00745289051001,171.08273678310997,under_prediction
31,88,146,151.91396,5.9139556884765625,5.9139556884765625,105.45685911540001,-61.98525952901001,167.44211864441002,over_prediction
31,89,145,165.5831,20.583099365234375,20.583099365234375,115.68579027843002,-58.54493722091,174.23072749933993,over_prediction
31,90,144,148.20634,4.2063446044921875,4.2063446044921875,110.3939145601,-70.62986230641002,181.02377686650996,over_prediction
31,91,143,151.40994,8.409942626953125,8.409942626953125,112.96237207049995,-69.99475025981003,182.95712233030991,over_prediction
31,92,142,137.7042,-4.295806884765625,4.295806884765625,104.95663701080004,-75.69480980991003,180.6514468207099,under_prediction
31,93,141,132.49551,-8.504486083984375,8.504486083984375,105.31971492440995,-81.26655713540998,186.58627205982003,under_prediction
31,94,140,137.76283,-2.2371673583984375,2.2371673583984375,103.21478296234001,-73.89424848650997,177.10903144884992,under_prediction
31,95,139,150.40213,11.402130126953125,11.402130126953125,111.26183768269998,-69.30197216931,180.5638098520099,over_prediction
31,96,138,148.10938,10.109375,10.109375,111.368735931,-71.70159510791002,183.07033103890998,over_prediction
31,97,137,152.36505,15.36505126953125,15.36505126953125,114.57145137420004,-70.64859393368,185.22004530788007,over_prediction
31,98,136,159.53775,23.537750244140625,23.537750244140625,119.19909106479997,-68.10367366081006,187.30276472560982,over_prediction
31,99,135,151.08794,16.087936401367188,16.087936401367188,112.7858355166,-70.14019118421004,182.92602670080998,over_prediction
31,100,134,157.0917,23.091705322265625,23.091705322265625,115.60823575626998,-66.95878256790999,182.56701832418003,over_prediction
31,101,133,167.78065,34.78065490722656,34.78065490722656,119.73726283109993,-60.3988455978,180.1361084289001,over_prediction
31,102,132,158.31819,26.318191528320312,26.318191528320312,109.77947943745001,-59.903420684909975,169.68290012235994,over_prediction
31,103,131,153.81044,22.810440063476562,22.810440063476562,105.47118620839998,-60.10298128930998,165.57416749770996,over_prediction
31,104,130,154.1398,24.139801025390625,24.139801025390625,105.188873011,-59.49133150961,164.68020452061,over_prediction
31,105,129,141.13081,12.130813598632812,12.130813598632812,96.90178817857002,-64.21341755069997,161.11520572927003,over_prediction
31,106,128,153.32945,25.329452514648438,25.329452514648438,102.9998228686,-58.11272223651,161.11254510510997,over_prediction
31,107,127,156.66365,29.663650512695312,29.663650512695312,108.95765059250002,-60.736339452710006,169.69399004520994,over_prediction
31,108,126,159.588,33.58799743652344,33.58799743652344,111.6551071148,-60.50950567550998,172.16461279031,over_prediction
31,109,125,154.4597,29.459701538085938,29.459701538085938,107.87463370193004,-61.857307375040016,169.73194107696995,over_prediction
31,110,124,168.68434,44.68434143066406,44.68434143066406,112.09549132182,-51.85349214214,163.94898346395996,over_prediction
31,111,123,143.75027,20.750274658203125,20.750274658203125,98.4795558585,-63.17156582074,161.65112167924008,over_prediction
31,112,122,179.8147,57.814697265625,57.814697265625,114.66935750839998,-43.29691758790998,157.96627509631006,over_prediction
31,113,121,161.90073,40.900726318359375,40.900726318359375,106.80016939217995,-53.34159492841,160.14176432059003,over_prediction
31,114,120,158.90968,38.90968322753906,38.90968322753906,105.9331399688,-55.46575909802001,161.39889906682004,over_prediction
31,115,119,166.28531,47.285308837890625,47.285308837890625,114.55369684710998,-56.71086338900999,171.26456023612008,over_prediction
31,116,118,178.69203,60.69203186035156,60.69203186035156,121.75448392690001,-51.50495319151,173.25943711840998,over_prediction
31,117,117,141.20967,24.209671020507812,24.209671020507812,99.15526598909995,-66.38793489711004,165.54320088621006,over_prediction
31,118,116,145.40816,29.408157348632812,29.408157348632812,102.97820591700001,-66.01251109591,168.99071701290995,over_prediction
31,119,115,145.55913,30.559127807617188,30.559127807617188,102.2755553531,-65.15887384905002,167.43442920214994,over_prediction
31,120,114,172.44841,58.44841003417969,58.44841003417969,113.66654807395001,-49.66049200676001,163.32704008071002,over_prediction
31,121,113,182.072,69.07200622558594,69.07200622558594,124.1502928421,-50.52058294991001,174.6708757920099,over_prediction
31,122,112,136.99918,24.999176025390625,24.999176025390625,103.10002572080003,-74.54319209541002,177.64321781621,over_prediction
31,123,111,136.6631,25.663101196289062,25.663101196289062,100.52744788749999,-72.30665897260998,172.83410686010996,over_prediction
31,124,110,128.06253,18.062530517578125,18.062530517578125,96.93443739350002,-77.31422154542001,174.24865893892002,over_prediction
31,125,109,153.47116,44.471160888671875,44.471160888671875,115.03384814260001,-70.00497012891002,185.03881827151,over_prediction
31,126,108,166.51816,58.518157958984375,58.518157958984375,113.78580838513996,-55.70993928760999,169.49574767275,over_prediction
31,127,107,147.8413,40.84129333496094,40.84129333496094,102.81890784599999,-63.419910585709985,166.23881843170994,over_prediction
31,128,106,170.52977,64.52976989746094,64.52976989746094,113.59637563609999,-51.508974074410006,165.10534971051004,over_prediction
31,129,105,168.91669,63.91668701171875,63.91668701171875,114.9243768947,-54.450007358299985,169.37438425299993,over_prediction
31,130,104,154.1601,50.16009521484375,50.16009521484375,109.19480763110002,-63.477014007219985,172.6718216383201,over_prediction
31,131,103,152.48547,49.4854736328125,49.4854736328125,115.31408794169998,-71.27095877671998,186.5850467184199,over_prediction
31,132,102,164.03273,62.03273010253906,62.03273010253906,113.85483176653996,-58.26449949611997,172.11933126266007,over_prediction
31,133,101,159.86008,58.860076904296875,58.860076904296875,107.82906431499997,-56.411346982750004,164.24041129774997,over_prediction
31,134,100,161.26355,61.2635498046875,61.2635498046875,112.56596244749998,-59.74481783771999,172.31078028522003,over_prediction
31,135,99,158.93733,59.93733215332031,59.93733215332031,108.44369315600002,-57.948673137319986,166.39236629332012,over_prediction
31,136,98,166.12547,68.12547302246094,68.12547302246094,115.18363101650002,-57.50046039971999,172.68409141622,over_prediction
31,137,97,165.77927,68.77926635742188,68.77926635742188,115.83494194939993,-58.49797632292001,174.33291827232014,over_prediction
31,138,96,149.83029,53.830291748046875,53.830291748046875,104.22113108999741,-62.83307376892001,167.0542048589175,over_prediction
31,139,95,135.86375,40.86375427246094,40.86375427246094,95.6924839138,-68.27108337372002,163.96356728752016,over_prediction
31,140,94,135.90007,41.90007019042969,41.90007019042969,94.57690556709994,-67.11930008142001,161.69620564852002,over_prediction
31,141,93,132.17688,39.1768798828125,39.1768798828125,90.34075265430003,-66.60637130501999,156.9471239593199,over_prediction
31,142,92,166.67557,74.67556762695312,74.67556762695312,115.94665463479998,-57.713502792019995,173.66015742682006,over_prediction
31,143,91,161.8432,70.84320068359375,70.84320068359375,110.4437355142,-57.04297406582,167.48670958001995,over_prediction
31,144,90,157.96255,67.96255493164062,67.96255493164062,112.72203224499998,-63.20196491972002,175.92399716472,over_prediction
31,145,89,137.48785,48.48785400390625,48.48785400390625,96.56541791240001,-67.51985699922001,164.08527491162013,over_prediction
31,146,88,165.05687,77.05686950683594,77.05686950683594,113.64131944155999,-57.02672208292002,170.66804152447995,over_prediction
31,147,87,152.04578,65.0457763671875,65.0457763671875,100.55491811270005,-56.95147071110001,157.50638882379994,over_prediction
31,148,86,162.1112,76.1112060546875,76.1112060546875,105.67543232299997,-52.006564378233,157.68199670123295,over_prediction
31,149,85,159.93611,74.93611145019531,74.93611145019531,100.42934600345998,-48.93553929232001,149.36488529577994,over_prediction
31,150,84,169.1897,85.189697265625,85.189697265625,101.55661076266999,-40.809226733580005,142.36583749625004,over_prediction
31,151,83,193.49265,110.49264526367188,110.49264526367188,119.76274478299997,-34.712304279,154.47504906199998,over_prediction
31,152,82,188.8125,106.8125,106.8125,120.31912121312001,-39.948948130320005,160.26806934344003,over_prediction
31,153,81,193.3835,112.38349914550781,112.38349914550781,124.09270158032997,-39.15148027471999,163.24418185504996,over_prediction
31,154,80,186.42802,106.42802429199219,106.42802429199219,117.6880522405,-39.702318345319995,157.39037058582002,over_prediction
31,155,79,144.44627,65.44627380371094,65.44627380371094,89.44379498893997,-53.43973869852,142.88353368746,over_prediction
31,156,78,148.49837,70.49836730957031,70.49836730957031,93.41124134370003,-53.35509180041999,146.7663331441201,over_prediction
31,157,77,144.14142,67.14141845703125,67.14141845703125,90.49630817019997,-54.79726228132003,145.29357045151994,over_prediction
31,158,76,133.8331,57.833099365234375,57.833099365234375,83.53651078899999,-58.145645740319985,141.68215652932003,over_prediction
31,159,75,130.23776,55.237762451171875,55.237762451171875,80.36315104450001,-58.56763495621999,138.93078600072002,over_prediction
31,160,74,137.83112,63.83111572265625,63.83111572265625,83.1389654735,-53.75002702511999,136.88899249861998,over_prediction
31,161,73,133.03737,60.03736877441406,60.03736877441406,85.19239656979998,-60.59714968481999,145.78954625462,over_prediction
31,162,72,111.3771,39.377098083496094,39.377098083496094,72.19677727030005,-69.26192954872,141.45870681901994,over_prediction
31,163,71,127.523674,56.52367401123047,56.52367401123047,71.94965100339998,-52.868190436720006,124.81784144012,over_prediction
31,164,70,133.56963,63.56962585449219,63.56962585449219,72.7483247925,-47.62097191667,120.36929670917003,over_prediction
31,165,69,129.78833,60.788330078125,60.788330078125,77.28823794600002,-55.94222329572001,133.23046124172004,over_prediction
31,166,68,137.0646,69.06460571289062,69.06460571289062,79.37527454610002,-50.75291926932002,130.12819381542,over_prediction
31,167,67,117.454735,50.454734802246094,50.454734802246094,77.26002342099999,-68.24751717191998,145.50754059292007,over_prediction
31,168,66,114.08225,48.082252502441406,48.082252502441406,70.17770017110001,-64.53767500652,134.7153751776199,over_prediction
31,169,65,130.58107,65.58106994628906,65.58106994628906,88.70596665860002,-66.56712108832001,155.27308774692005,over_prediction
31,170,64,109.7954,45.79540252685547,45.79540252685547,73.88570448600001,-72.53256092060002,146.41826540659997,over_prediction
31,171,63,104.98232,41.982322692871094,41.982322692871094,75.2148005185,-78.67473483472003,153.88953535321986,over_prediction
31,172,62,99.673256,37.673255920410156,37.673255920410156,75.90963147229999,-84.67864920311996,160.58828067542007,over_prediction
31,173,61,106.71513,45.71513366699219,45.71513366699219,70.80568762270002,-72.53282587712002,143.33851349981987,over_prediction
31,174,60,96.865715,36.86571502685547,36.86571502685547,70.45850575680002,-82.03507418132,152.49357993812012,over_prediction
31,175,59,102.86801,43.868011474609375,43.868011474609375,63.19374519111999,-68.76803086192649,131.96177605304655,over_prediction
31,176,58,106.95906,48.95906066894531,48.95906066894531,64.53616780849998,-66.01934537192002,130.55551318041992,over_prediction
31,177,57,103.2005,46.20050048828125,46.20050048828125,64.16237551130001,-69.40414930772,133.56652481902,over_prediction
31,178,56,99.08885,43.08885192871094,43.08885192871094,61.43119674954,-70.78464095912001,132.21583770865996,over_prediction
31,179,55,86.8887,31.888702392578125,31.888702392578125,55.40280781596999,-76.95636806249998,132.35917587847,over_prediction
31,180,54,94.49162,40.49162292480469,40.49162292480469,56.85528225349998,-70.80594511535102,127.66122736885103,over_prediction
31,181,53,100.119446,47.11944580078125,47.11944580078125,57.03474568280002,-65.35754017624997,122.39228585904993,over_prediction
31,182,52,91.25738,39.25737762451172,39.25737762451172,51.782197418200006,-68.96708585772002,120.74928327591998,over_prediction
31,183,51,107.14827,56.14826965332031,56.14826965332031,54.624489706199995,-55.91851547503,110.54300518123,over_prediction
31,184,50,102.60328,52.60327911376953,52.60327911376953,54.57953442479999,-60.418565248700006,114.99809967350005,over_prediction
31,185,49,101.96737,52.967369079589844,52.967369079589844,52.8369800007,-59.311874454499986,112.14885445520001,over_prediction
31,186,48,114.93541,66.93540954589844,66.93540954589844,59.846854677399996,-53.35374071641998,113.20059539381997,over_prediction
31,187,47,127.20184,80.20184326171875,80.20184326171875,62.660020029100025,-43.900436869000025,106.56045689809999,over_prediction
31,188,46,103.0875,57.087501525878906,57.087501525878906,48.4927410147,-53.84755027560001,102.34029129030002,over_prediction
31,189,45,80.38677,35.38677215576172,35.38677215576172,47.8122449623,-75.86772833932,123.67997330162005,over_prediction
31,190,44,68.834625,24.834625244140625,24.834625244140625,48.3646022049,-87.97228904251999,136.33689124742006,over_prediction
31,191,43,55.850956,12.850955963134766,12.850955963134766,40.9677014065,-93.55906240291998,134.52676380941998,over_prediction
31,192,42,78.54606,36.546058654785156,36.546058654785156,54.21430287739998,-84.11053817972001,138.32484105711987,over_prediction
31,193,41,82.1376,41.137603759765625,41.137603759765625,49.339903480699995,-75.64460953471998,124.98451301542002,over_prediction
31,194,40,69.11827,29.118270874023438,29.118270874023438,51.36057202830001,-90.68457198419999,142.04514401250006,over_prediction
31,195,39,52.62074,13.620738983154297,13.620738983154297,39.83699628719998,-95.65854815196298,135.495544439163,over_prediction
31,196,38,55.69037,17.69036865234375,17.69036865234375,39.77694644219001,-92.52887340127002,132.30581984346003,over_prediction
31,197,37,46.50275,9.502750396728516,9.502750396728516,38.78258925920002,-100.72214943332003,139.5047386925202,over_prediction
31,198,36,39.261257,3.2612571716308594,3.2612571716308594,36.7206810071,-105.90172694682002,142.62240795392003,over_prediction
31,199,35,39.87277,4.872768402099609,4.872768402099609,35.9194135189,-104.48891243522004,140.40832595412002,over_prediction
31,200,34,34.28351,0.28350830078125,0.28350830078125,34.34030516210002,-108.49909214602002,142.83939730811989,over_prediction
31,201,33,42.103275,9.103275299072266,9.103275299072266,37.86760880329999,-104.206639882355,142.07424868565496,over_prediction
31,202,32,49.168232,17.168231964111328,17.168231964111328,44.64075212414999,-103.91480667862,148.55555880277,over_prediction
31,203,31,37.204956,6.2049560546875,6.2049560546875,36.7109211601,-107.94825801042003,144.65917917052,over_prediction
31,204,30,39.837612,9.83761215209961,9.83761215209961,42.5503605729,-111.15504619391999,153.70540676681992,over_prediction
31,205,29,34.9539,5.953899383544922,5.953899383544922,39.36294495270002,-112.85136138621996,152.21430633891995,over_prediction
31,206,28,33.18583,5.185829162597656,5.185829162597656,40.57447133599999,-115.83096982522,156.40544116121998,over_prediction
31,207,27,41.625576,14.62557601928711,14.62557601928711,46.4596398656,-113.27635025772,159.73599012332002,over_prediction
31,208,26,40.088528,14.08852767944336,14.08852767944336,44.7680353863,-113.12179896832,157.88983435462004,over_prediction
31,209,25,29.714884,4.714883804321289,4.714883804321289,42.97972319919998,-121.70712856192003,164.68685176112007,over_prediction
31,210,24,28.815388,4.815387725830078,4.815387725830078,42.831462210119994,-122.45836781591997,165.28983002604,over_prediction
31,211,23,26.908934,3.908933639526367,3.908933639526367,41.1239419694,-122.65730041158996,163.78124238099002,over_prediction
31,212,22,21.48309,-0.5169105529785156,0.5169105529785156,41.694503424500006,-128.65367414432,170.34817756881998,under_prediction
31,213,21,25.003838,4.003837585449219,4.003837585449219,41.83519355540001,-125.27363681016999,167.10883036557001,over_prediction
31,214,20,28.393604,8.393604278564453,8.393604278564453,44.07513984279999,-124.12381299272,168.19895283551998,over_prediction
31,215,19,29.711077,10.711076736450195,10.711076736450195,43.468929433700005,-122.20012636712002,165.66905580082008,over_prediction
31,216,18,27.770699,9.770698547363281,9.770698547363281,46.7297644027,-127.40136011070003,174.1311245134,over_prediction
31,217,17,28.836018,11.836017608642578,11.836017608642578,44.2287867485,-123.83505440949997,168.06384115800003,over_prediction
31,218,16,24.144228,8.144227981567383,8.144227981567383,44.057730909,-128.35580450431996,172.41353541332006,over_prediction
31,219,15,23.03618,8.03618049621582,8.03618049621582,44.144557198499996,-129.55065898701997,173.69521618552005,over_prediction
31,220,14,19.42828,5.428279876708984,5.428279876708984,42.6463307932,-131.66035243672005,174.30668322992003,over_prediction
31,221,13,21.79417,8.794170379638672,8.794170379638672,43.75078040659999,-130.39889734560012,174.14967775220003,over_prediction
31,222,12,16.382248,4.3822479248046875,4.3822479248046875,41.80787916519999,-133.86792027452003,175.67579943971992,over_prediction
31,223,11,15.278047,4.278046607971191,4.278046607971191,40.670247294,-133.83449138311997,174.50473867712006,over_prediction
31,224,10,12.159778,2.1597776412963867,2.1597776412963867,37.479114102299995,-133.76162705530004,171.24074115760013,over_prediction
31,225,9,8.59674,-0.4032602310180664,0.4032602310180664,37.291189541699985,-137.13673290422003,174.42792244592007,under_prediction
31,226,8,4.593507,-3.4064931869506836,3.4064931869506836,35.606376363669995,-139.45514852732,175.06152489099006,under_prediction
31,227,7,3.5776415,-3.422358512878418,3.422358512878418,35.14464289119999,-140.0092911430201,175.15393403422004,under_prediction
31,228,6,5.2533407,-0.7466592788696289,0.7466592788696289,36.4981514434,-139.68709593572,176.18524737911997,under_prediction
31,229,5,5.8333926,0.8333926200866699,0.8333926200866699,35.9103331095,-138.51922283471998,174.42955594422003,over_prediction
31,230,4,5.243363,1.2433629035949707,1.2433629035949707,37.39733931019998,-140.59625055021996,177.99358986042003,over_prediction
31,231,3,2.2410069,-0.7589931488037109,0.7589931488037109,35.793195101800016,-141.99445214525002,177.78764724705002,under_prediction
31,232,2,1.104374,-0.8956259489059448,0.8956259489059448,35.2336510388,-142.57155861282004,177.80520965161998,under_prediction
31,233,1,0.9654633,-0.03453671932220459,0.03453671932220459,35.879482440699995,-143.35631864942005,179.2358010901201,under_prediction
31,234,0,4.531851,4.531850814819336,4.531850814819336,37.25755108108,-141.16798082571995,178.42553190679993,over_prediction
32,1,190,186.98216,-3.0178375244140625,3.0178375244140625,107.44436431979999,-28.904470294819994,136.34883461461996,under_prediction
32,2,189,167.53137,-21.4686279296875,21.4686279296875,101.90209605689998,-42.81311510417999,144.71521116108002,under_prediction
32,3,188,192.61693,4.6169281005859375,4.6169281005859375,142.2730946762,-58.09829044571999,200.37138512192004,over_prediction
32,4,187,231.6028,44.60279846191406,44.60279846191406,158.8086800631999,-35.64810171672001,194.45678177991994,over_prediction
32,5,186,206.42078,20.4207763671875,20.4207763671875,134.61306241829993,-36.63460720272,171.24766962101992,over_prediction
32,6,185,196.30363,11.303634643554688,11.303634643554688,125.34317412620005,-37.48168599782,162.82486012402003,over_prediction
32,7,184,193.00609,9.006088256835938,9.006088256835938,124.85933757920002,-40.29559272341999,165.15493030262007,over_prediction
32,8,183,164.0481,-18.951904296875,18.951904296875,101.89617047300004,-46.29033438895,148.18650486194994,under_prediction
32,9,182,164.84813,-17.151870727539062,17.151870727539062,99.80121454910001,-43.395327441719985,143.19654199082,under_prediction
32,10,181,165.18169,-15.818313598632812,15.818313598632812,100.70377803169998,-43.96432821172,144.66810624342006,under_prediction
32,11,180,156.13779,-23.862213134765625,23.862213134765625,98.48593207709999,-50.79036887444999,149.27630095155013,under_prediction
32,12,179,151.1137,-27.886306762695312,27.886306762695312,92.51404663629998,-49.842547619649984,142.35659425595003,under_prediction
32,13,178,159.57004,-18.429962158203125,18.429962158203125,93.64679916139995,-42.518925390619984,136.16572455202007,under_prediction
32,14,177,147.46785,-29.532150268554688,29.532150268554688,82.5440474466,-43.51841114871999,126.06245859532004,under_prediction
32,15,176,149.99681,-26.003189086914062,26.003189086914062,81.76968401909996,-40.21504565852,121.98472967762,under_prediction
32,16,175,158.45189,-16.548110961914062,16.548110961914062,87.56799690260002,-37.55837624372,125.12637314632006,under_prediction
32,17,174,140.99014,-33.009857177734375,33.009857177734375,79.1874209431,-46.63951783572001,125.82693877882002,under_prediction
32,18,173,158.08607,-14.913925170898438,14.913925170898438,88.9602724287,-39.316413508180005,128.27668593688006,under_prediction
32,19,172,161.47289,-10.527114868164062,10.527114868164062,90.30577473939998,-37.27510504842,127.58087978782,under_prediction
32,20,171,155.34082,-15.6591796875,15.6591796875,85.7319665012,-38.83334542471999,124.56531192591999,under_prediction
32,21,170,148.37862,-21.621383666992188,21.621383666992188,76.64548494099998,-36.70905730771999,113.35454224872001,under_prediction
32,22,169,143.04607,-25.953933715820312,25.953933715820312,85.52823179643997,-50.92429682502001,136.45252862146003,under_prediction
32,23,168,130.67952,-37.32048034667969,37.32048034667969,69.43294075729999,-47.19552271777999,116.62846347508003,under_prediction
32,24,167,138.70227,-28.2977294921875,28.2977294921875,73.20739375480002,-42.94731804321999,116.15471179802005,under_prediction
32,25,166,157.03593,-8.964065551757812,8.964065551757812,82.82096622669998,-34.227300433020005,117.04826665972001,under_prediction
32,26,165,152.9889,-12.011093139648438,12.011093139648438,81.58812594819996,-37.04136885651999,118.62949480471997,under_prediction
32,27,164,142.58907,-21.410934448242188,21.410934448242188,79.33620795270002,-45.18932919222,124.52553714492007,under_prediction
32,28,163,135.7905,-27.209503173828125,27.209503173828125,73.7434268095,-46.395140017620015,120.13856682711994,under_prediction
32,29,162,136.12282,-25.877182006835938,25.877182006835938,76.00006326169998,-48.31938683612,124.31945009782001,under_prediction
32,30,161,139.26859,-21.731414794921875,21.731414794921875,76.848026313,-46.021630814850006,122.86965712784996,under_prediction
32,31,160,142.34106,-17.658935546875,17.658935546875,80.1756059779,-46.27669840622,126.45230438412004,under_prediction
32,32,159,141.94337,-17.056625366210938,17.056625366210938,82.19351210599699,-48.69233583112001,130.8858479371171,under_prediction
32,33,158,141.21674,-16.78326416015625,16.78326416015625,81.40875022754996,-48.63430401772,130.04305424527,under_prediction
32,34,157,137.01726,-19.982742309570312,19.982742309570312,79.47127465159996,-50.896350424053985,130.36762507565405,under_prediction
32,35,156,137.1787,-18.821304321289062,18.821304321289062,79.83068534738,-51.094239671420006,130.92492501880002,under_prediction
32,36,155,159.88155,4.8815460205078125,4.8815460205078125,99.80047748660002,-48.36114403027998,148.16162151688002,over_prediction
32,37,154,148.99104,-5.0089569091796875,5.0089569091796875,94.74946232399999,-54.20067916522001,148.95014148922,under_prediction
32,38,153,148.06236,-4.9376373291015625,4.9376373291015625,86.28953418800997,-46.66927495642002,132.9588091444301,under_prediction
32,39,152,145.7281,-6.2718963623046875,6.2718963623046875,89.37762040330007,-52.09180124302001,141.46942164632011,under_prediction
32,40,151,142.05606,-8.943939208984375,8.943939208984375,88.36728519349998,-54.75334031092,143.12062550442002,under_prediction
32,41,150,161.43753,11.437530517578125,11.437530517578125,93.66227515620001,-40.66693945478999,134.32921461099,over_prediction
32,42,149,163.42223,14.422225952148438,14.422225952148438,95.1894491776,-40.20942078932001,135.39886996691993,over_prediction
32,43,148,156.21489,8.214889526367188,8.214889526367188,88.76223242340001,-40.98952937622,129.75176179961994,over_prediction
32,44,147,146.41257,-0.587432861328125,0.587432861328125,81.25103908599995,-43.280775392219994,124.53181447821991,under_prediction
32,45,146,133.96793,-12.032073974609375,12.032073974609375,72.88653150026002,-47.36087267642001,120.24740417668002,under_prediction
32,46,145,134.89587,-10.1041259765625,10.1041259765625,71.92655583579999,-45.472929782719994,117.39948561851998,under_prediction
32,47,144,129.4229,-14.577102661132812,14.577102661132812,67.360160452,-46.37954455362001,113.73970500561998,under_prediction
32,48,143,122.13722,-20.862777709960938,20.862777709960938,61.03991105539999,-47.344910971720005,108.38482202711998,under_prediction
32,49,142,113.756935,-28.243064880371094,28.243064880371094,58.463689977,-53.14898433682,111.61267431381997,under_prediction
32,50,141,117.23989,-23.760108947753906,23.760108947753906,59.03252344499998,-50.234914277720016,109.26743772271998,under_prediction
32,51,140,124.3884,-15.611602783203125,15.611602783203125,62.13476514100002,-46.18866692836998,108.32343206936993,under_prediction
32,52,139,119.350746,-19.649253845214844,19.649253845214844,60.961093794899995,-50.05256454362,111.01365833852002,under_prediction
32,53,138,114.12599,-23.874008178710938,23.874008178710938,54.77020869659999,-49.08645695222,103.85666564882,under_prediction
32,54,137,117.84637,-19.15363311767578,19.15363311767578,57.56388594379999,-48.159718609319995,105.72360455312001,under_prediction
32,55,136,108.27581,-27.72418975830078,27.72418975830078,52.19232213599998,-52.35880763141999,104.55112976742005,under_prediction
32,56,135,114.17189,-20.828109741210938,20.828109741210938,55.71739273970002,-49.98773621288002,105.70512895257998,under_prediction
32,57,134,113.88538,-20.11461639404297,20.11461639404297,56.78526819567001,-51.34210403741999,108.12737223309003,under_prediction
32,58,133,101.892296,-31.107704162597656,31.107704162597656,48.428736924419994,-54.97878267769999,103.40751960211998,under_prediction
32,59,132,88.295135,-43.704864501953125,43.704864501953125,45.72886597879999,-65.87603119052001,111.60489716931995,under_prediction
32,60,131,101.629715,-29.370285034179688,29.370285034179688,45.17917157650001,-51.991702536894984,97.170874113395,under_prediction
32,61,130,102.55408,-27.4459228515625,27.4459228515625,50.695906792549984,-56.58407921535998,107.27998600790995,under_prediction
32,62,129,109.5918,-19.408203125,19.408203125,54.6032136677,-53.45365635075,108.05687001844996,under_prediction
32,63,128,119.70849,-8.291511535644531,8.291511535644531,55.1083874917,-43.842093520119995,98.95048101182007,under_prediction
32,64,127,106.3774,-20.622596740722656,20.622596740722656,50.326865491,-52.39170039042,102.71856588141999,under_prediction
32,65,126,117.31499,-8.685012817382812,8.685012817382812,67.46673186793,-58.59398492511998,126.06071679305,under_prediction
32,66,125,104.15312,-20.846878051757812,20.846878051757812,54.00655065209998,-58.29563848772,112.30218913982,under_prediction
32,67,124,98.64867,-25.351333618164062,25.351333618164062,54.65708810279999,-64.45064134431998,119.10772944711997,under_prediction
32,68,123,102.943405,-20.056594848632812,20.056594848632812,57.451609779399995,-62.950438027720004,120.40204780712,under_prediction
32,69,122,103.59498,-18.40502166748047,18.40502166748047,61.55421442580001,-66.40145301522003,127.95566744102004,under_prediction
32,70,121,102.82852,-18.171478271484375,18.171478271484375,60.84320830179997,-66.45688400405001,127.30009230585001,under_prediction
32,71,120,111.79855,-8.201446533203125,8.201446533203125,68.68886009670003,-65.33251471871999,134.02137481542005,under_prediction
32,72,119,120.04402,1.0440216064453125,1.0440216064453125,66.09522867550199,-54.49345296852999,120.588681644032,over_prediction
32,73,118,110.499504,-7.500495910644531,7.500495910644531,57.722124626599985,-55.664848741619984,113.38697336822001,under_prediction
32,74,117,125.20149,8.201492309570312,8.201492309570312,69.0213951497,-52.26210857400001,121.28350372369995,over_prediction
32,75,116,127.120705,11.120704650878906,11.120704650878906,70.0370947493,-51.35859161352,121.39568636282003,over_prediction
32,76,115,113.9363,-1.0636978149414062,1.0636978149414062,68.68053209596002,-63.186480180419984,131.86701227638005,under_prediction
32,77,114,121.69641,7.6964111328125,7.6964111328125,67.22488774389997,-53.97071209932001,121.19559984321995,over_prediction
32,78,113,127.18549,14.185493469238281,14.185493469238281,67.2680772984,-48.52475774402002,115.79283504242001,over_prediction
32,79,112,126.37121,14.371208190917969,14.371208190917969,70.83728835409998,-52.90837612432,123.74566447841997,over_prediction
32,80,111,118.169395,7.169395446777344,7.169395446777344,68.5124249745,-58.78528394452,127.29770891902007,over_prediction
32,81,110,122.25553,12.255531311035156,12.255531311035156,77.23440618549999,-63.42116667130002,140.65557285680003,over_prediction
32,82,109,107.93338,-1.066619873046875,1.066619873046875,60.5104894305,-61.01934281722001,121.52983224772,under_prediction
32,83,108,94.03605,-13.963951110839844,13.963951110839844,55.03490557810001,-69.44109335372002,124.47599893182003,under_prediction
32,84,107,109.57469,2.5746917724609375,2.5746917724609375,65.6417764054,-64.50937786472,130.15115427012003,over_prediction
32,85,106,96.84458,-9.155418395996094,9.155418395996094,52.877073497729995,-64.47474320871999,117.35181670644998,under_prediction
32,86,105,93.04157,-11.958427429199219,11.958427429199219,53.22186886200001,-68.62252393361999,121.84439279562002,under_prediction
32,87,104,92.230804,-11.769195556640625,11.769195556640625,54.9223314579,-71.13378544247,126.05611690036997,under_prediction
32,88,103,81.5772,-21.42279815673828,21.42279815673828,46.090577111655,-72.95561872042002,119.04619583207503,under_prediction
32,89,102,90.5212,-11.478797912597656,11.478797912597656,56.302699867599976,-74.22371298692,130.52641285452,under_prediction
32,90,101,120.47995,19.479949951171875,19.479949951171875,69.8575801124,-57.819852786420014,127.67743289882003,over_prediction
32,91,100,96.62378,-3.376220703125,3.376220703125,54.245034444799984,-66.06345248571998,120.30848693051999,under_prediction
32,92,99,104.46242,5.4624176025390625,5.4624176025390625,60.96622671129997,-64.94599512235,125.91222183364998,over_prediction
32,93,98,99.37975,1.3797531127929688,1.3797531127929688,58.87897946385999,-67.94142971541999,126.82040917927998,over_prediction
32,94,97,102.678925,5.678924560546875,5.678924560546875,52.275475474700016,-58.03872435772001,110.31419983241996,over_prediction
32,95,96,90.57383,-5.426170349121094,5.426170349121094,45.76483140392338,-63.633244020219976,109.39807542414343,under_prediction
32,96,95,90.35719,-4.6428070068359375,4.6428070068359375,47.298450329599994,-65.38347277492,112.68192310452,under_prediction
32,97,94,97.91956,3.9195632934570312,3.9195632934570312,49.85912438930002,-60.38175540191999,110.24087979122,over_prediction
32,98,93,84.964386,-8.035614013671875,8.035614013671875,48.550482772289996,-72.02829710512,120.57877987741006,under_prediction
32,99,92,99.36881,7.368812561035156,7.368812561035156,54.59690015729999,-63.67025780612,118.26715796342006,over_prediction
32,100,91,88.370384,-2.6296157836914062,2.6296157836914062,54.15868025179999,-74.2304759659,128.38915621769996,under_prediction
32,101,90,93.00881,3.0088119506835938,3.0088119506835938,60.9059644064,-76.33935621092004,137.24532061732,over_prediction
32,102,89,96.908875,7.90887451171875,7.90887451171875,56.91608657343998,-68.44946560034397,125.36555217378401,over_prediction
32,103,88,88.52225,0.522247314453125,0.522247314453125,53.23298046909999,-73.15301290872003,126.38599337782007,over_prediction
32,104,87,81.897804,-5.102195739746094,5.102195739746094,46.2596243908,-72.80400909282001,119.06363348362002,under_prediction
32,105,86,68.42133,-17.57866668701172,17.57866668701172,41.70681602178001,-81.72769762821996,123.43451365000001,under_prediction
32,106,85,72.35511,-12.644889831542969,12.644889831542969,46.06253612029998,-82.14965358722003,128.21218970752005,under_prediction
32,107,84,73.65993,-10.340072631835938,10.340072631835938,47.633431474300004,-82.41567770822003,130.04910918251997,under_prediction
32,108,83,71.69989,-11.30010986328125,11.30010986328125,49.51574474874001,-86.258095208964,135.77383995770398,under_prediction
32,109,82,83.81856,1.8185577392578125,1.8185577392578125,53.4219958139,-78.04567699612002,131.46767281001988,over_prediction
32,110,81,93.63431,12.634307861328125,12.634307861328125,56.02868652423999,-70.83661773872001,126.86530426296,over_prediction
32,111,80,105.16854,25.168540954589844,25.168540954589844,64.61144468514001,-67.88510726182002,132.49655194696007,over_prediction
32,112,79,88.12118,9.121177673339844,9.121177673339844,58.0972550323,-78.41830957949998,136.51556461180004,over_prediction
32,113,78,96.36597,18.365966796875,18.365966796875,62.72221299590003,-74.79845979330003,137.52067278919992,over_prediction
32,114,77,101.52865,24.528648376464844,24.528648376464844,64.11112158559999,-71.02469109073297,135.13581267633307,over_prediction
32,115,76,90.41339,14.41339111328125,14.41339111328125,58.485834351399994,-76.51468015139999,135.00051450280003,over_prediction
32,116,75,97.0587,22.058700561523438,22.058700561523438,62.76236437209999,-74.14591689199999,136.90828126410005,over_prediction
32,117,74,88.42355,14.423553466796875,14.423553466796875,58.49897599007999,-78.51769519472002,137.01667118479995,over_prediction
32,118,73,81.88716,8.887161254882812,8.887161254882812,56.63689953749999,-83.19201502276,139.82891456026005,over_prediction
32,119,72,62.082787,-9.917213439941406,9.917213439941406,43.405896229700005,-89.76541899832003,133.17131522802006,under_prediction
32,120,71,71.700935,0.7009353637695312,0.7009353637695312,49.35859628509996,-86.09989847502001,135.45849476011998,over_prediction
32,121,70,68.277214,-1.7227859497070312,1.7227859497070312,49.323760320733975,-89.48880689671995,138.81256721745413,under_prediction
32,122,69,65.27607,-3.7239303588867188,3.7239303588867188,48.781872637300026,-91.94809089192,140.72996352922,under_prediction
32,123,68,55.434113,-12.565887451171875,12.565887451171875,46.83584428493001,-99.84403081442,146.6798750993499,under_prediction
32,124,67,56.861427,-10.138572692871094,10.138572692871094,44.55047268840001,-96.13132347322001,140.68179616162013,under_prediction
32,125,66,62.274563,-3.7254371643066406,3.7254371643066406,49.407099835,-95.57484187492,144.9819417099201,under_prediction
32,126,65,62.46462,-2.535381317138672,2.535381317138672,52.12250111901001,-98.10018134191999,150.22268246093006,under_prediction
32,127,64,81.81649,17.816490173339844,17.816490173339844,58.098905419130006,-84.72462781542002,142.8235332345499,over_prediction
32,128,63,70.88284,7.882843017578125,7.882843017578125,50.39903723160001,-87.95848108100003,138.3575183126001,over_prediction
32,129,62,69.64075,7.6407470703125,7.6407470703125,48.54749968319998,-87.34895680705004,135.89645649025,over_prediction
32,130,61,75.27547,14.275466918945312,14.275466918945312,50.6643489989,-83.83109822172003,134.49544722061995,over_prediction
32,131,60,67.4709,7.4709014892578125,7.4709014892578125,45.02731309380002,-85.99869112441999,131.0260042182201,over_prediction
32,132,59,60.150658,1.1506576538085938,1.1506576538085938,46.76087426,-95.05249805956,141.81337231955996,over_prediction
32,133,58,61.35871,3.3587112426757812,3.3587112426757812,46.94667926459999,-94.03024982365001,140.97692908825002,over_prediction
32,134,57,65.50373,8.503730773925781,8.503730773925781,51.396606946199995,-94.33514674042003,145.73175368661998,over_prediction
32,135,56,49.910717,-6.089282989501953,6.089282989501953,45.3447642779,-103.87638474272,149.22114902062015,under_prediction
32,136,55,46.62339,-8.376609802246094,8.376609802246094,45.8958236334,-107.71475443032003,153.61057806372003,under_prediction
32,137,54,46.182964,-7.817035675048828,7.817035675048828,41.793906628200006,-104.05323268701999,145.84713931521995,under_prediction
32,138,53,43.2288,-9.771198272705078,9.771198272705078,42.99888761963,-108.21241579981,151.21130341944004,under_prediction
32,139,52,40.180546,-11.819454193115234,11.819454193115234,40.89849425859999,-109.16027619792006,150.05877045651997,under_prediction
32,140,51,46.642864,-4.357135772705078,4.357135772705078,39.84409073469999,-101.64354396802,141.4876347027201,under_prediction
32,141,50,48.470093,-1.5299072265625,1.5299072265625,42.63503240250001,-102.60721990920004,145.2422523117,under_prediction
32,142,49,48.191452,-0.8085479736328125,0.8085479736328125,41.4644205861,-101.71527564029999,143.17969622639987,under_prediction
32,143,48,40.97277,-7.027229309082031,7.027229309082031,35.89029858106999,-103.3598153055,139.25011388656992,under_prediction
32,144,47,42.14876,-4.851238250732422,4.851238250732422,40.24872540790003,-106.54228888882002,146.7910142967199,under_prediction
32,145,46,40.02973,-5.970268249511719,5.970268249511719,36.55540323020999,-104.96800993762002,141.52341316783,under_prediction
32,146,45,39.133392,-5.866607666015625,5.866607666015625,37.00973980599999,-106.31870949862,143.32844930462002,under_prediction
32,147,44,42.1676,-1.8324012756347656,1.8324012756347656,35.9997671882,-102.27449502402003,138.27426221221998,under_prediction
32,148,43,41.55052,-1.4494781494140625,1.4494781494140625,35.87118306429999,-102.76297346351998,138.63415652781993,under_prediction
32,149,42,37.15005,-4.849948883056641,4.849948883056641,31.855777036499997,-103.14803905602,135.00381609251997,under_prediction
32,150,41,42.86105,1.8610496520996094,1.8610496520996094,34.894285348509996,-100.47553192191997,135.36981727042996,over_prediction
32,151,40,37.086746,-2.9132537841796875,2.9132537841796875,34.652145915400006,-106.00771488282005,140.65986079821997,under_prediction
32,152,39,42.80004,3.8000411987304688,3.8000411987304688,33.9523468766,-99.59462742022002,133.54697429682003,over_prediction
32,153,38,43.060795,5.060794830322266,5.060794830322266,33.70746047480001,-99.08896480962002,132.79642528441994,over_prediction
32,154,37,34.447075,-2.5529251098632812,2.5529251098632812,31.28348589369999,-105.27871308031999,136.56219897402008,under_prediction
32,155,36,33.921875,-2.078125,2.078125,30.435471568399997,-104.95593172342004,135.3914032918201,under_prediction
32,156,35,39.243576,4.2435760498046875,4.2435760498046875,33.85135899500999,-103.05012091134,136.90147990634992,over_prediction
32,157,34,33.475418,-0.5245819091796875,0.5245819091796875,31.002202913200016,-105.96911659032,136.9713195035199,under_prediction
32,158,33,33.508068,0.5080680847167969,0.5080680847167969,34.72202328690001,-109.65627691971999,144.37830020661997,over_prediction
32,159,32,32.13654,0.13653945922851562,0.13653945922851562,32.051876652800004,-108.35765015212002,140.4095268049201,over_prediction
32,160,31,30.340109,-0.6598911285400391,0.6598911285400391,29.5692298119,-107.67142917124995,137.24065898315004,under_prediction
32,161,30,22.596458,-7.403541564941406,7.403541564941406,28.873413395999997,-114.71925370918002,143.59266710517997,under_prediction
32,162,29,23.571936,-5.428064346313477,5.428064346313477,31.674843454000005,-116.54520160510002,148.22004505910004,under_prediction
32,163,28,25.604033,-2.395967483520508,2.395967483520508,34.625763975199995,-117.46402632750001,152.0897903027,under_prediction
32,164,27,26.629438,-0.3705615997314453,0.3705615997314453,34.93669948379999,-116.74957376692004,151.68627325072,under_prediction
32,165,26,20.4027,-5.597299575805664,5.597299575805664,32.4515513191,-120.49116283122002,152.94271415031997,under_prediction
32,166,25,14.525295,-10.47470474243164,10.47470474243164,29.705332696900008,-123.62232693351996,153.32765963042004,under_prediction
32,167,24,14.963732,-9.03626823425293,9.03626823425293,26.77525614159999,-120.25382362002,147.02907976161998,under_prediction
32,168,23,15.085029,-7.914971351623535,7.914971351623535,26.514369260429998,-119.87163611199698,146.38600537242695,under_prediction
32,169,22,15.20743,-6.792570114135742,6.792570114135742,25.97611978950001,-119.21097474861999,145.18709453811994,under_prediction
32,170,21,12.531555,-8.46844482421875,8.46844482421875,23.814660003899995,-119.72540204102,143.54006204491998,under_prediction
32,171,20,12.785473,-7.214527130126953,7.214527130126953,24.291536365400002,-119.94834896291995,144.23988532832007,under_prediction
32,172,19,13.869296,-5.130703926086426,5.130703926086426,25.616526196800006,-120.18951076562003,145.80603696242008,under_prediction
32,173,18,11.830822,-6.169178009033203,6.169178009033203,25.0542094292,-121.66566239731998,146.71987182652003,under_prediction
32,174,17,11.7240095,-5.2759904861450195,5.2759904861450195,24.72074603900001,-121.43900467171997,146.15975071072,under_prediction
32,175,16,10.099432,-5.900568008422852,5.900568008422852,26.514188792799995,-124.85702488468004,151.37121367748,under_prediction
32,176,15,12.000142,-2.9998579025268555,2.9998579025268555,24.69450023927,-121.13663894012004,145.83113917939002,under_prediction
32,177,14,12.496743,-1.5032567977905273,1.5032567977905273,26.751322205199997,-122.69684286820001,149.44816507340013,under_prediction
32,178,13,9.27626,-3.7237396240234375,3.7237396240234375,26.862921202250003,-126.02892946541996,152.89185066767004,under_prediction
32,179,12,6.801675,-5.198325157165527,5.198325157165527,26.501010389399998,-128.14162048042002,154.64263086981993,under_prediction
32,180,11,8.381876,-2.618124008178711,2.618124008178711,25.479646733880006,-125.54005695242002,151.0197036862999,under_prediction
32,181,10,8.70412,-1.2958803176879883,1.2958803176879883,24.16441000969999,-123.90257484972004,148.06698485942005,under_prediction
32,182,9,9.457682,0.45768165588378906,0.45768165588378906,26.3287700064,-125.31337992002001,151.64214992642005,over_prediction
32,183,8,8.071914,0.0719137191772461,0.0719137191772461,24.842303702600002,-125.21267199502,150.05497569761994,over_prediction
32,184,7,10.89769,3.8976898193359375,3.8976898193359375,30.208697065899997,-127.75329285371998,157.96198991962,over_prediction
32,185,6,9.364699,3.364699363708496,3.364699363708496,25.82293876880001,-124.90051798952001,150.7234567583201,over_prediction
32,186,5,8.623897,3.623896598815918,3.623896598815918,26.013576360499993,-125.83197766522,151.84555402572002,over_prediction
32,187,4,6.4641037,2.4641036987304688,2.4641036987304688,24.692919433569998,-126.67110520461998,151.36402463819007,over_prediction
32,188,3,4.4677234,1.4677233695983887,1.4677233695983887,23.879321712200003,-127.85388663072,151.73320834292002,over_prediction
32,189,2,5.001014,3.001014232635498,3.001014232635498,25.958325494199993,-129.39959986812002,155.35792536232003,over_prediction
32,190,1,5.628379,4.628378868103027,4.628378868103027,26.0816736595,-128.89557670802003,154.97725036752,over_prediction
32,191,0,7.7893534,7.789353370666504,7.789353370666504,27.122535427500004,-127.77547032608004,154.89800575358012,over_prediction
34,1,194,196.21204,2.2120361328125,2.2120361328125,112.1355036869,-24.36577590572,136.50127959262005,over_prediction
34,2,193,160.22589,-32.77410888671875,32.77410888671875,104.73869634399999,-52.955051580319996,157.6937479243201,under_prediction
34,3,192,145.4472,-46.55279541015625,46.55279541015625,120.2601342199,-83.25522544401997,203.51535966392004,under_prediction
34,4,191,142.02823,-48.971771240234375,48.971771240234375,102.65399819370998,-69.06800657832002,171.72200477202992,under_prediction
34,5,190,144.36606,-45.633941650390625,45.633941650390625,100.12946488479999,-64.20566221592001,164.33512710072,under_prediction
34,6,189,141.8363,-47.1636962890625,47.1636962890625,97.12224615710001,-63.72820575462,160.85045191171992,under_prediction
34,7,188,144.65033,-43.34967041015625,43.34967041015625,98.57857522909998,-62.37052515771999,160.94910038681996,under_prediction
34,8,187,179.49837,-7.5016326904296875,7.5016326904296875,120.08539076570001,-49.02921653544001,169.11460730114,under_prediction
34,9,186,158.22093,-27.779067993164062,27.779067993164062,111.52697135060001,-61.748340698720014,173.2753120493201,under_prediction
34,10,185,160.57875,-24.421249389648438,24.421249389648438,111.5458091296,-59.4093059292,170.95511505880003,under_prediction
34,11,184,146.6811,-37.31889343261719,37.31889343261719,97.21098728534996,-58.97215574205999,156.18314302740993,under_prediction
34,12,183,153.66293,-29.337066650390625,29.337066650390625,99.01616652549995,-53.79552773132,152.81169425682006,under_prediction
34,13,182,149.79819,-32.201812744140625,32.201812744140625,92.0737145475,-50.71776375285001,142.79147830035012,under_prediction
34,14,181,137.0615,-43.938507080078125,43.938507080078125,81.4650030432,-52.845732940720005,134.31073598392,under_prediction
34,15,180,148.89124,-31.1087646484375,31.1087646484375,91.08409700083,-50.63514858392001,141.71924558475004,under_prediction
34,16,179,150.78088,-28.2191162109375,28.2191162109375,90.40494020610005,-48.066462927434976,138.47140313353503,under_prediction
34,17,178,131.00745,-46.9925537109375,46.9925537109375,77.0808738362,-54.51570009642001,131.59657393262003,under_prediction
34,18,177,164.7913,-12.208694458007812,12.208694458007812,102.91261398499996,-46.56362656051998,149.47624054551986,under_prediction
34,19,176,146.54099,-29.459014892578125,29.459014892578125,82.53371654920002,-44.43502274372,126.96873929292003,under_prediction
34,20,175,156.60753,-18.392471313476562,18.392471313476562,96.24602114040003,-48.08077074502001,144.32679188542002,under_prediction
34,21,174,143.05992,-30.940078735351562,30.940078735351562,84.10283021500001,-49.48520788642001,133.58803810142,under_prediction
34,22,173,142.86943,-30.130569458007812,30.130569458007812,78.8209372743,-44.393853473420016,123.21479074771993,under_prediction
34,23,172,157.78539,-14.214614868164062,14.214614868164062,89.11677105900003,-39.77361130722001,128.89038236622005,under_prediction
34,24,171,164.5166,-6.4833984375,6.4833984375,92.31610351100001,-36.241700368779995,128.55780387978012,under_prediction
34,25,170,162.73994,-7.2600555419921875,7.2600555419921875,100.18326867766,-45.88544930842,146.0687179860801,under_prediction
34,26,169,158.86258,-10.137420654296875,10.137420654296875,101.52252593999998,-51.10215133302002,152.62467727301993,under_prediction
34,27,168,157.91516,-10.0848388671875,10.0848388671875,94.84133899559998,-45.36833905842,140.20967805401997,under_prediction
34,28,167,159.95966,-7.04034423828125,7.04034423828125,92.8582356665,-41.340639421780004,134.1988750882801,under_prediction
34,29,166,171.57082,5.5708160400390625,5.5708160400390625,99.75993131563698,-36.63130092661999,136.39123224225696,over_prediction
34,30,165,159.7289,-5.2711029052734375,5.2711029052734375,89.99252904858997,-38.70571608421999,128.69824513280997,under_prediction
34,31,164,160.82074,-3.17926025390625,3.17926025390625,93.17023980290001,-40.791694284920005,133.96193408782,under_prediction
34,32,163,155.23357,-7.7664337158203125,7.7664337158203125,85.56785671406001,-38.77650133972001,124.34435805377998,under_prediction
34,33,162,150.78477,-11.215225219726562,11.215225219726562,83.57376669,-41.23122410543999,124.80499079543999,under_prediction
34,34,161,152.7861,-8.213897705078125,8.213897705078125,86.65632192697998,-42.31236903112,128.96869095809996,under_prediction
34,35,160,148.1038,-11.896194458007812,11.896194458007812,78.94881787279999,-39.287173448519994,118.23599132131996,under_prediction
34,36,159,161.66179,2.6617889404296875,2.6617889404296875,86.49426210580002,-33.27466825171999,119.76893035752,over_prediction
34,37,158,153.38603,-4.6139678955078125,4.6139678955078125,84.27181473130003,-39.327796596229994,123.59961132753001,under_prediction
34,38,157,145.11887,-11.881134033203125,11.881134033203125,79.46908989439999,-42.79247035551999,122.26156024992001,under_prediction
34,39,156,146.27567,-9.724334716796875,9.724334716796875,80.2505339216,-42.41701474871999,122.66754867031999,under_prediction
34,40,155,137.3456,-17.654403686523438,17.654403686523438,74.17053555769999,-45.26717261695998,119.43770817466003,under_prediction
34,41,154,139.44838,-14.551620483398438,14.551620483398438,79.94108877119999,-48.93489388822001,128.87598265941995,under_prediction
34,42,153,142.9148,-10.085205078125,10.085205078125,83.354125401,-48.881607082519984,132.23573248352008,under_prediction
34,43,152,132.19778,-19.802215576171875,19.802215576171875,73.40568004816001,-49.65016624672001,123.05584629487996,under_prediction
34,44,151,141.91414,-9.085861206054688,9.085861206054688,84.83377155289996,-51.361844817419986,136.19561637032007,under_prediction
34,45,150,132.20515,-17.794845581054688,17.794845581054688,83.24496240660004,-59.482221281720015,142.72718368832,under_prediction
34,46,149,141.33488,-7.6651153564453125,7.6651153564453125,82.054898363,-49.162289026120014,131.21718738912003,under_prediction
34,47,148,156.83798,8.837982177734375,8.837982177734375,85.20001219321,-36.80435362340001,122.00436581661,over_prediction
34,48,147,152.01978,5.019775390625,5.019775390625,86.90349640039997,-43.32594764029998,130.22944404070003,over_prediction
34,49,146,136.31609,-9.683914184570312,9.683914184570312,75.35998214529998,-47.48608788699999,122.84607003229993,under_prediction
34,50,145,131.1001,-13.89990234375,13.89990234375,84.605407219,-61.94753147062,146.55293868962,under_prediction
34,51,144,128.71638,-15.283615112304688,15.283615112304688,80.16046067723003,-59.88636348571998,140.04682416294997,under_prediction
34,52,143,146.61649,3.616485595703125,3.616485595703125,93.85821698310002,-55.68393717722,149.5421541603201,over_prediction
34,53,142,136.92445,-5.0755462646484375,5.0755462646484375,84.99986341330003,-56.51756001342,141.51742342672,under_prediction
34,54,141,138.60925,-2.3907470703125,2.3907470703125,88.961263285,-58.794170433219996,147.75543371821996,under_prediction
34,55,140,127.13048,-12.869522094726562,12.869522094726562,71.80050205160002,-53.112276939350004,124.91277899094999,under_prediction
34,56,139,130.07866,-8.921340942382812,8.921340942382812,74.606193813,-52.96984262632001,127.57603643932002,under_prediction
34,57,138,133.95253,-4.0474700927734375,4.0474700927734375,78.61383136220002,-53.10364667281999,131.71747803502,under_prediction
34,58,137,137.53427,0.534271240234375,0.534271240234375,78.71104448320006,-49.61909448542001,128.33013896862008,over_prediction
34,59,136,165.78465,29.784652709960938,29.784652709960938,97.11436917069996,-39.772032716220004,136.88640188691988,over_prediction
34,60,135,119.53342,-15.466583251953125,15.466583251953125,70.61663364980001,-59.52550437171999,130.14213802152,under_prediction
34,61,134,113.861565,-20.13843536376953,20.13843536376953,68.58378285830001,-63.16445785040001,131.74824070870002,under_prediction
34,62,133,109.09656,-23.9034423828125,23.9034423828125,65.38070077629996,-64.72637653130002,130.10707730760006,under_prediction
34,63,132,104.49788,-27.502120971679688,27.502120971679688,62.11790665020001,-66.06230989471999,128.18021654492003,under_prediction
34,64,131,101.582375,-29.417625427246094,29.417625427246094,61.36453640509998,-68.22439815422,129.58893455931997,under_prediction
34,65,130,90.589714,-39.41028594970703,39.41028594970703,54.22779236479998,-72.08028981592001,126.30808218071998,under_prediction
34,66,129,105.42205,-23.57794952392578,23.57794952392578,62.9133822148,-65.93353282202003,128.84691503681998,under_prediction
34,67,128,107.64197,-20.3580322265625,20.3580322265625,64.4025564581,-65.20280970872001,129.60536616682012,under_prediction
34,68,127,119.390015,-7.6099853515625,7.6099853515625,66.19785552240002,-55.24999188662,121.44784740902,under_prediction
34,69,126,130.17126,4.1712646484375,4.1712646484375,79.31399525253,-57.58502060007999,136.89901585261,over_prediction
34,70,125,140.88383,15.883834838867188,15.883834838867188,79.0726874608,-46.63115747572,125.70384493652006,over_prediction
34,71,124,133.8002,9.800201416015625,9.800201416015625,73.42425162010002,-48.06635581311999,121.49060743321999,over_prediction
34,72,123,125.21926,2.2192611694335938,2.2192611694335938,71.12344340390001,-54.346411359299985,125.4698547632,over_prediction
34,73,122,130.57344,8.573440551757812,8.573440551757812,76.64728345959999,-54.516085068819976,131.16336852842,over_prediction
34,74,121,139.01965,18.0196533203125,18.0196533203125,79.05526604572998,-48.477877548989994,127.53314359472,over_prediction
34,75,120,136.31306,16.313064575195312,16.313064575195312,79.52816826147998,-51.657426378020006,131.18559463950004,over_prediction
34,76,119,128.09581,9.095809936523438,9.095809936523438,73.2749073005,-53.62144825272,126.89635555322005,over_prediction
34,77,118,127.40154,9.401542663574219,9.401542663574219,74.2376168279,-55.278460634019986,129.51607746192002,over_prediction
34,78,117,118.58894,1.5889434814453125,1.5889434814453125,67.48088994390001,-57.33411963022003,124.81500957412003,over_prediction
34,79,116,126.42774,10.427742004394531,10.427742004394531,74.34972633870002,-56.36419334711999,130.71391968581992,over_prediction
34,80,115,119.15663,4.1566314697265625,4.1566314697265625,70.85896976799998,-60.14449597222,131.00346574022,over_prediction
34,81,114,103.47034,-10.5296630859375,10.5296630859375,64.9911091924,-69.96297074912006,134.95407994152,under_prediction
34,82,113,101.04474,-11.95526123046875,11.95526123046875,56.3015285736,-63.69892224502001,120.00045081862002,under_prediction
34,83,112,114.81307,2.8130722045898438,2.8130722045898438,64.17344672419999,-57.80249567992001,121.97594240412002,over_prediction
34,84,111,102.761406,-8.238594055175781,8.238594055175781,54.056873380960035,-59.73766626836,113.79453964932,under_prediction
34,85,110,105.03649,-4.963508605957031,4.963508605957031,53.545836411,-56.95150263142001,110.49733904242002,under_prediction
34,86,109,100.586555,-8.413444519042969,8.413444519042969,51.9041869235,-59.75982253921999,111.66400946272003,under_prediction
34,87,108,96.13591,-11.864089965820312,11.864089965820312,50.249920748650005,-62.556163817420014,112.80608456607003,under_prediction
34,88,107,106.75536,-0.24463653564453125,0.24463653564453125,57.31912948894002,-59.00597339342001,116.32510288235999,under_prediction
34,89,106,83.97893,-22.021072387695312,22.021072387695312,47.98122673859998,-72.44449081442004,120.42571755302002,under_prediction
34,90,105,92.829346,-12.170654296875,12.170654296875,49.533319299999995,-65.14616848142002,114.67948778142002,under_prediction
34,91,104,97.10065,-6.89935302734375,6.89935302734375,56.18234479650001,-67.52381419132,123.70615898782003,under_prediction
34,92,103,110.121086,7.121086120605469,7.121086120605469,63.93536318019999,-62.256433930219984,126.19179711042001,over_prediction
34,93,102,101.46136,-0.5386428833007812,0.5386428833007812,58.4258152802,-65.40664429161998,123.83245957182002,under_prediction
34,94,101,90.182434,-10.81756591796875,10.81756591796875,50.2199777827,-68.47980376032001,118.69978154302002,under_prediction
34,95,100,87.71704,-12.282958984375,12.282958984375,45.67847221430001,-66.40361388992,112.08208610422,under_prediction
34,96,99,97.43104,-1.5689620971679688,1.5689620971679688,54.86566668379999,-65.87684993802,120.74251662181999,under_prediction
34,97,98,101.56886,3.5688629150390625,3.5688629150390625,56.9556463162,-63.828973003819975,120.78461932002,over_prediction
34,98,97,102.775314,5.7753143310546875,5.7753143310546875,52.8997479425,-58.56665905855999,111.46640700106006,over_prediction
34,99,96,103.10506,7.1050567626953125,7.1050567626953125,53.898640943000004,-59.23582529692,113.13446623992002,over_prediction
34,100,95,101.81334,6.8133392333984375,6.8133392333984375,53.466018873999985,-60.094901084719986,113.56091995872004,over_prediction
34,101,94,103.46714,9.467140197753906,9.467140197753906,54.263556357399985,-59.23866806909998,113.50222442649999,over_prediction
34,102,93,82.92042,-10.079582214355469,10.079582214355469,41.33320717409998,-66.85496376472001,108.18817093882005,under_prediction
34,103,92,79.86208,-12.137916564941406,12.137916564941406,37.7675355127,-66.34767136632,104.11520687902001,under_prediction
34,104,91,90.607155,-0.39284515380859375,0.39284515380859375,45.02277611999999,-62.85784606118001,107.88062218117994,under_prediction
34,105,90,71.2529,-18.747100830078125,18.747100830078125,37.108030620099996,-74.29734471911998,111.40537533921996,under_prediction
34,106,89,74.47176,-14.528236389160156,14.528236389160156,30.11878271899999,-64.08921208172,94.20799480072,under_prediction
34,107,88,73.24806,-14.751937866210938,14.751937866210938,31.0535538643,-66.24774693931998,97.30130080361998,under_prediction
34,108,87,70.27269,-16.727310180664062,16.727310180664062,28.455401266999992,-66.62495495892003,95.08035622592004,under_prediction
34,109,86,71.80178,-14.198219299316406,14.198219299316406,29.777265014349993,-66.41767707362004,96.19494208797003,under_prediction
34,110,85,66.10241,-18.89759063720703,18.89759063720703,29.5224959207,-71.86229906242,101.38479498311999,under_prediction
34,111,84,66.05444,-17.945556640625,17.945556640625,31.360126454000003,-73.74787329340238,105.10799974740237,under_prediction
34,112,83,64.63129,-18.36871337890625,18.36871337890625,31.505990551340005,-75.31692065568,106.82291120701997,under_prediction
34,113,82,66.63232,-15.367683410644531,15.367683410644531,33.1711296957,-74.98098971501997,108.15211941072002,under_prediction
34,114,81,61.666367,-19.333633422851562,19.333633422851562,29.485463436199996,-76.26137577852,105.74683921472003,under_prediction
34,115,80,64.18356,-15.816436767578125,15.816436767578125,29.84309492059999,-74.10183427882,103.94492919941997,under_prediction
34,116,79,65.0572,-13.942802429199219,13.942802429199219,28.406783333680007,-71.79190781437002,100.19869114804996,under_prediction
34,117,78,60.530228,-17.469772338867188,17.469772338867188,27.96636941289999,-75.87847832740303,103.84484774030304,under_prediction
34,118,77,68.62247,-8.377532958984375,8.377532958984375,33.10383405519999,-72.92362301152001,106.02745706672002,under_prediction
34,119,76,62.407166,-13.59283447265625,13.59283447265625,30.634854501499994,-76.67004313312002,107.30489763462,under_prediction
34,120,75,63.62694,-11.373058319091797,11.373058319091797,32.87301851840001,-77.68844262862002,110.56146114701998,under_prediction
34,121,74,63.717674,-10.282325744628906,10.282325744628906,32.72432257309001,-77.44897897171997,110.17330154480996,under_prediction
34,122,73,61.324627,-11.675373077392578,11.675373077392578,31.9232162674,-79.04093858282002,110.96415485021997,under_prediction
34,123,72,56.413734,-15.586265563964844,15.586265563964844,29.951497394900017,-81.98009552272,111.93159291762002,under_prediction
34,124,71,55.900734,-15.099266052246094,15.099266052246094,36.67425593130002,-89.21585366311997,125.89010959441998,under_prediction
34,125,70,51.977947,-18.022052764892578,18.022052764892578,32.4798279194,-88.94423208122006,121.42406000062007,under_prediction
34,126,69,58.99508,-10.004920959472656,10.004920959472656,35.714990606700006,-85.16224822827998,120.87723883497998,under_prediction
34,127,68,53.845848,-14.154151916503906,14.154151916503906,36.91542915190001,-91.51191645532005,128.42734560722008,under_prediction
34,128,67,46.846794,-20.15320587158203,20.15320587158203,27.973803912900006,-89.56938068328998,117.54318459619003,under_prediction
34,129,66,55.274017,-10.725982666015625,10.725982666015625,32.2438313042,-85.41214523472,117.65597653891994,under_prediction
34,130,65,48.802334,-16.19766616821289,16.19766616821289,28.248497380000003,-87.88848806202002,116.13698544202005,under_prediction
34,131,64,53.481995,-10.51800537109375,10.51800537109375,28.5473878808,-83.50773661682003,112.05512449762001,under_prediction
34,132,63,53.09144,-9.908561706542969,9.908561706542969,28.0520454004,-83.40294882252003,111.45499422292002,under_prediction
34,133,62,40.22068,-21.779319763183594,21.779319763183594,28.570817232120007,-96.79244367771996,125.36326090983994,under_prediction
34,134,61,48.27179,-12.72821044921875,12.72821044921875,29.789309778800003,-89.95984330868998,119.74915308749,under_prediction
34,135,60,47.399277,-12.600723266601562,12.600723266601562,28.433783924,-89.47681923036001,117.91060315435995,under_prediction
34,136,59,49.794025,-9.205974578857422,9.205974578857422,30.929138208500003,-89.57739596692004,120.50653417542004,under_prediction
34,137,58,52.531693,-5.4683074951171875,5.4683074951171875,32.19857719,-88.10920178491999,120.30777897492,under_prediction
34,138,57,54.067146,-2.9328536987304688,2.9328536987304688,28.2524497537,-82.62758388277001,110.88003363647,under_prediction
34,139,56,52.35628,-3.643718719482422,3.643718719482422,28.66605623030001,-84.75209623801999,113.41815246832,under_prediction
34,140,55,53.619392,-1.3806076049804688,1.3806076049804688,32.2286378102,-87.05153692362,119.28017473382,under_prediction
34,141,54,49.558525,-4.441474914550781,4.441474914550781,29.9840339596,-88.86782503642002,118.85185899601997,under_prediction
34,142,53,52.273384,-0.7266159057617188,0.7266159057617188,28.268558670200004,-84.43748388102001,112.70604255122004,under_prediction
34,143,52,50.690487,-1.3095130920410156,1.3095130920410156,24.0394325176,-81.79124655132003,105.83067906892006,under_prediction
34,144,51,47.817333,-3.182666778564453,3.182666778564453,25.12603468879999,-85.75100523702001,110.87703992582001,under_prediction
34,145,50,47.10483,-2.8951683044433594,2.8951683044433594,24.859550076099996,-86.19703210091002,111.05658217701004,under_prediction
34,146,49,52.06909,3.069091796875,3.069091796875,24.39715166159999,-80.77036823105001,105.16751989264998,over_prediction
34,147,48,46.615383,-1.3846168518066406,1.3846168518066406,25.418530398599998,-87.24545780062903,112.66398819922902,under_prediction
34,148,47,36.650276,-10.349723815917969,10.349723815917969,21.289422023300002,-93.08145611992002,114.37087814321998,under_prediction
34,149,46,44.24406,-1.7559394836425781,1.7559394836425781,27.937442805000014,-92.13570041002,120.07314321502,under_prediction
34,150,45,42.003563,-2.9964370727539062,2.9964370727539062,28.834445312999996,-95.27319535502002,124.10764066802005,under_prediction
34,151,44,45.137848,1.137847900390625,1.137847900390625,27.028774805499992,-90.33328336522003,117.36205817071999,over_prediction
34,152,43,45.7963,2.7962989807128906,2.7962989807128906,27.187337838199987,-89.83337609328,117.02071393148002,over_prediction
34,153,42,48.4503,6.450298309326172,6.450298309326172,29.654600219400002,-89.64660445351998,119.30120467291995,over_prediction
34,154,41,49.155853,8.155853271484375,8.155853271484375,25.99695716022,-85.28344745242002,111.28040461264,over_prediction
34,155,40,44.639847,4.6398468017578125,4.6398468017578125,26.565902330400007,-90.36836057412,116.93426290451997,over_prediction
34,156,39,44.26362,5.263618469238281,5.263618469238281,27.459938346,-91.63861542378997,119.09855376978996,over_prediction
34,157,38,35.547127,-2.4528732299804688,2.4528732299804688,22.4168727904,-95.31207497532003,117.72894776571997,under_prediction
34,158,37,36.45407,-0.545928955078125,0.545928955078125,23.016409260499998,-95.00465505182,118.02106431231996,under_prediction
34,159,36,39.76096,3.7609596252441406,3.7609596252441406,24.148618190000008,-92.82996574532001,116.97858393531997,over_prediction
34,160,35,38.29621,3.2962112426757812,3.2962112426757812,21.26480048590001,-91.41091647982,112.67571696572,over_prediction
34,161,34,37.48034,3.4803390502929688,3.4803390502929688,21.391804480200005,-92.35382496572002,113.7456294459199,over_prediction
34,162,33,36.0962,3.0961990356445312,3.0961990356445312,23.5741500732,-95.92028851832004,119.49443859152005,over_prediction
34,163,32,36.81951,4.819511413574219,4.819511413574219,22.879814784000004,-94.50267831692004,117.38249310092002,over_prediction
34,164,31,33.344013,2.344013214111328,2.344013214111328,21.644860427300003,-96.74318269585599,118.38804312315598,over_prediction
34,165,30,29.380907,-0.6190929412841797,0.6190929412841797,25.056618237649996,-104.11800204252003,129.17462028017005,under_prediction
34,166,29,33.85282,4.852821350097656,4.852821350097656,26.7961800451,-101.38569333812002,128.18187338321997,over_prediction
34,167,28,28.46356,0.4635601043701172,0.4635601043701172,25.446799804099996,-105.42555486101996,130.87235466512007,over_prediction
34,168,27,25.722715,-1.2772846221923828,1.2772846221923828,25.561993500500005,-108.28157177591999,133.84356527641998,under_prediction
34,169,26,24.67017,-1.3298301696777344,1.3298301696777344,24.660830472599997,-108.43294759471998,133.09377806731993,under_prediction
34,170,25,23.854586,-1.1454143524169922,1.1454143524169922,26.708887410000003,-111.29659438891996,138.00548179892,under_prediction
34,171,24,31.321424,7.32142448425293,7.32142448425293,30.777398315770004,-107.89828827452001,138.67568659029004,over_prediction
34,172,23,25.993074,2.993074417114258,2.993074417114258,28.107674072999988,-110.55688948521993,138.66456355821992,over_prediction
34,173,22,22.418694,0.41869354248046875,0.41869354248046875,27.042646041300003,-113.06624874422002,140.10889478551994,over_prediction
34,174,21,24.542614,3.542613983154297,3.542613983154297,27.590122279299997,-111.4898080196,139.0799302989001,over_prediction
34,175,20,21.969212,1.9692115783691406,1.9692115783691406,26.503311451500007,-112.97639665926005,139.47970811076001,over_prediction
34,176,19,25.809359,6.809358596801758,6.809358596801758,29.894681253299996,-112.52763009845997,142.4223113517601,over_prediction
34,177,18,21.015652,3.0156517028808594,3.0156517028808594,26.257957404100004,-113.68461175691999,139.94256916101997,over_prediction
34,178,17,22.252672,5.25267219543457,5.25267219543457,27.346380292499994,-113.53601291072,140.8823932032199,over_prediction
34,179,16,22.198895,6.198894500732422,6.198894500732422,26.133459237860006,-112.37686333472004,138.51032257257995,over_prediction
34,180,15,17.72249,2.7224903106689453,2.7224903106689453,23.800522107,-114.52031900181996,138.32084110882,over_prediction
34,181,14,22.727053,8.727052688598633,8.727052688598633,27.3316292724,-113.04685802682,140.37848729921993,over_prediction
34,182,13,19.607485,6.607484817504883,6.607484817504883,29.027458623999994,-117.86226896982,146.88972759382,over_prediction
34,183,12,21.960825,9.960824966430664,9.960824966430664,29.611081911899994,-116.09256940121999,145.70365131312002,over_prediction
34,184,11,21.623106,10.623106002807617,10.623106002807617,29.0723014733,-115.89150850242005,144.96380997572004,over_prediction
34,185,10,17.778667,7.778667449951172,7.778667449951172,25.92106055200001,-116.58469719602007,142.50575774802005,over_prediction
34,186,9,15.22725,6.227250099182129,6.227250099182129,26.463401623799996,-119.67846144651998,146.14186307032006,over_prediction
34,187,8,13.191802,5.191802024841309,5.191802024841309,26.118078817900003,-121.36856421539999,147.48664303329994,over_prediction
34,188,7,7.752446,0.752446174621582,0.752446174621582,22.1514439865,-122.84126720812003,144.99271119462,over_prediction
34,189,6,9.684952,3.6849517822265625,3.6849517822265625,22.476375764460006,-121.23369499902002,143.71007076347996,over_prediction
34,190,5,8.141854,3.1418542861938477,3.1418542861938477,21.2033174458,-121.50375193181995,142.70706937762006,over_prediction
34,191,4,7.3535743,3.353574275970459,3.353574275970459,22.23283440552,-123.32152314400001,145.55435754951998,over_prediction
34,192,3,5.718037,2.7180371284484863,2.7180371284484863,22.887618874700003,-125.61186095966,148.49947983435996,over_prediction
34,193,2,4.9509478,2.9509477615356445,2.9509477615356445,23.491766153700002,-126.98309647461998,150.47486262832004,over_prediction
34,194,1,6.4903336,5.490333557128906,5.490333557128906,24.828352697929994,-126.78029209051999,151.60864478845008,over_prediction
34,195,0,3.3753464,3.3753464221954346,3.3753464221954346,23.1650897661,-128.23201881572004,151.39710858182005,over_prediction
40,1,187,172.71083,-14.289169311523438,14.289169311523438,97.9871545489,-33.718584159319995,131.7057387082201,under_prediction
40,2,186,116.61874,-69.38126373291016,69.38126373291016,72.80818947119998,-64.63167353445998,137.43986300566007,under_prediction
40,3,185,127.51898,-57.48101806640625,57.48101806640625,99.2453305705,-80.16844114868003,179.41377171918,under_prediction
40,4,184,110.58354,-73.41645812988281,73.41645812988281,69.91015955620001,-67.76885574222,137.67901529842,under_prediction
40,5,183,167.86769,-15.132308959960938,15.132308959960938,99.51369632699999,-40.08831061372,139.6020069407201,under_prediction
40,6,182,160.05968,-21.940322875976562,21.940322875976562,90.94042473450003,-39.323069537920006,130.26349427242,under_prediction
40,7,181,147.25949,-33.740509033203125,33.740509033203125,82.86252186117996,-44.04537032417999,126.90789218535997,under_prediction
40,8,180,149.68433,-30.315673828125,30.315673828125,81.95601667710001,-40.714010686919984,122.67002736402003,under_prediction
40,9,179,152.94041,-26.059585571289062,26.059585571289062,81.85677372220002,-37.358740081796,119.21551380399602,under_prediction
40,10,178,141.80426,-36.19573974609375,36.19573974609375,79.12237056019998,-45.760251323119995,124.88262188332,under_prediction
40,11,177,142.2911,-34.708892822265625,34.708892822265625,73.29818028720003,-39.44936996222,112.74755024942004,under_prediction
40,12,176,122.14096,-53.859039306640625,53.859039306640625,66.26318478510001,-52.56440090672001,118.82758569182005,under_prediction
40,13,175,120.28741,-54.71259307861328,54.71259307861328,68.5212346021,-56.67601394999999,125.19724855209999,under_prediction
40,14,174,128.36403,-45.63597106933594,45.63597106933594,64.54551913830001,-44.623774577400006,109.1692937157,under_prediction
40,15,173,110.706764,-62.293235778808594,62.293235778808594,65.17857681219999,-62.91399845791999,128.09257527012005,under_prediction
40,16,172,118.82712,-53.172882080078125,53.172882080078125,62.45940553150001,-52.07449206592002,114.53389759742,under_prediction
40,17,171,115.73415,-55.265846252441406,55.265846252441406,60.687229340899975,-53.395288289719986,114.08251763062003,under_prediction
40,18,170,113.948135,-56.05186462402344,56.05186462402344,61.18953609689999,-55.683637419219984,116.87317351612,under_prediction
40,19,169,111.03696,-57.963043212890625,57.963043212890625,65.4538005911,-62.85906706772003,128.31286765881998,under_prediction
40,20,168,112.119064,-55.88093566894531,55.88093566894531,65.66199684370001,-61.98516934419001,127.64716618788997,under_prediction
40,21,167,122.900375,-44.09962463378906,44.09962463378906,65.95712877090003,-51.499054499219994,117.45618327012002,under_prediction
40,22,166,115.11029,-50.88970947265625,50.88970947265625,59.85668924445999,-53.18860655281001,113.04529579727,under_prediction
40,23,165,118.449326,-46.55067443847656,46.55067443847656,65.09016301169999,-55.08306291571998,120.17322592742003,under_prediction
40,24,164,105.083786,-58.91621398925781,58.91621398925781,58.30043071270001,-61.65887580620001,119.9593065189,under_prediction
40,25,163,114.17243,-48.82756805419922,48.82756805419922,61.45323444490002,-55.7230441706,117.17627861549997,under_prediction
40,26,162,120.40349,-41.59651184082031,41.59651184082031,63.246625869019994,-51.28537617489999,114.53200204391999,under_prediction
40,27,161,134.2521,-26.747894287109375,26.747894287109375,75.97268206190002,-50.162850976720016,126.13553303862005,under_prediction
40,28,160,132.54646,-27.453536987304688,27.453536987304688,76.65421135629998,-52.55005262541997,129.20426398172003,under_prediction
40,29,159,132.8264,-26.173599243164062,26.173599243164062,76.41032287874005,-52.026205855339995,128.43652873408007,under_prediction
40,30,158,139.48245,-18.517547607421875,18.517547607421875,78.26209797139998,-47.22207521071999,125.48417318211996,under_prediction
40,31,157,141.36858,-15.631423950195312,15.631423950195312,83.08785154959794,-50.161644406419995,133.249495956018,under_prediction
40,32,156,165.68864,9.688644409179688,9.688644409179688,101.1759325234,-43.92963305872001,145.10556558212014,over_prediction
40,33,155,143.87091,-11.12908935546875,11.12908935546875,86.1215559177,-50.692980031619996,136.81453594931995,under_prediction
40,34,154,134.30789,-19.692108154296875,19.692108154296875,81.80083812049998,-55.93520126482,137.73603938532003,under_prediction
40,35,153,123.381485,-29.618515014648438,29.618515014648438,73.31668393630002,-58.377388533719994,131.69407247002007,under_prediction
40,36,152,98.92206,-53.07794189453125,53.07794189453125,55.03267592620001,-64.55284120312001,119.58551712931998,under_prediction
40,37,151,111.42622,-39.57377624511719,39.57377624511719,60.689871981260026,-57.70588418022001,118.39575616147995,under_prediction
40,38,150,113.22525,-36.774749755859375,36.774749755859375,59.08067782303001,-54.297708587380015,113.37838641041,under_prediction
40,39,149,127.381676,-21.618324279785156,21.618324279785156,81.69220774309998,-62.752812852279995,144.44502059538,under_prediction
40,40,148,101.83632,-46.16368103027344,46.16368103027344,64.64683788469999,-71.25277891472003,135.89961679942,under_prediction
40,41,147,96.392654,-50.60734558105469,50.60734558105469,58.67038120149999,-70.71995944872,129.39034065022,under_prediction
40,42,146,110.16753,-35.83247375488281,35.83247375488281,59.50535767253999,-57.78007065331998,117.28542832586002,under_prediction
40,43,145,108.11603,-36.88397216796875,36.88397216796875,61.165922691000006,-61.49214931182001,122.65807200282002,under_prediction
40,44,144,121.89225,-22.107749938964844,22.107749938964844,67.45366971489997,-54.003705079119996,121.45737479402003,under_prediction
40,45,143,118.056435,-24.943565368652344,24.943565368652344,67.86221847669998,-58.24805851852001,126.11027699522005,under_prediction
40,46,142,114.78082,-27.21917724609375,27.21917724609375,68.4111383183,-62.07257935971998,130.48371767801996,under_prediction
40,47,141,110.17635,-30.823646545410156,30.823646545410156,63.98894046100002,-62.25480371666,126.24374417766,under_prediction
40,48,140,99.99622,-40.00377655029297,40.00377655029297,59.298032977999995,-67.74406184922002,127.04209482722007,under_prediction
40,49,139,98.48424,-40.51576232910156,40.51576232910156,60.19443832099998,-70.15245213505003,130.3468904560501,under_prediction
40,50,138,97.647026,-40.35297393798828,40.35297393798828,60.31959147090001,-71.11480829127002,131.43439976217002,under_prediction
40,51,137,103.64015,-33.35984802246094,33.35984802246094,60.28081949200002,-65.08291764938998,125.36373714139003,under_prediction
40,52,136,97.8752,-38.12480163574219,38.12480163574219,59.13321510299999,-69.70026407672,128.83347917972,under_prediction
40,53,135,108.93375,-26.066253662109375,26.066253662109375,61.26498625949999,-60.773434095220004,122.03842035472002,under_prediction
40,54,134,122.24865,-11.751350402832031,11.751350402832031,62.84847703400001,-49.04201018372001,111.89048721772002,under_prediction
40,55,133,111.403244,-21.596755981445312,21.596755981445312,60.97478466600001,-58.01376630773999,118.98855097374006,under_prediction
40,56,132,115.35182,-16.648178100585938,16.648178100585938,70.80221878699999,-63.89260866771997,134.69482745472,under_prediction
40,57,131,136.42598,5.4259796142578125,5.4259796142578125,76.48364282460001,-48.499923930020024,124.98356675462001,over_prediction
40,58,130,135.94017,5.9401702880859375,5.9401702880859375,68.11123053459997,-40.61338125012,108.72461178472,over_prediction
40,59,129,127.36386,-1.636138916015625,1.636138916015625,63.1891121748,-44.26750184572002,107.45661402051998,under_prediction
40,60,128,127.751045,-0.24895477294921875,0.24895477294921875,68.3316070504,-49.02277091122,117.35437796161999,under_prediction
40,61,127,110.83533,-16.1646728515625,16.1646728515625,59.105420687000006,-56.712308950920004,115.81772963792,under_prediction
40,62,126,107.28664,-18.713363647460938,18.713363647460938,55.28942831560001,-56.445039576019994,111.73446789161993,under_prediction
40,63,125,111.01005,-13.989952087402344,13.989952087402344,59.26396790130002,-56.69613756799999,115.96010546929993,under_prediction
40,64,124,103.846016,-20.15398406982422,20.15398406982422,55.96834499882002,-60.56455092171999,116.53289592054003,under_prediction
40,65,123,127.32103,4.3210296630859375,4.3210296630859375,63.60815182869999,-44.72930245882,108.33745428752,over_prediction
40,66,122,117.798294,-4.2017059326171875,4.2017059326171875,59.43001038119999,-50.07397794571999,109.50398832692,under_prediction
40,67,121,129.35901,8.3590087890625,8.3590087890625,61.50679711639001,-40.59005216472001,102.09684928111002,over_prediction
40,68,120,122.85587,2.8558731079101562,2.8558731079101562,61.71747398910002,-47.30380018471999,109.02127417382005,over_prediction
40,69,119,124.33669,5.336692810058594,5.336692810058594,62.99281950232998,-47.09829343209998,110.09111293442996,over_prediction
40,70,118,121.403175,3.4031753540039062,3.4031753540039062,63.69154088379999,-50.73053611671999,114.42207700051998,over_prediction
40,71,117,117.45898,0.45897674560546875,0.45897674560546875,57.21462172439996,-48.197820104719995,105.41244182912003,over_prediction
40,72,116,112.9522,-3.0477981567382812,3.0477981567382812,53.468206985399995,-48.95819864762,102.42640563301998,under_prediction
40,73,115,99.12965,-15.870353698730469,15.870353698730469,54.53486443096998,-63.84746565672,118.3823300876901,under_prediction
40,74,114,102.89152,-11.108482360839844,11.108482360839844,56.535402821499986,-62.08609534132,118.62149816281999,under_prediction
40,75,113,102.55249,-10.447509765625,10.447509765625,57.44369717459999,-63.333434021155966,120.77713119575606,under_prediction
40,76,112,96.36032,-15.639678955078125,15.639678955078125,54.7722075827,-66.85411806714004,121.62632564984,under_prediction
40,77,111,84.84197,-26.15802764892578,26.15802764892578,49.195807699629995,-72.79611134172,121.99191904134995,under_prediction
40,78,110,97.51647,-12.483528137207031,12.483528137207031,59.4368629397,-70.36260515782003,129.79946809752008,under_prediction
40,79,109,90.40089,-18.59911346435547,18.59911346435547,51.62434333379999,-69.66568643222001,121.29002976602,under_prediction
40,80,108,94.30048,-13.699516296386719,13.699516296386719,55.0362969154,-69.17806509862001,124.21436201402003,under_prediction
40,81,107,98.89747,-8.102531433105469,8.102531433105469,59.21270239315002,-68.75746297112,127.97016536427002,under_prediction
40,82,106,94.05148,-11.948516845703125,11.948516845703125,53.27249739389998,-67.66328938829996,120.9357867822,under_prediction
40,83,105,87.6732,-17.326797485351562,17.326797485351562,48.172063584621,-68.94110875929604,117.11317234391706,under_prediction
40,84,104,82.93456,-21.06543731689453,21.06543731689453,46.246385372599995,-71.75403628199,118.00042165458997,under_prediction
40,85,103,91.39336,-11.606643676757812,11.606643676757812,50.24995564800002,-67.29878198182003,117.54873762982002,under_prediction
40,86,102,89.88099,-12.119010925292969,12.119010925292969,55.194192741399995,-73.75542384532,128.94961658671994,under_prediction
40,87,101,74.53811,-26.461891174316406,26.461891174316406,39.894644861699994,-73.7987815945,113.6934264562,under_prediction
40,88,100,81.771904,-18.22809600830078,18.22809600830078,50.06511895920001,-76.73548115339996,126.80060011259998,under_prediction
40,89,99,81.75381,-17.246192932128906,17.246192932128906,46.907193409899996,-73.59565973362001,120.50285314352001,under_prediction
40,90,98,85.1106,-12.889396667480469,12.889396667480469,47.49046445150001,-70.82207698668005,118.31254143818008,under_prediction
40,91,97,79.51226,-17.48773956298828,17.48773956298828,43.92297489239999,-72.85296318211999,116.77593807452003,under_prediction
40,92,96,73.85302,-22.14698028564453,22.14698028564453,41.332635029199984,-75.92186765228996,117.25450268149,under_prediction
40,93,95,64.67764,-30.322357177734375,30.322357177734375,40.35820320050002,-84.12289807542,124.48110127592001,under_prediction
40,94,94,77.0746,-16.925399780273438,16.925399780273438,47.9632795559,-79.33093576287004,127.29421531876999,under_prediction
40,95,93,75.59441,-17.40558624267578,17.40558624267578,43.015710684999995,-75.86349508432001,118.87920576932004,under_prediction
40,96,92,88.983185,-3.016815185546875,3.016815185546875,52.283077213799984,-71.74213676852,124.02521398231998,under_prediction
40,97,91,86.01967,-4.9803314208984375,4.9803314208984375,43.8286050786,-66.25114283352002,110.07974791212006,under_prediction
40,98,90,92.33077,2.3307723999023438,2.3307723999023438,51.131434430400006,-67.24284063591999,118.37427506632004,over_prediction
40,99,89,80.00418,-8.995819091796875,8.995819091796875,49.08559672986001,-77.52364122632004,126.60923795617997,under_prediction
40,100,88,79.57914,-8.420860290527344,8.420860290527344,49.161272291500005,-78.02430516932999,127.18557746082999,under_prediction
40,101,87,87.52885,0.5288467407226562,0.5288467407226562,54.52305895074002,-75.43639756121999,129.95945651196,over_prediction
40,102,86,82.97446,-3.025543212890625,3.025543212890625,52.02673440190001,-77.49450853980001,129.52124294170002,under_prediction
40,103,85,85.83738,0.8373794555664062,0.8373794555664062,53.00268631330001,-75.60754172742001,128.61022804072,over_prediction
40,104,84,88.29565,4.295646667480469,4.295646667480469,54.38462723999999,-74.53121542372004,128.91584266372007,over_prediction
40,105,83,84.864716,1.864715576171875,1.864715576171875,53.21209526610003,-76.78960904971999,130.00170431581995,over_prediction
40,106,82,88.22351,6.2235107421875,6.2235107421875,56.826901211999996,-77.04567204671997,133.87257325872005,over_prediction
40,107,81,81.91741,0.9174118041992188,0.9174118041992188,46.83934845129999,-73.36416919672,120.20351764802008,over_prediction
40,108,80,81.37069,1.3706893920898438,1.3706893920898438,47.48414459779999,-74.55575201322002,122.03989661102004,over_prediction
40,109,79,75.62319,-3.3768081665039062,3.3768081665039062,48.442506046099986,-81.26165526512999,129.70416131123002,under_prediction
40,110,78,71.82222,-6.1777801513671875,6.1777801513671875,45.1151397336,-81.73525040572001,126.85039013932007,under_prediction
40,111,77,70.899,-6.1009979248046875,6.1009979248046875,44.027416793899995,-81.57065774922003,125.59807454312003,under_prediction
40,112,76,70.090294,-5.909706115722656,5.909706115722656,43.791468012799996,-82.14343937821998,125.93490739101998,under_prediction
40,113,75,70.40875,-4.59124755859375,4.59124755859375,44.23247645560001,-82.26599414902,126.49847060462,under_prediction
40,114,74,61.727768,-12.272232055664062,12.272232055664062,36.07285431389999,-82.78737825751998,118.86023257141994,under_prediction
40,115,73,78.31578,5.3157806396484375,5.3157806396484375,42.37085903999999,-72.49732619116003,114.86818523116003,over_prediction
40,116,72,73.58267,1.582672119140625,1.582672119140625,38.677775426200014,-73.53738774092001,112.21516316712001,over_prediction
40,117,71,66.090416,-4.909584045410156,4.909584045410156,33.419700781100005,-75.77158395440001,109.19128473549998,under_prediction
40,118,70,60.28857,-9.711429595947266,9.711429595947266,32.6326647356,-80.78638738012,113.41905211572002,under_prediction
40,119,69,64.71029,-4.289710998535156,4.289710998535156,34.66397655939999,-78.39600793612003,113.05998449552006,under_prediction
40,120,68,47.629513,-20.370487213134766,20.370487213134766,30.045113430860003,-90.85788184642,120.90299527728004,under_prediction
40,121,67,59.95436,-7.0456390380859375,7.0456390380859375,34.20538848875999,-82.69339119771998,116.89877968648004,under_prediction
40,122,66,56.804,-9.195999145507812,9.195999145507812,30.3527869206,-81.99113811341996,112.34392503401995,under_prediction
40,123,65,53.401825,-11.598175048828125,11.598175048828125,28.774338000543995,-83.81486483622,112.58920283676399,under_prediction
40,124,64,52.33116,-11.668838500976562,11.668838500976562,26.951969847993997,-83.06313754892,110.01510739691395,under_prediction
40,125,63,56.942345,-6.057655334472656,6.057655334472656,33.0225225193,-84.52252198882,117.54504450812003,under_prediction
40,126,62,50.869987,-11.130012512207031,11.130012512207031,28.27206296969999,-85.84442695752006,114.11648992722006,under_prediction
40,127,61,47.069542,-13.930458068847656,13.930458068847656,29.699720260599992,-91.07250673121997,120.77222699182,under_prediction
40,128,60,50.06692,-9.93307876586914,9.93307876586914,28.004473617900004,-86.37988270691999,114.38435632482003,under_prediction
40,129,59,49.90093,-9.099071502685547,9.099071502685547,28.81984706587,-87.36122919002004,116.18107625589008,under_prediction
40,130,58,45.232838,-12.767162322998047,12.767162322998047,27.655045748299994,-90.86453276585998,118.51957851415996,under_prediction
40,131,57,49.952698,-7.04730224609375,7.04730224609375,28.76170502029999,-87.25129900251996,116.01300402281997,under_prediction
40,132,56,50.926174,-5.073825836181641,5.073825836181641,32.4378382032,-89.95395509304,122.39179329623995,under_prediction
40,133,55,44.528797,-10.471202850341797,10.471202850341797,31.76393761530001,-95.67745540172,127.44139301702002,under_prediction
40,134,54,56.126694,2.1266937255859375,2.1266937255859375,37.98197022874998,-90.29755191168002,128.27952214042998,over_prediction
40,135,53,54.890938,1.8909378051757812,1.8909378051757812,35.87621844993999,-89.42759288232,125.30381133225995,over_prediction
40,136,52,46.951378,-5.048622131347656,5.048622131347656,28.693672003699994,-90.18461406671997,118.87828607041999,under_prediction
40,137,51,46.990543,-4.009456634521484,4.009456634521484,27.4318967115,-88.88363333872003,116.31553005022002,under_prediction
40,138,50,47.100117,-2.899883270263672,2.899883270263672,28.87508342423001,-90.21724869431999,119.09233211855,under_prediction
40,139,49,49.570744,0.5707435607910156,0.5707435607910156,29.411036874900002,-88.28260488482002,117.69364175972001,over_prediction
40,140,48,47.202354,-0.7976455688476562,0.7976455688476562,28.5185039249,-89.75847507371996,118.27697899861997,under_prediction
40,141,47,51.04828,4.04827880859375,4.04827880859375,30.966051065800006,-88.36009376892002,119.32614483472001,over_prediction
40,142,46,48.064106,2.064105987548828,2.064105987548828,30.7484827748,-91.12668609372001,121.87516886852002,over_prediction
40,143,45,50.15676,5.156761169433594,5.156761169433594,29.252609686200007,-87.53812869036004,116.79073837656004,over_prediction
40,144,44,44.03767,0.037670135498046875,0.037670135498046875,27.334320894210002,-91.73895632022,119.07327721443001,over_prediction
40,145,43,35.90944,-7.0905609130859375,7.0905609130859375,24.7624518337,-97.29531159572001,122.05776342942,under_prediction
40,146,42,35.900936,-6.099063873291016,6.099063873291016,24.679907487099996,-97.22130476222004,121.90121224932003,under_prediction
40,147,41,36.16901,-4.830989837646484,4.830989837646484,26.304474986099997,-98.57779225750002,124.88226724360003,under_prediction
40,148,40,34.555996,-5.444004058837891,5.444004058837891,27.627508166999995,-101.51384556774397,129.14135373474397,under_prediction
40,149,39,38.818268,-0.181732177734375,0.181732177734375,29.424010734500005,-99.04805392322004,128.47206465772007,under_prediction
40,150,38,40.598457,2.5984573364257812,2.5984573364257812,31.105757268900007,-98.94963448522003,130.05539175412005,over_prediction
40,151,37,36.57767,-0.4223289489746094,0.4223289489746094,26.865491990799995,-98.73012318998002,125.59561518078006,under_prediction
40,152,36,33.36847,-2.63153076171875,2.63153076171875,27.667667193629992,-102.74150007522,130.40916726884996,under_prediction
40,153,35,33.56024,-1.43975830078125,1.43975830078125,26.570947329299997,-101.45301768441003,128.02396501371,under_prediction
40,154,34,28.004095,-5.995904922485352,5.995904922485352,26.100437930699993,-106.53865882622,132.6390967569201,under_prediction
40,155,33,24.334818,-8.665182113647461,8.665182113647461,25.958223349300003,-110.06570080949999,136.02392415879996,under_prediction
40,156,32,22.802435,-9.197565078735352,9.197565078735352,26.820087275499997,-112.45993952767002,139.28002680317002,under_prediction
40,157,31,25.888332,-5.111667633056641,5.111667633056641,27.541960086559996,-110.09591066211998,137.63787074867992,under_prediction
40,158,30,24.599463,-5.400537490844727,5.400537490844727,26.676015366700003,-110.51884390072003,137.19485926741993,under_prediction
40,159,29,18.066599,-10.933401107788086,10.933401107788086,25.252041307799995,-115.62774298852001,140.8797842963199,under_prediction
40,160,28,15.737107,-12.262892723083496,12.262892723083496,27.193817220999996,-119.89900770170001,147.09282492270006,under_prediction
40,161,27,16.864748,-10.135251998901367,10.135251998901367,28.470822718500003,-120.04835617841998,148.51917889691993,under_prediction
40,162,26,16.791113,-9.208887100219727,9.208887100219727,25.13487756139999,-116.78604580872,141.92092337012,under_prediction
40,163,25,16.341763,-8.65823745727539,8.65823745727539,25.592479721599993,-117.69300071132,143.28548043292002,under_prediction
40,164,24,23.521563,-0.4784374237060547,0.4784374237060547,26.717756101199992,-111.63849886452006,138.35625496572004,under_prediction
40,165,23,19.686651,-3.3133487701416016,3.3133487701416016,25.077274311510003,-113.83290834192002,138.91018265342998,under_prediction
40,166,22,23.139162,1.1391620635986328,1.1391620635986328,24.255468952102,-109.55859140512,133.81406035722202,over_prediction
40,167,21,25.548018,4.548017501831055,4.548017501831055,26.917394911499994,-109.81168019622002,136.72907510772004,over_prediction
40,168,20,25.797071,5.79707145690918,5.79707145690918,28.83756549309998,-111.48278897419998,140.32035446730004,over_prediction
40,169,19,22.683228,3.6832275390625,3.6832275390625,28.32033903795999,-114.07940507802,142.39974411598004,over_prediction
40,170,18,22.105076,4.105075836181641,4.105075836181641,29.420166527899994,-115.75739145260002,145.17755798050004,over_prediction
40,171,17,25.257875,8.257875442504883,8.257875442504883,31.619979425099988,-114.80440681280002,146.42438623790002,over_prediction
40,172,16,21.758556,5.758556365966797,5.758556365966797,31.40770473960001,-118.09146558900001,149.4991703286,over_prediction
40,173,15,20.503386,5.503385543823242,5.503385543823242,29.183348272699998,-117.12226924045996,146.30561751315992,over_prediction
40,174,14,13.151931,-0.8480691909790039,0.8480691909790039,28.61300198189999,-123.90337361881998,152.5163756007201,under_prediction
40,175,13,8.426442,-4.5735578536987305,4.5735578536987305,24.080882218899998,-124.09673194762003,148.17761416651993,under_prediction
40,176,12,9.809964,-2.190035820007324,2.190035820007324,26.024611565200004,-124.65693128431998,150.6815428495199,under_prediction
40,177,11,9.050268,-1.9497318267822266,1.9497318267822266,23.490187284550004,-122.88219735451995,146.37238463906985,under_prediction
40,178,10,9.011191,-0.9888086318969727,0.9888086318969727,23.988686180149998,-123.41978850432001,147.40847468446995,under_prediction
40,179,9,8.313484,-0.6865158081054688,0.6865158081054688,24.401991552,-124.53078042372002,148.93277197572002,under_prediction
40,180,8,9.074051,1.0740509033203125,1.0740509033203125,23.349408670400003,-122.71763871224002,146.0670473826401,over_prediction
40,181,7,8.134243,1.1342430114746094,1.1342430114746094,25.259982381500013,-125.56802853971995,150.82801092122,over_prediction
40,182,6,4.5416293,-1.4583706855773926,1.4583706855773926,22.497011067300004,-126.39764842741998,148.89465949471997,under_prediction
40,183,5,4.7220764,-0.277923583984375,0.277923583984375,23.238507501199997,-126.95869973122004,150.19720723242,under_prediction
40,184,4,3.0082564,-0.9917435646057129,0.9917435646057129,23.019203203182002,-128.45320471601997,151.47240791920203,under_prediction
40,185,3,2.9161682,-0.083831787109375,0.083831787109375,22.865489361899996,-128.39158968411994,151.25707904602,under_prediction
40,186,2,2.9521492,0.9521491527557373,0.9521491527557373,21.931894394399997,-127.42200246552002,149.35389685992,over_prediction
40,187,1,2.7444003,1.7444002628326416,1.7444002628326416,22.666788115000003,-128.36465142140003,151.0314395364,over_prediction
40,188,0,1.4328942,1.432894229888916,1.432894229888916,21.71641389869999,-128.72579386352,150.44220776222005,over_prediction
45,1,157,187.43077,30.430770874023438,30.430770874023438,113.41385007139999,-34.42533058672001,147.83918065811997,over_prediction
45,2,156,231.99196,75.99195861816406,75.99195861816406,146.35327863100002,-22.803650109524,169.15692874052408,over_prediction
45,3,155,269.2701,114.27011108398438,114.27011108398438,179.66676939100003,-18.838939087240004,198.5057084782399,over_prediction
45,4,154,216.00479,62.004791259765625,62.004791259765625,142.74093607345998,-35.17852422264999,177.91946029610997,over_prediction
45,5,153,229.81982,76.81982421875,76.81982421875,159.21120610580007,-37.833607836969996,197.04481394277008,over_prediction
45,6,152,227.30327,75.30326843261719,75.30326843261719,153.627827636,-34.76675552642,188.39458316242005,over_prediction
45,7,151,222.38086,71.380859375,71.380859375,154.59807658480003,-40.65942863406002,195.25750521885993,over_prediction
45,8,150,191.08908,41.089080810546875,41.089080810546875,130.59488477320002,-47.94804855681,178.54293333001004,over_prediction
45,9,149,184.38086,35.380859375,35.380859375,125.90260747457003,-49.96407859700001,175.86668607156994,over_prediction
45,10,148,172.65158,24.651580810546875,24.651580810546875,120.84159866629999,-56.63215475026999,177.47375341656993,over_prediction
45,11,147,187.54008,40.54008483886719,40.54008483886719,133.47593591263993,-54.378011664910005,187.85394757755,over_prediction
45,12,146,199.54066,53.54066467285156,53.54066467285156,142.21032934170003,-51.11186551711,193.32219485881,over_prediction
45,13,145,175.70547,30.705474853515625,30.705474853515625,123.32594933,-56.06276013560999,179.38870946560994,over_prediction
45,14,144,180.44173,36.44172668457031,36.44172668457031,128.92444292149997,-56.924909404009995,185.8493523255101,over_prediction
45,15,143,176.0069,33.00689697265625,33.00689697265625,127.59789036400004,-60.03325888891,187.6311492529101,over_prediction
45,16,142,180.91708,38.917083740234375,38.917083740234375,128.67563235699996,-56.20076184584001,184.87639420284,over_prediction
45,17,141,187.4011,46.401092529296875,46.401092529296875,134.26525629000002,-55.30628972742998,189.57154601743002,over_prediction
45,18,140,168.11342,28.113418579101562,28.113418579101562,120.84999482800004,-61.17875304041001,182.02874786841005,over_prediction
45,19,139,170.6945,31.694503784179688,31.694503784179688,122.723968426,-60.47156881590999,183.19553724191005,over_prediction
45,20,138,199.66957,61.66957092285156,61.66957092285156,134.941262117,-43.71386807605,178.65513019304998,over_prediction
45,21,137,201.56534,64.56533813476562,64.56533813476562,135.07553947914997,-41.95235811004002,177.0278975891899,over_prediction
45,22,136,187.13052,51.130523681640625,51.130523681640625,129.57109588355,-50.882688398110005,180.45378428166,over_prediction
45,23,135,187.38759,52.38758850097656,52.38758850097656,125.16439676088,-46.21890612101001,171.3833028818899,over_prediction
45,24,134,192.7795,58.77949523925781,58.77949523925781,128.93055497629996,-44.593166747039994,173.5237217233399,over_prediction
45,25,133,184.75703,51.75703430175781,51.75703430175781,120.02544429045004,-43.71062023164002,163.73606452209,over_prediction
45,26,132,191.77657,59.77656555175781,59.77656555175781,128.89964539739998,-45.56526316547001,174.4649085628699,over_prediction
45,27,131,157.3386,26.338592529296875,26.338592529296875,108.61359748810004,-59.717340279599995,168.33093776769994,over_prediction
45,28,130,157.96008,27.9600830078125,27.9600830078125,105.61153285360002,-56.093780271209994,161.70531312481003,over_prediction
45,29,129,162.87042,33.87042236328125,33.87042236328125,104.8182270494,-50.39011337361,155.20834042301001,over_prediction
45,30,128,170.50029,42.50028991699219,42.50028991699219,109.09659690282999,-47.03859859071001,156.13519549354,over_prediction
45,31,127,167.28546,40.28546142578125,40.28546142578125,108.30770767000001,-49.46459624411001,157.77230391410995,over_prediction
45,32,126,166.73787,40.73786926269531,40.73786926269531,109.79454195170003,-51.498995133210016,161.2935370849099,over_prediction
45,33,125,160.29701,35.29701232910156,35.29701232910156,107.50880799415997,-55.654089472410014,163.1628974665701,over_prediction
45,34,124,171.38483,47.38482666015625,47.38482666015625,112.21632656100006,-49.27382276493,161.49014932593002,over_prediction
45,35,123,161.59602,38.59602355957031,38.59602355957031,109.6624636475,-56.508742621210004,166.17120626870994,over_prediction
45,36,122,166.28731,44.28730773925781,44.28730773925781,113.03269925159998,-55.18767378590998,168.22037303751003,over_prediction
45,37,121,168.10655,47.10655212402344,47.10655212402344,114.71411081255997,-55.04983882374002,169.76394963630003,over_prediction
45,38,120,168.54897,48.54896545410156,48.54896545410156,117.62620981489998,-57.51950938274,175.14571919764006,over_prediction
45,39,119,151.51826,32.51826477050781,32.51826477050781,107.34105536819999,-64.26512216361,171.60617753181006,over_prediction
45,40,118,150.14944,32.149444580078125,32.149444580078125,105.46466660170003,-63.75752168133,169.22218828302996,over_prediction
45,41,117,163.16994,46.16993713378906,46.16993713378906,110.00454467693,-55.27684746476999,165.28139214170002,over_prediction
45,42,116,160.88174,44.881744384765625,44.881744384765625,107.58931167290001,-55.14984722421,162.73915889711003,over_prediction
45,43,115,163.1394,48.139404296875,48.139404296875,106.29786031726,-51.60079427061,157.89865458786994,over_prediction
45,44,114,155.57094,41.57093811035156,41.57093811035156,102.4046236123,-55.27602170624,157.68064531854,over_prediction
45,45,113,161.92499,48.92498779296875,48.92498779296875,107.95083885064,-54.46811485391,162.41895370455,over_prediction
45,46,112,170.35718,58.357177734375,58.357177734375,119.48958611970002,-57.57476252657499,177.06434864627502,over_prediction
45,47,111,164.23047,53.23046875,53.23046875,112.47837187590002,-56.690088171910006,169.16846004781013,over_prediction
45,48,110,159.68402,49.68402099609375,49.68402099609375,113.57848057390005,-62.33668913171,175.91516970561003,over_prediction
45,49,109,162.68025,53.68025207519531,53.68025207519531,109.20381588350003,-54.96592558961,164.16974147311,over_prediction
45,50,108,146.13339,38.133392333984375,38.133392333984375,103.33446507400001,-65.64336498221002,168.97783005620997,over_prediction
45,51,107,148.0474,41.047393798828125,41.047393798828125,98.83488457927002,-59.229692022639995,158.06457660190986,over_prediction
45,52,106,150.30544,44.30543518066406,44.30543518066406,101.41068901820003,-59.54745649588,160.95814551407997,over_prediction
45,53,105,140.80746,35.807464599609375,35.807464599609375,93.16155860424999,-60.79631050755001,153.95786911179988,over_prediction
45,54,104,131.16032,27.160324096679688,27.160324096679688,87.4157891193,-64.69772035330999,152.11350947261,over_prediction
45,55,103,118.602196,15.602195739746094,15.602195739746094,87.14601341839999,-76.98606109956,164.1320745179599,over_prediction
45,56,102,132.02559,30.025588989257812,30.025588989257812,91.08854213235198,-67.50518568352003,158.59372781587192,over_prediction
45,57,101,112.46778,11.467781066894531,11.467781066894531,84.03373344180002,-80.00822796861002,164.0419614104101,over_prediction
45,58,100,122.72691,22.726913452148438,22.726913452148438,86.52656486024003,-72.24180824284007,158.76837310308002,over_prediction
45,59,99,113.49602,14.496017456054688,14.496017456054688,80.46177731310003,-75.40800597801,155.8697832911099,over_prediction
45,60,98,120.64964,22.649642944335938,22.649642944335938,86.25527566406001,-74.04791558440999,160.30319124847,over_prediction
45,61,97,108.97005,11.970046997070312,11.970046997070312,77.70917950550005,-77.18139898801,154.89057849350996,over_prediction
45,62,96,114.538826,18.53882598876953,18.53882598876953,79.86116587209997,-73.76458895580998,153.62575482791,over_prediction
45,63,95,116.0591,21.059097290039062,21.059097290039062,79.27027364380004,-71.65340447091002,150.92367811471007,over_prediction
45,64,94,128.26259,34.26258850097656,34.26258850097656,85.42542302619998,-65.60506519897004,151.03048822516993,over_prediction
45,65,93,148.23608,55.236083984375,55.236083984375,103.782365366,-63.98848589291001,167.77085125891003,over_prediction
45,66,92,136.05518,44.05517578125,44.05517578125,96.7880769924,-69.17509401781,165.96317101021006,over_prediction
45,67,91,126.55104,35.55104064941406,35.55104064941406,88.72485535065005,-70.61604286064002,159.34089821129004,over_prediction
45,68,90,128.35355,38.353546142578125,38.353546142578125,89.8940867175,-69.98272293991,159.87680965740984,over_prediction
45,69,89,118.17141,29.171409606933594,29.171409606933594,85.03077066499998,-75.30162766748002,160.33239833247998,over_prediction
45,70,88,117.323,29.322998046875,29.322998046875,87.63374379210002,-78.75298026991,166.3867240620101,over_prediction
45,71,87,117.78778,30.78778076171875,30.78778076171875,88.51192304359999,-79.16641491040994,167.67833795400998,over_prediction
45,72,86,124.85093,38.850929260253906,38.850929260253906,90.18856941400006,-73.77984433241006,163.9684137464099,over_prediction
45,73,85,124.36555,39.36554718017578,39.36554718017578,86.0087816683,-70.08548698371,156.09426865201002,over_prediction
45,74,84,120.017426,36.017425537109375,36.017425537109375,83.05826912870003,-71.48308120581002,154.54135033450996,over_prediction
45,75,83,119.43827,36.438270568847656,36.438270568847656,85.59392578829998,-74.59792382830999,160.1918496166099,over_prediction
45,76,82,124.32015,42.320152282714844,42.320152282714844,89.43351322269999,-73.55561830831002,162.98913153101003,over_prediction
45,77,81,119.41451,38.414512634277344,38.414512634277344,88.49883069299996,-77.52657052731001,166.02540122031,over_prediction
45,78,80,131.16412,51.16412353515625,51.16412353515625,96.37312872160004,-73.65126325490999,170.02439197650986,over_prediction
45,79,79,112.475914,33.475914001464844,33.475914001464844,82.85751589409999,-78.82382567081,161.68134156491,over_prediction
45,80,78,129.22217,51.22216796875,51.22216796875,90.14015764879998,-69.36024112531001,159.50039877411007,over_prediction
45,81,77,128.09488,51.094879150390625,51.094879150390625,92.3584243354,-72.70575987532001,165.06418421072,over_prediction
45,82,76,110.98634,34.98634338378906,34.98634338378906,82.43773209750003,-79.89365357982,162.33138567732,over_prediction
45,83,75,106.78121,31.781211853027344,31.781211853027344,79.89156963110003,-81.55260764911999,161.44417728022,over_prediction
45,84,74,130.94307,56.94306945800781,56.94306945800781,95.18788933779997,-72.6870788081,167.87496814590003,over_prediction
45,85,73,126.79849,53.798492431640625,53.798492431640625,90.4898463715,-72.13360750872,162.62345388022,over_prediction
45,86,72,120.17696,48.176963806152344,48.176963806152344,85.0321312575,-73.29738020122001,158.32951145872002,over_prediction
45,87,71,122.727936,51.727935791015625,51.727935791015625,89.32244396899999,-75.03679469472,164.35923866372005,over_prediction
45,88,70,111.82333,41.823333740234375,41.823333740234375,86.3403111739,-82.95930214307197,169.29961331697206,over_prediction
45,89,69,109.200096,40.200096130371094,40.200096130371094,83.71025518355003,-82.95244474372001,166.6626999272701,over_prediction
45,90,68,107.00461,39.004608154296875,39.004608154296875,81.22587941500002,-82.66356142072001,163.88944083572,over_prediction
45,91,67,89.04303,22.04302978515625,22.04302978515625,68.58138561309997,-87.98062954372004,156.56201515682008,over_prediction
45,92,66,94.52467,28.524673461914062,28.524673461914062,66.57128665840001,-80.48893401442001,147.0602206728199,over_prediction
45,93,65,99.039955,34.039955139160156,34.039955139160156,69.49189880144496,-78.89426856941999,148.38616737086502,over_prediction
45,94,64,100.50679,36.50679016113281,36.50679016113281,69.52317541721,-77.45867783142005,146.98185324863005,over_prediction
45,95,63,90.184135,27.18413543701172,27.18413543701172,63.93237682722999,-82.19051799212001,146.12289481935002,over_prediction
45,96,62,94.54928,32.549278259277344,32.549278259277344,65.32766929452998,-79.22063350271999,144.54830279725005,over_prediction
45,97,61,83.81888,22.818878173828125,22.818878173828125,67.00348296149998,-91.62683378452002,158.63031674602004,over_prediction
45,98,60,78.17659,18.176589965820312,18.176589965820312,61.44476125710002,-91.71036794972,153.15512920682002,over_prediction
45,99,59,75.99404,16.994041442871094,16.994041442871094,54.00313317120001,-86.45135810442007,140.45449127562,over_prediction
45,100,58,74.4384,16.438400268554688,16.438400268554688,48.583019464299994,-82.58683382532003,131.16985328961997,over_prediction
45,101,57,73.13395,16.133949279785156,16.133949279785156,45.72927853534999,-81.03755167471998,126.76683021007003,over_prediction
45,102,56,68.354195,12.354194641113281,12.354194641113281,46.75057203379999,-86.83868172512004,133.58925375892,over_prediction
45,103,55,69.15561,14.155609130859375,14.155609130859375,48.10781798413999,-87.39443421259999,135.50225219674002,over_prediction
45,104,54,68.478294,14.478294372558594,14.478294372558594,44.96599551510001,-84.9299098615,129.8959053766,over_prediction
45,105,53,71.6064,18.606399536132812,18.606399536132812,48.41324167619999,-85.24906738532,133.66230906152,over_prediction
45,106,52,70.578285,18.578285217285156,18.578285217285156,42.607955307,-80.47190109622001,123.07985640322,over_prediction
45,107,51,66.15679,15.156791687011719,15.156791687011719,44.93858996950001,-87.22407197241998,132.16266194191996,over_prediction
45,108,50,68.72393,18.72393035888672,18.72393035888672,47.8949516033,-87.61322530002,135.50817690331994,over_prediction
45,109,49,67.42709,18.427093505859375,18.427093505859375,44.56096087870001,-85.57615464072002,130.13711551942,over_prediction
45,110,48,71.13293,23.13292694091797,23.13292694091797,46.72760631043,-84.03693007611996,130.76453638655,over_prediction
45,111,47,65.72629,18.726287841796875,18.726287841796875,45.899673185,-88.61568271665998,134.51535590166,over_prediction
45,112,46,73.1276,27.127601623535156,27.127601623535156,50.82708995399998,-86.14172707392002,136.96881702791998,over_prediction
45,113,45,76.72697,31.726966857910156,31.726966857910156,54.22593613338998,-85.94120032636002,140.1671364597501,over_prediction
45,114,44,57.601784,13.601783752441406,13.601783752441406,43.521432447399995,-94.36200306272,137.88343551012,over_prediction
45,115,43,66.415,23.415000915527344,23.415000915527344,40.85231219010001,-82.87954150771998,123.73185369782,over_prediction
45,116,42,47.20623,5.206230163574219,5.206230163574219,39.382364264199985,-100.61846137666996,140.0008256408701,over_prediction
45,117,41,51.6791,10.679100036621094,10.679100036621094,35.128519465499984,-91.89179489681999,127.02031436231995,over_prediction
45,118,40,54.832165,14.832164764404297,14.832164764404297,41.21921753770001,-94.82940361932003,136.04862115701997,over_prediction
45,119,39,62.95022,23.950218200683594,23.950218200683594,40.87448471180002,-86.36655529201998,127.24104000381995,over_prediction
45,120,38,56.629555,18.629554748535156,18.629554748535156,36.38633897627,-88.19911920272003,124.58545817899004,over_prediction
45,121,37,60.030544,23.03054428100586,23.03054428100586,39.46055790949998,-87.87238293172,127.33294084122,over_prediction
45,122,36,51.92525,15.925251007080078,15.925251007080078,35.34098774929999,-91.85806844012,127.19905618942005,over_prediction
45,123,35,53.97892,18.978919982910156,18.978919982910156,33.51535676929999,-87.97880365202005,121.49416042131998,over_prediction
45,124,34,64.79405,30.794052124023438,30.794052124023438,38.81264591985999,-82.46089514288,121.27354106274001,over_prediction
45,125,33,64.677345,31.677345275878906,31.677345275878906,39.2290872438,-82.99402488512001,122.22311212892006,over_prediction
45,126,32,56.511246,24.511245727539062,24.511245727539062,36.51555583068999,-88.44662767017,124.96218350086001,over_prediction
45,127,31,54.133358,23.133358001708984,23.133358001708984,36.33987398629999,-90.64886003822002,126.98873402452007,over_prediction
45,128,30,60.13165,30.131649017333984,30.131649017333984,43.02320654229999,-91.33387500172,134.35708154402,over_prediction
45,129,29,61.154366,32.15436553955078,32.15436553955078,42.41869761349999,-89.70666692601996,132.12536453952004,over_prediction
45,130,28,61.685486,33.68548583984375,33.68548583984375,41.93566007349999,-88.69248917882,130.62814925232007,over_prediction
45,131,27,45.285774,18.28577423095703,18.28577423095703,37.90910623717,-101.06565534711996,138.9747615842899,over_prediction
45,132,26,49.886505,23.886505126953125,23.886505126953125,32.0943776638,-90.65020615019002,122.74458381399,over_prediction
45,133,25,47.92681,22.92681121826172,22.92681121826172,35.549121375400006,-96.06461931242005,131.61374068782013,over_prediction
45,134,24,45.973606,21.97360610961914,21.97360610961914,33.66725668304799,-96.13591215992003,129.803168842968,over_prediction
45,135,23,33.657352,10.657352447509766,10.657352447509766,23.117001695100004,-97.90198540159999,121.01898709670003,over_prediction
45,136,22,38.383575,16.383575439453125,16.383575439453125,28.306798661499997,-98.36553241500002,126.67233107649999,over_prediction
45,137,21,42.94355,21.94355010986328,21.94355010986328,30.686410120100017,-96.18517803120002,126.87158815130006,over_prediction
45,138,20,37.949036,17.94903564453125,17.94903564453125,28.264249774700016,-98.75753772911995,127.02178750382002,over_prediction
45,139,19,28.226223,9.22622299194336,9.22622299194336,25.286735545599992,-105.50280568914,130.78954123473991,over_prediction
45,140,18,28.931753,10.931753158569336,10.931753158569336,27.1361252469,-106.64666806928997,133.78279331618998,over_prediction
45,141,17,23.948906,6.948905944824219,6.948905944824219,25.604046670799995,-110.09741849581998,135.70146516662,over_prediction
45,142,16,8.324564,-7.675436019897461,7.675436019897461,23.539843858099996,-123.65757177851998,147.19741563662004,under_prediction
45,143,15,14.370697,-0.629302978515625,0.629302978515625,24.608054193399997,-118.67965753561998,143.28771172902003,under_prediction
45,144,14,13.808405,-0.19159507751464844,0.19159507751464844,24.9810792998,-119.61494899524003,144.59602829504004,under_prediction
45,145,13,12.215816,-0.784184455871582,0.784184455871582,22.01767554360001,-118.24416001532005,140.26183555892004,under_prediction
45,146,12,13.145329,1.145329475402832,1.145329475402832,24.8913101007,-120.18826438341999,145.07957448411995,over_prediction
45,147,11,10.25666,-0.7433395385742188,0.7433395385742188,23.873641871400004,-122.05927494041998,145.93291681182,under_prediction
45,148,10,7.169465,-2.8305349349975586,2.8305349349975586,24.822497087699997,-126.09533165787003,150.91782874557006,under_prediction
45,149,9,8.360681,-0.6393194198608398,0.6393194198608398,24.830536837749992,-124.91216574294,149.74270258069004,under_prediction
45,150,8,7.6971736,-0.3028264045715332,0.3028264045715332,25.494280740599997,-126.23941054062,151.7336912812201,under_prediction
45,151,7,10.312784,3.312784194946289,3.312784194946289,27.424525587500003,-125.55404890544,152.97857449294006,over_prediction
45,152,6,11.217813,5.217812538146973,5.217812538146973,29.314950768899998,-126.53944571342,155.85439648232008,over_prediction
45,153,5,9.862507,4.862506866455078,4.862506866455078,27.249933791700002,-125.82971967742,153.07965346912005,over_prediction
45,154,4,5.8845778,1.884577751159668,1.884577751159668,24.353513640599996,-126.91122895812002,151.26474259872003,over_prediction
45,155,3,5.5776353,2.5776352882385254,2.5776352882385254,26.0899988059,-128.95465369322,155.04465249911996,over_prediction
45,156,2,8.646219,6.646219253540039,6.646219253540039,27.753886475699986,-127.54996515749997,155.3038516331999,over_prediction
45,157,1,-0.70086503,-1.7008650302886963,1.7008650302886963,24.213574201799997,-133.35673433099998,157.57030853280003,under_prediction
45,158,0,2.1566339,2.1566338539123535,2.1566338539123535,21.246602778099998,-127.53226422272006,148.77886700082016,over_prediction
46,1,255,205.3889,-49.61109924316406,49.61109924316406,119.84145206979998,-22.894840049119995,142.73629211892012,under_prediction
46,2,254,254.6063,0.606292724609375,0.606292724609375,178.838303132,-32.674208009120015,211.51251114111997,over_prediction
46,3,253,243.73436,-9.265640258789062,9.265640258789062,173.60470187700005,-38.312629616510016,211.9173314935102,under_prediction
46,4,252,227.05095,-24.949050903320312,24.949050903320312,164.58995162199994,-45.98128589131001,210.5712375133099,under_prediction
46,5,251,170.95052,-80.04948425292969,80.04948425292969,124.35193688670002,-61.84349341331001,186.1954303000099,under_prediction
46,6,250,177.36212,-72.63787841796875,72.63787841796875,126.71587421300003,-57.79590132800001,184.511775541,under_prediction
46,7,249,164.32745,-84.67254638671875,84.67254638671875,120.31079380589999,-64.42561211311,184.73640591901,under_prediction
46,8,248,155.60973,-92.39027404785156,92.39027404785156,116.32148345099999,-69.15389917801002,185.47538262901003,under_prediction
46,9,247,165.04723,-81.95277404785156,81.95277404785156,121.05543824788002,-64.45026952510999,185.5057077729901,under_prediction
46,10,246,158.07501,-87.92498779296875,87.92498779296875,116.22354115310002,-66.59062955391,182.81417070700988,under_prediction
46,11,245,159.55489,-85.44511413574219,85.44511413574219,116.44737212389998,-65.33455283661002,181.78192496051,under_prediction
46,12,244,151.36523,-92.634765625,92.634765625,106.04455986190003,-63.12142523190999,169.16598509380998,under_prediction
46,13,243,148.09584,-94.90415954589844,94.90415954589844,105.38288515738003,-65.72918849721002,171.11207365458992,under_prediction
46,14,242,141.19421,-100.8057861328125,100.8057861328125,107.06765121700003,-74.31560143091002,181.38325264790996,under_prediction
46,15,241,138.16385,-102.83615112304688,102.83615112304688,102.58017433570001,-72.85850904291001,175.43868337861008,under_prediction
46,16,240,151.28609,-88.71391296386719,88.71391296386719,112.63919298679997,-69.79529858491004,182.43449157170986,under_prediction
46,17,239,141.05981,-97.940185546875,97.940185546875,107.03599593423,-74.41830567277002,181.45430160699993,under_prediction
46,18,238,150.25824,-87.74176025390625,87.74176025390625,110.1051543568,-68.28910491271,178.39425926951,under_prediction
46,19,237,145.05704,-91.94296264648438,91.94296264648438,105.12555182199998,-68.51086416174002,173.63641598374008,under_prediction
46,20,236,144.92024,-91.07975769042969,91.07975769042969,105.93672842000002,-69.45868896649002,175.39541738649,under_prediction
46,21,235,140.46506,-94.53494262695312,94.53494262695312,107.21927535699996,-75.19651350041003,182.41578885741006,under_prediction
46,22,234,143.7753,-90.22470092773438,90.22470092773438,106.200216654013,-70.86732543500001,177.06754208901293,under_prediction
46,23,233,150.34903,-82.65097045898438,82.65097045898438,106.81125074250001,-64.90451040524,171.71576114773995,under_prediction
46,24,232,151.07764,-80.92236328125,80.92236328125,112.40855246829997,-69.77320489624,182.18175736453983,under_prediction
46,25,231,154.0009,-76.99909973144531,76.99909973144531,107.10845493300006,-61.54967636591001,168.6581312989101,under_prediction
46,26,230,153.78258,-76.21742248535156,76.21742248535156,107.33393732232,-61.99353273480001,169.32747005712005,under_prediction
46,27,229,157.88498,-71.11502075195312,71.11502075195312,112.11929701489,-62.676508632310004,174.7958056471999,under_prediction
46,28,228,169.80626,-58.19374084472656,58.19374084472656,122.16647774700002,-60.80241819190999,182.96889593890998,under_prediction
46,29,227,163.06459,-63.93540954589844,63.93540954589844,117.17410639314997,-62.55173428691002,179.72584068005992,under_prediction
46,30,226,159.9458,-66.05419921875,66.05419921875,115.71829886530001,-64.21471152811,179.93301039341006,under_prediction
46,31,225,176.34834,-48.65165710449219,48.65165710449219,131.33511385019995,-63.428997130999996,194.76411098119988,under_prediction
46,32,224,162.65498,-61.34501647949219,61.34501647949219,120.55354194180002,-66.34077287591003,186.89431481770995,under_prediction
46,33,223,167.29099,-55.709014892578125,55.709014892578125,124.70920740649998,-65.86045253275,190.5696599392499,under_prediction
46,34,222,158.0016,-63.99839782714844,63.99839782714844,109.64351406860006,-60.08403861390998,169.72755268251,under_prediction
46,35,221,163.53346,-57.46653747558594,57.46653747558594,114.690919055921,-59.59964799490999,174.290567050831,under_prediction
46,36,220,181.72594,-38.27406311035156,38.27406311035156,124.14469610649999,-50.86089744891,175.00559355540992,under_prediction
46,37,219,184.1576,-34.8424072265625,34.8424072265625,122.78278634739999,-47.06733785687002,169.85012420426995,under_prediction
46,38,218,172.61824,-45.38175964355469,45.38175964355469,116.60582027795996,-52.42979790090999,169.03561817887007,under_prediction
46,39,217,166.63312,-50.36688232421875,50.36688232421875,114.01145202239995,-55.82060610565998,169.83205812806003,under_prediction
46,40,216,163.55293,-52.44706726074219,52.44706726074219,109.39282058824003,-54.28218366660998,163.67500425485008,under_prediction
46,41,215,156.22058,-58.7794189453125,58.7794189453125,105.43367295710998,-57.655318852696986,163.08899180980706,under_prediction
46,42,214,156.62679,-57.37321472167969,57.37321472167969,108.34026465660003,-60.155771193069995,168.49603584967,under_prediction
46,43,213,161.0973,-51.90269470214844,51.90269470214844,112.29917357639998,-59.644092306310014,171.94326588270997,under_prediction
46,44,212,160.77223,-51.22776794433594,51.22776794433594,115.803607018062,-63.47370726961002,179.27731428767206,under_prediction
46,45,211,158.46925,-52.53074645996094,52.53074645996094,109.97663921170005,-59.94963996410999,169.92627917581004,under_prediction
46,46,210,159.32915,-50.67085266113281,50.67085266113281,106.29249741349996,-55.40567963541001,161.69817704890994,under_prediction
46,47,209,170.33914,-38.660858154296875,38.660858154296875,116.44946845139998,-54.55250505891,171.00197351031,under_prediction
46,48,208,160.12921,-47.87078857421875,47.87078857421875,107.63180661400001,-55.94478170350998,163.5765883175099,under_prediction
46,49,207,151.96634,-55.033660888671875,55.033660888671875,103.76335898539999,-60.23931286691,164.00267185231002,under_prediction
46,50,206,157.93077,-48.06922912597656,48.06922912597656,107.75586370539996,-58.26734202490999,166.02320573031,under_prediction
46,51,205,171.32182,-33.67817687988281,33.67817687988281,114.19707668549998,-51.31758643141,165.51466311690996,under_prediction
46,52,204,185.98766,-18.012344360351562,18.012344360351562,123.59550289050004,-46.05018262730998,169.6456855178099,under_prediction
46,53,203,184.88892,-18.111083984375,18.111083984375,126.29131543599998,-49.844695934210016,176.13601137020993,under_prediction
46,54,202,166.7704,-35.22959899902344,35.22959899902344,112.76575641550002,-54.437767339909975,167.20352375540998,under_prediction
46,55,201,180.7008,-20.2991943359375,20.2991943359375,120.47542922646001,-48.21678960864003,168.6922188350999,under_prediction
46,56,200,179.60602,-20.39398193359375,20.39398193359375,124.90387189000003,-53.73998745993999,178.64385934993996,under_prediction
46,57,199,175.90125,-23.0987548828125,23.0987548828125,123.19354943450008,-55.73459812591002,178.9281475604098,under_prediction
46,58,198,171.4363,-26.563705444335938,26.563705444335938,110.90528795100002,-47.91133299170997,158.81662094271013,under_prediction
46,59,197,171.20534,-25.794662475585938,25.794662475585938,111.11133147929992,-48.348356513270005,159.4596879925699,under_prediction
46,60,196,172.8998,-23.100204467773438,23.100204467773438,114.8485052517,-50.391072267910026,165.23957751960998,under_prediction
46,61,195,169.04068,-25.959320068359375,25.959320068359375,110.92428966480001,-50.32582638566,161.2501160504599,under_prediction
46,62,194,155.06549,-38.93450927734375,38.93450927734375,101.37998922369998,-54.75668693590999,156.13667615961006,under_prediction
46,63,193,148.98537,-44.01463317871094,44.01463317871094,105.91059717699996,-65.36749793416,171.27809511115993,under_prediction
46,64,192,174.52773,-17.472274780273438,17.472274780273438,125.71026292350003,-59.624813389180005,185.3350763126801,under_prediction
46,65,191,158.09828,-32.90171813964844,32.90171813964844,108.66440245499999,-59.00827637618,167.67267883118,under_prediction
46,66,190,139.21065,-50.78935241699219,50.78935241699219,98.43795080163005,-67.66949544374,166.10744624537,under_prediction
46,67,189,154.79913,-34.20086669921875,34.20086669921875,107.53994791129998,-61.18316394663999,168.72311185793995,under_prediction
46,68,188,124.00217,-63.997833251953125,63.997833251953125,88.70683834330003,-73.14686138193998,161.85369972523995,under_prediction
46,69,187,129.72432,-57.27568054199219,57.27568054199219,89.44629462610001,-68.16409567441,157.61039030050998,under_prediction
46,70,186,130.26144,-55.738555908203125,55.738555908203125,90.02159922359999,-68.20233542704999,158.22393465064994,under_prediction
46,71,185,136.2246,-48.77540588378906,48.77540588378906,94.04787204489999,-66.26541845771003,160.31329050260996,under_prediction
46,72,184,138.9249,-45.075103759765625,45.075103759765625,95.23791494020003,-64.75514501040999,159.99305995060988,under_prediction
46,73,183,133.7947,-49.20530700683594,49.20530700683594,97.4017641507,-72.04935939529999,169.451123546,under_prediction
46,74,182,122.63175,-59.368247985839844,59.368247985839844,93.6278369586,-79.43838727663996,173.06622423523993,under_prediction
46,75,181,130.43913,-50.56086730957031,50.56086730957031,92.85907354234003,-70.86203367869999,163.72110722104006,under_prediction
46,76,180,133.455,-46.54499816894531,46.54499816894531,98.87197278279999,-73.85911466991004,172.73108745271,under_prediction
46,77,179,138.57607,-40.42393493652344,40.42393493652344,101.17169175159994,-71.03780570231001,172.20949745391007,under_prediction
46,78,178,130.00948,-47.99052429199219,47.99052429199219,96.65537482049997,-75.08806379796002,171.74343861846,under_prediction
46,79,177,133.14795,-43.85205078125,43.85205078125,97.53025890999996,-72.82454415541002,170.35480306540995,under_prediction
46,80,176,134.70326,-41.29673767089844,41.29673767089844,97.10273282899996,-70.84167619340002,167.9444090224,under_prediction
46,81,175,143.6702,-31.329803466796875,31.329803466796875,100.37341256830001,-65.14540271114001,165.51881527944002,under_prediction
46,82,174,148.53474,-25.465255737304688,25.465255737304688,102.02810368789999,-61.935508465839995,163.96361215373994,under_prediction
46,83,173,141.18367,-31.816329956054688,31.816329956054688,99.31546994459994,-66.57400457894,165.88947452354006,under_prediction
46,84,172,148.33206,-23.667938232421875,23.667938232421875,100.9088959763,-61.0190791974,161.92797517370008,under_prediction
46,85,171,145.70013,-25.29986572265625,25.29986572265625,97.60109380999998,-60.34314643581,157.94424024580997,under_prediction
46,86,170,136.70042,-33.29957580566406,33.29957580566406,95.5220084378,-67.26369050311001,162.78569894090995,under_prediction
46,87,169,137.44289,-31.557113647460938,31.557113647460938,94.6947972205,-65.69411862660999,160.38891584711,under_prediction
46,88,168,147.44502,-20.554977416992188,20.554977416992188,100.12522055240004,-61.12238652871,161.24760708110992,under_prediction
46,89,167,148.58517,-18.414825439453125,18.414825439453125,98.9118265963,-58.76886583040999,157.68069242671007,under_prediction
46,90,166,152.60663,-13.39337158203125,13.39337158203125,105.51938438680003,-61.35498452276999,166.87436890956994,under_prediction
46,91,165,166.02298,1.022979736328125,1.022979736328125,112.82910163522158,-55.24842759440998,168.07752922963155,over_prediction
46,92,164,157.76834,-6.231658935546875,6.231658935546875,102.05264808635,-52.726517333610005,154.77916541995998,under_prediction
46,93,163,143.3118,-19.688201904296875,19.688201904296875,93.76632745510003,-58.8968360243,152.66316347939997,under_prediction
46,94,162,139.49939,-22.5006103515625,22.5006103515625,91.21064679564604,-60.153492069910016,151.364138865556,under_prediction
46,95,161,145.06964,-15.93035888671875,15.93035888671875,95.06092497084,-58.43364934051,153.49457431135005,under_prediction
46,96,160,136.94913,-23.050872802734375,23.050872802734375,92.20988499399999,-63.70302088569999,155.91290587970002,under_prediction
46,97,159,139.08115,-19.918853759765625,19.918853759765625,91.85414972419998,-61.215362455310014,153.06951217951007,under_prediction
46,98,158,141.03293,-16.967071533203125,16.967071533203125,92.33799729560002,-59.74726816190999,152.08526545751,under_prediction
46,99,157,140.98709,-16.012908935546875,16.012908935546875,94.78410126989999,-62.23933009592,157.0234313658199,under_prediction
46,100,156,136.83476,-19.165237426757812,19.165237426757812,95.16549306859997,-66.77305645482002,161.93854952342002,under_prediction
46,101,155,135.44798,-19.552017211914062,19.552017211914062,93.434356427,-66.42871979501999,159.8630762220201,under_prediction
46,102,154,143.07014,-10.929855346679688,10.929855346679688,95.00134281470001,-60.37349721390999,155.37484002860995,under_prediction
46,103,153,137.1932,-15.806793212890625,15.806793212890625,93.62941279777598,-64.87859519202001,158.508007989796,under_prediction
46,104,152,137.83344,-14.16656494140625,14.16656494140625,93.79079368139996,-64.39969123651,158.19048491791003,under_prediction
46,105,151,138.96193,-12.038070678710938,12.038070678710938,98.25625752070003,-67.73660099401,165.9928585147099,under_prediction
46,106,150,136.16205,-13.83795166015625,13.83795166015625,92.46558629920303,-64.74578887391002,157.21137517311297,under_prediction
46,107,149,117.476295,-31.523704528808594,31.523704528808594,85.98162746589998,-76.94757142950999,162.92919889541002,under_prediction
46,108,148,128.47064,-19.52935791015625,19.52935791015625,91.65673115620005,-71.62838377291003,163.28511492910994,under_prediction
46,109,147,117.74543,-29.25457000732422,29.25457000732422,85.05339854500001,-75.75020703521005,160.80360558021,under_prediction
46,110,146,111.85874,-34.141258239746094,34.141258239746094,84.44828996778998,-81.03183926891003,165.48012923669998,under_prediction
46,111,145,103.98734,-41.012657165527344,41.012657165527344,78.266735809,-82.72172774531005,160.98846355431007,under_prediction
46,112,144,100.87526,-43.12474060058594,43.12474060058594,76.5562684895,-84.12330185791004,160.67957034740996,under_prediction
46,113,143,99.802704,-43.197296142578125,43.197296142578125,76.2334194939,-84.87299681181004,161.1064163057099,under_prediction
46,114,142,98.62902,-43.37097930908203,43.37097930908203,75.41901953879997,-85.23227582231003,160.6512953611099,under_prediction
46,115,141,91.04369,-49.95630645751953,49.95630645751953,70.06549300130006,-87.46408986060996,157.52958286191,under_prediction
46,116,140,108.895096,-31.104904174804688,31.104904174804688,81.0006195106,-80.54783645805,161.54845596864996,under_prediction
46,117,139,103.97048,-35.029518127441406,35.029518127441406,73.83496451565003,-78.30674600061002,152.14171051625996,under_prediction
46,118,138,108.62088,-29.379119873046875,29.379119873046875,79.00169980849999,-78.82301979751004,157.8247196060099,under_prediction
46,119,137,120.60162,-16.39837646484375,16.39837646484375,84.49705854311998,-72.33767733641001,156.83473587952997,under_prediction
46,120,136,103.86614,-32.13385772705078,32.13385772705078,74.65835154960006,-79.23447229871996,153.89282384831998,under_prediction
46,121,135,115.56002,-19.439979553222656,19.439979553222656,82.01749551380004,-74.89967890592001,156.91717441972006,under_prediction
46,122,134,105.422554,-28.57744598388672,28.57744598388672,74.71907919160002,-77.73880894431998,152.45788813591997,under_prediction
46,123,133,121.536995,-11.463005065917969,11.463005065917969,88.45619339589996,-75.36145657052,163.81764996642002,under_prediction
46,124,132,116.91671,-15.083290100097656,15.083290100097656,81.96749602030002,-73.49306954371998,155.4605655640199,under_prediction
46,125,131,144.70692,13.706924438476562,13.706924438476562,93.70905329070003,-57.44447968972002,151.15353298041998,over_prediction
46,126,130,160.63449,30.634490966796875,30.634490966796875,101.44467315650002,-49.25243371901999,150.69710687552,over_prediction
46,127,129,154.3456,25.345596313476562,25.345596313476562,99.31873377710001,-53.415466783220005,152.7342005603201,over_prediction
46,128,128,143.59528,15.59527587890625,15.59527587890625,93.87341764016999,-58.72036290502,152.59378054519,over_prediction
46,129,127,167.91327,40.91326904296875,40.91326904296875,110.60388680830003,-51.132877553220005,161.73676436151996,over_prediction
46,130,126,158.50609,32.50608825683594,32.50608825683594,104.7551683951,-54.69133177881999,159.44650017391996,over_prediction
46,131,125,150.35347,25.353469848632812,25.353469848632812,97.91587933769998,-56.004731814219994,153.92061115191996,over_prediction
46,132,124,179.48938,55.4893798828125,55.4893798828125,120.64320630959998,-49.59611994372,170.23932625332,over_prediction
46,133,123,166.87253,43.872528076171875,43.872528076171875,115.65443277669995,-57.224313528719996,172.87874630541998,over_prediction
46,134,122,165.0663,43.06629943847656,43.06629943847656,111.99425020769995,-55.37031255071999,167.36456275841994,over_prediction
46,135,121,161.84715,40.84715270996094,40.84715270996094,114.48593314199998,-61.08116503711999,175.56709817911997,over_prediction
46,136,120,190.27148,70.271484375,70.271484375,127.10578638120006,-45.27669568281998,172.38248206402008,over_prediction
46,137,119,178.75241,59.752410888671875,59.752410888671875,121.35839084899999,-51.048354718019986,172.40674556702018,over_prediction
46,138,118,183.6444,65.64439392089844,65.64439392089844,125.68694886119998,-50.48489292072,176.17184178192,over_prediction
46,139,117,190.19661,73.19660949707031,73.19660949707031,131.75450402959993,-50.00029353028,181.75479755987996,over_prediction
46,140,116,176.82663,60.826629638671875,60.826629638671875,118.63747432290003,-50.253251579490005,168.89072590238996,over_prediction
46,141,115,159.04587,44.045867919921875,44.045867919921875,112.12711018912005,-61.523550113220004,173.65066030234013,over_prediction
46,142,114,204.38345,90.38345336914062,90.38345336914062,140.81931975889995,-44.87823704972,185.6975568086199,over_prediction
46,143,113,197.72453,84.72453308105469,84.72453308105469,134.28195333429997,-44.99971542101999,179.28166875531997,over_prediction
46,144,112,195.25755,83.25755310058594,83.25755310058594,131.82914707321,-45.013773212720004,176.84292028593003,over_prediction
46,145,111,189.42126,78.4212646484375,78.4212646484375,127.49395359020002,-46.51489826871999,174.0088518589201,over_prediction
46,146,110,184.96681,74.96681213378906,74.96681213378906,126.43662148500002,-49.91200807962001,176.3486295646201,over_prediction
46,147,109,160.90556,51.90556335449219,51.90556335449219,104.62759129700001,-52.164130477720015,156.79172177471997,over_prediction
46,148,108,162.82487,54.82487487792969,54.82487487792969,105.82112341210004,-51.43842288152,157.25954629362005,over_prediction
46,149,107,173.54257,66.54257202148438,66.54257202148438,107.72199775489999,-42.62170210592001,150.34369986082004,over_prediction
46,150,106,189.31761,83.31761169433594,83.31761169433594,125.7565865872,-44.88119901571999,170.6377856029201,over_prediction
46,151,105,187.04865,82.04864501953125,82.04864501953125,122.86612476810004,-44.259709778819996,167.12583454692015,over_prediction
46,152,104,195.08572,91.08572387695312,91.08572387695312,129.489808871,-42.84629125371999,172.33610012472,over_prediction
46,153,103,168.27629,65.27629089355469,65.27629089355469,110.7691006883,-50.935022743870014,161.70412343217004,over_prediction
46,154,102,206.75719,104.75718688964844,104.75718688964844,135.466115092,-37.15115696952002,172.61727206152,over_prediction
46,155,101,199.66295,98.66294860839844,98.66294860839844,133.01442386309998,-41.79380048917,174.80822435227,over_prediction
46,156,100,190.88376,90.88375854492188,90.88375854492188,128.09503673490002,-45.653677998300005,173.7487147332,over_prediction
46,157,99,201.11154,102.11154174804688,102.11154174804688,135.2288196327999,-42.55963213309998,177.7884517659,over_prediction
46,158,98,205.74623,107.74623107910156,107.74623107910156,137.61323942849998,-40.30926437949999,177.92250380800002,over_prediction
46,159,97,226.1203,129.12030029296875,129.12030029296875,146.84258150699992,-29.164573754900008,176.00715526189998,over_prediction
46,160,96,189.58421,93.58421325683594,93.58421325683594,117.44641570480006,-36.30445243361999,153.75086813842003,over_prediction
46,161,95,198.76595,103.76594543457031,103.76594543457031,120.209452157,-29.885733230919996,150.0951853879199,over_prediction
46,162,94,178.28638,84.286376953125,84.286376953125,104.68667991049995,-34.84254798192,139.52922789241998,over_prediction
46,163,93,169.63496,76.63496398925781,76.63496398925781,99.43287632750001,-38.240060473849994,137.67293680134998,over_prediction
46,164,92,169.21344,77.21343994140625,77.21343994140625,97.28211420155,-36.5108843194,133.79299852095,over_prediction
46,165,91,179.8153,88.8153076171875,88.8153076171875,105.18327248409997,-33.810337364999995,138.99360984910012,over_prediction
46,166,90,178.58394,88.58393859863281,88.58393859863281,106.96920728840001,-36.827559872719995,143.79676716111996,over_prediction
46,167,89,188.02917,99.0291748046875,99.0291748046875,111.50939183700001,-31.922505688919998,143.43189752592005,over_prediction
46,168,88,214.58502,126.58502197265625,126.58502197265625,132.5312038325,-26.388443107320008,158.91964693982,over_prediction
46,169,87,183.37964,96.379638671875,96.379638671875,107.48123798469999,-32.54387368091999,140.02511166561987,over_prediction
46,170,86,168.60866,82.60865783691406,82.60865783691406,92.9410750706,-32.774748658019995,125.71582372862005,over_prediction
46,171,85,188.00221,103.00221252441406,103.00221252441406,110.53184573070003,-30.972038331719997,141.50388406241996,over_prediction
46,172,84,187.40204,103.40203857421875,103.40203857421875,113.96123402150002,-35.00151874271999,148.96275276421997,over_prediction
46,173,83,172.9098,89.90980529785156,89.90980529785156,100.99353271457004,-36.52606383032002,137.5195965448901,over_prediction
46,174,82,163.43262,81.4326171875,81.4326171875,89.23530577799995,-34.24494311817999,123.48024889617997,over_prediction
46,175,81,162.86937,81.86936950683594,81.86936950683594,88.58054602120006,-34.15342059102,122.73396661222006,over_prediction
46,176,80,164.72104,84.72103881835938,84.72103881835938,91.37726663500001,-35.09847618086002,126.47574281586,over_prediction
46,177,79,135.51593,56.51593017578125,56.51593017578125,70.13213652190005,-43.05847751892,113.19061404082005,over_prediction
46,178,78,155.95749,77.95748901367188,77.95748901367188,84.04765421929999,-36.53243050281999,120.58008472211996,over_prediction
46,179,77,146.60764,69.60763549804688,69.60763549804688,80.6185839513,-42.453077159070006,123.07166111036997,over_prediction
46,180,76,119.95215,43.9521484375,43.9521484375,68.7685822286,-57.25875560342,126.02733783202001,over_prediction
46,181,75,123.01506,48.01506042480469,48.01506042480469,68.79951245559997,-54.22675761832,123.02627007391995,over_prediction
46,182,74,87.81334,13.813339233398438,13.813339233398438,56.50311602,-77.13196214772,133.63507816771997,over_prediction
46,183,73,83.2059,10.205902099609375,10.205902099609375,51.87607108017001,-77.11238360072,128.98845468088993,over_prediction
46,184,72,81.78,9.779998779296875,9.779998779296875,47.907989784769995,-74.57025478841999,122.47824457319005,over_prediction
46,185,71,94.581825,23.581825256347656,23.581825256347656,53.20898076369998,-67.06945552311998,120.27843628681998,over_prediction
46,186,70,92.67135,22.671348571777344,22.671348571777344,55.16100809500001,-70.93189821340003,126.0929063084,over_prediction
46,187,69,91.95039,22.950393676757812,22.950393676757812,53.218667597499994,-69.71054355020003,122.92921114769999,over_prediction
46,188,68,85.01977,17.01976776123047,17.01976776123047,49.07981132180004,-72.50231037072,121.58212169251996,over_prediction
46,189,67,85.14654,18.14653778076172,18.14653778076172,53.884722304160015,-77.18044603612,131.06516834028,over_prediction
46,190,66,88.20031,22.20030975341797,22.20030975341797,55.1544809337,-75.39644496132,130.55092589501993,over_prediction
46,191,65,117.376396,52.37639617919922,52.37639617919922,78.23912745469995,-69.30500845402003,147.54413590872008,over_prediction
46,192,64,113.69915,49.69915008544922,49.69915008544922,69.72475161229998,-64.46791892591999,134.19267053822003,over_prediction
46,193,63,113.47491,50.47490692138672,50.47490692138672,71.58130574,-66.54875494452,138.13006068451998,over_prediction
46,194,62,114.93972,52.939720153808594,52.939720153808594,69.38315526828006,-62.885726731220004,132.26888199950002,over_prediction
46,195,61,116.86229,55.86228942871094,55.86228942871094,75.65575362770001,-67.23573626071996,142.8914898884201,over_prediction
46,196,60,111.36334,51.36334228515625,51.36334228515625,63.16189030300002,-60.24084530419999,123.40273560719996,over_prediction
46,197,59,100.61545,41.615447998046875,41.615447998046875,60.215369479,-68.04215107366,128.25752055265997,over_prediction
46,198,58,114.37698,56.376983642578125,56.376983642578125,67.67028505939999,-61.73557142072,129.40585648012004,over_prediction
46,199,57,92.142456,35.1424560546875,35.1424560546875,53.45566437050002,-69.75544549032,123.21110986081996,over_prediction
46,200,56,90.16819,34.168190002441406,34.168190002441406,57.21683559630001,-75.49099815632002,132.70783375262,over_prediction
46,201,55,87.608696,32.60869598388672,32.60869598388672,59.36300197,-80.19659870030002,139.55960067030006,over_prediction
46,202,54,86.4558,32.45580291748047,32.45580291748047,60.11347899289998,-82.0999211173,142.21340011020007,over_prediction
46,203,53,81.67942,28.679420471191406,28.679420471191406,56.494926690729976,-83.25778277121996,139.7527094619501,over_prediction
46,204,52,75.40843,23.408432006835938,23.408432006835938,51.96267475870001,-84.99646721661996,136.95914197532,over_prediction
46,205,51,70.43216,19.432159423828125,19.432159423828125,47.650530741900006,-85.66056775962,133.31109850151998,over_prediction
46,206,50,75.46348,25.463478088378906,25.463478088378906,49.375044004299994,-82.35374079252003,131.72878479681998,over_prediction
46,207,49,79.97105,30.971046447753906,30.971046447753906,50.885322081499986,-79.35649455722,130.24181663871994,over_prediction
46,208,48,73.70222,25.70221710205078,25.70221710205078,48.73712841684,-83.47715417888003,132.21428259572002,over_prediction
46,209,47,78.77522,31.775222778320312,31.775222778320312,53.85580977529998,-83.52280786072001,137.37861763601998,over_prediction
46,210,46,71.23845,25.238449096679688,25.238449096679688,45.373659812999996,-82.57744041272,127.95110022572,over_prediction
46,211,45,84.39649,39.39649200439453,39.39649200439453,52.30356260570001,-76.34938280341999,128.65294540911992,over_prediction
46,212,44,78.571785,34.57178497314453,34.57178497314453,54.42902925899999,-84.29953673732004,138.72856599632001,over_prediction
46,213,43,58.099476,15.099475860595703,15.099475860595703,47.66506247749999,-98.00783939102003,145.67290186851997,over_prediction
46,214,42,65.14681,23.146812438964844,23.146812438964844,49.2010981141,-92.49655048654999,141.69764860064998,over_prediction
46,215,41,75.7543,34.754302978515625,34.754302978515625,53.311212109749974,-85.99917643622001,139.31038854596997,over_prediction
46,216,40,74.51344,34.51344299316406,34.51344299316406,51.7103066567,-85.63914754042,137.34945419711994,over_prediction
46,217,39,75.52485,36.52484893798828,36.52484893798828,55.356301976800005,-88.27367934802002,143.62998132482005,over_prediction
46,218,38,60.892845,22.892845153808594,22.892845153808594,47.601028701,-95.15051272181996,142.75154142281994,over_prediction
46,219,37,52.16279,15.162788391113281,15.162788391113281,44.0529257599,-100.33242569171999,144.38535145162004,over_prediction
46,220,36,46.61609,10.6160888671875,10.6160888671875,40.89914530922002,-102.72536811375998,143.6245134229801,over_prediction
46,221,35,43.78478,8.784778594970703,8.784778594970703,40.6930615813,-105.35059136072007,146.04365294202,over_prediction
46,222,34,38.923325,4.9233245849609375,4.9233245849609375,38.314834294,-107.83383845192002,146.14867274592007,over_prediction
46,223,33,36.867104,3.8671035766601562,3.8671035766601562,36.88779247850001,-108.46300301812,145.35079549662,over_prediction
46,224,32,39.5564,7.556400299072266,7.556400299072266,39.047388106339994,-107.93327730322001,146.9806654095601,over_prediction
46,225,31,37.612167,6.6121673583984375,6.6121673583984375,37.9321198265,-108.76226279831998,146.69438262482,over_prediction
46,226,30,34.219837,4.219837188720703,4.219837188720703,36.08628046899999,-110.30876070341999,146.39504117241998,over_prediction
46,227,29,34.933857,5.933856964111328,5.933856964111328,38.912773241199986,-112.42122665585,151.33399989705003,over_prediction
46,228,28,36.568916,8.568916320800781,8.568916320800781,39.405986016400014,-111.27938211022,150.68536812662,over_prediction
46,229,27,44.3258,17.325801849365234,17.325801849365234,39.81417173610001,-103.93065529832003,143.74482703442,over_prediction
46,230,26,39.21444,13.214439392089844,13.214439392089844,42.38577933769999,-111.61364463082003,153.99942396852006,over_prediction
46,231,25,36.809757,11.809757232666016,11.809757232666016,42.000731900199995,-113.63327523022,155.63400713042003,over_prediction
46,232,24,41.27919,17.279190063476562,17.279190063476562,42.57119393619499,-109.73432842372003,152.305522359915,over_prediction
46,233,23,42.838413,19.83841323852539,19.83841323852539,42.8310840813,-108.43499124827002,151.26607532957001,over_prediction
46,234,22,37.79952,15.799518585205078,15.799518585205078,43.03774422030001,-113.68053660899999,156.71828082930003,over_prediction
46,235,21,37.74444,16.74443817138672,16.74443817138672,42.77000217200001,-113.46789308930003,156.2378952613,over_prediction
46,236,20,35.643284,15.64328384399414,15.64328384399414,42.54582455520001,-115.34489224771998,157.89071680291994,over_prediction
46,237,19,33.9976,14.997600555419922,14.997600555419922,41.453920995699995,-115.89861685922,157.3525378549201,over_prediction
46,238,18,36.311855,18.31185531616211,18.31185531616211,45.5297142473,-117.66017085842005,163.18988510571998,over_prediction
46,239,17,27.504095,10.504095077514648,10.504095077514648,42.973672808,-123.91187388102004,166.88554668902003,over_prediction
46,240,16,18.2637,2.263700485229492,2.263700485229492,40.2372031237,-130.41579961910003,170.65300274280006,over_prediction
46,241,15,27.969414,12.969413757324219,12.969413757324219,44.59063593239999,-125.06350459429997,169.65414052670002,over_prediction
46,242,14,21.081781,7.081781387329102,7.081781387329102,43.30800374829998,-130.66852169600008,173.97652544430005,over_prediction
46,243,13,17.41979,4.419790267944336,4.419790267944336,39.96438121590001,-130.98688956160004,170.95127077749999,over_prediction
46,244,12,16.836327,4.836326599121094,4.836326599121094,41.73703631599999,-133.34300338372003,175.08003969972006,over_prediction
46,245,11,12.970324,1.9703235626220703,1.9703235626220703,40.31910057089999,-135.79107413322,176.11017470412008,over_prediction
46,246,10,12.081245,2.0812454223632812,2.0812454223632812,40.827547550400006,-137.18860663771991,178.01615418811994,over_prediction
46,247,9,11.647822,2.647822380065918,2.647822380065918,41.29790851760001,-138.0923772173599,179.3902857349599,over_prediction
46,248,8,6.600848,-1.3991518020629883,1.3991518020629883,40.409347257399986,-142.25078982739998,182.66013708480008,under_prediction
46,249,7,8.026926,1.026926040649414,1.026926040649414,40.99860442700002,-141.41397731872,182.41258174571993,over_prediction
46,250,6,5.2441144,-0.7558856010437012,0.7558856010437012,40.001699783,-143.19987706482,183.20157684782,under_prediction
46,251,5,5.55991,0.5599098205566406,0.5599098205566406,40.283591130324005,-143.16598101172005,183.44957214204405,over_prediction
46,252,4,4.3097444,0.30974435806274414,0.30974435806274414,38.4084514485,-142.54099659731995,180.94944804581993,over_prediction
46,253,3,7.9396763,4.939676284790039,4.939676284790039,40.874096806000004,-141.37671810742,182.25081491341996,over_prediction
46,254,2,6.8121905,4.812190532684326,4.812190532684326,40.938656686999984,-142.56874293142002,183.50739961842,over_prediction
46,255,1,3.608471,2.608470916748047,2.608470916748047,38.652201746699994,-143.48600433662,182.13820608332,over_prediction
46,256,0,1.290376,1.2903759479522705,1.2903759479522705,37.02927159359999,-144.18117861669998,181.21045021030008,over_prediction
54,1,256,205.65271,-50.3472900390625,50.3472900390625,119.66653156539998,-22.45610320542,142.12263477082,under_prediction
54,2,255,188.32443,-66.67556762695312,66.67556762695312,119.55450426260005,-39.67233871761999,159.22684298022008,under_prediction
54,3,254,189.41342,-64.58657836914062,64.58657836914062,146.9772152055001,-66.00596593241998,212.98318113792004,under_prediction
54,4,253,170.02826,-82.97174072265625,82.97174072265625,129.5553804253001,-67.96914861562003,197.52452904091996,under_prediction
54,5,252,157.00903,-94.990966796875,94.990966796875,117.59435095880002,-69.02747566891001,186.62182662770994,under_prediction
54,6,251,158.8602,-92.13980102539062,92.13980102539062,114.959738915,-64.54181175449999,179.50155066949995,under_prediction
54,7,250,160.56276,-89.43724060058594,89.43724060058594,112.56348632871999,-60.44289180371,173.00637813242994,under_prediction
54,8,249,163.14761,-85.85238647460938,85.85238647460938,109.42460820810001,-54.719236224309995,164.14384443241002,under_prediction
54,9,248,168.94427,-79.05572509765625,79.05572509765625,118.27742349860002,-57.775513298709996,176.05293679731005,under_prediction
54,10,247,161.45012,-85.54988098144531,85.54988098144531,114.6783410159,-61.67060800591001,176.34894902181,under_prediction
54,11,246,162.6218,-83.37820434570312,83.37820434570312,111.34551334500001,-57.166103757010006,168.5116171020101,under_prediction
54,12,245,165.95177,-79.04823303222656,79.04823303222656,112.7057723093,-55.19630501041,167.90207731970995,under_prediction
54,13,244,172.32498,-71.67501831054688,71.67501831054688,112.19505969950002,-48.31226206261999,160.50732176212006,under_prediction
54,14,243,169.48732,-73.51268005371094,73.51268005371094,113.61736084800003,-52.57230665992001,166.18966750791995,under_prediction
54,15,242,166.52074,-75.47926330566406,75.47926330566406,113.8398359243,-55.76132759371999,169.60116351801992,under_prediction
54,16,241,149.97552,-91.02447509765625,91.02447509765625,103.5430140686,-62.00987452891001,165.55288859751005,under_prediction
54,17,240,153.00517,-86.99482727050781,86.99482727050781,102.95448389719996,-58.39153511421,161.34601901141008,under_prediction
54,18,239,150.63756,-88.36244201660156,88.36244201660156,102.44146579129999,-60.24618704461,162.68765283591,under_prediction
54,19,238,168.48827,-69.51173400878906,69.51173400878906,116.63522012025003,-56.58917486540999,173.22439498565998,under_prediction
54,20,237,164.31372,-72.686279296875,72.686279296875,117.78850764640002,-61.917072708940026,179.70558035534003,under_prediction
54,21,236,157.08582,-78.9141845703125,78.9141845703125,112.27761710099999,-63.63402047081002,175.91163757180996,under_prediction
54,22,235,158.49399,-76.50601196289062,76.50601196289062,108.99163943819997,-58.939874687709995,167.93151412590996,under_prediction
54,23,234,178.62593,-55.37406921386719,55.37406921386719,118.9738403442,-48.7901211307,167.76396147490001,under_prediction
54,24,233,184.36125,-48.63874816894531,48.63874816894531,124.9785870135,-49.059601823300014,174.03818883680003,under_prediction
54,25,232,193.06424,-38.935760498046875,38.935760498046875,131.79593007099996,-47.173971202210005,178.96990127321004,under_prediction
54,26,231,190.25761,-40.74238586425781,40.74238586425781,128.01575651818,-46.200410047210006,174.21616656538998,under_prediction
54,27,230,155.00984,-74.99015808105469,74.99015808105469,105.39459936912999,-58.827055588810005,164.22165495794007,under_prediction
54,28,229,156.12413,-72.87586975097656,72.87586975097656,110.23140581513998,-62.54943112531,172.78083694044992,under_prediction
54,29,228,140.40686,-87.5931396484375,87.5931396484375,96.97436531500001,-65.00979392878999,161.9841592437901,under_prediction
54,30,227,131.39316,-95.60684204101562,95.60684204101562,90.75119890249997,-67.80014596840998,158.55134487091004,under_prediction
54,31,226,146.61467,-79.38533020019531,79.38533020019531,96.18814130949998,-58.01561876990999,154.2037600794099,under_prediction
54,32,225,144.19356,-80.80644226074219,80.80644226074219,96.18867539659999,-60.43730872930999,156.62598412591,under_prediction
54,33,224,156.11353,-67.886474609375,67.886474609375,109.39070531456997,-61.719374354809986,171.11007966937984,under_prediction
54,34,223,158.86235,-64.13764953613281,64.13764953613281,111.28256726709999,-60.86232041728,172.14488768438014,under_prediction
54,35,222,155.07321,-66.92678833007812,66.92678833007812,105.4728515243,-58.84185804541,164.31470956971003,under_prediction
54,36,221,161.85991,-59.14009094238281,59.14009094238281,117.37552171519997,-63.95775038751,181.33327210270994,under_prediction
54,37,220,155.09113,-64.90887451171875,64.90887451171875,113.5349748069,-66.88596495380999,180.42093976071,under_prediction
54,38,219,169.26672,-49.7332763671875,49.7332763671875,120.59162568689997,-59.766979144539974,180.35860483144003,under_prediction
54,39,218,147.20673,-70.79327392578125,70.79327392578125,107.9158629689,-69.15130175820998,177.06716472710997,under_prediction
54,40,217,165.0828,-51.917205810546875,51.917205810546875,117.64949134620002,-61.008778449209984,178.65826979540998,under_prediction
54,41,216,168.08063,-47.91937255859375,47.91937255859375,123.71576519989996,-64.07733717454,187.79310237443997,under_prediction
54,42,215,151.2088,-63.79119873046875,63.79119873046875,110.93801494700001,-68.17137882041,179.10939376740998,under_prediction
54,43,214,151.75754,-62.242462158203125,62.242462158203125,109.15046879529999,-65.83518973681001,174.98565853211002,under_prediction
54,44,213,151.30971,-61.69029235839844,61.69029235839844,109.3187906442,-66.45130833840999,175.77009898260994,under_prediction
54,45,212,157.8503,-54.14970397949219,54.14970397949219,110.01980632339996,-60.611758765409995,170.63156508881002,under_prediction
54,46,211,154.224,-56.7760009765625,56.7760009765625,108.67826254639994,-62.89649889931002,171.57476144570995,under_prediction
54,47,210,162.34706,-47.65293884277344,47.65293884277344,111.55987297969999,-57.65509186251001,169.21496484220998,under_prediction
54,48,209,154.466,-54.53399658203125,54.53399658203125,110.13708644275998,-64.11336890361001,174.25045534636993,under_prediction
54,49,208,157.07135,-50.92864990234375,50.92864990234375,111.56709429299998,-62.93794855691,174.50504284990996,under_prediction
54,50,207,153.94427,-53.05572509765625,53.05572509765625,106.45201170160003,-60.949983955209994,167.40199565681002,under_prediction
54,51,206,158.71915,-47.280853271484375,47.280853271484375,107.31481011680005,-57.03786087174001,164.35267098854013,under_prediction
54,52,205,154.12321,-50.87678527832031,50.87678527832031,108.19559259789999,-62.51457887821001,170.71017147611002,under_prediction
54,53,204,157.20273,-46.797271728515625,46.797271728515625,111.66192236779995,-62.90133698599001,174.56325935379002,under_prediction
54,54,203,145.16164,-57.83836364746094,57.83836364746094,105.46158847400002,-68.74216420463998,174.20375267863997,under_prediction
54,55,202,148.93329,-53.06671142578125,53.06671142578125,105.68907182940004,-65.19795551413999,170.88702734354004,under_prediction
54,56,201,141.02069,-59.97930908203125,59.97930908203125,98.65508934792999,-66.07660590374006,164.73169525166986,under_prediction
54,57,200,140.6774,-59.322601318359375,59.322601318359375,102.34386221339996,-70.10861361763999,172.4524758310399,under_prediction
54,58,199,139.56636,-59.43363952636719,59.43363952636719,102.99867388060001,-71.87450742163998,174.87318130224003,under_prediction
54,59,198,143.17307,-54.826934814453125,54.826934814453125,102.11376226803999,-67.38290496991,169.49666723794996,under_prediction
54,60,197,147.1183,-49.88169860839844,49.88169860839844,104.38872588944997,-65.71266271704,170.10138860649,under_prediction
54,61,196,142.33995,-53.66004943847656,53.66004943847656,99.98010814389993,-66.08247362267002,166.06258176657005,under_prediction
54,62,195,178.8008,-16.199203491210938,16.199203491210938,124.99166008365,-54.633078598639976,179.62473868229,under_prediction
54,63,194,186.25122,-7.748779296875,7.748779296875,133.76267502789992,-55.95362384451001,189.71629887240988,under_prediction
54,64,193,177.4319,-15.568099975585938,15.568099975585938,122.19662254445998,-53.20694826514,175.40357080959998,under_prediction
54,65,192,191.2496,-0.750396728515625,0.750396728515625,136.32871785669994,-53.52132830890999,189.85004616560997,under_prediction
54,66,191,200.84067,9.840667724609375,9.840667724609375,140.10301842409996,-47.70448644791,187.80750487200999,over_prediction
54,67,190,188.41068,-1.589324951171875,1.589324951171875,128.0361256068,-48.06761902150999,176.10374462830993,under_prediction
54,68,189,177.89935,-11.10064697265625,11.10064697265625,125.98364495039996,-56.526374686509996,182.51001963691004,under_prediction
54,69,188,184.50517,-3.4948272705078125,3.4948272705078125,126.62323769799998,-50.56021044691002,177.18344814490996,under_prediction
54,70,187,174.06282,-12.937179565429688,12.937179565429688,122.77161869800005,-57.15101128471002,179.92262998271,under_prediction
54,71,186,147.47006,-38.529937744140625,38.529937744140625,103.68947712899998,-64.66157518731002,168.35105231631,under_prediction
54,72,185,168.01984,-16.98016357421875,16.98016357421875,117.03712902550002,-57.45944474630999,174.49657377180995,under_prediction
54,73,184,169.64601,-14.353988647460938,14.353988647460938,121.71660600359998,-60.512661644310015,182.22926764790998,under_prediction
54,74,183,166.82605,-16.1739501953125,16.1739501953125,122.00059693646003,-63.616705207,185.61730214346022,under_prediction
54,75,182,149.24759,-32.752410888671875,32.752410888671875,113.1411378699,-72.33579657484,185.47693444473987,under_prediction
54,76,181,156.17747,-24.822525024414062,24.822525024414062,114.13185685060003,-66.39660010311002,180.52845695371,under_prediction
54,77,180,160.23578,-19.76422119140625,19.76422119140625,117.41481747499999,-65.62120336291001,183.03602083791,under_prediction
54,78,179,142.03816,-36.96183776855469,36.96183776855469,105.38525193399998,-71.78937027290999,177.17462220690987,under_prediction
54,79,178,152.90593,-25.094070434570312,25.094070434570312,113.02049251999999,-68.55692325260999,181.57741577261004,under_prediction
54,80,177,146.02893,-30.9710693359375,30.9710693359375,109.26097639250003,-71.67412531821002,180.93510171070997,under_prediction
54,81,176,137.40726,-38.592742919921875,38.592742919921875,94.73412049,-65.76911095978001,160.50323144978003,under_prediction
54,82,175,139.23537,-35.76463317871094,35.76463317871094,100.54103160889998,-69.74785538504001,170.2888869939399,under_prediction
54,83,174,146.76094,-27.239059448242188,27.239059448242188,104.60309255529998,-66.28431770501001,170.88741026031002,under_prediction
54,84,173,147.5967,-25.403305053710938,25.403305053710938,106.08342452170001,-66.92884195134,173.01226647304003,under_prediction
54,85,172,138.30872,-33.6912841796875,33.6912841796875,101.83810190079997,-71.97163138101,173.8097332818099,under_prediction
54,86,171,155.82344,-15.176559448242188,15.176559448242188,109.25285499639999,-61.87167093964,171.12452593604002,under_prediction
54,87,170,166.60088,-3.3991241455078125,3.3991241455078125,112.70055178377001,-54.54186768230999,167.24241946607992,under_prediction
54,88,169,147.7974,-21.202606201171875,21.202606201171875,110.95133053300005,-71.59615838340999,182.54748891640995,under_prediction
54,89,168,149.17886,-18.821136474609375,18.821136474609375,110.67136451722999,-69.93477509971001,180.60613961693988,under_prediction
54,90,167,152.68605,-14.313949584960938,14.313949584960938,108.99218396583002,-64.74843474550998,173.74061871134,under_prediction
54,91,166,146.73653,-19.263473510742188,19.263473510742188,104.56370849119996,-66.26949426431,170.83320275551,under_prediction
54,92,165,152.2705,-12.729507446289062,12.729507446289062,108.53403192029992,-64.70575121591,173.23978313621,under_prediction
54,93,164,146.97711,-17.02288818359375,17.02288818359375,99.16332378579995,-60.62851694021,159.79184072601,under_prediction
54,94,163,149.95804,-13.041961669921875,13.041961669921875,100.59862945540002,-59.082983204109986,159.68161265950994,under_prediction
54,95,162,156.0655,-5.9344940185546875,5.9344940185546875,100.22838831480001,-52.60529407491,152.8336823897099,under_prediction
54,96,161,153.69608,-7.303924560546875,7.303924560546875,102.12979567329997,-56.87609764291,159.0058933162101,under_prediction
54,97,160,150.65105,-9.348953247070312,9.348953247070312,97.842301898,-55.633593314410014,153.4758952124099,under_prediction
54,98,159,160.37523,1.3752288818359375,1.3752288818359375,99.4851531498,-47.552301754209985,147.03745490401013,over_prediction
54,99,158,160.51328,2.513275146484375,2.513275146484375,99.55342938159997,-47.482527291210005,147.03595667281004,over_prediction
54,100,157,161.783,4.7830047607421875,4.7830047607421875,98.13909759045998,-44.79840410375001,142.93750169420994,over_prediction
54,101,156,153.46658,-2.533416748046875,2.533416748046875,95.02334758739995,-49.99903713601,145.02238472340989,under_prediction
54,102,155,147.29497,-7.7050323486328125,7.7050323486328125,92.92032908320002,-54.067649916789996,146.98797899999,under_prediction
54,103,154,136.42825,-17.571746826171875,17.571746826171875,86.7625654769,-58.77656694061,145.53913241751,under_prediction
54,104,153,139.17215,-13.827850341796875,13.827850341796875,85.81916392088841,-55.08922839142001,140.90839231230845,under_prediction
54,105,152,133.24327,-18.756729125976562,18.756729125976562,87.38212521009999,-62.58118712972,149.9633123398199,under_prediction
54,106,151,131.74664,-19.25335693359375,19.25335693359375,83.2874127729,-59.98293794639999,143.2703507193,under_prediction
54,107,150,120.565254,-29.43474578857422,29.43474578857422,79.99090587119996,-67.86782581133798,147.85873168253812,under_prediction
54,108,149,115.96923,-33.03076934814453,33.03076934814453,80.19834803310002,-72.67131763102005,152.86966566412008,under_prediction
54,109,148,117.64884,-30.351158142089844,30.351158142089844,80.14804227060003,-70.94146897061471,151.08951124121464,under_prediction
54,110,147,123.04383,-23.95616912841797,23.95616912841797,82.25010291979997,-67.64855474180004,149.89865766159986,under_prediction
54,111,146,125.771065,-20.22893524169922,20.22893524169922,85.11193219100002,-67.78316647962001,152.89509867061992,under_prediction
54,112,145,116.30275,-28.697250366210938,28.697250366210938,82.71702053937999,-74.85652008672001,157.57354062610008,under_prediction
54,113,144,121.30344,-22.696563720703125,22.696563720703125,83.16948281299999,-70.30833637542003,153.47781918842,under_prediction
54,114,143,126.41233,-16.587669372558594,16.587669372558594,88.1561393105,-70.18610465832002,158.34224396882,under_prediction
54,115,142,114.49306,-27.506942749023438,27.506942749023438,80.22369447329997,-74.17290224827002,154.39659672157003,under_prediction
54,116,141,124.73554,-16.26445770263672,16.26445770263672,87.1882811402,-70.89499036771998,158.08327150792005,under_prediction
54,117,140,120.62774,-19.37226104736328,19.37226104736328,84.34784297040002,-72.16233799372,156.51018096412002,under_prediction
54,118,139,129.99605,-9.003952026367188,9.003952026367188,87.013998321,-65.46005955871998,152.47405787972,under_prediction
54,119,138,122.27178,-15.728218078613281,15.728218078613281,84.3509664606,-70.52144191012003,154.87240837072005,under_prediction
54,120,137,131.80045,-5.199554443359375,5.199554443359375,87.28909461769999,-63.930884589719994,151.21997920741998,under_prediction
54,121,136,117.63246,-18.367538452148438,18.367538452148438,81.78275034299999,-72.59257598071001,154.37532632371003,under_prediction
54,122,135,117.95374,-17.04625701904297,17.04625701904297,80.01925706619998,-70.50773118451998,150.52698825072008,under_prediction
54,123,134,117.444824,-16.55517578125,16.55517578125,79.30561230649997,-70.30303035689501,149.60864266339507,under_prediction
54,124,133,114.67778,-18.322219848632812,18.322219848632812,78.49095900739998,-72.25541048921005,150.7463694966099,under_prediction
54,125,132,113.16102,-18.83898162841797,18.83898162841797,78.72923742849997,-74.01048187041005,152.73971929890996,under_prediction
54,126,131,123.24665,-7.753349304199219,7.753349304199219,82.64746843749998,-67.84307718841,150.49054562591,under_prediction
54,127,130,117.36709,-12.632911682128906,12.632911682128906,81.34044172580002,-72.41560656691999,153.75604829272,under_prediction
54,128,129,120.274506,-8.725494384765625,8.725494384765625,83.25953109484,-71.42726657401998,154.68679766885998,under_prediction
54,129,128,114.97606,-13.023941040039062,13.023941040039062,79.06844801449998,-72.53456879302,151.60301680752002,under_prediction
54,130,127,117.60878,-9.391220092773438,9.391220092773438,80.474464034,-71.3078915654,151.78235559940006,under_prediction
54,131,126,129.8953,3.895294189453125,3.895294189453125,88.83379905570003,-67.38084741272,156.21464646842009,over_prediction
54,132,125,137.40166,12.401657104492188,12.401657104492188,95.27513732269998,-66.31573462762,161.59087195032,over_prediction
54,133,124,128.85071,4.8507080078125,4.8507080078125,87.4698445578,-67.061437731,154.5312822888,over_prediction
54,134,123,125.27585,2.275848388671875,2.275848388671875,83.54110224414998,-66.70750909600004,150.24861134015,over_prediction
54,135,122,117.06907,-4.930931091308594,4.930931091308594,77.43553128735,-68.80860065281999,146.24413194017004,under_prediction
54,136,121,127.35776,6.357757568359375,6.357757568359375,82.85737040400001,-63.941863410720025,146.79923381471997,over_prediction
54,137,120,116.96381,-3.0361862182617188,3.0361862182617188,72.40248808540002,-63.88090587859999,136.28339396400006,under_prediction
54,138,119,138.93648,19.936477661132812,19.936477661132812,79.88013390089999,-49.386050606999994,129.26618450789996,over_prediction
54,139,118,119.50357,1.503570556640625,1.503570556640625,69.23484163827,-58.17344166142,127.40828329969001,over_prediction
54,140,117,150.96074,33.96073913574219,33.96073913574219,92.06999985979994,-49.551679710719995,141.62167957052006,over_prediction
54,141,116,132.33308,16.333084106445312,16.333084106445312,78.06651885079998,-54.17573066262,132.24224951342003,over_prediction
54,142,115,133.81848,18.8184814453125,18.8184814453125,78.9967460921,-53.62056159622001,132.61730768831995,over_prediction
54,143,114,140.01721,26.0172119140625,26.0172119140625,89.62555855344996,-58.050734450616005,147.676293004066,over_prediction
54,144,113,127.98206,14.982063293457031,14.982063293457031,82.33937386399997,-62.79952354951999,145.13889741351997,over_prediction
54,145,112,125.57758,13.577583312988281,13.577583312988281,84.92051802527996,-67.78508753232,152.70560555760002,over_prediction
54,146,111,124.47547,13.475471496582031,13.475471496582031,80.31026458300002,-64.27695915576001,144.58722373876003,over_prediction
54,147,110,125.536095,15.536094665527344,15.536094665527344,85.00443410329999,-67.91055251632001,152.91498661962,over_prediction
54,148,109,115.772514,6.772514343261719,6.772514343261719,78.21748467939999,-70.887113967126,149.10459864652603,over_prediction
54,149,108,110.00959,2.0095901489257812,2.0095901489257812,76.11233311339998,-74.54489617562002,150.65722928902,over_prediction
54,150,107,115.69054,8.690536499023438,8.690536499023438,79.96601839009998,-72.71766040497002,152.68367879507,over_prediction
54,151,106,120.31312,14.313117980957031,14.313117980957031,81.60517442869994,-69.73423720531997,151.33941163402002,over_prediction
54,152,105,106.36974,1.3697433471679688,1.3697433471679688,73.336416043,-75.40885836102005,148.74527440401997,over_prediction
54,153,104,102.11441,-1.885589599609375,1.885589599609375,67.2179745405,-73.54577529198544,140.76374983248547,under_prediction
54,154,103,109.84855,6.848548889160156,6.848548889160156,77.32378107330003,-75.91743183992004,153.24121291321998,over_prediction
54,155,102,95.44972,-6.5502777099609375,6.5502777099609375,70.1334680272,-83.12599802822002,153.25946605542006,under_prediction
54,156,101,102.035484,1.0354843139648438,1.0354843139648438,68.40461493959997,-74.81135496628002,143.21596990587994,over_prediction
54,157,100,96.50278,-3.497222900390625,3.497222900390625,67.29569419500001,-79.23518218452003,146.53087637951998,under_prediction
54,158,99,89.09743,-9.902572631835938,9.902572631835938,64.07507593838,-83.41992537122002,147.49500130959999,under_prediction
54,159,98,86.555,-11.444999694824219,11.444999694824219,61.926673661799995,-83.81391662671996,145.74059028852008,under_prediction
54,160,97,86.88027,-10.119728088378906,10.119728088378906,62.403972675800006,-83.96594782081401,146.36992049661404,under_prediction
54,161,96,75.304535,-20.695465087890625,20.695465087890625,55.80052891036401,-88.93815131872005,144.73868022908397,under_prediction
54,162,95,70.68145,-24.31855010986328,24.31855010986328,55.11876408800002,-92.87953782551999,147.99830191352004,under_prediction
54,163,94,84.62229,-9.377708435058594,9.377708435058594,65.6898556641,-89.50981838632,155.19967405042001,under_prediction
54,164,93,89.95238,-3.0476226806640625,3.0476226806640625,70.13716876800004,-88.62696707182,158.76413583981994,under_prediction
54,165,92,92.06677,0.0667724609375,0.0667724609375,67.70872831200002,-84.08419742972006,151.79292574171993,over_prediction
54,166,91,75.006546,-15.993453979492188,15.993453979492188,51.68410554540001,-85.11982284911996,136.80392839451997,under_prediction
54,167,90,86.79191,-3.2080917358398438,3.2080917358398438,58.61951386649999,-80.26987452872004,138.88938839522004,under_prediction
54,168,89,73.86825,-15.131752014160156,15.131752014160156,51.95698577180003,-86.53099005481998,138.4879758266201,under_prediction
54,169,88,86.43777,-1.5622329711914062,1.5622329711914062,59.37278977150002,-81.37731041892,140.75010019042008,under_prediction
54,170,87,82.39759,-4.602409362792969,4.602409362792969,54.3758800788,-80.42056979742004,134.79644987622004,under_prediction
54,171,86,79.26416,-6.73583984375,6.73583984375,58.71102654039999,-87.88913689691996,146.60016343732002,under_prediction
54,172,85,88.956,3.9560012817382812,3.9560012817382812,57.26078780420002,-76.74699498272004,134.00778278692013,over_prediction
54,173,84,75.33248,-8.667518615722656,8.667518615722656,54.66209152449999,-87.77183475245998,142.43392627696008,under_prediction
54,174,83,80.83601,-2.1639862060546875,2.1639862060546875,58.06315680819998,-85.66940029402,143.73255710222008,under_prediction
54,175,82,95.96294,13.962936401367188,13.962936401367188,79.7414201715,-92.22075513271999,171.96217530421998,over_prediction
54,176,81,98.3821,17.382102966308594,17.382102966308594,66.95411143429999,-77.01424088152001,143.96835231582008,over_prediction
54,177,80,97.73085,17.730850219726562,17.730850219726562,67.34567411722,-78.05706317621998,145.40273729343994,over_prediction
54,178,79,102.08993,23.089927673339844,23.089927673339844,69.83530433709996,-76.18763634400004,146.02294068109998,over_prediction
54,179,78,85.396225,7.3962249755859375,7.3962249755859375,56.12845925222998,-79.17442999936999,135.30288925159994,over_prediction
54,180,77,73.71594,-3.2840576171875,3.2840576171875,49.71282379200002,-84.43917160459996,134.15199539659997,under_prediction
54,181,76,66.342514,-9.657485961914062,9.657485961914062,49.31877044689999,-91.41850219007,140.73727263697,under_prediction
54,182,75,66.21539,-8.78460693359375,8.78460693359375,48.502298326699986,-90.729149584,139.23144791069998,under_prediction
54,183,74,64.18646,-9.81353759765625,9.81353759765625,45.096771659400005,-89.35269376099998,134.44946542040006,under_prediction
54,184,73,69.59439,-3.405609130859375,3.405609130859375,50.18278341100001,-89.03070605882009,139.21348946981993,under_prediction
54,185,72,65.9307,-6.069297790527344,6.069297790527344,44.43133912010002,-86.94285057651999,131.37418969661994,under_prediction
54,186,71,57.101097,-13.898902893066406,13.898902893066406,42.140317858100005,-93.48155554472001,135.62187340282,under_prediction
54,187,70,57.29674,-12.703258514404297,12.703258514404297,40.21598527919999,-91.36159946932001,131.57758474852005,under_prediction
54,188,69,69.15793,0.157928466796875,0.157928466796875,45.29996043100003,-84.58430950272002,129.88426993372005,over_prediction
54,189,68,60.628292,-7.371707916259766,7.371707916259766,45.363193307100005,-93.17723177751995,138.54042508462,under_prediction
54,190,67,62.815483,-4.184516906738281,4.184516906738281,46.796028920299996,-92.42289680622001,139.21892572651996,under_prediction
54,191,66,66.188126,0.1881256103515625,0.1881256103515625,46.834804000100014,-89.08889887276004,135.92370287286008,over_prediction
54,192,65,52.156605,-12.843395233154297,12.843395233154297,38.165161934599986,-94.45090555772002,132.61606749231996,under_prediction
54,193,64,61.386173,-2.6138267517089844,2.6138267517089844,42.6073099448,-89.66346870278001,132.27077864757996,under_prediction
54,194,63,67.889275,4.889274597167969,4.889274597167969,42.957568078899996,-83.51049971672003,126.46806779562002,over_prediction
54,195,62,55.748295,-6.251705169677734,6.251705169677734,46.258733667100024,-98.95282945571999,145.21156312282008,under_prediction
54,196,61,57.450787,-3.549213409423828,3.549213409423828,44.81510123763999,-95.80671145992005,140.62181269756,under_prediction
54,197,60,57.004936,-2.9950637817382812,2.9950637817382812,40.29007723530001,-91.72754081341999,132.01761804872,under_prediction
54,198,59,58.89165,-0.10834884643554688,0.10834884643554688,42.1921342458,-91.74287477402002,133.93500901982011,under_prediction
54,199,58,52.715874,-5.284126281738281,5.284126281738281,34.1605486257,-89.88705391993999,124.04760254563999,under_prediction
54,200,57,48.697388,-8.3026123046875,8.3026123046875,29.506682110699998,-89.25169233061003,118.75837444131,under_prediction
54,201,56,46.07568,-9.924320220947266,9.924320220947266,28.405363877900008,-90.77206271372003,119.17742659162003,under_prediction
54,202,55,44.398754,-10.601245880126953,10.601245880126953,28.900845724499995,-92.94445696842,121.84530269291999,under_prediction
54,203,54,47.238525,-6.761474609375,6.761474609375,30.627582460669995,-91.83144561711998,122.45902807779,under_prediction
54,204,53,55.42894,2.4289398193359375,2.4289398193359375,33.2604323563,-86.27385041399998,119.53428277030002,over_prediction
54,205,52,58.51493,6.514930725097656,6.514930725097656,35.58260735469999,-85.51001738642002,121.09262474111996,over_prediction
54,206,51,61.305996,10.30599594116211,10.30599594116211,37.78292923969999,-84.91929369372002,122.70222293341999,over_prediction
54,207,50,58.61132,8.611320495605469,8.611320495605469,37.27012003649999,-87.10106421822002,124.37118425472003,over_prediction
54,208,49,51.809155,2.809154510498047,2.809154510498047,32.525262006999995,-89.15840120731998,121.68366321431999,over_prediction
54,209,48,48.902687,0.9026870727539062,0.9026870727539062,31.246826734499997,-90.78646352872005,122.03329026321998,over_prediction
54,210,47,57.8428,10.84280014038086,10.84280014038086,32.34455121950001,-82.94406947331998,115.28862069282,over_prediction
54,211,46,45.639217,-0.3607826232910156,0.3607826232910156,26.490110796899994,-89.29322730272001,115.78333809962,under_prediction
54,212,45,39.907913,-5.0920867919921875,5.0920867919921875,23.112825113,-91.64721047692001,114.76003558992002,under_prediction
54,213,44,39.556572,-4.443428039550781,4.443428039550781,21.3403024068,-90.22603041208,111.56633281887996,under_prediction
54,214,43,40.832733,-2.167266845703125,2.167266845703125,24.5025970915,-92.11216568552001,116.61476277701999,under_prediction
54,215,42,36.847187,-5.152812957763672,5.152812957763672,24.06172341726099,-95.65687684032005,119.71860025758106,under_prediction
54,216,41,38.8379,-2.1621017456054688,2.1621017456054688,25.951554644799998,-95.55599990034003,121.50755454513998,under_prediction
54,217,40,35.1046,-4.8954010009765625,4.8954010009765625,21.940015117099993,-95.27776362180998,117.21777873891007,under_prediction
54,218,39,32.688164,-6.311836242675781,6.311836242675781,19.49686571710001,-95.25102170152005,114.74788741862005,under_prediction
54,219,38,33.0685,-4.931499481201172,4.931499481201172,21.04322366401,-96.41704105271998,117.46026471672997,under_prediction
54,220,37,32.103893,-4.896106719970703,4.896106719970703,19.446106509000007,-95.78460779472005,115.23071430372013,under_prediction
54,221,36,28.67547,-7.324529647827148,7.324529647827148,20.388082221800005,-100.15493897691998,120.54302119872,under_prediction
54,222,35,30.015705,-4.984294891357422,4.984294891357422,20.110634050700003,-98.53725755191998,118.64789160261996,under_prediction
54,223,34,33.58901,-0.4109916687011719,0.4109916687011719,22.33923840389999,-97.19257629872,119.53181470262001,under_prediction
54,224,33,30.475822,-2.5241775512695312,2.5241775512695312,21.2986282518,-99.26511296602001,120.56374121782001,under_prediction
54,225,32,27.81614,-4.183860778808594,4.183860778808594,21.099189341499994,-101.72539698722,122.82458632871997,under_prediction
54,226,31,28.679642,-2.3203582763671875,2.3203582763671875,20.084897794700005,-99.84755506622001,119.93245286092008,under_prediction
54,227,30,29.417625,-0.5823745727539062,0.5823745727539062,20.90523658230001,-99.92989376390997,120.83513034621,under_prediction
54,228,29,31.666264,2.6662635803222656,2.6662635803222656,24.3293539898,-101.10538425982,125.43473824962003,over_prediction
54,229,28,33.169205,5.1692047119140625,5.1692047119140625,23.222786785599993,-98.49588217200998,121.71866895761,over_prediction
54,230,27,26.914343,-0.08565711975097656,0.08565711975097656,20.342459008940008,-101.87041618632003,122.21287519526001,under_prediction
54,231,26,25.45468,-0.5453205108642578,0.5453205108642578,21.725526500400008,-104.71313868942005,126.43866518982004,under_prediction
54,232,25,21.679352,-3.320648193359375,3.320648193359375,20.901288714899998,-107.66424214437005,128.56553085927007,under_prediction
54,233,24,27.406874,3.4068737030029297,3.4068737030029297,21.137847164899995,-102.17327851262998,123.31112567752997,over_prediction
54,234,23,22.018335,-0.9816646575927734,0.9816646575927734,18.71101404109999,-105.13498247372,123.84599651482,under_prediction
54,235,22,23.187954,1.1879539489746094,1.1879539489746094,21.397675300399996,-106.65201705271998,128.04969235311995,over_prediction
54,236,21,21.324013,0.32401275634765625,0.32401275634765625,19.314115950199987,-106.43239567612005,125.74651162632004,over_prediction
54,237,20,16.065128,-3.9348716735839844,3.9348716735839844,18.841701458800003,-111.21887844161999,130.0605799004201,under_prediction
54,238,19,14.6800785,-4.319921493530273,4.319921493530273,19.095544144999995,-112.85777446782002,131.95331861281997,under_prediction
54,239,18,11.106385,-6.893614768981934,6.893614768981934,17.7844738063,-115.12039754852002,132.90487135482,under_prediction
54,240,17,9.192348,-7.807652473449707,7.807652473449707,18.1324713057,-117.38242759113902,135.51489889683916,under_prediction
54,241,16,11.126264,-4.873736381530762,4.873736381530762,20.3652799792,-117.68130831462001,138.04658829381998,under_prediction
54,242,15,10.554815,-4.445184707641602,4.445184707641602,20.166511393400008,-118.05398127882005,138.22049267222,under_prediction
54,243,14,14.531558,0.5315580368041992,0.5315580368041992,21.61481754790001,-115.52554301930002,137.14036056720008,over_prediction
54,244,13,11.005152,-1.9948482513427734,1.9948482513427734,20.421173573999997,-117.85830379372001,138.27947736771995,under_prediction
54,245,12,13.420073,1.4200725555419922,1.4200725555419922,23.180865445000002,-118.20307514072,141.38394058572,over_prediction
54,246,11,15.625424,4.625424385070801,4.625424385070801,26.096772183499994,-118.91362587966003,145.01039806316004,over_prediction
54,247,10,12.385473,2.3854732513427734,2.3854732513427734,26.17834804,-122.23515953576,148.41350757576004,over_prediction
54,248,9,11.931327,2.9313268661499023,2.9313268661499023,26.732493024599986,-123.24345380722002,149.97594683182018,over_prediction
54,249,8,7.1313744,-0.8686256408691406,0.8686256408691406,25.5278007849,-126.83870002391996,152.3665008088201,under_prediction
54,250,7,1.6248273,-5.375172734260559,5.375172734260559,22.7460578801,-129.56350662472005,152.30956450482006,under_prediction
54,251,6,3.0366747,-2.963325262069702,2.963325262069702,24.291848400800003,-129.69745416242,153.9893025632199,under_prediction
54,252,5,0.08571382,-4.914286181330681,4.914286181330681,23.953366136600007,-132.30991736722004,156.26328350382002,under_prediction
54,253,4,0.6692867,-3.3307132720947266,3.3307132720947266,24.2487749323,-132.02177149242013,156.27054642472012,under_prediction
54,254,3,3.1303158,0.13031578063964844,0.13031578063964844,24.66037552045,-129.97233042222,154.63270594267004,over_prediction
54,255,2,3.412741,1.41274094581604,1.41274094581604,25.937790283700007,-130.96731915502008,156.90510943872013,over_prediction
54,256,1,3.1437755,2.143775463104248,2.143775463104248,24.2505856395,-129.54909580793,153.7996814474299,over_prediction
54,257,0,0.87193865,0.8719386458396912,0.8719386458396912,23.248315533620005,-130.81864904511997,154.06696457874,over_prediction
71,1,207,197.78812,-9.211883544921875,9.211883544921875,112.57384829440005,-23.228037136719998,135.80188543112007,under_prediction
71,2,206,217.67491,11.674911499023438,11.674911499023438,142.99680407816,-33.76426936668601,176.761073444846,over_prediction
71,3,205,203.83089,-1.1691131591796875,1.1691131591796875,139.88193090839988,-44.49345607242,184.37538698081994,under_prediction
71,4,204,190.45976,-13.540237426757812,13.540237426757812,129.003445368726,-46.98599970131998,175.98944507004597,under_prediction
71,5,203,201.06616,-1.933837890625,1.933837890625,127.521129864,-34.89717112821999,162.41830099222005,under_prediction
71,6,202,175.71875,-26.28125,26.28125,117.32077775329998,-50.04438028622,167.36515803952,under_prediction
71,7,201,192.79024,-8.209762573242188,8.209762573242188,126.06692542130001,-41.71882581112,167.78575123241995,under_prediction
71,8,200,202.35156,2.3515625,2.3515625,132.7513505654,-38.84200884822,171.59335941362002,over_prediction
71,9,199,196.86392,-2.136077880859375,2.136077880859375,125.77929622309998,-37.357643067389986,163.13693929048995,under_prediction
71,10,198,174.772,-23.227996826171875,23.227996826171875,106.82406278079998,-40.49427668641999,147.31833946721997,under_prediction
71,11,197,170.73175,-26.26824951171875,26.26824951171875,103.036821658,-40.74740654362,143.78422820161995,under_prediction
71,12,196,161.11438,-34.8856201171875,34.8856201171875,98.53252353480009,-45.86030802931999,144.39283156412012,under_prediction
71,13,195,157.70529,-37.294708251953125,37.294708251953125,92.33324853449994,-43.07029424261999,135.40354277712,under_prediction
71,14,194,162.8506,-31.149398803710938,31.149398803710938,94.27353783019998,-39.865200563920006,134.13873839411997,under_prediction
71,15,193,152.70187,-40.298126220703125,40.298126220703125,85.54622466519999,-41.28662393372,126.83284859892004,under_prediction
71,16,192,163.92995,-28.070053100585938,28.070053100585938,93.80612677390003,-38.31831989472001,132.12444666862004,under_prediction
71,17,191,152.05124,-38.948760986328125,38.948760986328125,87.71618564226999,-44.10710358934,131.82328923161,under_prediction
71,18,190,154.163,-35.837005615234375,35.837005615234375,90.43863867689996,-44.71788660322,135.15652528012004,under_prediction
71,19,189,155.5891,-33.41090393066406,33.41090393066406,89.65939905062001,-42.51268291072,132.17208196134004,under_prediction
71,20,188,170.1141,-17.885894775390625,17.885894775390625,100.03628694279995,-38.36443071562002,138.40071765841992,under_prediction
71,21,187,155.21872,-31.781280517578125,31.781280517578125,94.89743791583,-48.12095671669,143.01839463251994,under_prediction
71,22,186,151.78401,-34.21598815917969,34.21598815917969,91.04728662353398,-47.70547952112002,138.75276614465406,under_prediction
71,23,185,153.19713,-31.802871704101562,31.802871704101562,90.09966319670002,-45.34475786422001,135.44442106091998,under_prediction
71,24,184,160.21864,-23.781356811523438,23.781356811523438,93.52763333390001,-41.75105019951999,135.2786835334201,under_prediction
71,25,183,148.21521,-34.7847900390625,34.7847900390625,90.6997786345,-50.92691305201999,141.62669168652005,under_prediction
71,26,182,162.29568,-19.704315185546875,19.704315185546875,94.33363330639996,-40.48038079042,134.81401409681996,under_prediction
71,27,181,164.28755,-16.712448120117188,16.712448120117188,93.96377566710002,-38.11845512422,132.08223079132003,under_prediction
71,28,180,158.9242,-21.0758056640625,21.0758056640625,90.36291490429997,-39.88092202872,130.24383693301994,under_prediction
71,29,179,158.23709,-20.762908935546875,20.762908935546875,87.85675531160001,-38.062004974720004,125.91876028632001,under_prediction
71,30,178,150.41489,-27.585113525390625,27.585113525390625,78.35203761711995,-36.37949055961999,114.73152817673994,under_prediction
71,31,177,159.34465,-17.655349731445312,17.655349731445312,90.17315407799998,-39.27077141492,129.44392549292002,under_prediction
71,32,176,135.55418,-40.44581604003906,40.44581604003906,78.0492760905,-50.937472868620006,128.98674895912,under_prediction
71,33,175,161.46419,-13.535812377929688,13.535812377929688,89.79484724730003,-36.77295833341999,126.56780558072002,under_prediction
71,34,174,151.80753,-22.192474365234375,22.192474365234375,84.11848096729997,-40.75335810171999,124.87183906901996,under_prediction
71,35,173,151.27802,-21.72198486328125,21.72198486328125,81.97965931629999,-39.14390521381999,121.12356453012002,under_prediction
71,36,172,165.1093,-6.8907012939453125,6.8907012939453125,92.71607613280001,-36.04912902432001,128.76520515712005,under_prediction
71,37,171,169.52448,-1.47552490234375,1.47552490234375,91.49954242480004,-30.417328736119995,121.91687116092007,under_prediction
71,38,170,161.92537,-8.074630737304688,8.074630737304688,83.43072435590001,-29.947632108919997,113.37835646482002,under_prediction
71,39,169,151.91254,-17.08746337890625,17.08746337890625,78.62285787899998,-35.152680339369994,113.77553821837,under_prediction
71,40,168,148.51459,-19.48541259765625,19.48541259765625,77.9318822511,-37.859500731320004,115.79138298242,under_prediction
71,41,167,148.60841,-18.391586303710938,18.391586303710938,77.46171215160001,-37.295602843720005,114.75731499532006,under_prediction
71,42,166,146.16974,-19.83026123046875,19.83026123046875,76.51285562759998,-38.78543936562001,115.29829499322003,under_prediction
71,43,165,153.88976,-11.110244750976562,11.110244750976562,83.47187872129999,-38.02439409652,121.49627281782003,under_prediction
71,44,164,147.99574,-16.004257202148438,16.004257202148438,77.03899295599997,-37.48551885681999,114.52451181281995,under_prediction
71,45,163,152.43271,-10.567291259765625,10.567291259765625,84.6005244032,-40.61022211181998,125.21074651501996,under_prediction
71,46,162,129.99846,-32.00154113769531,32.00154113769531,74.9101101749,-53.35383930892,128.26394948382003,under_prediction
71,47,161,149.47572,-11.524276733398438,11.524276733398438,89.06427564730001,-48.030872386720006,137.09514803402,under_prediction
71,48,160,146.59003,-13.40997314453125,13.40997314453125,78.20057209044003,-40.052737535720006,118.25330962615999,under_prediction
71,49,159,150.09515,-8.90484619140625,8.90484619140625,82.29642221509997,-40.643495315319996,122.93991753042002,under_prediction
71,50,158,153.25693,-4.743072509765625,4.743072509765625,87.60106535550003,-42.78620836675002,130.38727372225,under_prediction
71,51,157,146.57841,-10.421585083007812,10.421585083007812,81.85375932840002,-43.71765898952,125.57141831792005,under_prediction
71,52,156,142.51953,-13.48046875,13.48046875,81.4804031202,-47.403132357820006,128.88353547802004,under_prediction
71,53,155,144.2973,-10.70269775390625,10.70269775390625,77.56944725109997,-41.714446386720006,119.28389363781997,under_prediction
71,54,154,140.76387,-13.236129760742188,13.236129760742188,76.3661249617,-44.04443678971999,120.41056175141998,under_prediction
71,55,153,135.11069,-17.889312744140625,17.889312744140625,72.90019115203,-46.23178975331999,119.13198090535002,under_prediction
71,56,152,150.96786,-1.032135009765625,1.032135009765625,84.408605018544,-41.882930257332994,126.29153527587698,under_prediction
71,57,151,138.67543,-12.324569702148438,12.324569702148438,77.42943100859998,-47.19622682306001,124.62565783165996,under_prediction
71,58,150,162.30081,12.300811767578125,12.300811767578125,90.91187602659998,-37.05330506402001,127.96518109061999,over_prediction
71,59,149,163.94092,14.94091796875,14.94091796875,93.75342710642003,-38.25473964132,132.0081667477401,over_prediction
71,60,148,162.0551,14.055099487304688,14.055099487304688,89.30173267399998,-35.68895506672,124.99068774071999,over_prediction
71,61,147,162.26598,15.265975952148438,15.265975952148438,90.34173877653001,-36.518087990190004,126.85982676671998,over_prediction
71,62,146,151.08884,5.088836669921875,5.088836669921875,88.9058640692,-46.259384592519986,135.16524866172003,over_prediction
71,63,145,155.50131,10.501312255859375,10.501312255859375,90.32208238279999,-43.26305342126,133.58513580406,over_prediction
71,64,144,154.72302,10.7230224609375,10.7230224609375,88.10778377209998,-41.82688543401999,129.93466920611996,over_prediction
71,65,143,150.47337,7.4733734130859375,7.4733734130859375,85.1459250005,-43.114798982920014,128.26072398342,over_prediction
71,66,142,153.6919,11.69189453125,11.69189453125,83.93817142949997,-38.68853361892,122.62670504842002,over_prediction
71,67,141,160.63155,19.631546020507812,19.631546020507812,87.97584515930001,-35.78654142682,123.76238658611994,over_prediction
71,68,140,150.80476,10.804763793945312,10.804763793945312,82.89464913849997,-40.53210095222,123.42675009071999,over_prediction
71,69,139,161.62189,22.62188720703125,22.62188720703125,93.59743267484001,-40.41763263395601,134.01506530879598,over_prediction
71,70,138,170.58195,32.58195495605469,32.58195495605469,98.00653621285001,-35.86670144599998,133.87323765885,over_prediction
71,71,137,162.53487,25.534866333007812,25.534866333007812,89.66425887029997,-35.5715437315,125.23580260179996,over_prediction
71,72,136,152.5575,16.5574951171875,16.5574951171875,88.37731578519995,-44.2619502114,132.63926599660002,over_prediction
71,73,135,157.5531,22.5531005859375,22.5531005859375,96.87855535199999,-47.76753009929999,144.64608545130002,over_prediction
71,74,134,149.08989,15.089889526367188,15.089889526367188,93.9668648511,-53.319195154720006,147.28606000581993,over_prediction
71,75,133,153.73111,20.731109619140625,20.731109619140625,89.1073175186,-43.81842633679999,132.9257438554,over_prediction
71,76,132,116.169426,-15.830574035644531,15.830574035644531,64.63183418299998,-56.904693402300005,121.53652758530002,under_prediction
71,77,131,138.19502,7.1950225830078125,7.1950225830078125,71.12170418570001,-41.3689489526,112.49065313830006,over_prediction
71,78,130,129.86183,-0.1381683349609375,0.1381683349609375,69.1246578698,-47.705073586120015,116.82973145592004,under_prediction
71,79,129,130.68639,1.6863861083984375,1.6863861083984375,69.4556495585,-47.211466244819995,116.66711580331994,over_prediction
71,80,128,140.15656,12.15655517578125,12.15655517578125,75.0502680839,-43.335851239869996,118.38611932377005,over_prediction
71,81,127,126.55756,-0.44243621826171875,0.44243621826171875,67.5590726996,-49.44387005902001,117.00294275862,under_prediction
71,82,126,129.66188,3.6618804931640625,3.6618804931640625,65.26633434359401,-44.046656492720004,109.31299083631393,over_prediction
71,83,125,104.252945,-20.747055053710938,20.747055053710938,50.81605249119998,-55.00541365281999,105.82146614401998,under_prediction
71,84,124,109.80148,-14.198516845703125,14.198516845703125,57.04316904739998,-55.683929589819996,112.72709863721998,under_prediction
71,85,123,122.658165,-0.34183502197265625,0.34183502197265625,70.34536437489999,-56.12950185191998,126.47486622681997,under_prediction
71,86,122,116.81149,-5.188507080078125,5.188507080078125,65.76003933769998,-57.390881541620004,123.15092087932003,under_prediction
71,87,121,117.67082,-3.3291778564453125,3.3291778564453125,60.813847847300025,-51.58535298291998,112.39920083022007,under_prediction
71,88,120,124.14109,4.141090393066406,4.141090393066406,62.32831568859999,-46.629539385819996,108.95785507441995,over_prediction
71,89,119,130.21265,11.212646484375,11.212646484375,62.8361780206,-41.06581235893999,103.90199037954002,over_prediction
71,90,118,139.35707,21.357070922851562,21.357070922851562,70.2865706073,-39.37181770702,109.65838831432004,over_prediction
71,91,117,157.9536,40.95359802246094,40.95359802246094,84.22065239260006,-34.709463551220004,118.93011594382006,over_prediction
71,92,116,158.25272,42.252716064453125,42.252716064453125,82.6481721014,-32.837708150817,115.48588025221696,over_prediction
71,93,115,133.92496,18.924957275390625,18.924957275390625,71.14261100114997,-45.65988719112,116.80249819226995,over_prediction
71,94,114,120.47782,6.477821350097656,6.477821350097656,59.095062257450024,-47.05955608112001,106.15461833856993,over_prediction
71,95,113,134.20216,21.202163696289062,21.202163696289062,71.49907223010001,-45.73907487282,117.23814710292001,over_prediction
71,96,112,130.79794,18.797943115234375,18.797943115234375,68.23553618069997,-45.879844441719996,114.11538062241995,over_prediction
71,97,111,140.7653,29.765304565429688,29.765304565429688,72.12394950390001,-39.80089899121999,111.92484849512003,over_prediction
71,98,110,160.71355,50.71354675292969,50.71354675292969,89.24375248530002,-36.97247099112001,126.21622347642003,over_prediction
71,99,109,170.29854,61.29853820800781,61.29853820800781,96.03230700427001,-34.176058728520005,130.20836573279004,over_prediction
71,100,108,169.77342,61.77342224121094,61.77342224121094,96.01361983490003,-34.68254967141999,130.69616950632013,over_prediction
71,101,107,165.72818,58.728179931640625,58.728179931640625,88.38821026410002,-31.102300040720003,119.49051030482,over_prediction
71,102,106,173.26913,67.26913452148438,67.26913452148438,97.4951297556,-32.668245554420004,130.16337531002,over_prediction
71,103,105,164.40129,59.40129089355469,59.40129089355469,92.27976051740004,-36.32074611172001,128.60050662912005,over_prediction
71,104,104,155.78387,51.78387451171875,51.78387451171875,89.80880701372998,-42.46706578193,132.27587279565998,over_prediction
71,105,103,150.7582,47.75819396972656,47.75819396972656,90.76132574500002,-48.445392129119995,139.20671787412005,over_prediction
71,106,102,159.9835,57.98350524902344,57.98350524902344,94.57486289550002,-43.03359732132001,137.60846021682,over_prediction
71,107,101,153.40262,52.402618408203125,52.402618408203125,93.6675577537,-48.707085266719986,142.37464302042,over_prediction
71,108,100,141.51843,41.5184326171875,41.5184326171875,85.00276059188499,-51.926630138920004,136.92939073080498,over_prediction
71,109,99,143.67567,44.67567443847656,44.67567443847656,81.91747385299998,-46.68398653657,128.60146038956998,over_prediction
71,110,98,150.1337,52.133697509765625,52.133697509765625,83.1704917754,-41.47906907472,124.64956085012001,over_prediction
71,111,97,149.42802,52.42802429199219,52.42802429199219,79.1876770627,-38.20184707343,117.38952413613004,over_prediction
71,112,96,147.7906,51.79060363769531,51.79060363769531,79.870683999,-40.52234275972,120.39302675872005,over_prediction
71,113,95,145.97084,50.97084045410156,50.97084045410156,79.6535499427,-42.12501925797,121.77856920067,over_prediction
71,114,94,140.00642,46.00642395019531,46.00642395019531,79.23034706260002,-47.66616723662,126.89651429922004,over_prediction
71,115,93,138.1977,45.19769287109375,45.19769287109375,72.26377482579998,-42.508308963319976,114.77208378911995,over_prediction
71,116,92,135.56871,43.56871032714844,43.56871032714844,71.39840915300002,-44.27197612242,115.67038527541999,over_prediction
71,117,91,134.42784,43.42784118652344,43.42784118652344,72.26070950299997,-46.27508413472,118.53579363772008,over_prediction
71,118,90,137.7256,47.72560119628906,47.72560119628906,73.96136329086995,-44.67802835702001,118.63939164789,over_prediction
71,119,89,136.6188,47.618804931640625,47.618804931640625,76.1184393728,-47.94176062212001,124.06019999491996,over_prediction
71,120,88,135.16948,47.16947937011719,47.16947937011719,73.25600860406,-46.52868583541999,119.78469443948006,over_prediction
71,121,87,129.92363,42.92362976074219,42.92362976074219,63.33919530940001,-41.85776589832,105.19696120772,over_prediction
71,122,86,118.08299,32.08299255371094,32.08299255371094,56.87408952226,-47.233385263020004,104.10747478527995,over_prediction
71,123,85,109.77976,24.779762268066406,24.779762268066406,50.66343886370003,-49.325927017219996,99.98936588092003,over_prediction
71,124,84,101.69858,17.698577880859375,17.698577880859375,47.018345806999996,-53.76204449122,100.78039029821996,over_prediction
71,125,83,104.61727,21.617271423339844,21.617271423339844,51.88404231310001,-55.709090033219994,107.59313234632003,over_prediction
71,126,82,105.783554,23.783554077148438,23.783554077148438,51.88765480800001,-54.54639555428002,106.43405036228002,over_prediction
71,127,81,89.375786,8.375785827636719,8.375785827636719,41.65546997900002,-60.72194557371998,102.37741555271998,over_prediction
71,128,80,87.457985,7.457984924316406,7.457984924316406,38.155997867699995,-59.140185270120014,97.29618313781997,over_prediction
71,129,79,98.92335,19.92334747314453,19.92334747314453,43.04523840200001,-52.564124065920005,95.60936246791996,over_prediction
71,130,78,100.32766,22.327659606933594,22.327659606933594,45.79343714379999,-53.90798838334699,99.7014255271471,over_prediction
71,131,77,93.471436,16.471435546875,16.471435546875,40.735728460699995,-55.706502656366986,96.44223111706702,over_prediction
71,132,76,89.62901,13.629013061523438,13.629013061523438,40.739496711700006,-59.55268321594999,100.29217992765,over_prediction
71,133,75,82.98028,7.980278015136719,7.980278015136719,34.71205124112999,-60.173931910420016,94.88598315155001,over_prediction
71,134,74,84.89732,10.897323608398438,10.897323608398438,38.55563089259999,-62.100489309420006,100.65612020201999,over_prediction
71,135,73,77.68063,4.680633544921875,4.680633544921875,35.76676279650001,-66.52833162482,102.29509442131999,over_prediction
71,136,72,77.84654,5.8465423583984375,5.8465423583984375,37.83870998160001,-68.43441959871996,106.27312958031995,over_prediction
71,137,71,59.58067,-11.419330596923828,11.419330596923828,34.05056009490001,-82.91211278624999,116.96267288115,under_prediction
71,138,70,49.574707,-20.42529296875,20.42529296875,29.5518685012077,-88.41943840162001,117.97130690282773,under_prediction
71,139,69,57.49466,-11.505340576171875,11.505340576171875,27.646384490799996,-78.59400501398002,106.24038950477997,under_prediction
71,140,68,60.758244,-7.241756439208984,7.241756439208984,28.598276795800004,-76.28230694801995,104.88058374382,under_prediction
71,141,67,52.171936,-14.82806396484375,14.82806396484375,27.03872074027,-83.30908334511996,110.34780408538998,under_prediction
71,142,66,80.661064,14.661064147949219,14.661064147949219,42.93760537350001,-70.71880527400002,113.65641064749998,over_prediction
71,143,65,60.556343,-4.443656921386719,4.443656921386719,32.8412559594,-80.72717106871998,113.56842702811998,under_prediction
71,144,64,64.11135,0.11135101318359375,0.11135101318359375,36.38205967092998,-80.71301562650001,117.09507529743,over_prediction
71,145,63,62.001408,-0.9985923767089844,0.9985923767089844,34.49813428980001,-80.93906771799999,115.43720200779995,under_prediction
71,146,62,64.79213,2.7921295166015625,2.7921295166015625,39.9356427338,-83.58574059661998,123.52138333042002,over_prediction
71,147,61,59.64774,-1.3522605895996094,1.3522605895996094,32.6969294976,-81.49149214602,114.18842164361998,under_prediction
71,148,60,55.924343,-4.075656890869141,4.075656890869141,33.99084035533,-86.50883896807005,120.49967932339997,under_prediction
71,149,59,64.75462,5.7546234130859375,5.7546234130859375,38.944968351299984,-82.632668166,121.57763651730001,over_prediction
71,150,58,61.734962,3.7349624633789062,3.7349624633789062,37.66780619449999,-84.37516501412003,122.04297120861996,over_prediction
71,151,57,62.852257,5.852256774902344,5.852256774902344,32.614796317999996,-78.20484494070003,110.81964125869997,over_prediction
71,152,56,66.213196,10.21319580078125,10.21319580078125,33.65535987190002,-75.8844955639,109.53985543580002,over_prediction
71,153,55,57.287502,2.2875022888183594,2.2875022888183594,30.937300962319988,-82.09209601949993,113.02939698182,over_prediction
71,154,54,65.087654,11.087654113769531,11.087654113769531,34.36041798000001,-77.71510376768,112.07552174767996,over_prediction
71,155,53,53.171185,0.17118453979492188,0.17118453979492188,28.074723953800007,-83.34589552921999,111.42061948301995,over_prediction
71,156,52,54.82397,2.8239707946777344,2.8239707946777344,29.98377828917,-83.60209298902,113.58587127818996,over_prediction
71,157,51,51.887993,0.8879928588867188,0.8879928588867188,25.5338143288,-82.08813116019996,107.62194548899993,over_prediction
71,158,50,51.813766,1.8137664794921875,1.8137664794921875,25.0543308485,-81.68290099172,106.73723184021999,over_prediction
71,159,49,51.7603,2.7602996826171875,2.7602996826171875,24.63891456570001,-81.32095707071998,105.95987163641996,over_prediction
71,160,48,43.49119,-4.508808135986328,4.508808135986328,22.529179697569994,-87.48031386122,110.00949355879,under_prediction
71,161,47,47.02317,0.02317047119140625,0.02317047119140625,23.528129518799997,-84.94725860151999,108.47538812032,over_prediction
71,162,46,45.427673,-0.57232666015625,0.57232666015625,23.15682686120001,-86.17142646666001,109.32825332786,under_prediction
71,163,45,43.4977,-1.5023002624511719,1.5023002624511719,23.3304760294,-88.27506331802002,111.60553934741996,under_prediction
71,164,44,45.625927,1.6259269714355469,1.6259269714355469,24.630415552419997,-87.44681179242001,112.07722734484003,over_prediction
71,165,43,38.35112,-4.6488800048828125,4.6488800048828125,25.856879112899993,-95.94807514971997,121.80495426261999,under_prediction
71,166,42,44.815662,2.815662384033203,2.815662384033203,26.250727785600006,-89.87737586675999,116.12810365236004,over_prediction
71,167,41,42.669666,1.6696662902832031,1.6696662902832031,24.202607220399997,-89.97527372792001,114.17788094832002,over_prediction
71,168,40,42.8225,2.822498321533203,2.822498321533203,25.849985368,-91.46979083311999,117.31977620111998,over_prediction
71,169,39,43.42886,4.428859710693359,4.428859710693359,27.466383514000004,-92.47979716602003,119.94618068002006,over_prediction
71,170,38,36.587784,-1.4122161865234375,1.4122161865234375,24.532408834099996,-96.38699736272002,120.91940619682008,under_prediction
71,171,37,37.16523,0.16522979736328125,0.16522979736328125,25.316316829400005,-96.59343303402001,121.90974986341999,over_prediction
71,172,36,38.639397,2.6393966674804688,2.6393966674804688,24.6652824499,-94.46819235412002,119.13347480402001,over_prediction
71,173,35,33.229332,-1.7706680297851562,1.7706680297851562,22.9284722282,-98.14142697062,121.06989919881998,under_prediction
71,174,34,35.89922,1.8992195129394531,1.8992195129394531,25.553787150099996,-98.09689907712004,123.65068622722008,over_prediction
71,175,33,35.359398,2.3593978881835938,2.3593978881835938,26.1493455609,-99.23227474637002,125.38162030726998,over_prediction
71,176,32,35.424442,3.4244422912597656,3.4244422912597656,26.029818713179996,-99.04770896312003,125.07752767630006,over_prediction
71,177,31,36.02299,5.022991180419922,5.022991180419922,26.2050946042,-98.62443018872001,124.82952479292003,over_prediction
71,178,30,36.81907,6.819068908691406,6.819068908691406,25.568171404899996,-97.19143768622003,122.75960909112004,over_prediction
71,179,29,31.678457,2.678457260131836,2.678457260131836,22.987811862199997,-99.75163443042004,122.73944629262007,over_prediction
71,180,28,23.210505,-4.789495468139648,4.789495468139648,20.5326103329,-105.76441690562002,126.29702723852004,under_prediction
71,181,27,20.578003,-6.4219970703125,6.4219970703125,20.3208039215,-108.18508013467999,128.50588405617998,under_prediction
71,182,26,21.900064,-4.099935531616211,4.099935531616211,20.712282560199995,-107.25450803492001,127.96679059511997,under_prediction
71,183,25,23.595034,-1.4049663543701172,1.4049663543701172,25.125919406500003,-109.97317012665,135.09908953315002,under_prediction
71,184,24,24.388262,0.3882617950439453,0.3882617950439453,23.75929702696,-107.81331226872,131.57260929567994,over_prediction
71,185,23,25.409681,2.4096813201904297,2.4096813201904297,24.856978952000002,-107.88957401901999,132.74655297101992,over_prediction
71,186,22,28.152315,6.152315139770508,6.152315139770508,26.662648838599996,-106.95261981742,133.61526865601994,over_prediction
71,187,21,28.81658,7.816579818725586,7.816579818725586,27.869122235000006,-107.49482681292,135.36394904791993,over_prediction
71,188,20,23.543587,3.5435867309570312,3.5435867309570312,27.68249174470001,-112.58121235161995,140.26370409631988,over_prediction
71,189,19,20.685242,1.68524169921875,1.68524169921875,25.626686861279996,-113.38372916865005,139.01041602993,over_prediction
71,190,18,22.512503,4.512502670288086,4.512502670288086,25.419837195700005,-111.34962592211998,136.76946311781995,over_prediction
71,191,17,21.437473,4.437473297119141,4.437473297119141,25.8809351146,-112.88575787332002,138.76669298791998,over_prediction
71,192,16,20.651337,4.651336669921875,4.651336669921875,23.468856281300003,-111.25981402687002,134.72867030816994,over_prediction
71,193,15,18.793018,3.793018341064453,3.793018341064453,24.7279244441,-114.37718174692002,139.10510619101998,over_prediction
71,194,14,19.03627,5.0362701416015625,5.0362701416015625,24.830692115100007,-114.23669944292006,139.06739155802,over_prediction
71,195,13,18.558178,5.558177947998047,5.558177947998047,24.7131037455,-114.59721018772002,139.31031393322002,over_prediction
71,196,12,18.896832,6.896831512451172,6.896831512451172,24.964908383199997,-114.51037713771997,139.47528552092004,over_prediction
71,197,11,18.279062,7.279062271118164,7.279062271118164,23.97217316948001,-114.13539437269002,138.10756754216996,over_prediction
71,198,10,15.539191,5.539191246032715,5.539191246032715,22.733788676600007,-115.63689651799298,138.37068519459302,over_prediction
71,199,9,12.70668,3.7066802978515625,3.7066802978515625,22.511003983139993,-118.24662610497,140.75763008811006,over_prediction
71,200,8,13.058253,5.058253288269043,5.058253288269043,22.888665677800002,-118.27269939871998,141.16136507651998,over_prediction
71,201,7,10.584286,3.5842857360839844,3.5842857360839844,22.966237697700002,-120.82425250716,143.79049020486,over_prediction
71,202,6,8.465412,2.465412139892578,2.465412139892578,21.2526935733,-121.22955989782,142.48225347112012,over_prediction
71,203,5,5.5752378,0.5752377510070801,0.5752377510070801,22.2375289657,-125.10458237621997,147.34211134191995,over_prediction
71,204,4,5.5135665,1.513566493988037,1.513566493988037,22.785666795900006,-125.71439439672,148.50006119261994,over_prediction
71,205,3,6.700156,3.7001562118530273,3.7001562118530273,22.885748892499997,-124.62788390460396,147.513632797104,over_prediction
71,206,2,4.276402,2.276401996612549,2.276401996612549,22.72903757570001,-126.89491755872004,149.62395513442,over_prediction
71,207,1,4.1015058,3.101505756378174,3.101505756378174,21.738762095899997,-126.07953544332005,147.81829753922005,over_prediction
71,208,0,2.7282705,2.7282705307006836,2.7282705307006836,23.10782025620001,-128.82182673541996,151.92964699161996,over_prediction
74,1,165,205.77899,40.77899169921875,40.77899169921875,122.96443648010002,-25.62775305072,148.59218953081995,over_prediction
74,2,164,183.66023,19.660232543945312,19.660232543945312,117.38180371140001,-42.16389247854003,159.54569618993997,over_prediction
74,3,163,188.67749,25.677490234375,25.677490234375,142.48112190399996,-62.24586890091,204.72699080490997,over_prediction
74,4,162,194.11937,32.11936950683594,32.11936950683594,139.49423811499997,-53.81710942291001,193.31134753791,over_prediction
74,5,161,184.87292,23.8729248046875,23.8729248046875,136.24142769640008,-59.810747990309984,196.05217568671,over_prediction
74,6,160,196.91019,36.910186767578125,36.910186767578125,134.05025684799992,-45.58225962880999,179.63251647680983,over_prediction
74,7,159,149.67046,-9.329544067382812,9.329544067382812,104.11213078431139,-62.88384585981,166.9959766441214,under_prediction
74,8,158,143.6884,-14.311599731445312,14.311599731445312,106.05931852399999,-70.81314525521002,176.87246377921005,under_prediction
74,9,157,144.88536,-12.114639282226562,12.114639282226562,110.97350723119999,-74.53042484590998,185.50393207710994,under_prediction
74,10,156,166.97841,10.978408813476562,10.978408813476562,121.6080031243,-63.07186184481,184.67986496911004,over_prediction
74,11,155,139.45367,-15.54632568359375,15.54632568359375,106.10214615831701,-75.09065941551003,181.19280557382703,under_prediction
74,12,154,130.6068,-23.393203735351562,23.393203735351562,93.93197497050001,-71.76733976051,165.69931473101008,under_prediction
74,13,153,136.70891,-16.291091918945312,16.291091918945312,101.69242330099998,-73.42568465891,175.11810795991002,under_prediction
74,14,152,103.21836,-48.781639099121094,48.781639099121094,72.28899082510002,-77.51284342018003,149.80183424528,under_prediction
74,15,151,117.46765,-33.5323486328125,33.5323486328125,78.43080889590004,-69.40538237151,147.83619126741,under_prediction
74,16,150,120.545395,-29.454605102539062,29.454605102539062,78.3427290045,-66.23957598641002,144.58230499091005,under_prediction
74,17,149,106.50391,-42.49609375,42.49609375,68.87369807889995,-70.81202578531,139.68572386420996,under_prediction
74,18,148,120.61169,-27.38831329345703,27.38831329345703,78.88917776586,-66.71969914200001,145.60887690786006,under_prediction
74,19,147,129.27963,-17.720367431640625,17.720367431640625,88.72216779540001,-67.88477080221,156.60693859760994,under_prediction
74,20,146,127.0065,-18.993499755859375,18.993499755859375,84.09353703819997,-65.52924963180999,149.62278667000996,under_prediction
74,21,145,123.47857,-21.52143096923828,21.52143096923828,83.77328550482001,-68.73696905131001,152.51025455612998,under_prediction
74,22,144,121.63286,-22.367141723632812,22.367141723632812,82.81180476559997,-69.62121429711003,152.43301906270997,under_prediction
74,23,143,120.70439,-22.295608520507812,22.295608520507812,83.0969130307,-70.83477031171005,153.93168334240994,under_prediction
74,24,142,113.70804,-28.291961669921875,28.291961669921875,78.45375327239998,-73.18788381470999,151.6416370871101,under_prediction
74,25,141,118.066345,-22.93365478515625,22.93365478515625,78.18471391119999,-68.56056787780999,146.7452817890101,under_prediction
74,26,140,113.55443,-26.445571899414062,26.445571899414062,80.1066649103,-74.99442151510003,155.10108642539996,under_prediction
74,27,139,126.08345,-12.916549682617188,12.916549682617188,85.55267335862999,-67.91148212221002,153.4641554808399,under_prediction
74,28,138,127.23335,-10.766647338867188,10.766647338867188,85.14798788149996,-66.35690481351001,151.50489269500994,under_prediction
74,29,137,120.1011,-16.898902893066406,16.898902893066406,82.043952496,-70.38505363051003,152.42900612651002,under_prediction
74,30,136,132.61476,-3.3852386474609375,3.3852386474609375,88.54356103349997,-64.37123818060999,152.91479921411005,under_prediction
74,31,135,122.24937,-12.750633239746094,12.750633239746094,82.53239554370005,-68.72530269491,151.25769823860998,under_prediction
74,32,134,109.59582,-24.40418243408203,24.40418243408203,76.11835516925004,-74.96476137325803,151.08311654250792,under_prediction
74,33,133,109.22473,-23.7752685546875,23.7752685546875,72.7174545258,-71.93490664795996,144.65236117376,under_prediction
74,34,132,106.37649,-25.623512268066406,25.623512268066406,75.06909150319997,-77.13478552091001,152.20387702410994,under_prediction
74,35,131,115.606636,-15.393363952636719,15.393363952636719,75.67046947710003,-68.50599348290999,144.17646296000999,under_prediction
74,36,130,117.13986,-12.860137939453125,12.860137939453125,76.76583166749998,-68.06814465672998,144.83397632423018,under_prediction
74,37,129,130.90027,1.9002685546875,1.9002685546875,88.82128583699999,-66.36329553624,155.18458137323992,over_prediction
74,38,128,123.955315,-4.044685363769531,4.044685363769531,82.54457570499999,-67.03136521833999,149.57594092334,under_prediction
74,39,127,126.14973,-0.8502731323242188,0.8502731323242188,85.56020640419997,-67.85262401423999,153.41283041844005,under_prediction
74,40,126,128.00298,2.0029754638671875,2.0029754638671875,82.34227091002703,-62.781646416910014,145.12391732693698,over_prediction
74,41,125,119.635506,-5.364494323730469,5.364494323730469,79.64604855560003,-68.45269937791002,148.09874793350994,under_prediction
74,42,124,126.00682,2.0068206787109375,2.0068206787109375,81.80074866410001,-64.23615634690998,146.03690501100996,over_prediction
74,43,123,134.47359,11.473587036132812,11.473587036132812,87.67128276399998,-61.63991919441001,149.31120195840998,over_prediction
74,44,122,137.06831,15.068313598632812,15.068313598632812,91.01067573224002,-62.38455950229003,153.39523523452996,over_prediction
74,45,121,136.28265,15.28265380859375,15.28265380859375,90.04526143436301,-62.20468477197,152.249946206333,over_prediction
74,46,120,139.36697,19.366973876953125,19.366973876953125,93.07094621360002,-62.14610265151999,155.21704886511995,over_prediction
74,47,119,135.3613,16.361297607421875,16.361297607421875,92.02994155799996,-65.11077608670998,157.14071764470992,over_prediction
74,48,118,123.867935,5.8679351806640625,5.8679351806640625,85.69977961770003,-70.27396099872,155.97374061641995,over_prediction
74,49,117,113.377426,-3.6225738525390625,3.6225738525390625,78.12369701349998,-73.18848385202001,151.31218086551996,under_prediction
74,50,116,125.605484,9.605484008789062,9.605484008789062,84.80639136280003,-67.64308356102002,152.44947492381982,over_prediction
74,51,115,118.117714,3.1177139282226562,3.1177139282226562,83.57383917440005,-73.89831793872006,157.47215711311998,over_prediction
74,52,114,123.43141,9.431411743164062,9.431411743164062,86.85075096732,-71.86156764561999,158.71231861294007,over_prediction
74,53,113,115.26663,2.266632080078125,2.266632080078125,80.80588188792001,-73.98145698482,154.78733887273995,over_prediction
74,54,112,124.62641,12.626411437988281,12.626411437988281,86.12260952864999,-69.93844455171998,156.06105408037004,over_prediction
74,55,111,135.65796,24.657958984375,24.657958984375,93.63444048489997,-66.41875410972,160.05319459461998,over_prediction
74,56,110,132.10197,22.101974487304688,22.101974487304688,95.2129292155,-71.55311795572003,166.76604717122,over_prediction
74,57,109,130.19366,21.19366455078125,21.19366455078125,100.92294161628003,-79.17143542472002,180.09437704099997,over_prediction
74,58,108,158.31091,50.3109130859375,50.3109130859375,116.4071929422,-66.53852956872004,182.94572251091992,over_prediction
74,59,107,153.05585,46.05584716796875,46.05584716796875,111.49484738300005,-66.88121028672,178.37605766971996,over_prediction
74,60,106,165.78265,59.78265380859375,59.78265380859375,125.6187652844,-68.27833073762,193.89709602202007,over_prediction
74,61,105,123.815094,18.815093994140625,18.815093994140625,94.2601933897,-78.88729572521999,173.14748911492012,over_prediction
74,62,104,125.17868,21.178680419921875,21.178680419921875,93.73593950779998,-76.99943155972001,170.73537106752005,over_prediction
74,63,103,121.85007,18.850067138671875,18.850067138671875,90.43676504449998,-77.02894966431998,167.46571470882006,over_prediction
74,64,102,117.45172,15.45172119140625,15.45172119140625,85.75257646789996,-76.74310678170399,162.495683249604,over_prediction
74,65,101,107.19566,6.1956634521484375,6.1956634521484375,81.57180993860003,-82.81836680212001,164.39017674071994,over_prediction
74,66,100,105.44193,5.441932678222656,5.441932678222656,81.97345052340002,-84.97373271406002,166.94718323746002,over_prediction
74,67,99,100.189964,1.1899642944335938,1.1899642944335938,82.63253768730003,-90.88480630336004,173.5173439906601,over_prediction
74,68,98,114.303444,16.303443908691406,16.303443908691406,85.31181294074997,-79.45058647472,164.76239941547,over_prediction
74,69,97,122.97177,25.971771240234375,25.971771240234375,89.06417303943002,-74.53463010332,163.59880314275017,over_prediction
74,70,96,121.10989,25.109893798828125,25.109893798828125,86.07219346679999,-73.40452782982004,159.47672129661996,over_prediction
74,71,95,101.32966,6.329658508300781,6.329658508300781,76.92420514140001,-84.03673192425,160.96093706565003,over_prediction
74,72,94,103.241615,9.241615295410156,9.241615295410156,73.24163019300003,-78.44220753172007,151.6838377247199,over_prediction
74,73,93,107.26973,14.269729614257812,14.269729614257812,75.99947939399999,-77.17189919572,153.17137858972004,over_prediction
74,74,92,120.887474,28.887474060058594,28.887474060058594,82.71363698520003,-70.26839917922004,152.98203616441995,over_prediction
74,75,91,109.23164,18.231643676757812,18.231643676757812,76.87796544110002,-76.08853140642002,152.96649684751998,over_prediction
74,76,90,98.40741,8.40740966796875,8.40740966796875,71.42090151870003,-81.45560901422003,152.87651053291992,over_prediction
74,77,89,112.05361,23.053611755371094,23.053611755371094,71.02837401259998,-67.41685649242001,138.44523050502002,over_prediction
74,78,88,120.398926,32.39892578125,32.39892578125,79.37721455440003,-67.42042603572001,146.79764059012,over_prediction
74,79,87,137.52522,50.52522277832031,50.52522277832031,84.49824362339999,-55.41522046752,139.91346409092,over_prediction
74,80,86,127.634705,41.63470458984375,41.63470458984375,81.73153523109997,-62.53903161231999,144.27056684342003,over_prediction
74,81,85,109.306,24.305999755859375,24.305999755859375,69.84042016379999,-68.97665677042,138.81707693422004,over_prediction
74,82,84,111.01433,27.014328002929688,27.014328002929688,69.69719519339999,-67.12508169922,136.82227689262004,over_prediction
74,83,83,111.75251,28.75251007080078,28.75251007080078,69.86337161670004,-66.55306046856002,136.41643208525994,over_prediction
74,84,82,115.256714,33.2567138671875,33.2567138671875,74.71678943569997,-67.90230834772,142.61909778342002,over_prediction
74,85,81,111.72404,30.724037170410156,30.724037170410156,71.96051108730002,-68.67864676172002,140.63915784901994,over_prediction
74,86,80,111.109055,31.109054565429688,31.109054565429688,70.5183732401,-67.85151820832002,138.36989144842,over_prediction
74,87,79,97.07652,18.076522827148438,18.076522827148438,64.6977672673,-76.06350471921999,140.76127198652003,over_prediction
74,88,78,116.924576,38.92457580566406,38.92457580566406,74.96208064950004,-66.47968322757,141.44176387707014,over_prediction
74,89,77,105.20883,28.208831787109375,28.208831787109375,65.55949449296004,-68.79283595444,134.35233044739994,over_prediction
74,90,76,106.2132,30.21320343017578,30.21320343017578,67.39186336540001,-69.62078148442002,137.01264484982002,over_prediction
74,91,75,110.016304,35.01630401611328,35.01630401611328,71.11700301199996,-69.54285682432001,140.65985983632,over_prediction
74,92,74,128.51434,54.51434326171875,54.51434326171875,81.64108218519999,-61.56893170362,143.21001388882,over_prediction
74,93,73,109.60498,36.60498046875,36.60498046875,64.47729408449997,-63.314471000720005,127.79176508521999,over_prediction
74,94,72,114.72835,42.72834777832031,42.72834777832031,72.8086231217,-66.52244704072001,139.3310701624201,over_prediction
74,95,71,100.41668,29.41667938232422,29.41667938232422,65.65536088290003,-73.68087827949998,139.3362391624001,over_prediction
74,96,70,105.17614,35.17613983154297,35.17613983154297,61.31351020259999,-64.5795353558,125.89304555839996,over_prediction
74,97,69,99.36549,30.365493774414062,30.365493774414062,56.66388260516,-65.74057432650001,122.40445693166006,over_prediction
74,98,68,99.01944,31.019439697265625,31.019439697265625,62.52280078590002,-71.94554993072,134.46835071661994,over_prediction
74,99,67,85.00695,18.00695037841797,18.00695037841797,51.6639854184,-75.09927257222,126.76325799061992,over_prediction
74,100,66,72.59725,6.597251892089844,6.597251892089844,42.59276995094999,-78.43771124532,121.03048119627002,over_prediction
74,101,65,86.010544,21.010543823242188,21.010543823242188,55.22340621119997,-77.65504703831999,132.87845324952002,over_prediction
74,102,64,76.731125,12.731124877929688,12.731124877929688,48.29010827116,-80.00115942527998,128.29126769644003,over_prediction
74,103,63,70.34693,7.346931457519531,7.346931457519531,45.96815326620401,-84.06345588452002,130.031609150724,over_prediction
74,104,62,90.81893,28.818931579589844,28.818931579589844,57.93034631700001,-75.5536542007,133.4840005177,over_prediction
74,105,61,87.7962,26.79620361328125,26.79620361328125,54.210792901699975,-74.85681643702003,129.06760933872008,over_prediction
74,106,60,88.05418,28.054176330566406,28.054176330566406,55.9162474265,-76.30433560921003,132.22058303571,over_prediction
74,107,59,79.64119,20.641189575195312,20.641189575195312,49.17348217859998,-77.97447729289999,127.14795947149995,over_prediction
74,108,58,94.039375,36.03937530517578,36.03937530517578,59.01906554456,-73.42187587942001,132.44094142398,over_prediction
74,109,57,83.38047,26.380470275878906,26.380470275878906,54.18661887465001,-79.24833579931999,133.43495467397003,over_prediction
74,110,56,80.07765,24.077651977539062,24.077651977539062,54.35376083080002,-82.71829638032003,137.07205721112004,over_prediction
74,111,55,70.800575,15.800575256347656,15.800575256347656,54.1474512273,-91.78905662391999,145.93650785122003,over_prediction
74,112,54,82.02609,28.026092529296875,28.026092529296875,54.369637307299996,-80.78574054392,135.15537785121998,over_prediction
74,113,53,86.832695,33.83269500732422,33.83269500732422,52.893779623099995,-74.50325901848002,127.39703864158004,over_prediction
74,114,52,70.89546,18.895462036132812,18.895462036132812,44.2850157448,-81.83173378172,126.11674952652002,over_prediction
74,115,51,65.89908,14.899078369140625,14.899078369140625,45.021494960400005,-87.56464587701996,132.58614083741992,over_prediction
74,116,50,48.394215,-1.6057853698730469,1.6057853698730469,34.14980688707,-94.19784795922006,128.34765484629003,under_prediction
74,117,49,45.184616,-3.8153839111328125,3.8153839111328125,34.0622626096,-97.31994145672003,131.38220406632,under_prediction
74,118,48,55.94953,7.949531555175781,7.949531555175781,37.019433868099995,-89.51214828422,126.53158215232003,over_prediction
74,119,47,50.179985,3.1799850463867188,3.1799850463867188,34.176766365599995,-92.43903510762004,126.61580147322,over_prediction
74,120,46,38.57422,-7.42578125,7.42578125,30.94027148149999,-100.80831392501996,131.74858540651994,under_prediction
74,121,45,51.271324,6.271324157714844,6.271324157714844,39.610577677630005,-96.78152876282002,136.39210644045002,over_prediction
74,122,44,41.540554,-2.4594459533691406,2.4594459533691406,36.0489655973,-102.95068676912003,138.99965236641992,under_prediction
74,123,43,48.814457,5.814456939697266,5.814456939697266,40.83519210400001,-100.46301474251995,141.29820684651997,over_prediction
74,124,42,41.35871,-0.6412887573242188,0.6412887573242188,35.9912053571,-103.07483444912002,139.06603980621995,under_prediction
74,125,41,52.41002,11.410018920898438,11.410018920898438,37.09070055335,-93.12298336872004,130.21368392206995,over_prediction
74,126,40,47.466415,7.4664154052734375,7.4664154052734375,34.1933876752,-95.16921046902006,129.36259814422004,over_prediction
74,127,39,54.04434,15.04433822631836,15.04433822631836,32.71452323286147,-87.11253828202003,119.8270615148815,over_prediction
74,128,38,59.805183,21.80518341064453,21.80518341064453,36.5316924177,-85.16881722972005,121.70050964742005,over_prediction
74,129,37,61.09876,24.098758697509766,24.098758697509766,39.64697698350001,-86.99052509929027,126.63750208279023,over_prediction
74,130,36,62.938087,26.938087463378906,26.938087463378906,37.79768362050002,-83.30188206563004,121.09956568613003,over_prediction
74,131,35,58.97033,23.97032928466797,23.97032928466797,40.318978603400005,-89.79092767954998,130.10990628295,over_prediction
74,132,34,52.504086,18.504085540771484,18.504085540771484,32.01922311920001,-87.95746013472,119.97668325391997,over_prediction
74,133,33,53.5593,20.55929946899414,20.55929946899414,37.8412158992,-92.72421592921998,130.56543182842003,over_prediction
74,134,32,56.66455,24.66455078125,24.66455078125,37.232052555299994,-89.00979561392,126.24184816922002,over_prediction
74,135,31,47.067234,16.06723403930664,16.06723403930664,32.39217363279999,-93.76721790521997,126.15939153801999,over_prediction
74,136,30,53.257717,23.25771713256836,23.25771713256836,37.41596951610001,-92.60055803222002,130.01652754831989,over_prediction
74,137,29,46.130882,17.130882263183594,17.130882263183594,39.018956653,-101.33036696122001,140.34932361422,over_prediction
74,138,28,39.377167,11.377166748046875,11.377166748046875,33.22342604680001,-102.28856963838003,135.51199568518007,over_prediction
74,139,27,41.194244,14.194244384765625,14.194244384765625,32.232773152700005,-99.48082324749998,131.7135964002,over_prediction
74,140,26,26.876993,0.8769931793212891,0.8769931793212891,24.567134306499987,-106.13241834042003,130.69955264692015,over_prediction
74,141,25,24.233484,-0.7665157318115234,0.7665157318115234,24.604814181,-108.81359908338004,133.41841326438,under_prediction
74,142,24,20.821285,-3.1787147521972656,3.1787147521972656,27.241442528734996,-114.86242641952002,142.10386894825504,under_prediction
74,143,23,15.016997,-7.983002662658691,7.983002662658691,27.796221789400004,-121.22151969525999,149.0177414846599,under_prediction
74,144,22,13.818862,-8.181138038635254,8.181138038635254,27.181286323599995,-121.80471501032,148.98600133391997,under_prediction
74,145,21,18.917921,-2.0820789337158203,2.0820789337158203,31.192731364600004,-120.71708478212001,151.90981614671995,under_prediction
74,146,20,20.496994,0.4969940185546875,0.4969940185546875,34.74565221240002,-122.69096932782,157.4366215402199,over_prediction
74,147,19,35.673996,16.673995971679688,16.673995971679688,39.696112993199996,-112.46439259552001,152.16050558872004,over_prediction
74,148,18,31.600828,13.600828170776367,13.600828170776367,38.56938028719998,-115.41087857022002,153.98025885742004,over_prediction
74,149,17,23.534712,6.534711837768555,6.534711837768555,35.9462155718,-120.85381127022002,156.80002684201995,over_prediction
74,150,16,20.555307,4.555307388305664,4.555307388305664,35.6901569805,-123.57716519777999,159.26732217827998,over_prediction
74,151,15,13.461171,-1.5388288497924805,1.5388288497924805,35.5986525575,-130.57979793270005,166.17845049020005,under_prediction
74,152,14,17.746935,3.7469348907470703,3.7469348907470703,37.70420508661998,-128.39960305102,166.10380813764004,over_prediction
74,153,13,14.531571,1.531571388244629,1.531571388244629,36.7356963813,-130.64645619591997,167.38215257721995,over_prediction
74,154,12,15.759302,3.7593021392822266,3.7593021392822266,36.75009938069999,-129.433124921407,166.18322430210694,over_prediction
74,155,11,14.211692,3.2116918563842773,3.2116918563842773,39.09749272130001,-133.32810906221994,172.4256017835199,over_prediction
74,156,10,3.061778,-6.9382219314575195,6.9382219314575195,35.142666782700005,-140.52318172491988,175.66584850761987,under_prediction
74,157,9,5.384819,-3.6151809692382812,3.6151809692382812,34.1678586142,-137.22532492142,171.39318353562004,under_prediction
74,158,8,6.1626973,-1.8373026847839355,1.8373026847839355,36.4338372605,-138.7134284186199,175.14726567911998,under_prediction
74,159,7,1.9070709,-5.092929124832153,5.092929124832153,36.31291539645998,-142.84814106201998,179.16105645847998,under_prediction
74,160,6,-1.1883512,-7.188351154327393,7.188351154327393,33.3498770027,-142.9805214760731,176.3303984787731,under_prediction
74,161,5,-1.2344556,-6.234455585479736,6.234455585479736,31.886375931250008,-141.56313253572006,173.4495084669701,under_prediction
74,162,4,-2.5312483,-6.531248331069946,6.531248331069946,32.739647458250005,-143.71319651662,176.45284397487006,under_prediction
74,163,3,-2.7413356,-5.74133563041687,5.74133563041687,32.83315180809999,-144.01678869640003,176.84994050450007,under_prediction
74,164,2,-4.3309803,-6.33098030090332,6.33098030090332,32.3208607177,-145.09413539631402,177.41499611401392,under_prediction
74,165,1,-4.2269125,-5.226912498474121,5.226912498474121,32.255237117570005,-144.92445873382,177.17969585139,under_prediction
74,166,0,-3.0791264,-3.0791263580322266,3.0791263580322266,33.425570258530016,-144.94699075472002,178.37256101325002,under_prediction
77,1,153,189.94614,36.946136474609375,36.946136474609375,107.82301639766001,-26.31920245672,134.14221885438002,over_prediction
77,2,152,151.88011,-0.1198883056640625,0.1198883056640625,84.78761461430003,-41.349686083719995,126.13730069802003,under_prediction
77,3,151,182.90036,31.900360107421875,31.900360107421875,135.06830630430002,-60.61002885901999,195.6783351633201,over_prediction
77,4,150,202.94647,52.94647216796875,52.94647216796875,139.96510249109994,-45.46082409772,185.42592658881995,over_prediction
77,5,149,202.01044,53.01043701171875,53.01043701171875,119.45092418150003,-25.88274639642,145.33367057791997,over_prediction
77,6,148,191.43051,43.430511474609375,43.430511474609375,119.94137640233,-36.95309253341999,156.89446893575,over_prediction
77,7,147,199.19138,52.191375732421875,52.191375732421875,125.0690426534,-34.31993993762,159.38898259101998,over_prediction
77,8,146,190.825,44.82499694824219,44.82499694824219,120.62965814067996,-38.246871925219985,158.8765300659,over_prediction
77,9,145,168.75269,23.752685546875,23.752685546875,100.26610789199997,-39.95577058567,140.22187847767003,over_prediction
77,10,144,159.9189,15.918899536132812,15.918899536132812,94.6966833265,-43.220214786049986,137.91689811254997,over_prediction
77,11,143,172.3482,29.34820556640625,29.34820556640625,97.52440517619993,-33.61857381652,131.14297899271997,over_prediction
77,12,142,157.47855,15.478546142578125,15.478546142578125,91.98732128660006,-42.951110235719995,134.93843152231995,over_prediction
77,13,141,180.34386,39.34385681152344,39.34385681152344,102.07058084609,-30.168962586880006,132.23954343297,over_prediction
77,14,140,179.61752,39.617523193359375,39.617523193359375,102.21497392629998,-31.03969403584,133.25466796214,over_prediction
77,15,139,177.90346,38.90345764160156,38.90345764160156,102.42773256829997,-32.96656125832,135.39429382661996,over_prediction
77,16,138,183.84421,45.844207763671875,45.844207763671875,108.5990071781,-33.197030476719995,141.79603765481997,over_prediction
77,17,137,158.50119,21.501190185546875,21.501190185546875,92.01666050390001,-41.957782305839984,133.97444280974008,over_prediction
77,18,136,174.86021,38.86021423339844,38.86021423339844,103.70016794540001,-37.28213352624999,140.98230147165012,over_prediction
77,19,135,164.76569,29.76568603515625,29.76568603515625,99.04067410719998,-42.71732974471999,141.75800385192002,over_prediction
77,20,134,162.4925,28.49249267578125,28.49249267578125,92.52291924533006,-38.47263515472001,130.99555440005,over_prediction
77,21,133,161.83464,28.834640502929688,28.834640502929688,89.19134053450001,-35.798926308720006,124.99026684322001,over_prediction
77,22,132,163.9729,31.972900390625,31.972900390625,97.93369101360003,-42.40313386472001,140.33682487832007,over_prediction
77,23,131,146.81734,15.817337036132812,15.817337036132812,88.98930162440006,-50.614313907399996,139.60361553179996,over_prediction
77,24,130,143.15176,13.151763916015625,13.151763916015625,86.732759022,-52.02329079681999,138.75604981882,over_prediction
77,25,129,133.54778,4.5477752685546875,4.5477752685546875,83.45491324480001,-58.34936483411999,141.80427807892005,over_prediction
77,26,128,127.64948,-0.35051727294921875,0.35051727294921875,80.98578871310002,-61.778630718719974,142.76441943182007,under_prediction
77,27,127,127.45151,0.451507568359375,0.451507568359375,84.11537645730004,-65.1061028581,149.22147931539993,over_prediction
77,28,126,115.85069,-10.149307250976562,10.149307250976562,77.57670106770003,-70.16827827472001,147.74497934241998,under_prediction
77,29,125,118.41057,-6.5894317626953125,6.5894317626953125,75.18414745600003,-65.2158774873,140.40002494330002,under_prediction
77,30,124,116.56827,-7.431732177734375,7.431732177734375,72.22452601327001,-64.09851720460001,136.32304321786998,under_prediction
77,31,123,138.76784,15.767837524414062,15.767837524414062,83.01485288709996,-52.68923370169998,135.7040865888,over_prediction
77,32,122,135.15326,13.15325927734375,13.15325927734375,78.98503906470003,-52.273951341100016,131.25899040580003,over_prediction
77,33,121,123.46474,2.4647369384765625,2.4647369384765625,72.26556032394998,-57.24305792482,129.50861824877,over_prediction
77,34,120,118.84267,-1.1573333740234375,1.1573333740234375,69.2512353418,-58.85081366772,128.10204900952,under_prediction
77,35,119,112.93311,-6.066886901855469,6.066886901855469,67.96091617129997,-63.47008499171997,131.43100116302,under_prediction
77,36,118,98.72105,-19.278953552246094,19.278953552246094,65.6575235937,-75.37873859861998,141.03626219231992,under_prediction
77,37,117,115.85261,-1.1473922729492188,1.1473922729492188,67.42765366969999,-60.01729439201999,127.44494806172007,under_prediction
77,38,116,104.98644,-11.013557434082031,11.013557434082031,63.4279964911,-66.88382658912002,130.3118230802199,under_prediction
77,39,115,117.43237,2.432373046875,2.432373046875,73.99821175892002,-65.00811964557,139.00633140449,over_prediction
77,40,114,126.69689,12.696891784667969,12.696891784667969,82.592682039,-64.33804755422,146.93072959322,over_prediction
77,41,113,121.53081,8.530807495117188,8.530807495117188,77.76196394549997,-64.67337772555999,142.43534167106003,over_prediction
77,42,112,150.04178,38.041778564453125,38.041778564453125,91.7169463118,-50.11742699901999,141.83437331082004,over_prediction
77,43,111,152.17567,41.17567443847656,41.17567443847656,90.02339498499997,-46.28990524747002,136.31330023246994,over_prediction
77,44,110,165.20833,55.20832824707031,55.20832824707031,92.4888920938,-35.722745707090006,128.21163780088997,over_prediction
77,45,109,176.02393,67.02392578125,67.02392578125,106.49640525029994,-38.91462931689998,145.41103456720006,over_prediction
77,46,108,170.69432,62.69432067871094,62.69432067871094,100.44630681346,-38.19403951562002,138.64034632908007,over_prediction
77,47,107,166.61533,59.615325927734375,59.615325927734375,95.4273655312,-37.25427236077,132.68163789196998,over_prediction
77,48,106,154.93823,48.938232421875,48.938232421875,88.83171914105004,-42.33581602671999,131.16753516777007,over_prediction
77,49,105,152.18396,47.1839599609375,47.1839599609375,80.22262924500002,-36.48106826371999,116.70369750872,over_prediction
77,50,104,151.51561,47.51560974121094,47.51560974121094,78.73029409408004,-35.65695240896997,114.38724650305005,over_prediction
77,51,103,164.06758,61.06758117675781,61.06758117675781,88.88380973660003,-33.25871187352001,122.14252161012004,over_prediction
77,52,102,149.1857,47.185699462890625,47.185699462890625,81.9513463614,-41.20797169802001,123.15931805941997,over_prediction
77,53,101,160.85269,59.852691650390625,59.852691650390625,89.99693386050001,-37.58653656242001,127.58347042292,over_prediction
77,54,100,167.23367,67.23367309570312,67.23367309570312,92.56321236116196,-33.77184979632,126.33506215748204,over_prediction
77,55,99,165.18529,66.18528747558594,66.18528747558594,88.69605207489998,-31.953166093720007,120.64921816861992,over_prediction
77,56,98,158.02107,60.02107238769531,60.02107238769531,81.4250579788,-31.846489733119995,113.27154771192002,over_prediction
77,57,97,150.78003,53.780029296875,53.780029296875,79.43937618070005,-37.101693959950005,116.54107014064999,over_prediction
77,58,96,137.67982,41.67982482910156,41.67982482910156,76.920323507,-47.68269678792,124.60302029491997,over_prediction
77,59,95,140.81686,45.816864013671875,45.816864013671875,78.06976944209997,-45.69521498072,123.76498442281998,over_prediction
77,60,94,139.5005,45.50050354003906,45.50050354003906,74.32909985040001,-43.27090108413999,117.60000093454006,over_prediction
77,61,93,125.44836,32.44835662841797,32.44835662841797,71.259866479,-54.25387671202,125.51374319102008,over_prediction
77,62,92,135.21506,43.215057373046875,43.215057373046875,69.96082676960005,-43.188167099619996,113.14899386922002,over_prediction
77,63,91,133.10864,42.108642578125,42.108642578125,70.43700621240001,-45.770732483719996,116.20773869612,over_prediction
77,64,90,120.15397,30.153968811035156,30.153968811035156,63.390867074000006,-51.67923627308999,115.07010334709003,over_prediction
77,65,89,134.38258,45.38258361816406,45.38258361816406,73.3687281086,-47.42855771352001,120.79728582211997,over_prediction
77,66,88,126.598145,38.59814453125,38.59814453125,70.97069306960003,-52.81479183472001,123.78548490432,over_prediction
77,67,87,123.03379,36.033790588378906,36.033790588378906,72.08857491989997,-57.49708306211996,129.58565798201994,over_prediction
77,68,86,113.24292,27.242919921875,27.242919921875,68.92607106500003,-64.12545424844998,133.05152531345004,over_prediction
77,69,85,111.73819,26.738189697265625,26.738189697265625,72.24444546850003,-68.94858083812,141.19302630662003,over_prediction
77,70,84,124.590416,40.590415954589844,40.590415954589844,77.3122532885,-61.16424654881999,138.47649983732006,over_prediction
77,71,83,135.00504,52.005035400390625,52.005035400390625,83.35145714913001,-56.78875445659,140.1402116057201,over_prediction
77,72,82,126.55064,44.550636291503906,44.550636291503906,76.93065540569998,-58.82230070471999,135.75295611041997,over_prediction
77,73,81,131.15747,50.157470703125,50.157470703125,77.1029373535,-54.38775467301999,131.49069202652004,over_prediction
77,74,80,141.01306,61.0130615234375,61.0130615234375,84.32461283200001,-51.75388370912001,136.07849654112005,over_prediction
77,75,79,123.55296,44.55296325683594,44.55296325683594,80.5502808816,-65.43966094071996,145.98994182232002,over_prediction
77,76,78,135.28407,57.28407287597656,57.28407287597656,80.43962618949999,-53.59783715232,134.03746334181997,over_prediction
77,77,77,140.26591,63.26591491699219,63.26591491699219,85.51642990500002,-53.69287176371999,139.20930166872,over_prediction
77,78,76,121.064095,45.06409454345703,45.06409454345703,72.59132740967,-59.96959583852,132.56092324819005,over_prediction
77,79,75,133.35193,58.3519287109375,58.3519287109375,78.8133801788,-53.90380431992,132.71718449872,over_prediction
77,80,74,118.42322,44.4232177734375,44.4232177734375,73.29278910267006,-63.31189325662002,136.60468235928988,over_prediction
77,81,73,111.63327,38.633270263671875,38.633270263671875,59.631438942,-56.44048801412002,116.07192695612,over_prediction
77,82,72,103.734726,31.734725952148438,31.734725952148438,58.1386195031,-62.84617711612002,120.98479661922,over_prediction
77,83,71,105.85014,34.85014343261719,34.85014343261719,58.4521942547,-61.04431688672,119.49651114142002,over_prediction
77,84,70,113.578674,43.57867431640625,43.57867431640625,65.08241996780002,-59.94600174632002,125.02842171412,over_prediction
77,85,69,123.305885,54.305885314941406,54.305885314941406,67.864099051,-53.000481352320016,120.86458040331996,over_prediction
77,86,68,118.966324,50.96632385253906,50.96632385253906,68.31842523099999,-57.794401431720026,126.11282666272,over_prediction
77,87,67,109.59768,42.597679138183594,42.597679138183594,64.94738961909998,-63.79205358042,128.73944319952,over_prediction
77,88,66,110.79732,44.79731750488281,44.79731750488281,67.11225184919999,-64.75719853792005,131.86945038712003,over_prediction
77,89,65,113.21856,48.21855926513672,48.21855926513672,71.16260317420004,-66.38633378892001,137.54893696311998,over_prediction
77,90,64,119.3722,55.37220001220703,55.37220001220703,71.22114778399998,-60.29122081361998,131.51236859762002,over_prediction
77,91,63,107.60438,44.60437774658203,44.60437774658203,64.15468088099999,-64.99256356022,129.14724444122004,over_prediction
77,92,62,115.491486,53.491485595703125,53.491485595703125,67.32733932320001,-60.27811454519999,127.60545386840003,over_prediction
77,93,61,103.56534,42.565338134765625,42.565338134765625,59.68900313779998,-64.56594180421999,124.25494494201999,over_prediction
77,94,60,96.92148,36.921478271484375,36.921478271484375,57.289968143139994,-68.81079795481004,126.10076609795,over_prediction
77,95,59,97.4963,38.496299743652344,38.496299743652344,57.134661315999985,-68.08058643272004,125.21524774872002,over_prediction
77,96,58,73.74744,15.7474365234375,15.7474365234375,49.49361192285999,-84.18843627172,133.68204819458006,over_prediction
77,97,57,70.117096,13.117095947265625,13.117095947265625,50.883824759550016,-89.20901513149002,140.09283989104006,over_prediction
77,98,56,77.264175,21.264175415039062,21.264175415039062,52.201519703499976,-83.37958358672003,135.58110329022003,over_prediction
77,99,55,73.42795,18.427947998046875,18.427947998046875,53.62237349534301,-88.63672650468,142.259100000023,over_prediction
77,100,54,62.24932,8.249320983886719,8.249320983886719,49.966561585200004,-96.15952005872,146.12608164392,over_prediction
77,101,53,51.100643,-1.8993568420410156,1.8993568420410156,40.333109010700014,-97.67478486502002,138.00789387571996,under_prediction
77,102,52,70.18158,18.18157958984375,18.18157958984375,48.5870367033,-86.84771025622004,135.43474695952014,over_prediction
77,103,51,55.960255,4.960254669189453,4.960254669189453,44.44447401960001,-96.92652302732002,141.3709970469199,over_prediction
77,104,50,67.44386,17.443862915039062,17.443862915039062,48.64310790900001,-89.64147068472006,138.28457859372,over_prediction
77,105,49,67.54172,18.541717529296875,18.541717529296875,41.38019982064998,-82.28069465272,123.66089447337,over_prediction
77,106,48,80.59077,32.59076690673828,32.59076690673828,51.09677247629998,-78.94826622772003,130.04503870402002,over_prediction
77,107,47,69.863884,22.86388397216797,22.86388397216797,45.008256962699996,-83.58660402572,128.59486098841998,over_prediction
77,108,46,77.81696,31.81696319580078,31.81696319580078,51.07498874293,-81.70032615232002,132.7753148952501,over_prediction
77,109,45,68.53993,23.539932250976562,23.539932250976562,46.90343008559999,-86.80573439122001,133.7091644768199,over_prediction
77,110,44,64.42007,20.420066833496094,20.420066833496094,46.30496509500001,-90.32716895968,136.63213405467994,over_prediction
77,111,43,66.21765,23.2176513671875,23.2176513671875,47.02084965849998,-89.24542962462003,136.26627928312007,over_prediction
77,112,42,78.68483,36.68482971191406,36.68482971191406,53.50144574240001,-83.25886076232,136.76030650472003,over_prediction
77,113,41,58.01397,17.01396942138672,17.01396942138672,46.784630897750006,-97.21297375722001,143.99760465497005,over_prediction
77,114,40,64.63391,24.6339111328125,24.6339111328125,50.770099650499986,-94.57848861712003,145.34858826762,over_prediction
77,115,39,63.204018,24.204017639160156,24.204017639160156,48.85294588957999,-94.09121457132,142.94416046090004,over_prediction
77,116,38,65.16768,27.167678833007812,27.167678833007812,47.19777349074,-90.47241292212003,137.67018641285995,over_prediction
77,117,37,64.09718,27.097183227539062,27.097183227539062,46.4351523523,-90.78027960012,137.21543195242,over_prediction
77,118,36,56.934853,20.934852600097656,20.934852600097656,44.737211098499984,-96.24468921271995,140.98190031122007,over_prediction
77,119,35,56.06463,21.06462860107422,21.06462860107422,41.9566468374,-94.334339790674,136.29098662807397,over_prediction
77,120,34,61.28194,27.281940460205078,27.281940460205078,50.003614168910005,-97.16398537451997,147.16759954342996,over_prediction
77,121,33,57.38534,24.38534164428711,24.38534164428711,50.42253098099999,-101.47944681601999,151.90197779702004,over_prediction
77,122,32,56.206055,24.2060546875,24.2060546875,47.670299082899994,-99.90654155072005,147.57684063362004,over_prediction
77,123,31,49.604668,18.60466766357422,18.60466766357422,44.440265836239995,-103.27789824652001,147.71816408275998,over_prediction
77,124,30,42.202396,12.202396392822266,12.202396392822266,37.224204322,-103.4641245979,140.6883289199,over_prediction
77,125,29,35.240562,6.240562438964844,6.240562438964844,35.18883667790001,-108.39056184055003,143.57939851845006,over_prediction
77,126,28,35.23848,7.2384796142578125,7.2384796142578125,35.859684628299995,-109.06352629662001,144.92321092492003,over_prediction
77,127,27,35.671978,8.671977996826172,8.671977996826172,36.19853915092,-108.96885644102002,145.16739559194002,over_prediction
77,128,26,36.340946,10.340946197509766,10.340946197509766,38.198991147200005,-110.30035975242004,148.49935089962,over_prediction
77,129,25,37.6288,12.628799438476562,12.628799438476562,41.515710533,-112.32925282051998,153.84496335351997,over_prediction
77,130,24,35.87158,11.871578216552734,11.871578216552734,41.9292842052,-114.50002933162003,156.42931353682008,over_prediction
77,131,23,44.60104,21.60103988647461,21.60103988647461,43.085255555500005,-106.92653526602005,150.01179082151995,over_prediction
77,132,22,29.066341,7.066341400146484,7.066341400146484,38.5852770772,-117.96126135602,156.54653843322006,over_prediction
77,133,21,34.934677,13.934677124023438,13.934677124023438,39.50215708675999,-113.00983110671997,152.51198819348008,over_prediction
77,134,20,29.336948,9.33694839477539,9.33694839477539,37.44797234129999,-116.55335860052001,154.00133094182002,over_prediction
77,135,19,31.957321,12.957321166992188,12.957321166992188,36.5561179212,-113.04113652502,149.59725444621995,over_prediction
77,136,18,30.325485,12.325485229492188,12.325485229492188,39.4630836658,-117.57996378613493,157.04304745193505,over_prediction
77,137,17,25.170918,8.170917510986328,8.170917510986328,37.25314273120001,-120.52455313722007,157.7776958684199,over_prediction
77,138,16,26.656744,10.656744003295898,10.656744003295898,37.32324866889999,-119.10882537262,156.43207404151988,over_prediction
77,139,15,31.47076,16.470760345458984,16.470760345458984,44.41391568199999,-121.38546262341997,165.79937830541994,over_prediction
77,140,14,24.666313,10.666313171386719,10.666313171386719,40.098553373399994,-123.87455943171994,163.97311280512014,over_prediction
77,141,13,20.839094,7.839094161987305,7.839094161987305,35.98196280770001,-123.58516184772004,159.56712465541992,over_prediction
77,142,12,20.586386,8.586385726928711,8.586385726928711,33.190691388299996,-121.04660711742,154.23729850572002,over_prediction
77,143,11,21.967943,10.96794319152832,10.96794319152832,32.30749628635001,-118.78185448802003,151.08935077437008,over_prediction
77,144,10,25.043518,15.04351806640625,15.04351806640625,36.5802904133,-119.97906420142006,156.55935461471995,over_prediction
77,145,9,19.361834,10.361833572387695,10.361833572387695,30.635491460620006,-119.71595966411998,150.35145112473998,over_prediction
77,146,8,13.645578,5.645578384399414,5.645578384399414,29.107042614000008,-123.90377136895007,153.01081398295,over_prediction
77,147,7,12.664174,5.6641740798950195,5.6641740798950195,31.21587803599999,-126.99399856145502,158.2098765974548,over_prediction
77,148,6,9.677852,3.677851676940918,3.677851676940918,30.293406377039993,-129.05784362230003,159.3512499993401,over_prediction
77,149,5,10.254564,5.25456428527832,5.25456428527832,32.236755107549996,-130.42448238432004,162.66123749186994,over_prediction
77,150,4,5.0686736,1.0686736106872559,1.0686736106872559,32.275889411399994,-135.6495097576201,167.92539916902004,over_prediction
77,151,3,3.1780987,0.1780986785888672,0.1780986785888672,30.911426288299992,-136.17561476782,167.08704105612,over_prediction
77,152,2,0.36171556,-1.63828444480896,1.63828444480896,29.062823348800002,-137.14339442972005,166.20621777852008,under_prediction
77,153,1,0.3740102,-0.6259897947311401,0.6259897947311401,29.920518394699997,-137.98879531452002,167.9093137092201,under_prediction
77,154,0,1.4801311,1.4801311492919922,1.4801311492919922,29.978386256299995,-136.94056308301998,166.91894933932,over_prediction
78,1,230,204.88033,-25.119674682617188,25.119674682617188,125.77510225226001,-29.337088772719998,155.11219102497995,under_prediction
78,2,229,251.07126,22.071258544921875,22.071258544921875,170.88713658100005,-28.258202211000004,199.14533879200008,over_prediction
78,3,228,242.75584,14.755844116210938,14.755844116210938,180.3570739386,-46.04354259104501,226.400616529645,over_prediction
78,4,227,244.51326,17.513259887695312,17.513259887695312,171.17289731316,-35.101836068645,206.27473338180502,over_prediction
78,5,226,235.08397,9.083969116210938,9.083969116210938,166.2805055117,-39.63891367204499,205.919419183745,over_prediction
78,6,225,237.38707,12.387069702148438,12.387069702148438,174.00568217,-45.060774701620005,219.06645687161998,over_prediction
78,7,224,235.5537,11.553695678710938,11.553695678710938,172.33192748000008,-45.22047300781997,217.5524004878201,over_prediction
78,8,223,219.98853,-3.011474609375,3.011474609375,160.9963089007,-49.44993562800999,210.44624452871,under_prediction
78,9,222,239.28365,17.283645629882812,17.283645629882812,170.35776729029993,-39.516346202345005,209.8741134926449,over_prediction
78,10,221,240.02159,19.021591186523438,19.021591186523438,168.28685343200004,-36.70746566204502,204.99431909404504,over_prediction
78,11,220,231.49199,11.491989135742188,11.491989135742188,161.47102372400002,-38.42137890509999,199.8924026291,over_prediction
78,12,219,243.38339,24.383392333984375,24.383392333984375,169.35148147186,-34.410373912485014,203.76185538434504,over_prediction
78,13,218,246.28818,28.288177490234375,28.288177490234375,172.581365114,-34.73546332302,207.31682843702006,over_prediction
78,14,217,238.15569,21.155685424804688,21.155685424804688,163.25787598220003,-33.54437604565001,196.8022520278499,over_prediction
78,15,216,238.55681,22.556808471679688,22.556808471679688,165.68765382656,-35.57303123115,201.26068505770996,over_prediction
78,16,215,212.65141,-2.3485870361328125,2.3485870361328125,147.51402491500005,-43.304828822844996,190.818853737845,under_prediction
78,17,214,216.80325,2.803253173828125,2.803253173828125,145.423243255,-37.062249621319985,182.48549287632,over_prediction
78,18,213,223.67813,10.678131103515625,10.678131103515625,147.13097368374002,-31.895082606545007,179.02605629028514,over_prediction
78,19,212,209.06844,-2.9315643310546875,2.9315643310546875,143.00424264696002,-42.378154796845,185.38239744380508,under_prediction
78,20,211,216.01033,5.0103302001953125,5.0103302001953125,145.21786981734004,-37.64972039530001,182.86759021264,over_prediction
78,21,210,212.92632,2.9263153076171875,2.9263153076171875,149.26671284290003,-44.782669928809995,194.0493827717101,over_prediction
78,22,209,213.28058,4.28057861328125,4.28057861328125,147.89099031700007,-43.05261529680999,190.94360561381,over_prediction
78,23,208,208.53555,0.535552978515625,0.535552978515625,141.45309204020006,-41.35980285911,182.81289489931,over_prediction
78,24,207,207.92586,0.9258575439453125,0.9258575439453125,140.64301989700002,-41.159492813209994,181.80251271021,over_prediction
78,25,206,203.16689,-2.8331146240234375,2.8331146240234375,134.7595457550999,-40.03484928121001,174.79439503630994,under_prediction
78,26,205,224.22342,19.223419189453125,19.223419189453125,146.60272852714996,-30.821547075956,177.42427560310594,over_prediction
78,27,204,223.6697,19.669692993164062,19.669692993164062,146.8470511839,-31.619495729010005,178.4665469129101,over_prediction
78,28,203,209.13611,6.1361083984375,6.1361083984375,135.98727177139997,-35.29336532601999,171.28063709741986,over_prediction
78,29,202,216.8902,14.89019775390625,14.89019775390625,143.52303861850004,-35.07505030582,178.59808892432002,over_prediction
78,30,201,225.53752,24.537521362304688,24.537521362304688,147.06945155829993,-29.97421664555001,177.04366820385,over_prediction
78,31,200,214.24588,14.245880126953125,14.245880126953125,138.79464972700006,-32.99098648128199,171.78563620828214,over_prediction
78,32,199,208.6444,9.644393920898438,9.644393920898438,133.1669108865,-32.96469758631,166.13160847281006,over_prediction
78,33,198,202.10849,4.108489990234375,4.108489990234375,132.11306341530002,-38.44673484652001,170.55979826181994,over_prediction
78,34,197,215.04947,18.049468994140625,18.049468994140625,139.4325084165,-32.825261807099984,172.25777022360012,over_prediction
78,35,196,214.48611,18.486114501953125,18.486114501953125,142.36153445099995,-36.317577070400006,178.67911152139996,over_prediction
78,36,195,236.26933,41.26933288574219,41.26933288574219,156.99380119094508,-29.166636366850007,186.16043755779506,over_prediction
78,37,194,234.16124,40.16123962402344,40.16123962402344,160.8110972223,-35.09211651814999,195.90321374044993,over_prediction
78,38,193,220.53674,27.5367431640625,27.5367431640625,147.14262556689994,-35.04797593301,182.19060149990995,over_prediction
78,39,192,217.5974,25.597396850585938,25.597396850585938,144.55490223840008,-35.399736459009986,179.95463869741005,over_prediction
78,40,191,210.78616,19.786163330078125,19.786163330078125,139.14228259599992,-36.79830108971001,175.94058368571004,over_prediction
78,41,190,207.09277,17.0927734375,17.0927734375,134.52377462849998,-35.87329141144999,170.39706603994995,over_prediction
78,42,189,195.9732,6.97320556640625,6.97320556640625,125.22036574802996,-37.68931429314,162.90968004116993,over_prediction
78,43,188,203.01102,15.011016845703125,15.011016845703125,132.39294521536993,-37.824250484109996,170.2171956994799,over_prediction
78,44,187,191.94104,4.9410400390625,4.9410400390625,127.49008606022008,-43.991293300569986,171.48137936078982,over_prediction
78,45,186,188.16518,2.1651763916015625,2.1651763916015625,122.26285680290002,-42.5401165839,164.8029733868,over_prediction
78,46,185,203.74734,18.747344970703125,18.747344970703125,134.5378977824,-39.23280186324,173.77069964564006,over_prediction
78,47,184,192.72485,8.724853515625,8.724853515625,125.04733223900003,-40.76480391493999,165.81213615394,over_prediction
78,48,183,188.64682,5.646820068359375,5.646820068359375,121.67287237209999,-41.46830752663999,163.14117989873995,over_prediction
78,49,182,175.87401,-6.1259918212890625,6.1259918212890625,113.96272948299999,-46.53111885504,160.4938483380399,under_prediction
78,50,181,184.19746,3.1974639892578125,3.1974639892578125,121.96936848340005,-46.214259791040014,168.18362827443997,over_prediction
78,51,180,183.4054,3.4053955078125,3.4053955078125,121.29095134970002,-46.32796127034,167.61891262004,over_prediction
78,52,179,175.52486,-3.4751434326171875,3.4751434326171875,118.0445517539,-50.96195337259999,169.00650512650003,under_prediction
78,53,178,175.06105,-2.9389495849609375,2.9389495849609375,121.24197203170003,-54.62320434824,175.86517637994,under_prediction
78,54,177,172.57957,-4.4204254150390625,4.4204254150390625,123.69604237400002,-59.55859805944,183.25464043344004,under_prediction
78,55,176,179.79742,3.79742431640625,3.79742431640625,126.9740205332,-55.618780651209995,182.59280118441,over_prediction
78,56,175,175.71709,0.7170867919921875,0.7170867919921875,123.62264839779996,-56.347812124999976,179.97046052279987,over_prediction
78,57,174,176.01933,2.0193328857421875,2.0193328857421875,120.70594384500005,-53.12892521600997,173.83486906100998,over_prediction
78,58,173,178.77597,5.775970458984375,5.775970458984375,123.03883055240001,-52.70511654531002,175.74394709770988,over_prediction
78,59,172,165.66937,-6.33062744140625,6.33062744140625,115.77401544600004,-58.546981186909996,174.32099663291007,under_prediction
78,60,171,170.2876,-0.71240234375,0.71240234375,119.67469359849999,-57.82932605990999,177.50401965840987,under_prediction
78,61,170,167.88115,-2.1188507080078125,2.1188507080078125,119.7742357755,-60.33537686891,180.10961264440985,under_prediction
78,62,169,170.86827,1.8682708740234375,1.8682708740234375,118.77062839470005,-56.34462997455002,175.11525836924991,over_prediction
78,63,168,169.76634,1.7663421630859375,1.7663421630859375,120.67875003089996,-59.35456257301,180.03331260391013,over_prediction
78,64,167,171.13718,4.137176513671875,4.137176513671875,118.8030601596,-56.10809193950999,174.91115209910998,over_prediction
78,65,166,176.9149,10.914901733398438,10.914901733398438,124.33738974989997,-55.86473772601002,180.20212747591003,over_prediction
78,66,165,171.12561,6.1256103515625,6.1256103515625,118.6178238736,-55.934437639909994,174.55226151351002,over_prediction
78,67,164,173.34004,9.340042114257812,9.340042114257812,121.98489614059999,-57.08721168731,179.07210782790995,over_prediction
78,68,163,164.53394,1.533935546875,1.533935546875,112.42930442240002,-56.33770066471,168.76700508711,over_prediction
78,69,162,170.86026,8.860260009765625,8.860260009765625,115.3657189811,-52.94773628411001,168.31345526521005,over_prediction
78,70,161,159.83078,-1.169219970703125,1.169219970703125,110.43556147690002,-59.04712565871001,169.48268713560998,under_prediction
78,71,160,167.1176,7.1175994873046875,7.1175994873046875,117.58776049140002,-58.91251093370999,176.50027142511001,over_prediction
78,72,159,180.32875,21.328750610351562,21.328750610351562,119.3766434357,-47.49027804031001,166.86692147601002,over_prediction
78,73,158,202.10893,44.10893249511719,44.10893249511719,136.49457754899998,-42.82803157321,179.32260912220988,over_prediction
78,74,157,187.81406,30.814056396484375,30.814056396484375,123.46551108800001,-44.09373127140999,167.55924235941004,over_prediction
78,75,156,172.20833,16.208328247070312,16.208328247070312,113.1498346219,-49.383691281910004,162.5335259038101,over_prediction
78,76,155,179.35371,24.353713989257812,24.353713989257812,116.01486595499996,-45.10337280344001,161.11823875843996,over_prediction
78,77,154,167.95964,13.959640502929688,13.959640502929688,110.40179374550002,-50.88438355791,161.28617730340994,over_prediction
78,78,153,174.19997,21.199966430664062,21.199966430664062,119.7056113871,-53.94783183529999,173.65344322239997,over_prediction
78,79,152,184.08488,32.08488464355469,32.08488464355469,120.92094693299998,-45.27833794441001,166.19928487740992,over_prediction
78,80,151,190.41406,39.4140625,39.4140625,127.9758857039,-46.00404980191,173.97993550580992,over_prediction
78,81,150,178.33176,28.331756591796875,28.331756591796875,128.1008840745,-58.21128232091,186.31216639541003,over_prediction
78,82,149,179.33252,30.33251953125,30.33251953125,115.07146113540001,-44.181181675310015,159.25264281070992,over_prediction
78,83,148,177.13275,29.13275146484375,29.13275146484375,115.26925491099996,-46.57873171031,161.8479866213101,over_prediction
78,84,147,171.20601,24.206008911132812,24.206008911132812,111.96348480949997,-49.19978685681,161.16327166631007,over_prediction
78,85,146,163.46294,17.462936401367188,17.462936401367188,108.28639049699996,-53.26572772415999,161.55211822115993,over_prediction
78,86,145,151.75627,6.7562713623046875,6.7562713623046875,102.1560659562,-58.842062923810026,160.99812888000986,over_prediction
78,87,144,148.2866,4.2866058349609375,4.2866058349609375,97.35419747520004,-57.509859038609996,154.86405651381008,over_prediction
78,88,143,149.28615,6.2861480712890625,6.2861480712890625,99.75238256059998,-58.90844113191002,158.66082369251012,over_prediction
78,89,142,149.15068,7.1506805419921875,7.1506805419921875,104.5558093878,-63.847298655210004,168.4031080430098,over_prediction
78,90,141,139.27905,-1.720947265625,1.720947265625,97.4649514342,-66.62815051430998,164.09310194850997,under_prediction
78,91,140,135.41765,-4.5823516845703125,4.5823516845703125,94.90941729646002,-67.93390854437,162.84332584083003,under_prediction
78,92,139,124.02079,-14.979209899902344,14.979209899902344,84.4625764377,-68.88405470999996,153.34663114770007,under_prediction
78,93,138,131.86902,-6.1309814453125,6.1309814453125,95.7918409637,-72.36499781331,168.15683877701002,under_prediction
78,94,137,137.38254,0.382537841796875,0.382537841796875,94.8826583265,-65.94248309931,160.8251414258099,over_prediction
78,95,136,144.1298,8.129806518554688,8.129806518554688,99.895314597446,-64.20784900591,164.10316360335602,over_prediction
78,96,135,147.84294,12.842941284179688,12.842941284179688,103.30408584500005,-63.90346521034001,167.2075510553399,over_prediction
78,97,134,139.02512,5.025115966796875,5.025115966796875,100.4559721627,-69.87315001691,170.32912217961004,over_prediction
78,98,133,142.26573,9.265731811523438,9.265731811523438,104.08988119490003,-70.26648065261,174.35636184751002,over_prediction
78,99,132,126.685165,-5.3148345947265625,5.3148345947265625,92.81798614800003,-74.57521317158,167.39319931957996,under_prediction
78,100,131,122.58586,-8.414138793945312,8.414138793945312,92.43352777440002,-78.28992583661,170.7234536110099,under_prediction
78,101,130,141.54382,11.5438232421875,11.5438232421875,99.63530158136997,-66.53377999303999,166.16908157441,over_prediction
78,102,129,130.5717,1.5717010498046875,1.5717010498046875,94.03804006680001,-71.90862958951003,165.94666965630992,over_prediction
78,103,128,138.74883,10.748825073242188,10.748825073242188,97.25772120500002,-66.95118694156001,164.20890814656002,over_prediction
78,104,127,126.46301,-0.5369873046875,0.5369873046875,94.5372914273,-76.51646320290997,171.0537546302098,under_prediction
78,105,126,125.038185,-0.9618148803710938,0.9618148803710938,95.53842892822998,-78.94252772191003,174.48095665014003,under_prediction
78,106,125,127.66239,2.6623916625976562,2.6623916625976562,97.46574097740005,-78.24574488161002,175.71148585900994,over_prediction
78,107,124,138.90842,14.908416748046875,14.908416748046875,102.22719366807002,-71.7610349187,173.98822858676988,over_prediction
78,108,123,136.72473,13.7247314453125,13.7247314453125,98.85284430569999,-70.57038310591001,169.42322741161,over_prediction
78,109,122,146.12857,24.128570556640625,24.128570556640625,106.44342912980001,-68.75703069161,175.20045982141008,over_prediction
78,110,121,124.44892,3.4489212036132812,3.4489212036132812,98.94253880449999,-82.93576306760998,181.87830187210992,over_prediction
78,111,120,129.65237,9.652374267578125,9.652374267578125,97.903450323,-76.69326258033999,174.59671290333992,over_prediction
78,112,119,133.07162,14.071624755859375,14.071624755859375,96.82266065509992,-72.19329796821002,169.0159586233101,over_prediction
78,113,118,133.5211,15.521102905273438,15.521102905273438,94.3423886845,-69.26369435851001,163.6060830430101,over_prediction
78,114,117,125.40337,8.403373718261719,8.403373718261719,93.88521904649997,-76.92414299751003,170.80936204401002,over_prediction
78,115,116,128.39807,12.3980712890625,12.3980712890625,94.67995226329997,-74.72407558924002,169.4040278525399,over_prediction
78,116,115,125.85224,10.852241516113281,10.852241516113281,92.30092764968,-74.89095900921,167.19188665888993,over_prediction
78,117,114,128.3583,14.358306884765625,14.358306884765625,91.422403065,-71.50622423591004,162.92862730090997,over_prediction
78,118,113,113.72534,0.725341796875,0.725341796875,88.08172762269999,-82.79866751741002,170.8803951401101,over_prediction
78,119,112,112.92428,0.9242782592773438,0.9242782592773438,87.00529703616999,-82.52329856591005,169.52859560207997,over_prediction
78,120,111,124.035416,13.035415649414062,13.035415649414062,89.54268545677003,-73.94960989508998,163.49229535186004,over_prediction
78,121,110,106.76611,-3.23388671875,3.23388671875,80.53841878689998,-82.21458696571001,162.75300575261,under_prediction
78,122,109,105.0833,-3.9167022705078125,3.9167022705078125,80.33551149359998,-83.69448399429,164.0299954878901,under_prediction
78,123,108,98.2205,-9.779502868652344,9.779502868652344,72.22673740769997,-82.44854968822003,154.67528709591994,under_prediction
78,124,107,107.522804,0.5228042602539062,0.5228042602539062,83.08587912600001,-84.00534652872,167.0912256547201,over_prediction
78,125,106,96.75058,-9.249420166015625,9.249420166015625,76.03934774420007,-87.73099342892004,163.77034117312,under_prediction
78,126,105,93.77898,-11.221023559570312,11.221023559570312,73.70893551870002,-88.37216769032003,162.08110320902003,under_prediction
78,127,104,105.21994,1.219940185546875,1.219940185546875,81.60899442264001,-84.83132548828999,166.44031991093004,over_prediction
78,128,103,120.45696,17.45696258544922,17.45696258544922,84.3442749973,-72.32961746618001,156.67389246348,over_prediction
78,129,102,113.43537,11.435371398925781,11.435371398925781,79.76464264620003,-74.77150015940003,154.53614280559984,over_prediction
78,130,101,87.02726,-13.972740173339844,13.972740173339844,70.68773002408003,-92.10276837072001,162.7904983948,under_prediction
78,131,100,89.211044,-10.788955688476562,10.788955688476562,73.13736375909997,-92.36862077599996,165.5059845351,under_prediction
78,132,99,101.12484,2.1248397827148438,2.1248397827148438,76.97606031350003,-84.29346996361998,161.26953027712,over_prediction
78,133,98,100.595184,2.595184326171875,2.595184326171875,80.15424745659998,-88.00129164362001,168.15553910021998,over_prediction
78,134,97,104.34166,7.3416595458984375,7.3416595458984375,85.11514898000003,-89.21578337802002,174.33093235801996,over_prediction
78,135,96,111.46251,15.462509155273438,15.462509155273438,81.03171542649997,-78.01138110152,159.04309652801996,over_prediction
78,136,95,112.36121,17.36121368408203,17.36121368408203,85.6625227497,-81.74349367070003,167.4060164204,over_prediction
78,137,94,105.24016,11.240158081054688,11.240158081054688,79.78665529046,-82.98869108903001,162.77534637949,over_prediction
78,138,93,108.53718,15.537178039550781,15.537178039550781,80.85108519680001,-80.75613835820006,161.6072235550001,over_prediction
78,139,92,116.82434,24.8243408203125,24.8243408203125,80.83375901189999,-72.45167583331997,153.28543484522004,over_prediction
78,140,91,110.50784,19.507843017578125,19.507843017578125,80.7857538892,-78.72015194072004,159.50590582992,over_prediction
78,141,90,104.86959,14.869590759277344,14.869590759277344,77.18393773940005,-80.75657592431996,157.94051366372008,over_prediction
78,142,89,111.24316,22.24315643310547,22.24315643310547,78.47045575729999,-75.66958141182003,154.14003716912003,over_prediction
78,143,88,107.845695,19.84569549560547,19.84569549560547,79.33510079700004,-79.93160970222,159.26671049922004,over_prediction
78,144,87,101.27606,14.27606201171875,14.27606201171875,75.80900103299999,-82.97512564201,158.78412667501001,over_prediction
78,145,86,108.125984,22.12598419189453,22.12598419189453,78.03748906759999,-78.35367760332002,156.39116667091997,over_prediction
78,146,85,111.62734,26.627342224121094,26.627342224121094,81.64409557879996,-78.45895900937002,160.10305458816993,over_prediction
78,147,84,117.57624,33.57624053955078,33.57624053955078,82.00339559650001,-72.86942031061,154.87281590710998,over_prediction
78,148,83,103.02978,20.02977752685547,20.02977752685547,66.9828057039,-72.39527241899998,139.37807812289992,over_prediction
78,149,82,118.5535,36.553497314453125,36.553497314453125,77.73845379410001,-67.62719389032003,145.36564768442003,over_prediction
78,150,81,117.54741,36.54740905761719,36.54740905761719,78.815505742,-69.71029350992004,148.52579925191995,over_prediction
78,151,80,115.52987,35.529869079589844,35.529869079589844,80.06401741329995,-72.97642853910001,153.0404459524,over_prediction
78,152,79,125.938805,46.938804626464844,46.938804626464844,82.50853002750002,-65.01200882200003,147.52053884949993,over_prediction
78,153,78,129.63882,51.638824462890625,51.638824462890625,84.82559463175,-63.62908290371998,148.45467753546998,over_prediction
78,154,77,148.40138,71.40138244628906,71.40138244628906,90.5855653117,-50.626436736719974,141.21200204841992,over_prediction
78,155,76,124.15976,48.159759521484375,48.159759521484375,73.1342853364,-57.41672021982,130.55100555622002,over_prediction
78,156,75,132.43407,57.43406677246094,57.43406677246094,82.17240969889998,-58.180641777869994,140.35305147677008,over_prediction
78,157,74,143.78284,69.7828369140625,69.7828369140625,86.71719057759996,-51.37655309172,138.09374366932,over_prediction
78,158,73,144.58394,71.58393859863281,71.58393859863281,96.83126760779999,-60.68945550572,157.52072311352006,over_prediction
78,159,72,128.83286,56.832855224609375,56.832855224609375,85.98504875,-65.59443942392002,151.57948817391988,over_prediction
78,160,71,103.314354,32.314353942871094,32.314353942871094,61.61986393579999,-66.74769093209102,128.36755486789102,over_prediction
78,161,70,96.45053,26.450531005859375,26.450531005859375,57.661382727300015,-69.653038433628,127.31442116092794,over_prediction
78,162,69,118.27927,49.279266357421875,49.279266357421875,68.50209024539996,-58.665092895220006,127.16718314062003,over_prediction
78,163,68,105.5484,37.54840087890625,37.54840087890625,60.321208844899985,-63.215132451300015,123.53634129620002,over_prediction
78,164,67,105.484566,38.48456573486328,38.48456573486328,60.416400813200006,-63.374106390942,123.79050720414202,over_prediction
78,165,66,99.237076,33.23707580566406,33.23707580566406,63.887737484000006,-73.09292423812002,136.98066172212,over_prediction
78,166,65,99.78944,34.78943634033203,34.78943634033203,60.862325417200005,-69.51511896992001,130.37744438711994,over_prediction
78,167,64,97.51271,33.51271057128906,33.51271057128906,59.5071584994,-70.43668303432,129.94384153372005,over_prediction
78,168,63,85.39002,22.39002227783203,22.39002227783203,56.08497334840002,-79.13725519322003,135.22222854162004,over_prediction
78,169,62,89.32303,27.323028564453125,27.323028564453125,53.61612095539998,-72.73530317902001,126.35142413441999,over_prediction
78,170,61,92.73586,31.735862731933594,31.735862731933594,56.76100278380001,-72.46733061790002,129.22833340169996,over_prediction
78,171,60,93.81034,33.810340881347656,33.810340881347656,56.63330209778,-71.2652170088,127.89851910657997,over_prediction
78,172,59,93.85434,34.854339599609375,34.854339599609375,59.059898905,-73.64773155824001,132.70763046324,over_prediction
78,173,58,91.92879,33.92878723144531,33.92878723144531,54.64184759010002,-71.15519391742,125.79704150752,over_prediction
78,174,57,91.371284,34.37128448486328,34.37128448486328,49.30997621049997,-66.38084831321999,115.69082452372,over_prediction
78,175,56,89.38235,33.382347106933594,33.382347106933594,45.755351441799995,-64.81517088601998,110.57052232782003,over_prediction
78,176,55,92.98633,37.986328125,37.986328125,54.126457455100024,-69.58231259626997,123.70877005137001,over_prediction
78,177,54,95.17079,41.17079162597656,41.17079162597656,49.775569482899996,-63.046898528919996,112.82246801182004,over_prediction
78,178,53,84.477036,31.477035522460938,31.477035522460938,37.09154054310001,-61.05671518111999,98.14825572422001,over_prediction
78,179,52,102.77583,50.77583312988281,50.77583312988281,53.027966229499995,-58.69433730579999,111.72230353529997,over_prediction
78,180,51,87.00228,36.002281188964844,36.002281188964844,41.45095724839999,-62.89080417172002,104.34176142012002,over_prediction
78,181,50,73.022575,23.02257537841797,23.02257537841797,29.688634823299992,-65.10820115093001,94.79683597423,over_prediction
78,182,49,63.28671,14.28670883178711,14.28670883178711,28.72365166146,-73.879191089736,102.60284275119605,over_prediction
78,183,48,65.53555,17.535552978515625,17.535552978515625,28.55448116399999,-71.46107463842,100.01555580241997,over_prediction
78,184,47,63.13705,16.13705062866211,16.13705062866211,29.476503485499997,-74.78164414072002,104.25814762622002,over_prediction
78,185,46,68.310196,22.310195922851562,22.310195922851562,35.310821215899985,-75.44285527632002,110.75367649222002,over_prediction
78,186,45,63.023823,18.023822784423828,18.023822784423828,27.23463213920001,-72.65313236611999,99.88776450532,over_prediction
78,187,44,56.946167,12.9461669921875,12.9461669921875,25.6031853977,-77.09932437872,102.70250977642,over_prediction
78,188,43,63.89051,20.89051055908203,20.89051055908203,31.61867462259999,-76.17049197362002,107.78916659622004,over_prediction
78,189,42,64.25352,22.253517150878906,22.253517150878906,33.179529802999994,-77.36834643557998,110.54787623857997,over_prediction
78,190,41,61.77565,20.775650024414062,20.775650024414062,33.1416555323,-79.80825992561999,112.94991545792003,over_prediction
78,191,40,50.385857,10.385856628417969,10.385856628417969,26.6652258873,-84.72170776371999,111.38693365101996,over_prediction
78,192,39,48.762657,9.762657165527344,9.762657165527344,23.39446938098001,-83.07413553042001,106.46860491140002,over_prediction
78,193,38,56.55614,18.556140899658203,18.556140899658203,26.797613283899995,-78.68379702669004,105.48141031059002,over_prediction
78,194,37,59.28253,22.28253173828125,22.28253173828125,31.642014171400003,-80.80181439532,112.44382856671999,over_prediction
78,195,36,64.66067,28.660667419433594,28.660667419433594,34.686806068800024,-78.46835554372,113.15516161252,over_prediction
78,196,35,68.41559,33.41558837890625,33.41558837890625,38.967522358,-78.99417850372005,117.96170086172002,over_prediction
78,197,34,58.466213,24.46621322631836,24.46621322631836,32.90767747057,-82.88378429552004,115.79146176609007,over_prediction
78,198,33,56.19993,23.199928283691406,23.199928283691406,29.98597580940001,-82.22839098472002,112.21436679412,over_prediction
78,199,32,54.381145,22.381145477294922,22.381145477294922,28.481440147800008,-82.54262715192002,111.02406729972006,over_prediction
78,200,31,50.42824,19.428241729736328,19.428241729736328,29.782166776199993,-87.79629862421999,117.57846540042001,over_prediction
78,201,30,48.029232,18.029232025146484,18.029232025146484,28.3663685576,-88.77946042712,117.14582898471997,over_prediction
78,202,29,55.734962,26.734962463378906,26.734962463378906,33.23300199923001,-85.94036522172003,119.17336722095006,over_prediction
78,203,28,51.29803,23.298030853271484,23.298030853271484,30.206627025300005,-87.35091857441996,117.55754559971997,over_prediction
78,204,27,52.324287,25.32428741455078,25.32428741455078,30.383251985099996,-86.50130271262002,116.88455469772009,over_prediction
78,205,26,53.680763,27.680763244628906,27.680763244628906,31.369103411109982,-86.13064560842002,117.49974901953003,over_prediction
78,206,25,47.807762,22.807762145996094,22.807762145996094,28.792273944799994,-89.42683394391999,118.21910788872,over_prediction
78,207,24,40.465004,16.465003967285156,16.465003967285156,27.409303723500003,-95.38662167041996,122.79592539391997,over_prediction
78,208,23,31.742062,8.742061614990234,8.742061614990234,26.628704591699996,-103.32897059914004,129.95767519083992,over_prediction
78,209,22,30.07103,8.071029663085938,8.071029663085938,24.605975352099996,-102.97727029131997,127.58324564341996,over_prediction
78,210,21,26.769041,5.769041061401367,5.769041061401367,25.166453393300007,-106.83971397142003,132.00616736472006,over_prediction
78,211,20,25.116598,5.116598129272461,5.116598129272461,24.632292979377997,-107.95800283481995,132.59029581419793,over_prediction
78,212,19,23.522388,4.522388458251953,4.522388458251953,24.513010547181697,-109.43294504090002,133.94595558808174,over_prediction
78,213,18,20.092691,2.092691421508789,2.092691421508789,24.387173381099995,-112.73677060422006,137.12394398532007,over_prediction
78,214,17,16.867765,-0.1322345733642578,0.1322345733642578,24.489482955199993,-116.06401518641998,140.55349814162,under_prediction
78,215,16,15.724488,-0.2755117416381836,0.2755117416381836,24.224532571499992,-116.94233807325601,141.16687064475605,under_prediction
78,216,15,17.338596,2.3385963439941406,2.3385963439941406,23.591574434800002,-114.69527247879998,138.28684691359996,over_prediction
78,217,14,16.911772,2.911771774291992,2.911771774291992,23.3764735709,-114.90699518039993,138.28346875130003,over_prediction
78,218,13,16.586441,3.5864410400390625,3.5864410400390625,24.594421052499992,-116.45026591802001,141.04468697052008,over_prediction
78,219,12,12.2613535,0.2613534927368164,0.2613534927368164,24.70609090362001,-120.88701560592003,145.59310650953998,over_prediction
78,220,11,11.509538,0.5095376968383789,0.5095376968383789,27.279395607,-124.21215264957004,151.49154825657,over_prediction
78,221,10,9.681822,-0.3181781768798828,0.3181781768798828,26.150137202999996,-124.91059924279999,151.06073644580016,under_prediction
78,222,9,8.451589,-0.5484113693237305,0.5484113693237305,26.623276734100003,-126.61397873220001,153.2372554663,under_prediction
78,223,8,10.515687,2.5156869888305664,2.5156869888305664,26.72831915442,-124.65492415719999,151.38324331162005,over_prediction
78,224,7,9.117456,2.1174564361572266,2.1174564361572266,25.5998677915,-124.92470871782001,150.52457650932004,over_prediction
78,225,6,8.228094,2.2280941009521484,2.2280941009521484,25.383382694,-125.59758242628004,150.98096512028005,over_prediction
78,226,5,10.699452,5.6994524002075195,5.6994524002075195,26.8869844335,-124.62982949020002,151.51681392369997,over_prediction
78,227,4,7.4687805,3.468780517578125,3.468780517578125,24.375563160499993,-125.34906780084997,149.7246309613501,over_prediction
78,228,3,6.3509345,3.3509345054626465,3.3509345054626465,27.023584384699994,-129.11493503811997,156.13851942281994,over_prediction
78,229,2,3.607191,1.6071910858154297,1.6071910858154297,24.386514291999998,-129.22159790172,153.60811219372002,over_prediction
78,230,1,0.35666344,-0.6433365643024445,0.6433365643024445,24.272962349,-132.35858881921996,156.63155116822006,under_prediction
78,231,0,2.8696806,2.869680643081665,2.869680643081665,23.187751642999995,-128.76036225332,151.94811389632,over_prediction
81,1,239,208.81786,-30.182144165039062,30.182144165039062,120.4757118819,-20.10011535172,140.57582723362,under_prediction
81,2,238,232.33632,-5.6636810302734375,5.6636810302734375,149.8735364405601,-25.97959706282,175.85313350338012,under_prediction
81,3,237,225.4347,-11.5653076171875,11.5653076171875,154.3209653142999,-37.32843959902,191.64940491331993,under_prediction
81,4,236,188.16576,-47.83424377441406,47.83424377441406,121.73119759681998,-42.007756508359996,163.73895410518008,under_prediction
81,5,235,185.3907,-49.60929870605469,49.60929870605469,110.04583990969992,-33.097433480919996,143.14327339062004,under_prediction
81,6,234,167.55981,-66.440185546875,66.440185546875,99.38955836670006,-40.271975618860004,139.66153398555994,under_prediction
81,7,233,192.58598,-40.41401672363281,40.41401672363281,112.72240142480005,-28.578719849720002,141.30112127452009,under_prediction
81,8,232,172.76517,-59.234832763671875,59.234832763671875,98.97597465669998,-34.65301627521999,133.62899093192,under_prediction
81,9,231,188.43636,-42.56364440917969,42.56364440917969,113.06871417161997,-33.074599586800005,146.14331375841994,under_prediction
81,10,230,179.91438,-50.08561706542969,50.08561706542969,112.55524119190001,-41.083258848919996,153.63850004082005,under_prediction
81,11,229,174.04138,-54.9586181640625,54.9586181640625,104.24121707130001,-38.64209384742001,142.88331091872007,under_prediction
81,12,228,181.99925,-46.00074768066406,46.00074768066406,106.73723190769996,-33.18027707489,139.91750898259008,under_prediction
81,13,227,164.59001,-62.40998840332031,62.40998840332031,99.21511794460002,-43.06740641041999,142.28252435501997,under_prediction
81,14,226,140.66934,-85.33065795898438,85.33065795898438,84.45371339659997,-52.22677458942001,136.68048798602007,under_prediction
81,15,225,146.46797,-78.53202819824219,78.53202819824219,85.3413829407,-47.315792613320006,132.65717555402003,under_prediction
81,16,224,147.09494,-76.90505981445312,76.90505981445312,85.0373124968,-46.38459257014999,131.42190506695007,under_prediction
81,17,223,147.94576,-75.05424499511719,75.05424499511719,85.3485350385,-45.84505984092002,131.19359487941998,under_prediction
81,18,222,156.32214,-65.6778564453125,65.6778564453125,96.80991519320001,-48.93003456718999,145.73994976039003,under_prediction
81,19,221,160.60382,-60.39617919921875,60.39617919921875,96.50175928839995,-44.34035172632,140.84211101471993,under_prediction
81,20,220,128.0745,-91.92550659179688,91.92550659179688,72.76147469349996,-53.12935961771999,125.89083431121993,under_prediction
81,21,219,139.65802,-79.34197998046875,79.34197998046875,78.14130699516001,-46.92563546631999,125.06694246148002,under_prediction
81,22,218,159.18088,-58.819122314453125,58.819122314453125,97.32835843169998,-46.58988739771999,143.91824582942002,under_prediction
81,23,217,158.23048,-58.76951599121094,58.76951599121094,94.6444702602,-44.85643673112,139.50090699132,under_prediction
81,24,216,156.1803,-59.8197021484375,59.8197021484375,94.65664953079995,-46.91871157662001,141.5753611074201,under_prediction
81,25,215,167.95787,-47.04212951660156,47.04212951660156,106.4170304259,-46.901461041219996,153.31849146711994,under_prediction
81,26,214,157.36682,-56.6331787109375,56.6331787109375,92.02987173179997,-43.10535214222,135.1352238740199,under_prediction
81,27,213,146.05937,-66.94062805175781,66.94062805175781,92.51323884419999,-54.89615856422,147.40939740841998,under_prediction
81,28,212,143.43687,-68.56312561035156,68.56312561035156,91.52936394,-56.534787533919996,148.06415147391994,under_prediction
81,29,211,152.97177,-58.028228759765625,58.028228759765625,96.33139177319997,-51.80178341972002,148.13317519291994,under_prediction
81,30,210,157.40137,-52.5986328125,52.5986328125,99.63989207609997,-50.68079388168,150.32068595777997,under_prediction
81,31,209,161.40486,-47.59513854980469,47.59513854980469,99.55165418859995,-46.588978398020004,146.14063258662006,under_prediction
81,32,208,164.43881,-43.561187744140625,43.561187744140625,99.64997630109998,-43.653512739319986,143.30348904041998,under_prediction
81,33,207,164.8127,-42.18730163574219,42.18730163574219,99.96464917829998,-43.59422875872,143.55887793702004,under_prediction
81,34,206,179.65997,-26.34002685546875,26.34002685546875,112.48067783239998,-41.262972599120005,153.74365043152,under_prediction
81,35,205,172.24,-32.75999450683594,32.75999450683594,105.43118933449998,-41.6333209719,147.06451030640002,under_prediction
81,36,204,163.31203,-40.68797302246094,40.68797302246094,102.82164918280002,-47.951806784619976,150.77345596741998,under_prediction
81,37,203,154.04219,-48.95780944824219,48.95780944824219,97.1377857156,-51.537936468719984,148.67572218432008,under_prediction
81,38,202,143.82443,-58.175567626953125,58.175567626953125,89.0369228136,-53.65479979972001,142.69172261332002,under_prediction
81,39,201,148.58109,-52.418914794921875,52.418914794921875,88.594295035,-48.45548877101999,137.04978380601997,under_prediction
81,40,200,151.30478,-48.695220947265625,48.695220947265625,88.93842678729999,-46.075896533919995,135.01432332122,under_prediction
81,41,199,155.40387,-43.59613037109375,43.59613037109375,100.58754036990004,-53.626148885199996,154.21368925509998,under_prediction
81,42,198,150.39806,-47.60194396972656,47.60194396972656,93.83551844180003,-51.87989583569998,145.7154142775,under_prediction
81,43,197,145.71336,-51.28663635253906,51.28663635253906,92.43157610960004,-55.16061351122,147.59218962081997,under_prediction
81,44,196,138.10031,-57.899688720703125,57.899688720703125,87.8187705768,-58.16081711737,145.97958769416988,under_prediction
81,45,195,163.21844,-31.78155517578125,31.78155517578125,102.08422769950003,-47.308162795519976,149.39239049501995,under_prediction
81,46,194,142.96428,-51.03572082519531,51.03572082519531,85.1084210306,-50.58640535772,135.69482638832002,under_prediction
81,47,193,147.30853,-45.69146728515625,45.69146728515625,92.16139975853004,-53.295181513719996,145.45658127225002,under_prediction
81,48,192,157.853,-34.147003173828125,34.147003173828125,93.63596016869998,-44.225223863454005,137.86118403215403,under_prediction
81,49,191,160.73315,-30.266845703125,30.266845703125,91.50663481249997,-39.21569951482,130.72233432732,under_prediction
81,50,190,147.28596,-42.71403503417969,42.71403503417969,88.32631879956998,-49.48258170772001,137.80890050729002,under_prediction
81,51,189,167.70325,-21.2967529296875,21.2967529296875,103.77852475830005,-44.51768346649999,148.29620822479998,under_prediction
81,52,188,170.20308,-17.796920776367188,17.796920776367188,102.95076470800002,-41.189869489420005,144.14063419742013,under_prediction
81,53,187,163.57596,-23.424041748046875,23.424041748046875,102.00817222324,-46.87452659331999,148.88269881656007,under_prediction
81,54,186,189.06583,3.065826416015625,3.065826416015625,111.3601372678,-30.736595806019995,142.09673307382,over_prediction
81,55,185,165.18005,-19.8199462890625,19.8199462890625,99.66709197849998,-42.92934066366999,142.59643264216996,under_prediction
81,56,184,171.99168,-12.008316040039062,12.008316040039062,99.75625412996004,-36.20677350591999,135.96302763588017,under_prediction
81,57,183,164.64806,-18.351943969726562,18.351943969726562,90.1828052992,-33.97691322771999,124.15971852692002,under_prediction
81,58,182,150.38069,-31.619308471679688,31.619308471679688,86.02839682369999,-44.09003130442001,130.11842812812003,under_prediction
81,59,181,172.12273,-8.877273559570312,8.877273559570312,99.05592776492999,-35.37553007567,134.43145784059982,under_prediction
81,60,180,152.19743,-27.802566528320312,27.802566528320312,91.49743713859998,-47.742284084219996,139.2397212228199,under_prediction
81,61,179,179.56392,0.5639190673828125,0.5639190673828125,109.49199089320003,-38.37039387122,147.86238476441994,over_prediction
81,62,178,153.78265,-24.21734619140625,24.21734619140625,87.70651838430003,-42.366246183019996,130.07276456732006,under_prediction
81,63,177,142.64938,-34.350616455078125,34.350616455078125,86.25746730724002,-52.050413879219995,138.30788118646,under_prediction
81,64,176,132.86737,-43.13262939453125,43.13262939453125,78.48823058082003,-54.06317170771999,132.55140228853995,under_prediction
81,65,175,141.45584,-33.544158935546875,33.544158935546875,81.39678346629998,-48.38330281822001,129.78008628451997,under_prediction
81,66,174,134.80249,-39.197509765625,39.197509765625,75.59732726570003,-49.23730627381998,124.83463353952003,under_prediction
81,67,173,128.52939,-44.470611572265625,44.470611572265625,76.8220474674,-56.734945228620006,133.55699269602002,under_prediction
81,68,172,140.15634,-31.843658447265625,31.843658447265625,85.59612515204998,-53.8822486083,139.47837376034997,under_prediction
81,69,171,158.46461,-12.535385131835938,12.535385131835938,94.04551038860002,-44.023319831719995,138.06883022032005,under_prediction
81,70,170,161.09189,-8.908111572265625,8.908111572265625,96.52967254030003,-43.88006685282002,140.40973939312005,under_prediction
81,71,169,155.67583,-13.324172973632812,13.324172973632812,89.98719807775,-42.75366855189002,132.74086662964015,under_prediction
81,72,168,148.9746,-19.025405883789062,19.025405883789062,86.90181765870001,-46.36936138291999,133.27117904162006,under_prediction
81,73,167,135.35934,-31.640655517578125,31.640655517578125,79.3092657971,-52.39216390353998,131.70142970064003,under_prediction
81,74,166,131.22331,-34.77668762207031,34.77668762207031,75.61795226390998,-52.83684522,128.45479748390997,under_prediction
81,75,165,148.86719,-16.1328125,16.1328125,85.71448445199998,-45.28953605111999,131.00402050312002,under_prediction
81,76,164,137.92952,-26.070480346679688,26.070480346679688,77.0974115445,-47.61007048162,124.70748202612002,under_prediction
81,77,163,124.11227,-38.887733459472656,38.887733459472656,70.0302327678,-54.36022213357,124.39045490137002,under_prediction
81,78,162,132.50879,-29.4912109375,29.4912109375,74.97278402490001,-50.906353805319995,125.87913783022,under_prediction
81,79,161,129.79463,-31.205368041992188,31.205368041992188,73.86391525939999,-52.51151570449,126.37543096389001,under_prediction
81,80,160,116.2108,-43.78919982910156,43.78919982910156,66.87766430479999,-59.109121362219994,125.98678566701994,under_prediction
81,81,159,116.04403,-42.955970764160156,42.955970764160156,63.89603235990002,-56.29427626821997,120.19030862812008,under_prediction
81,82,158,140.23056,-17.769439697265625,17.769439697265625,80.83320805889998,-49.04483819179001,129.87804625068998,under_prediction
81,83,157,143.8291,-13.1708984375,13.1708984375,85.7713227706,-50.38444560532,136.15576837592005,under_prediction
81,84,156,131.72125,-24.27874755859375,24.27874755859375,76.5685122202,-53.28949405899999,129.8580062792,under_prediction
81,85,155,119.43219,-35.56781005859375,35.56781005859375,76.54660581477002,-65.55673189772,142.1033377124899,under_prediction
81,86,154,124.40713,-29.592872619628906,29.592872619628906,75.1806055155,-59.21577150701999,134.39637702252003,under_prediction
81,87,153,115.960915,-37.039085388183594,37.039085388183594,76.56187295210003,-69.04323261859997,145.60510557069998,under_prediction
81,88,152,118.19608,-33.803916931152344,33.803916931152344,77.00539484334,-67.25159891436002,144.2569937577,under_prediction
81,89,151,103.5456,-47.45439910888672,47.45439910888672,65.40481345985,-70.30153475872001,135.70634821856999,under_prediction
81,90,150,128.3261,-21.673904418945312,21.673904418945312,78.3494801618,-58.465587516719985,136.8150676785199,under_prediction
81,91,149,122.61954,-26.380462646484375,26.380462646484375,77.09214372879998,-62.91495215033597,140.00709587913607,under_prediction
81,92,148,128.9994,-19.000595092773438,19.000595092773438,78.91680473052999,-58.359597635020016,137.27640236555007,under_prediction
81,93,147,124.17753,-22.822471618652344,22.822471618652344,76.6445814783,-60.909361653320005,137.55394313162006,under_prediction
81,94,146,155.92703,9.927032470703125,9.927032470703125,96.54284309820005,-49.05813300841998,145.60097610662007,over_prediction
81,95,145,121.08686,-23.91313934326172,23.91313934326172,76.49487595400001,-63.85032343472,140.34519938872,under_prediction
81,96,144,105.092354,-38.90764617919922,38.90764617919922,68.53849860020003,-71.88839226441998,140.42689086462,under_prediction
81,97,143,130.72842,-12.271575927734375,12.271575927734375,87.8413728511,-65.55534338352001,153.3967162346199,under_prediction
81,98,142,107.50615,-34.49385070800781,34.49385070800781,70.81917958359999,-71.75528590121999,142.57446548481997,under_prediction
81,99,141,114.28621,-26.713790893554688,26.713790893554688,69.46563952000001,-63.621659955020014,133.08729947502002,under_prediction
81,100,140,95.41432,-44.58567810058594,44.58567810058594,56.76446313300001,-69.79245721978002,126.55692035278001,under_prediction
81,101,139,99.60041,-39.39958953857422,39.39958953857422,58.26903401319999,-67.11088383122,125.37991784441999,under_prediction
81,102,138,124.21188,-13.788116455078125,13.788116455078125,72.22074096299997,-56.45115391141998,128.67189487441993,under_prediction
81,103,137,93.129555,-43.870445251464844,43.870445251464844,56.56614072949999,-71.87893201082004,128.44507274032,under_prediction
81,104,136,97.29339,-38.70661163330078,38.70661163330078,58.394317930500016,-69.54320809571999,127.93752602622003,under_prediction
81,105,135,101.07064,-33.929359436035156,33.929359436035156,59.82930873729999,-67.20096026245999,127.03026899976004,under_prediction
81,106,134,102.13193,-31.868072509765625,31.868072509765625,62.569645965000014,-68.87993434162001,131.44958030661996,under_prediction
81,107,133,93.950905,-39.049095153808594,39.049095153808594,56.356787370000006,-70.84810749572003,127.20489486572,under_prediction
81,108,132,95.850075,-36.149925231933594,36.149925231933594,55.96580646440001,-68.55794927071996,124.52375573512005,under_prediction
81,109,131,100.69933,-30.30066680908203,30.30066680908203,59.114419038000015,-66.85730585521999,125.97172489321994,under_prediction
81,110,130,97.69284,-32.307159423828125,32.307159423828125,54.14286933508998,-64.89234474072,119.03521407581006,under_prediction
81,111,129,101.4609,-27.539100646972656,27.539100646972656,57.62564479649999,-64.60703553271999,122.23268032921996,under_prediction
81,112,128,106.62775,-21.37225341796875,21.37225341796875,59.77107061529998,-61.58558174701999,121.35665236232003,under_prediction
81,113,127,97.28893,-29.71106719970703,29.71106719970703,52.4020063461,-63.55529757212001,115.95730391822,under_prediction
81,114,126,92.52245,-33.47754669189453,33.47754669189453,52.427064489200006,-68.34692131572,120.77398580492002,under_prediction
81,115,125,90.76527,-34.23473358154297,34.23473358154297,50.37039915169998,-68.04742750582002,118.41782665752,under_prediction
81,116,124,112.68459,-11.315406799316406,11.315406799316406,59.423840927200004,-55.18155351172001,114.60539443892002,under_prediction
81,117,123,100.93729,-22.062713623046875,22.062713623046875,54.13207461470001,-61.63708134671997,115.76915596142001,under_prediction
81,118,122,120.47954,-1.5204620361328125,1.5204620361328125,66.6015429919,-54.56436905971999,121.16591205162003,under_prediction
81,119,121,109.36145,-11.6385498046875,11.6385498046875,63.5215877,-62.60245420991996,126.12404190992005,under_prediction
81,120,120,112.725266,-7.2747344970703125,7.2747344970703125,62.658835004500006,-58.375782606520026,121.03461761101993,under_prediction
81,121,119,127.060356,8.060356140136719,8.060356140136719,69.91551070500003,-51.297326165419996,121.21283687042002,over_prediction
81,122,118,104.83029,-13.169708251953125,13.169708251953125,60.18557261679999,-63.797523437030016,123.98309605383001,under_prediction
81,123,117,116.071,-0.9290008544921875,0.9290008544921875,67.92095240010002,-60.29215560052001,128.21310800062002,under_prediction
81,124,116,109.87547,-6.1245269775390625,6.1245269775390625,66.18848253050002,-64.75523343779999,130.94371596830007,under_prediction
81,125,115,108.49972,-6.500282287597656,6.500282287597656,63.953317979000005,-63.89576538472,127.84908336372004,under_prediction
81,126,114,117.89175,3.8917465209960938,3.8917465209960938,69.0113623102,-59.561796232,128.5731585422,over_prediction
81,127,113,96.76315,-16.236846923828125,16.236846923828125,55.38672734770001,-67.06575889372,122.45248624142,under_prediction
81,128,112,80.28996,-31.710037231445312,31.710037231445312,50.60970612469998,-78.76197580132,129.37168192601996,under_prediction
81,129,111,81.57686,-29.423141479492188,29.423141479492188,46.068481450934,-72.93384209356002,119.002323544494,under_prediction
81,130,110,87.932,-22.06800079345703,22.06800079345703,48.61007341700001,-69.12028748912003,117.73036090612,under_prediction
81,131,109,80.641716,-28.35828399658203,28.35828399658203,46.85315226659999,-74.65365628630002,121.50680855289997,under_prediction
81,132,108,72.89737,-35.102630615234375,35.102630615234375,43.2771864468,-78.82207587712006,122.0992623239201,under_prediction
81,133,107,75.69115,-31.308853149414062,31.308853149414062,42.79898811119998,-75.55006938371999,118.34905749492003,under_prediction
81,134,106,80.70379,-25.29621124267578,25.29621124267578,46.81720391770001,-74.55565721750003,121.37286113520003,under_prediction
81,135,105,88.478806,-16.521194458007812,16.521194458007812,44.076434846099986,-64.03989054832,108.11632539442003,under_prediction
81,136,104,77.08441,-26.91558837890625,26.91558837890625,41.422170634120015,-72.77999221712004,114.20216285124006,under_prediction
81,137,103,76.95747,-26.042526245117188,26.042526245117188,45.42086588720001,-76.90559897572001,122.32646486292005,under_prediction
81,138,102,90.76099,-11.239013671875,11.239013671875,49.12347404828,-66.80467628431997,115.9281503326,under_prediction
81,139,101,105.02669,4.0266876220703125,4.0266876220703125,51.5329866617,-54.94846899352001,106.48145565521995,over_prediction
81,140,100,91.84954,-8.150459289550781,8.150459289550781,46.91973353879998,-63.51245945872001,110.43219299751999,under_prediction
81,141,99,108.44442,9.444419860839844,9.444419860839844,54.2953971019,-54.29322479371999,108.58862189562008,over_prediction
81,142,98,109.136665,11.136665344238281,11.136665344238281,54.23938831800002,-53.54493639532,107.78432471332006,over_prediction
81,143,97,101.75354,4.7535400390625,4.7535400390625,47.739937518,-54.42859462906001,102.16853214706,over_prediction
81,144,96,81.33209,-14.66790771484375,14.66790771484375,41.941809543699996,-69.05195262541999,110.99376216911993,under_prediction
81,145,95,80.71819,-14.281806945800781,14.281806945800781,41.73939009,-69.46336801784999,111.20275810785003,under_prediction
81,146,94,75.94627,-18.053726196289062,18.053726196289062,42.24323405450001,-74.73913414191999,116.98236819641998,under_prediction
81,147,93,88.52696,-4.4730377197265625,4.4730377197265625,51.3352629673,-71.25051857825004,122.58578154555,under_prediction
81,148,92,81.51844,-10.481559753417969,10.481559753417969,38.27794724259999,-65.20169679431999,103.47964403692004,under_prediction
81,149,91,96.58938,5.589378356933594,5.589378356933594,47.638708128370006,-59.49150186772002,107.13020999609,over_prediction
81,150,90,100.336075,10.336074829101562,10.336074829101562,49.119770765599995,-57.22595569051998,106.34572645612003,over_prediction
81,151,89,89.65181,0.6518096923828125,0.6518096923828125,44.92155535570003,-63.711981028619995,108.63353638431997,over_prediction
81,152,88,73.450005,-14.549995422363281,14.549995422363281,41.854561883199985,-76.84677670272004,118.70133858592008,under_prediction
81,153,87,85.1233,-1.8767013549804688,1.8767013549804688,43.81779969430001,-67.13674017112,110.95453986542,under_prediction
81,154,86,80.90476,-5.095237731933594,5.095237731933594,44.904955608899996,-72.44241372972,117.34736933862003,under_prediction
81,155,85,99.27071,14.270713806152344,14.270713806152344,43.7268124736,-52.89837803540001,96.62519050899995,over_prediction
81,156,84,115.15641,31.156410217285156,31.156410217285156,55.52771389710001,-48.813596449420004,104.34131034652,over_prediction
81,157,83,105.2149,22.21489715576172,22.21489715576172,50.85972420449998,-54.08711200262,104.94683620712,over_prediction
81,158,82,85.70227,3.7022705078125,3.7022705078125,52.07063824599999,-74.81060371712,126.88124196312006,over_prediction
81,159,81,86.88623,5.88623046875,5.88623046875,44.05640980233,-65.61241842231998,109.66882822465,over_prediction
81,160,80,100.49444,20.49443817138672,20.49443817138672,57.34433851710001,-65.29218021241999,122.63651872952,over_prediction
81,161,79,87.038124,8.038124084472656,8.038124084472656,45.152180934800015,-66.55637636022003,111.70855729502,over_prediction
81,162,78,87.97076,9.970756530761719,9.970756530761719,49.63526653961999,-70.10680062241998,119.74206716203997,over_prediction
81,163,77,79.75819,2.7581863403320312,2.7581863403320312,41.92332600418001,-70.60742457852,112.53075058269995,over_prediction
81,164,76,81.48994,5.489936828613281,5.489936828613281,44.0499548419,-71.00226815542001,115.05222299731996,over_prediction
81,165,75,82.02973,7.029731750488281,7.029731750488281,45.8238495657,-72.23636735322003,118.06021691892003,over_prediction
81,166,74,91.71591,17.715911865234375,17.715911865234375,48.60529957440001,-65.33162840162004,113.93692797601999,over_prediction
81,167,73,81.47649,8.476486206054688,8.476486206054688,41.338344058599986,-68.30411668671996,109.64246074531995,over_prediction
81,168,72,74.27351,2.2735137939453125,2.2735137939453125,45.784724019250014,-79.95343897672002,125.73816299597007,over_prediction
81,169,71,62.368946,-8.631053924560547,8.631053924560547,41.722847527700004,-87.79619127452,129.51903880222,under_prediction
81,170,70,63.102974,-6.897026062011719,6.897026062011719,39.1859318143,-84.52522190572006,123.71115372002009,under_prediction
81,171,69,62.026817,-6.973182678222656,6.973182678222656,40.07499107827002,-86.49052884322,126.56551992148997,under_prediction
81,172,68,51.49953,-16.500469207763672,16.500469207763672,39.5628288254,-96.50561594202006,136.06844476742,under_prediction
81,173,67,45.787014,-21.21298599243164,21.21298599243164,36.311875283,-98.96715658771994,135.27903187072005,under_prediction
81,174,66,53.244617,-12.755382537841797,12.755382537841797,35.4408791488,-90.63859564392003,126.07947479272006,under_prediction
81,175,65,56.120983,-8.879016876220703,8.879016876220703,39.80207042629999,-92.12343173122,131.92550215752004,under_prediction
81,176,64,62.233936,-1.7660636901855469,1.7660636901855469,43.736433835300005,-89.94481095345,133.68124478874998,under_prediction
81,177,63,48.538033,-14.461967468261719,14.461967468261719,37.70762969879999,-97.61190107692002,135.31953077571993,under_prediction
81,178,62,69.68517,7.685173034667969,7.685173034667969,47.5017374567,-86.25887117102,133.76060862772007,over_prediction
81,179,61,58.115276,-2.884723663330078,2.884723663330078,43.6656642809,-93.99270386904001,137.65836814994006,under_prediction
81,180,60,54.282185,-5.717815399169922,5.717815399169922,41.29007985070002,-95.45022386972,136.74030372042012,under_prediction
81,181,59,51.949192,-7.050807952880859,7.050807952880859,42.49193481099999,-98.98507379452,141.47700860552004,under_prediction
81,182,58,54.34716,-3.6528396606445312,3.6528396606445312,42.472372686299984,-96.56754322612,139.03991591241996,under_prediction
81,183,57,62.407215,5.407215118408203,5.407215118408203,45.4899943351,-91.52511030491998,137.01510464002004,over_prediction
81,184,56,50.16291,-5.837089538574219,5.837089538574219,38.71177649570001,-96.99120371272,135.70298020841994,under_prediction
81,185,55,55.930805,0.9308052062988281,0.9308052062988281,46.897086544530026,-99.4086011086,146.30568765312998,over_prediction
81,186,54,52.2473,-1.7527008056640625,1.7527008056640625,43.1080139002,-99.30302825349997,142.41104215369998,under_prediction
81,187,53,54.04453,1.0445289611816406,1.0445289611816406,44.60280630567,-99.00060882876001,143.60341513443,over_prediction
81,188,52,52.59484,0.5948410034179688,0.5948410034179688,42.67738130840001,-98.52483619811998,141.20221750652001,over_prediction
81,189,51,47.285328,-3.714672088623047,3.714672088623047,42.297238849530004,-103.45423221182,145.75147106135006,under_prediction
81,190,50,44.164032,-5.835968017578125,5.835968017578125,38.6967430072,-102.97503506862002,141.67177807582001,under_prediction
81,191,49,40.405224,-8.594776153564453,8.594776153564453,38.72293521279999,-106.75998472932001,145.48291994212002,under_prediction
81,192,48,38.58816,-9.41183853149414,9.41183853149414,34.80393811908001,-104.65810643041995,139.46204454949998,under_prediction
81,193,47,38.809982,-8.190017700195312,8.190017700195312,37.035604760699975,-106.66793838431998,143.70354314502003,under_prediction
81,194,46,35.46146,-10.53853988647461,10.53853988647461,36.3862732576,-109.36714744531997,145.75342070292004,under_prediction
81,195,45,41.162716,-3.8372840881347656,3.8372840881347656,37.03304626265,-104.31263728341996,141.34568354607003,under_prediction
81,196,44,35.769398,-8.230602264404297,8.230602264404297,36.97363613964,-109.64653719761998,146.62017333726,under_prediction
81,197,43,33.773266,-9.226734161376953,9.226734161376953,36.480088798400025,-111.14912156252,147.62921036092004,under_prediction
81,198,42,33.03719,-8.962810516357422,8.962810516357422,37.539313550100005,-112.94439961759002,150.4837131676899,under_prediction
81,199,41,29.079117,-11.920883178710938,11.920883178710938,35.839168152915995,-115.20234460676996,151.04151275968596,under_prediction
81,200,40,33.998093,-6.0019073486328125,6.0019073486328125,38.1946342137,-112.63884607202002,150.83348028572004,under_prediction
81,201,39,35.64271,-3.357288360595703,3.357288360595703,36.64676001150001,-109.44635047822004,146.09311048971995,under_prediction
81,202,38,34.64996,-3.3500404357910156,3.3500404357910156,37.94265679820499,-111.73500984971999,149.677666647925,under_prediction
81,203,37,32.41283,-4.587169647216797,4.587169647216797,36.48115430380001,-112.51063095355998,148.99178525736,under_prediction
81,204,36,34.075016,-1.9249839782714844,1.9249839782714844,37.15853975099998,-111.52582034822005,148.6843600992201,under_prediction
81,205,35,33.834595,-1.1654052734375,1.1654052734375,39.20952492249999,-113.81724623872,153.02677116121993,under_prediction
81,206,34,31.81439,-2.185609817504883,2.185609817504883,38.342337318900015,-114.97024665801999,153.31258397691997,under_prediction
81,207,33,28.6869,-4.313100814819336,4.313100814819336,41.2437135735,-120.99912041622004,162.24283398972003,under_prediction
81,208,32,24.28153,-7.718469619750977,7.718469619750977,37.93299832441,-122.09377908590002,160.02677741031005,under_prediction
81,209,31,27.62603,-3.3739700317382812,3.3739700317382812,39.1535615905,-119.96984681769993,159.12340840819994,under_prediction
81,210,30,27.947372,-2.0526275634765625,2.0526275634765625,39.275578261400014,-119.77051147072002,159.04608973211995,under_prediction
81,211,29,23.830454,-5.169546127319336,5.169546127319336,37.03499455562999,-121.64684525212003,158.68183980775007,under_prediction
81,212,28,24.395088,-3.6049118041992188,3.6049118041992188,37.61960174619997,-121.66679605791998,159.28639780411996,under_prediction
81,213,27,20.944925,-6.055074691772461,6.055074691772461,36.9685110686,-124.46587399872001,161.43438506732005,under_prediction
81,214,26,17.884352,-8.11564826965332,8.11564826965332,37.03344398082997,-127.59137050451999,164.62481448535002,under_prediction
81,215,25,15.532256,-9.467743873596191,9.467743873596191,36.01159231119999,-128.92163284518,164.93322515637993,under_prediction
81,216,24,16.47001,-7.529989242553711,7.529989242553711,38.28932965979998,-130.26159201942002,168.5509216792199,under_prediction
81,217,23,16.03107,-6.968929290771484,6.968929290771484,36.235079971300024,-128.64631284212,164.88139281342004,under_prediction
81,218,22,13.010457,-8.989542961120605,8.989542961120605,36.08551564299999,-131.51737025749404,167.60288590049407,under_prediction
81,219,21,16.366463,-4.633537292480469,4.633537292480469,39.852488225669994,-131.92832374642,171.78081197209002,under_prediction
81,220,20,21.561396,1.5613956451416016,1.5613956451416016,42.128024353899995,-129.0089109114,171.1369352653001,over_prediction
81,221,19,23.608196,4.608196258544922,4.608196258544922,46.50246946,-131.33657271799996,177.839042178,over_prediction
81,222,18,22.945702,4.945701599121094,4.945701599121094,45.22028265249999,-130.716868895,175.93715154750012,over_prediction
81,223,17,19.922323,2.922323226928711,2.922323226928711,41.943687317400006,-130.46367318271993,172.40736050011995,over_prediction
81,224,16,21.410162,5.410161972045898,5.410161972045898,40.276572827700015,-127.30873551162004,167.58530833932014,over_prediction
81,225,15,19.920368,4.920368194580078,4.920368194580078,39.34493893049999,-127.86689070312002,167.21182963361997,over_prediction
81,226,14,26.560715,12.560714721679688,12.560714721679688,48.91796754710002,-130.79957980663997,179.71754735373983,over_prediction
81,227,13,15.778444,2.778444290161133,2.778444290161133,38.4903223012,-131.15417563442006,169.64449793562017,over_prediction
81,228,12,17.418083,5.418083190917969,5.418083190917969,38.478001767399995,-129.50222691988,167.98022868728,over_prediction
81,229,11,15.559054,4.559054374694824,4.559054374694824,36.875754595985995,-129.75899168639,166.63474628237603,over_prediction
81,230,10,16.069836,6.069835662841797,6.069835662841797,35.95945923646999,-128.33193503472,164.29139427119006,over_prediction
81,231,9,13.821308,4.821308135986328,4.821308135986328,36.35777998714,-130.97877237860004,167.33655236574012,over_prediction
81,232,8,14.9971895,6.997189521789551,6.997189521789551,37.19919822950001,-130.64430556472,167.84350379422014,over_prediction
81,233,7,13.795655,6.795655250549316,6.795655250549316,37.245246145,-131.89188520202,169.13713134702,over_prediction
81,234,6,15.360372,9.360371589660645,9.360371589660645,39.773099767,-132.85503146471996,172.6281312317199,over_prediction
81,235,5,11.985119,6.985118865966797,6.985118865966797,38.574293429300006,-135.03148697251999,173.60578040182,over_prediction
81,236,4,6.9764533,2.9764533042907715,2.9764533042907715,36.2880159556,-137.75387848193398,174.041894437534,over_prediction
81,237,3,4.076185,1.0761852264404297,1.0761852264404297,33.574125393699994,-137.94023432022001,171.51435971392007,over_prediction
81,238,2,3.7611454,1.7611453533172607,1.7611453533172607,32.193827392459994,-136.87497842872006,169.06880582118004,over_prediction
81,239,1,-0.022107333,-1.02210733294487,1.02210733294487,32.319507056099994,-140.7838977352,173.10340479130002,under_prediction
81,240,0,3.6320107,3.6320106983184814,3.6320106983184814,34.59977235449999,-139.41004972968992,174.0098220841899,over_prediction
84,1,266,178.58742,-87.41258239746094,87.41258239746094,105.74199174330006,-35.59683147621999,141.33882321952004,under_prediction
84,2,265,121.389915,-143.6100845336914,143.6100845336914,84.13303868199998,-71.18542200062,155.31846068262004,under_prediction
84,3,264,148.54547,-115.45452880859375,115.45452880859375,107.0195898672,-66.91630803052,173.93589789772008,under_prediction
84,4,263,144.82027,-118.17973327636719,118.17973327636719,98.77284631215998,-62.39477612112,161.16762243328003,under_prediction
84,5,262,172.44078,-89.55921936035156,89.55921936035156,115.05180145530002,-51.053376733220006,166.10517818851991,under_prediction
84,6,261,154.15396,-106.84603881835938,106.84603881835938,96.12140314000001,-50.40968277101999,146.53108591102,under_prediction
84,7,260,160.45038,-99.54962158203125,99.54962158203125,101.16865859784,-49.16050453472,150.32916313256004,under_prediction
84,8,259,174.1415,-84.85850524902344,84.85850524902344,102.95550328329998,-37.25623880072,140.21174208401996,under_prediction
84,9,258,164.49324,-93.50675964355469,93.50675964355469,99.79403621069999,-43.74300925082001,143.53704546152002,under_prediction
84,10,257,161.27734,-95.72265625,95.72265625,94.85397993759999,-42.01888282816001,136.87286276575998,under_prediction
84,11,256,156.98608,-99.013916015625,99.013916015625,90.67738635583004,-42.133580071720004,132.81096642754994,under_prediction
84,12,255,158.77486,-96.22514343261719,96.22514343261719,87.81114518642997,-37.47854684042001,125.28969202684995,under_prediction
84,13,254,150.37714,-103.62286376953125,103.62286376953125,82.19810865359999,-40.26327625812001,122.46138491172002,under_prediction
84,14,253,123.830666,-129.1693344116211,129.1693344116211,67.8590133806,-52.470605730119985,120.32961911071999,under_prediction
84,15,252,130.60123,-121.39877319335938,121.39877319335938,74.07774764769997,-51.91867753032001,125.99642517802,under_prediction
84,16,251,142.01387,-108.98612976074219,108.98612976074219,81.97658203476,-48.40488560321999,130.38146763797997,under_prediction
84,17,250,163.65686,-86.3431396484375,86.3431396484375,90.79878183139398,-35.58415175132001,126.38293358271402,under_prediction
84,18,249,153.0846,-95.9154052734375,95.9154052734375,80.1355773754,-35.49335783712001,115.62893521251993,under_prediction
84,19,248,155.90395,-92.09605407714844,92.09605407714844,81.38792799280003,-33.92626255093999,115.31419054374003,under_prediction
84,20,247,154.91965,-92.08035278320312,92.08035278320312,79.93495485929999,-33.457621321219996,113.39257618052002,under_prediction
84,21,246,152.50972,-93.49028015136719,93.49028015136719,78.63622059449999,-34.56873301438999,113.20495360889,under_prediction
84,22,245,157.8933,-87.10670471191406,87.10670471191406,86.20681519480001,-36.75579760242,122.96261279722,under_prediction
84,23,244,154.8916,-89.1083984375,89.1083984375,85.56863447070002,-39.11940915472,124.68804362542008,under_prediction
84,24,243,147.87384,-95.12615966796875,95.12615966796875,80.80846588799999,-41.37695523451999,122.18542112251997,under_prediction
84,25,242,162.38098,-79.6190185546875,79.6190185546875,95.63162964915998,-41.69292478594999,137.32455443511003,under_prediction
84,26,241,161.55948,-79.44052124023438,79.44052124023438,95.16979552560001,-42.05264842632001,137.22244395191996,under_prediction
84,27,240,171.58707,-68.41293334960938,68.41293334960938,115.0002851366,-51.85546357422,166.85574871082005,under_prediction
84,28,239,158.38727,-80.61273193359375,80.61273193359375,99.6863530554,-49.74139892952,149.42775198491992,under_prediction
84,29,238,152.91971,-85.08029174804688,85.08029174804688,93.11602853829999,-48.638584754794024,141.75461329309394,under_prediction
84,30,237,156.48836,-80.51164245605469,80.51164245605469,93.02687896809996,-44.9807518661,138.00763083419992,under_prediction
84,31,236,148.53932,-87.46067810058594,87.46067810058594,84.61169040650003,-44.51462329632,129.12631370281994,under_prediction
84,32,235,147.52464,-87.47535705566406,87.47535705566406,86.6397008338,-47.55731586191999,134.19701669572,under_prediction
84,33,234,151.49808,-82.50192260742188,82.50192260742188,90.8156219376,-47.759729874919984,138.57535181252,under_prediction
84,34,233,139.37344,-93.62655639648438,93.62655639648438,81.4842856749,-50.55305136364999,132.03733703854994,under_prediction
84,35,232,114.20382,-117.79618072509766,117.79618072509766,63.951076962799995,-58.18954709931999,122.14062406211998,under_prediction
84,36,231,140.63495,-90.36505126953125,90.36505126953125,75.13474976019997,-42.94206702122,118.07681678141992,under_prediction
84,37,230,133.74686,-96.25314331054688,96.25314331054688,74.50160784339998,-49.19716104551999,123.69876888892003,under_prediction
84,38,229,138.08269,-90.91731262207031,90.91731262207031,76.21786786979997,-46.57759758672,122.79546545651996,under_prediction
84,39,228,153.1412,-74.85879516601562,74.85879516601562,85.29737075529998,-40.59845180772,125.89582256301995,under_prediction
84,40,227,154.61496,-72.38504028320312,72.38504028320312,86.46537305439993,-40.292800161200006,126.75817321559997,under_prediction
84,41,226,161.68085,-64.31915283203125,64.31915283203125,91.71527594290004,-38.47671231902,130.1919882619201,under_prediction
84,42,225,159.44911,-65.55088806152344,65.55088806152344,91.02379994210004,-40.016927540320005,131.04072748242,under_prediction
84,43,224,136.03722,-87.96278381347656,87.96278381347656,78.57442734739995,-50.979398189269986,129.55382553666993,under_prediction
84,44,223,131.04208,-91.95791625976562,91.95791625976562,75.22842294429995,-52.62862551321999,127.85704845751997,under_prediction
84,45,222,125.70785,-96.29215240478516,96.29215240478516,67.74354379180002,-50.47801344922001,118.22155724101997,under_prediction
84,46,221,149.49673,-71.50326538085938,71.50326538085938,90.59951346179999,-49.54512571132001,140.14463917311997,under_prediction
84,47,220,143.77167,-76.22833251953125,76.22833251953125,80.71668810407999,-45.387257335719994,126.10394543980003,under_prediction
84,48,219,141.02261,-77.97738647460938,77.97738647460938,78.18722578,-45.606881016399996,123.79410679640002,under_prediction
84,49,218,139.27191,-78.72808837890625,78.72808837890625,77.90523600288,-47.075670268219994,124.98090627110001,under_prediction
84,50,217,130.98093,-86.01907348632812,86.01907348632812,75.0086267313,-52.46993107502,127.47855780632004,under_prediction
84,51,216,142.20862,-73.7913818359375,73.7913818359375,87.60483073299999,-53.83850445882,141.4433351918201,under_prediction
84,52,215,127.448784,-87.55121612548828,87.55121612548828,74.64051904870003,-55.63394534462001,130.27446439332007,under_prediction
84,53,214,122.34849,-91.6515121459961,91.6515121459961,70.65252266440001,-56.746309822319986,127.39883248671993,under_prediction
84,54,213,123.77702,-89.22297668457031,89.22297668457031,72.64068875150001,-57.30605145321998,129.9467402047201,under_prediction
84,55,212,125.39406,-86.60594177246094,86.60594177246094,70.65952453970151,-53.70778782851999,124.36731236822153,under_prediction
84,56,211,129.58795,-81.41204833984375,81.41204833984375,77.1385220958,-55.99284418231999,133.13136627811997,under_prediction
84,57,210,110.64195,-99.35804748535156,99.35804748535156,63.04341820269999,-60.843776486820005,123.88719468952003,under_prediction
84,58,209,109.986664,-99.01333618164062,99.01333618164062,59.30914305675002,-57.76477980144002,117.07392285818999,under_prediction
84,59,208,105.565414,-102.43458557128906,102.43458557128906,54.311336215899985,-57.188238798220006,111.4995750141201,under_prediction
84,60,207,117.109665,-89.89033508300781,89.89033508300781,62.714292248299984,-54.04691609412,116.76120834242003,under_prediction
84,61,206,98.85897,-107.14102935791016,107.14102935791016,51.61622249340001,-61.19953212938997,112.81575462279008,under_prediction
84,62,205,114.68482,-90.31517791748047,90.31517791748047,58.79701440170001,-52.554409838720005,111.35142424041997,under_prediction
84,63,204,114.02435,-89.97564697265625,89.97564697265625,59.49615918979999,-53.913997403820005,113.41015659361997,under_prediction
84,64,203,136.75946,-66.24053955078125,66.24053955078125,75.31763934669999,-47.00046376022001,122.31810310692003,under_prediction
84,65,202,119.21868,-82.78131866455078,82.78131866455078,64.34534820729999,-53.56891966772,117.91426787501999,under_prediction
84,66,201,135.2987,-65.7012939453125,65.7012939453125,72.27155197549999,-45.41502928492,117.68658126041996,under_prediction
84,67,200,128.57628,-71.42372131347656,71.42372131347656,67.26446739379999,-47.13031654449998,114.39478393830005,under_prediction
84,68,199,145.94574,-53.05426025390625,53.05426025390625,78.53033946975997,-41.026940631319995,119.55728010108,under_prediction
84,69,198,140.9034,-57.09660339355469,57.09660339355469,76.00528371060001,-43.544183189019996,119.54946689961999,under_prediction
84,70,197,129.27135,-67.72865295410156,67.72865295410156,71.74457462580003,-50.91536131772,122.65993594351997,under_prediction
84,71,196,142.50282,-53.49717712402344,53.49717712402344,70.596686628,-36.53624608573001,107.13293271373,under_prediction
84,72,195,158.36464,-36.63536071777344,36.63536071777344,86.3914306357,-36.46904773771998,122.86047837342008,under_prediction
84,73,194,140.42554,-53.574462890625,53.574462890625,80.21729655660002,-48.23401164899998,128.45130820560007,under_prediction
84,74,193,167.18921,-25.810791015625,25.810791015625,93.54461115950001,-34.79764426372001,128.34225542321994,under_prediction
84,75,192,159.77702,-32.22297668457031,32.22297668457031,84.7457645215,-33.410960617719994,118.15672513922,under_prediction
84,76,191,168.4766,-22.523406982421875,22.523406982421875,96.57066602420005,-36.53643548991999,133.10710151412002,under_prediction
84,77,190,161.44083,-28.559173583984375,28.559173583984375,90.03766197423798,-37.039251814919986,127.07691378915798,under_prediction
84,78,189,139.35791,-49.64208984375,49.64208984375,74.611523387,-43.696063712520015,118.30758709952003,under_prediction
84,79,188,137.56369,-50.436309814453125,50.436309814453125,66.91588820509998,-37.79450817032,104.71039637541999,under_prediction
84,80,187,145.40779,-41.59220886230469,41.59220886230469,73.67453268916,-36.70897212771998,110.38350481688003,under_prediction
84,81,186,139.76097,-46.23902893066406,46.23902893066406,79.30094352319998,-47.98227605982,127.28321958301994,under_prediction
84,82,185,140.67857,-44.32142639160156,44.32142639160156,86.56931615709999,-54.33302727852,140.90234343562,under_prediction
84,83,184,155.6713,-28.328704833984375,28.328704833984375,92.14199575024,-44.91304551772,137.05504126796006,under_prediction
84,84,183,142.70076,-40.29924011230469,40.29924011230469,85.0766239248,-50.818251272720005,135.89487519752,under_prediction
84,85,182,134.03276,-47.96723937988281,47.96723937988281,75.08213016900001,-49.491645421819996,124.57377559082006,under_prediction
84,86,181,131.7953,-49.20469665527344,49.20469665527344,78.2258418849,-54.872737943919994,133.09857982882,under_prediction
84,87,180,143.5191,-36.48089599609375,36.48089599609375,82.91732759560004,-47.840540782419986,130.75786837802008,under_prediction
84,88,179,125.08601,-53.91398620605469,53.91398620605469,73.5043692605,-56.860553668219985,130.36492292871998,under_prediction
84,89,178,129.57654,-48.4234619140625,48.4234619140625,71.23828508967797,-50.10405079026,121.34233587993796,under_prediction
84,90,177,117.429054,-59.570945739746094,59.570945739746094,71.4401805516,-62.45336675521998,133.89354730682004,under_prediction
84,91,176,125.168724,-50.831275939941406,50.831275939941406,74.68570508386999,-57.959256317219996,132.64496140109014,under_prediction
84,92,175,145.52557,-29.47442626953125,29.47442626953125,85.37188769479998,-48.28857394172,133.66046163651993,under_prediction
84,93,174,109.48717,-64.51283264160156,64.51283264160156,63.531122396000015,-62.486255521999986,126.01737791799995,under_prediction
84,94,173,122.10431,-50.89569091796875,50.89569091796875,72.93467034240001,-59.272629508419996,132.20729985082,under_prediction
84,95,172,132.56429,-39.43571472167969,39.43571472167969,76.73204067919998,-52.610059282700014,129.34209996189998,under_prediction
84,96,171,125.13928,-45.8607177734375,45.8607177734375,74.61302151709998,-57.91598393223998,132.52900544934,under_prediction
84,97,170,111.99759,-58.002410888671875,58.002410888671875,60.24598104394998,-56.690646511919994,116.93662755587007,under_prediction
84,98,169,107.2104,-61.78959655761719,61.78959655761719,55.45091945177001,-56.682786057520005,112.13370550929,under_prediction
84,99,168,110.83568,-57.16432189941406,57.16432189941406,54.83581432236001,-52.442333458059984,107.27814778042001,under_prediction
84,100,167,116.88522,-50.114776611328125,50.114776611328125,58.272103860899996,-49.829147810120006,108.10125167101995,under_prediction
84,101,166,127.3719,-38.62809753417969,38.62809753417969,71.29113604837,-52.361495840220016,123.65263188859004,under_prediction
84,102,165,116.02438,-48.975616455078125,48.975616455078125,63.73431217499998,-56.15222747992999,119.88653965492999,under_prediction
84,103,164,116.15301,-47.84699249267578,47.84699249267578,60.89634085779999,-53.185665955070014,114.08200681287,under_prediction
84,104,163,110.98608,-52.01392364501953,52.01392364501953,62.12516963659998,-59.581378132320005,121.70654776892,under_prediction
84,105,162,111.30855,-50.69145202636719,50.69145202636719,62.686685833999995,-59.82036603072,122.50705186472,under_prediction
84,106,161,118.91199,-42.0880126953125,42.0880126953125,61.625702986900016,-51.15595900972001,112.78166199662002,under_prediction
84,107,160,117.073235,-42.92676544189453,42.92676544189453,60.31805090935999,-51.68701489935997,112.00506580872006,under_prediction
84,108,159,121.50536,-37.49463653564453,37.49463653564453,66.49704178319998,-53.43391344972001,119.93095523292001,under_prediction
84,109,158,116.869484,-41.130516052246094,41.130516052246094,66.7600234757,-58.33275260692,125.09277608261996,under_prediction
84,110,157,117.748695,-39.251304626464844,39.251304626464844,66.45375751149997,-57.14731411299002,123.60107162448998,under_prediction
84,111,156,118.161736,-37.83826446533203,37.83826446533203,68.45359398549999,-58.734077665720015,127.18767165121997,under_prediction
84,112,155,117.82642,-37.17357635498047,37.17357635498047,66.66735718539998,-57.283191027299985,123.95054821270001,under_prediction
84,113,154,116.416695,-37.58330535888672,37.58330535888672,57.37060862119999,-49.39620221992001,106.76681084111999,under_prediction
84,114,153,125.952934,-27.04706573486328,27.04706573486328,64.0213781843,-46.510771703419984,110.53214988772002,under_prediction
84,115,152,123.770706,-28.229293823242188,28.229293823242188,63.487788433700004,-48.15936634191999,111.64715477562002,under_prediction
84,116,151,111.70919,-39.290809631347656,39.290809631347656,62.34243211770001,-59.0755602558,121.41799237350006,under_prediction
84,117,150,105.30909,-44.69091033935547,44.69091033935547,56.59576535396999,-59.72898838962002,116.32475374358997,under_prediction
84,118,149,97.61719,-51.3828125,51.3828125,56.493777371200004,-67.31881728331999,123.81259465452004,under_prediction
84,119,148,93.53773,-54.46227264404297,54.46227264404297,51.315558732000014,-66.22003158726001,117.53559031926,under_prediction
84,120,147,97.9065,-49.09349822998047,49.09349822998047,52.22941548940001,-62.765127181840015,114.99454267123998,under_prediction
84,121,146,102.15124,-43.84876251220703,43.84876251220703,56.96749966429999,-63.25845545721997,120.22595512151997,under_prediction
84,122,145,113.429115,-31.570884704589844,31.570884704589844,66.16948806609997,-61.182609873,127.35209793909996,under_prediction
84,123,144,117.95508,-26.044921875,26.044921875,64.02377292459997,-54.51092347951998,118.53469640411997,under_prediction
84,124,143,107.90714,-35.092857360839844,35.092857360839844,65.97181018899998,-66.50690715772001,132.47871734672006,under_prediction
84,125,142,102.659065,-39.34093475341797,39.34093475341797,58.19532475730001,-63.978499407720015,122.17382416502004,under_prediction
84,126,141,109.52214,-31.477859497070312,31.477859497070312,60.573766309199996,-59.49387482952002,120.06764113872,under_prediction
84,127,140,104.49625,-35.503753662109375,35.503753662109375,59.4674827184,-63.41351070622,122.88099342461999,under_prediction
84,128,139,100.2377,-38.762298583984375,38.762298583984375,60.94766789769999,-69.15220722949002,130.09987512718996,under_prediction
84,129,138,102.16488,-35.835121154785156,35.835121154785156,61.731554986000006,-68.00888929622,129.74044428222,under_prediction
84,130,137,96.993195,-40.006805419921875,40.006805419921875,55.6946611954,-67.14373405302003,122.83839524842007,under_prediction
84,131,136,106.90393,-29.0960693359375,29.0960693359375,69.53094998420002,-71.06924917517998,140.60019915938,under_prediction
84,132,135,105.523575,-29.476425170898438,29.476425170898438,73.86014263009999,-76.77876683642,150.63890946652012,under_prediction
84,133,134,106.564995,-27.43500518798828,27.43500518798828,74.9108552464,-76.78807062972,151.69892587612,under_prediction
84,134,133,107.065636,-25.934364318847656,25.934364318847656,74.86879092802299,-76.24539085567999,151.11418178370297,under_prediction
84,135,132,104.23124,-27.768760681152344,27.768760681152344,71.3483279152,-75.55936954996,146.90769746516006,under_prediction
84,136,131,105.41508,-25.584922790527344,25.584922790527344,68.17223417999999,-71.19945747312,139.37169165312005,under_prediction
84,137,130,96.00655,-33.993446350097656,33.993446350097656,60.151360592499984,-72.58701522341998,132.73837581592,under_prediction
84,138,129,95.81083,-33.189170837402344,33.189170837402344,57.38149521789999,-70.01286880372001,127.39436402162004,under_prediction
84,139,128,94.68216,-33.317840576171875,33.317840576171875,51.04608389087001,-64.80615156692,115.85223545779003,under_prediction
84,140,127,96.69337,-30.30663299560547,30.30663299560547,55.102520741400006,-66.85143547841999,121.95395621982001,under_prediction
84,141,126,98.442116,-27.557884216308594,27.557884216308594,57.38813959910001,-67.38832764038001,124.77646723948006,under_prediction
84,142,125,111.75057,-13.249427795410156,13.249427795410156,59.82823399839997,-56.51995760522001,116.34819160362,under_prediction
84,143,124,115.57808,-8.421920776367188,8.421920776367188,60.666275413200005,-53.53045893452001,114.19673434772004,under_prediction
84,144,123,102.44466,-20.555343627929688,20.555343627929688,54.020390512099986,-60.01802130472,114.03841181681997,under_prediction
84,145,122,81.30937,-40.69062805175781,40.69062805175781,49.67051978260001,-76.80338566841998,126.47390545102004,under_prediction
84,146,121,88.07902,-32.920982360839844,32.920982360839844,51.2850350973,-71.64825298082,122.93328807812003,under_prediction
84,147,120,97.32315,-22.676849365234375,22.676849365234375,55.142770906199985,-66.26188939212001,121.40466029832002,under_prediction
84,148,119,95.53382,-23.46617889404297,23.46617889404297,51.131943809,-64.04037645176999,115.17232026077008,under_prediction
84,149,118,89.71374,-28.28626251220703,28.28626251220703,51.71155246935002,-70.44008589909998,122.15163836845001,under_prediction
84,150,117,97.77515,-19.224853515625,19.224853515625,52.11876223179999,-62.785869499620006,114.9046317314201,under_prediction
84,151,116,98.18397,-17.81603240966797,17.81603240966797,55.39672607810001,-65.65498653217995,121.05171261028,under_prediction
84,152,115,92.48723,-22.512771606445312,22.512771606445312,54.33019412216,-70.28524346972003,124.61543759188005,under_prediction
84,153,114,83.85897,-30.141029357910156,30.141029357910156,49.13912634930001,-73.72245190641999,122.86157825572003,under_prediction
84,154,113,72.05608,-40.94391632080078,40.94391632080078,46.5402490547,-82.92642014152,129.46666919622004,under_prediction
84,155,112,63.441513,-48.55848693847656,48.55848693847656,45.242590218,-90.24333719721999,135.48592741522,under_prediction
84,156,111,55.019543,-55.9804573059082,55.9804573059082,43.813878666899996,-97.23661623308,141.05049489998,under_prediction
84,157,110,70.03776,-39.962242126464844,39.962242126464844,51.263437082500026,-89.66793528391997,140.93137236641988,under_prediction
84,158,109,62.77856,-46.221439361572266,46.221439361572266,48.232435103800015,-93.89615632292,142.12859142672,under_prediction
84,159,108,62.04939,-45.95061111450195,45.95061111450195,45.428610833000015,-91.821478702,137.25008953499994,under_prediction
84,160,107,57.293842,-49.70615768432617,49.70615768432617,45.70180154980002,-96.85024577072,142.55204732052002,under_prediction
84,161,106,59.610634,-46.389366149902344,46.389366149902344,41.27746855552999,-90.10910922141998,131.38657777695005,under_prediction
84,162,105,58.318424,-46.681575775146484,46.681575775146484,42.4481057584,-92.57195408489295,135.020059843293,under_prediction
84,163,104,76.398094,-27.601905822753906,27.601905822753906,46.7889580785,-78.83309823052006,125.62205630902001,under_prediction
84,164,103,80.84498,-22.15502166748047,22.15502166748047,48.54170403114998,-76.138921304065,124.68062533521497,under_prediction
84,165,102,77.39579,-24.604209899902344,24.604209899902344,47.0252118063,-78.07165990652001,125.09687171282003,under_prediction
84,166,101,73.4756,-27.524398803710938,27.524398803710938,45.90636108269997,-80.87298394505007,126.77934502775005,under_prediction
84,167,100,72.68291,-27.317092895507812,27.317092895507812,44.81664992859999,-80.57599038881999,125.39264031742005,under_prediction
84,168,99,62.105515,-36.89448547363281,36.89448547363281,42.7542556086,-89.09102648829997,131.8452820969,under_prediction
84,169,98,67.97857,-30.02143096923828,30.02143096923828,44.74735285079999,-85.21110294439998,129.95845579520005,under_prediction
84,170,97,72.355316,-24.644683837890625,24.644683837890625,48.782847632700005,-84.86981524971996,133.65266288242,under_prediction
84,171,96,68.92813,-27.071868896484375,27.071868896484375,50.48415162363998,-89.99825305783999,140.48240468148003,under_prediction
84,172,95,64.27946,-30.720542907714844,30.720542907714844,48.46652730169997,-92.62934623442003,141.09587353612008,under_prediction
84,173,94,71.49718,-22.502822875976562,22.502822875976562,49.8433131651,-86.78845120531997,136.63176437041992,under_prediction
84,174,93,74.965866,-18.034133911132812,18.034133911132812,50.357463123272,-83.83383927076997,134.191302394042,under_prediction
84,175,92,69.79359,-22.20641326904297,22.20641326904297,50.019905795700005,-88.66861169172002,138.6885174874201,under_prediction
84,176,91,60.89901,-30.100990295410156,30.100990295410156,47.60979195760002,-95.15304702202002,142.76283897961994,under_prediction
84,177,90,65.94037,-24.05963134765625,24.05963134765625,51.36895897319997,-93.87082532712,145.23978430032003,under_prediction
84,178,89,58.06234,-30.937660217285156,30.937660217285156,48.810272714,-99.190275032493,148.00054774649303,under_prediction
84,179,88,60.37712,-27.622879028320312,27.622879028320312,44.45096824070002,-92.51615853681996,136.96712677752,under_prediction
84,180,87,67.08463,-19.915367126464844,19.915367126464844,50.3682087537,-91.72587142221997,142.09408017592003,under_prediction
84,181,86,55.261852,-30.738147735595703,30.738147735595703,47.130201996,-100.31063366731999,147.44083566332006,under_prediction
84,182,85,60.517796,-24.48220443725586,24.48220443725586,47.944836992040024,-95.86930303912003,143.81414003116,under_prediction
84,183,84,68.77631,-15.223686218261719,15.223686218261719,52.714583975900005,-92.38052360831999,145.09510758422,under_prediction
84,184,83,67.1301,-15.869903564453125,15.869903564453125,49.808080915800005,-91.12027284332,140.92835375912,under_prediction
84,185,82,57.896263,-24.103736877441406,24.103736877441406,45.5788018221,-96.12484796111997,141.70364978322002,under_prediction
84,186,81,55.369205,-25.630794525146484,25.630794525146484,44.16853326180001,-97.24164181211,141.41017507390998,under_prediction
84,187,80,64.89622,-15.103782653808594,15.103782653808594,46.35648170377001,-89.90254804742003,136.25902975118996,under_prediction
84,188,79,63.605145,-15.394855499267578,15.394855499267578,44.083628737619996,-88.92073149641998,133.0043602340401,under_prediction
84,189,78,64.35388,-13.6461181640625,13.6461181640625,41.88207546850001,-85.97045976682,127.85253523532002,under_prediction
84,190,77,58.414593,-18.585407257080078,18.585407257080078,43.80345929620001,-93.83117904691998,137.63463834312,under_prediction
84,191,76,59.46237,-16.537628173828125,16.537628173828125,43.81467403560002,-92.79462499601995,136.60929903161997,under_prediction
84,192,75,60.94693,-14.053070068359375,14.053070068359375,43.900016532499976,-91.39539634678006,135.29541287927998,under_prediction
84,193,74,64.30174,-9.698257446289062,9.698257446289062,46.17340375042999,-90.31394280468002,136.4873465551101,under_prediction
84,194,73,62.897827,-10.1021728515625,10.1021728515625,44.62555018609998,-90.17002706972,134.79557725581998,under_prediction
84,195,72,54.335865,-17.664134979248047,17.664134979248047,43.27779391334999,-97.38424417886999,140.66203809222,under_prediction
84,196,71,51.39717,-19.602828979492188,19.602828979492188,42.203516109249996,-99.24862231572,141.4521384249701,under_prediction
84,197,70,48.81207,-21.187931060791016,21.187931060791016,43.3384902592,-102.96871217112,146.30720243031993,under_prediction
84,198,69,46.480305,-22.519695281982422,22.519695281982422,43.27723076740001,-105.23922196272004,148.51645273011997,under_prediction
84,199,68,46.599712,-21.400287628173828,21.400287628173828,44.549545980199994,-106.39218019282,150.94172617302,under_prediction
84,200,67,51.485027,-15.514972686767578,15.514972686767578,46.9679391205,-103.92527042952001,150.89320955001995,under_prediction
84,201,66,45.878864,-20.121135711669922,20.121135711669922,43.393958245899995,-105.95743426821998,149.35139251412,under_prediction
84,202,65,47.113007,-17.886993408203125,17.886993408203125,45.17191517319999,-106.5012217357201,151.67313690892,under_prediction
84,203,64,57.785084,-6.214916229248047,6.214916229248047,48.249908295000004,-98.90715593372002,147.15706422872006,under_prediction
84,204,63,55.668613,-7.331386566162109,7.331386566162109,50.784863173499986,-103.55852757541997,154.34339074892003,under_prediction
84,205,62,49.8482,-12.151798248291016,12.151798248291016,47.829083858800026,-106.42322219151998,154.25230605032,under_prediction
84,206,61,45.724834,-15.275165557861328,15.275165557861328,45.22206671739999,-107.93955650671998,153.1616232241201,under_prediction
84,207,60,47.340416,-12.659584045410156,12.659584045410156,45.07054775129998,-106.17243818061999,151.24298593192003,under_prediction
84,208,59,41.587097,-17.41290283203125,17.41290283203125,43.3061469154,-110.16137332334002,153.46752023874,under_prediction
84,209,58,40.692486,-17.307514190673828,17.307514190673828,43.019250924499985,-110.76910234762002,153.78835327212,under_prediction
84,210,57,41.06679,-15.933208465576172,15.933208465576172,42.945541087700015,-110.32110635842001,153.26664744612003,under_prediction
84,211,56,40.38784,-15.612159729003906,15.612159729003906,42.40779538039999,-110.46228887832,152.87008425872006,under_prediction
84,212,55,37.310947,-17.68905258178711,17.68905258178711,41.558134541959994,-112.68949324752,154.24762778948016,under_prediction
84,213,54,35.14951,-18.85049057006836,18.85049057006836,40.367255643700005,-113.66008329702002,154.02733894072003,under_prediction
84,214,53,31.027079,-21.97292137145996,21.97292137145996,39.439944166100005,-116.85519830282001,156.29514246892,under_prediction
84,215,52,34.349228,-17.650772094726562,17.650772094726562,40.02157601160001,-114.11468987231996,154.13626588391995,under_prediction
84,216,51,35.67357,-15.326431274414062,15.326431274414062,40.56999732254,-113.33875438230001,153.90875170484006,under_prediction
84,217,50,35.421055,-14.57894515991211,14.57894515991211,38.574888058519996,-111.59615529551998,150.17104335404005,under_prediction
84,218,49,38.087868,-10.912132263183594,10.912132263183594,40.93666207050001,-111.29112256812003,152.22778463862,under_prediction
84,219,48,37.108437,-10.891563415527344,10.891563415527344,40.454542323,-111.78844998920005,152.24299231220002,under_prediction
84,220,47,42.49679,-4.503208160400391,4.503208160400391,44.10439574244001,-110.04993944230002,154.15433518473995,under_prediction
84,221,46,36.254253,-9.745746612548828,9.745746612548828,41.632032216300004,-113.82008857432004,155.45212079062006,under_prediction
84,222,45,34.054077,-10.9459228515625,10.9459228515625,37.73824323309999,-112.12651391118001,149.86475714427993,under_prediction
84,223,44,33.031734,-10.968265533447266,10.968265533447266,37.636518175,-113.04711905829998,150.6836372333,under_prediction
84,224,43,42.474197,-0.5258026123046875,0.5258026123046875,44.70394917950001,-110.67205094839998,155.37600012790006,under_prediction
84,225,42,41.41922,-0.580780029296875,0.580780029296875,45.64782141800001,-112.67090448354607,158.318725901546,under_prediction
84,226,41,37.838142,-3.1618576049804688,3.1618576049804688,43.592749860599994,-114.19692803132004,157.78967789192004,under_prediction
84,227,40,35.42545,-4.574550628662109,4.574550628662109,42.606298826700005,-115.62317970542,158.22947853211997,under_prediction
84,228,39,43.80191,4.801910400390625,4.801910400390625,47.98502197480001,-112.62543024722,160.61045222202003,over_prediction
84,229,38,32.787216,-5.2127838134765625,5.2127838134765625,39.73044703939999,-115.38555661891995,155.1160036583199,under_prediction
84,230,37,38.16979,1.1697883605957031,1.1697883605957031,43.97031346523999,-114.24286199482002,158.21317546005994,over_prediction
84,231,36,33.45917,-2.5408287048339844,2.5408287048339844,40.71011669039999,-115.69325304992002,156.40336974032004,under_prediction
84,232,35,37.221436,2.221435546875,2.221435546875,42.578975037099994,-113.79983399592003,156.37880903302,over_prediction
84,233,34,43.88483,9.884830474853516,9.884830474853516,43.63418445709999,-108.19165810982,151.8258425669199,over_prediction
84,234,33,40.34496,7.344959259033203,7.344959259033203,42.560826586500006,-110.65818528972002,153.21901187621998,over_prediction
84,235,32,36.521954,4.521953582763672,4.521953582763672,39.28686518910001,-111.20720688052003,150.49407206962,over_prediction
84,236,31,32.851776,1.851776123046875,1.851776123046875,39.29342630090001,-114.88395383362,154.17738013452,over_prediction
84,237,30,28.448036,-1.5519638061523438,1.5519638061523438,37.1212285795,-117.11549154792003,154.23672012742,under_prediction
84,238,29,35.28764,6.287639617919922,6.287639617919922,41.593499889300006,-114.74815047011997,156.34165035942,over_prediction
84,239,28,27.847868,-0.1521320343017578,0.1521320343017578,35.19028105889999,-115.78473437928997,150.97501543818998,under_prediction
84,240,27,25.650562,-1.3494377136230469,1.3494377136230469,34.50721352659999,-117.29898230996,151.80619583656002,under_prediction
84,241,26,22.038412,-3.961587905883789,3.961587905883789,32.7276426261,-119.13154612032001,151.85918874642005,under_prediction
84,242,25,22.015202,-2.9847984313964844,2.9847984313964844,31.766019540900007,-118.19314640212002,149.95916594302003,under_prediction
84,243,24,20.282883,-3.7171173095703125,3.7171173095703125,32.15845711440001,-120.31789489772002,152.47635201212006,under_prediction
84,244,23,19.82979,-3.1702098846435547,3.1702098846435547,30.932337172459995,-119.54485212912003,150.47718930157995,under_prediction
84,245,22,15.918108,-6.081892013549805,6.081892013549805,31.806721519279993,-124.33089476881997,156.13761628809988,under_prediction
84,246,21,19.954185,-1.0458145141601562,1.0458145141601562,34.1028246056,-122.59092056209997,156.6937451677,under_prediction
84,247,20,20.081736,0.08173561096191406,0.08173561096191406,29.356552565455004,-117.71708304731996,147.07363561277504,over_prediction
84,248,19,13.299752,-5.700247764587402,5.700247764587402,30.6146389371,-125.75717518317998,156.37181412028005,under_prediction
84,249,18,14.703856,-3.2961435317993164,3.2961435317993164,28.89785779220001,-122.63630451291996,151.53416230512002,under_prediction
84,250,17,13.920245,-3.0797548294067383,3.0797548294067383,27.698843162000006,-122.22088471532003,149.91972787732,under_prediction
84,251,16,13.114648,-2.88535213470459,2.88535213470459,28.896229658300015,-124.22386653932001,153.12009619761994,under_prediction
84,252,15,14.41052,-0.5894804000854492,0.5894804000854492,30.250138825799993,-124.28190722202001,154.5320460478201,under_prediction
84,253,14,4.603422,-9.396577835083008,9.396577835083008,28.259822159299993,-132.09868449321996,160.35850665252,under_prediction
84,254,13,5.2382393,-7.761760711669922,7.761760711669922,27.88156127260001,-131.08561807822002,158.96717935082006,under_prediction
84,255,12,8.9465065,-3.0534934997558594,3.0534934997558594,27.251604548800007,-126.74738526572004,153.99898981452003,under_prediction
84,256,11,12.121971,1.1219711303710938,1.1219711303710938,30.896307848999992,-127.21662751951996,158.11293536851994,over_prediction
84,257,10,13.1221895,3.122189521789551,3.122189521789551,30.91675241240001,-126.23685975211998,157.15361216452,over_prediction
84,258,9,11.778765,2.7787647247314453,2.7787647247314453,31.557823845499993,-128.22134723612,159.7791710816201,over_prediction
84,259,8,14.706913,6.706912994384766,6.706912994384766,31.844025927750003,-125.57941321352003,157.42343914127002,over_prediction
84,260,7,12.692991,5.692991256713867,5.692991256713867,31.77825359219999,-127.52755887932001,159.30581247152003,over_prediction
84,261,6,8.613985,2.613985061645508,2.613985061645508,34.36115437700001,-134.18946065932008,168.55061503632004,over_prediction
84,262,5,8.803248,3.803248405456543,3.803248405456543,29.992229744899994,-129.63127185052,159.62350159542007,over_prediction
84,263,4,8.454641,4.454641342163086,4.454641342163086,30.212136952799998,-130.19978713782004,160.41192409061998,over_prediction
84,264,3,14.457581,11.45758056640625,11.45758056640625,33.0437715981,-127.02847315241999,160.07224475052004,over_prediction
84,265,2,9.900335,7.900335311889648,7.900335311889648,32.885797732,-131.42774366711998,164.31354139912006,over_prediction
84,266,1,6.951136,5.951136112213135,5.951136112213135,30.0357007612,-131.52686127762001,161.56256203882003,over_prediction
84,267,0,4.638524,4.638524055480957,4.638524055480957,28.814694536,-132.61845606342,161.43315059942003,over_prediction
91,1,134,184.1952,50.19520568847656,50.19520568847656,105.63298928981995,-29.880044929719997,135.51303421953997,over_prediction
91,2,133,145.41368,12.413681030273438,12.413681030273438,92.97429211269998,-56.002857821720006,148.97714993441994,over_prediction
91,3,132,169.89067,37.89067077636719,37.89067077636719,120.80672770510002,-59.35835926501999,180.16508697011994,over_prediction
91,4,131,177.19223,46.192230224609375,46.192230224609375,122.41035369400004,-53.66046618046,176.07081987446008,over_prediction
91,5,130,168.70863,38.70863342285156,38.70863342285156,103.80788132339998,-43.541562967020006,147.34944429042002,over_prediction
91,6,129,148.36264,19.362640380859375,19.362640380859375,96.82790639649997,-56.90746246361999,153.73536886012008,over_prediction
91,7,128,160.60374,32.60374450683594,32.60374450683594,102.172412821,-50.01080624582,152.18321906681993,over_prediction
91,8,127,137.12866,10.128662109375,10.128662109375,88.23394515049998,-59.54764856522,147.78159371571994,over_prediction
91,9,126,150.11041,24.11041259765625,24.11041259765625,99.51998458770001,-57.85182576671999,157.37181035442003,over_prediction
91,10,125,150.15123,25.151229858398438,25.151229858398438,103.93540522310003,-62.22638541572,166.1617906388201,over_prediction
91,11,124,124.674194,0.6741943359375,0.6741943359375,80.77125485720002,-64.53936481792,145.31061967511997,over_prediction
91,12,123,131.40706,8.407058715820312,8.407058715820312,77.94194281720002,-54.97716677241999,132.91910958961995,over_prediction
91,13,122,148.41139,26.411392211914062,26.411392211914062,90.9552747443,-50.98600487942,141.94127962372008,over_prediction
91,14,121,157.29706,36.29705810546875,36.29705810546875,97.23572960840002,-48.38094398432,145.61667359271993,over_prediction
91,15,120,127.98408,7.984077453613281,7.984077453613281,73.00281410589999,-53.46109026292,126.4639043688199,over_prediction
91,16,119,117.61256,-1.3874435424804688,1.3874435424804688,70.95311342353,-61.78287648521998,132.73598990874996,under_prediction
91,17,118,128.39345,10.393447875976562,10.393447875976562,77.722005018,-57.77085595041999,135.49286096842002,over_prediction
91,18,117,124.49093,7.490928649902344,7.490928649902344,72.74589408389998,-56.69722239402,129.44311647791997,over_prediction
91,19,116,127.2173,11.217300415039062,11.217300415039062,70.0346335835,-51.25955673995001,121.29419032345,over_prediction
91,20,115,121.15837,6.1583709716796875,6.1583709716796875,70.05707858754,-57.34096956011998,127.39804814765998,over_prediction
91,21,114,118.510254,4.51025390625,4.51025390625,65.5386335093,-55.470658062030004,121.0092915713301,over_prediction
91,22,113,123.3044,10.304397583007812,10.304397583007812,68.503949698708,-53.64181705071999,122.14576674942799,over_prediction
91,23,112,110.56512,-1.4348831176757812,1.4348831176757812,64.15518802,-62.03229641191997,126.18748443192005,under_prediction
91,24,111,119.32953,8.32952880859375,8.32952880859375,67.26010388294,-56.37283719322,123.63294107616004,over_prediction
91,25,110,106.60154,-3.3984603881835938,3.3984603881835938,54.8852765666,-56.725969049820016,111.61124561642004,under_prediction
91,26,109,103.76106,-5.2389373779296875,5.2389373779296875,58.940075040700016,-63.62134597851999,122.56142101921998,under_prediction
91,27,108,89.873856,-18.126144409179688,18.126144409179688,48.43584043540002,-67.00428344941999,115.44012388481995,under_prediction
91,28,107,120.09571,13.095710754394531,13.095710754394531,71.50674661170002,-59.85334309901999,131.36008971072013,over_prediction
91,29,106,106.80762,0.8076171875,0.8076171875,61.323846928600005,-62.95854376072001,124.28239068932,over_prediction
91,30,105,99.4935,-5.506500244140625,5.506500244140625,52.96637007989999,-61.91517257331997,114.88154265322004,under_prediction
91,31,104,112.33287,8.332870483398438,8.332870483398438,67.86656693109998,-63.97605594272,131.8426228738201,over_prediction
91,32,103,101.319695,-1.6803054809570312,1.6803054809570312,60.62374943800002,-67.74637016391999,128.37011960192012,under_prediction
91,33,102,94.21052,-7.789482116699219,7.789482116699219,59.717488285099996,-73.94928360661996,133.66677189172003,under_prediction
91,34,101,83.9784,-17.02159881591797,17.02159881591797,57.75323789190001,-82.21717563222005,139.97041352412,under_prediction
91,35,100,92.14876,-7.8512420654296875,7.8512420654296875,52.8893787729,-69.18291584429002,122.07229461718993,under_prediction
91,36,99,108.3625,9.362503051757812,9.362503051757812,70.4049951753,-70.48478886992002,140.88978404521998,over_prediction
91,37,98,85.97994,-12.020057678222656,12.020057678222656,55.26978199614999,-77.73217428922001,133.00195628537006,under_prediction
91,38,97,82.05184,-14.948158264160156,14.948158264160156,54.27523503579999,-80.66569837472002,134.94093341052005,under_prediction
91,39,96,94.59168,-1.4083175659179688,1.4083175659179688,63.48880962170001,-77.33946126612001,140.82827088781994,under_prediction
91,40,95,91.39628,-3.6037216186523438,3.6037216186523438,65.70594660730002,-82.75197629402003,148.4579229013199,under_prediction
91,41,94,99.21904,5.2190399169921875,5.2190399169921875,71.3136156297,-80.53683906572,151.85045469541998,over_prediction
91,42,93,98.21598,5.215980529785156,5.215980529785156,69.01655519949999,-79.24282065832001,148.25937585782,over_prediction
91,43,92,99.07084,7.070838928222656,7.070838928222656,66.64151173949998,-76.01295636271999,142.65446810221997,over_prediction
91,44,91,96.53374,5.5337371826171875,5.5337371826171875,67.56442922990001,-79.47298252452002,147.03741175442002,over_prediction
91,45,90,104.06575,14.065750122070312,14.065750122070312,64.95801266965,-69.33451587601998,134.29252854567,over_prediction
91,46,89,96.20979,7.2097930908203125,7.2097930908203125,61.24707396439998,-73.4795489026,134.726622867,over_prediction
91,47,88,85.645935,-2.35406494140625,2.35406494140625,57.44546782969999,-80.24185585099997,137.68732368069996,under_prediction
91,48,87,88.124405,1.1244049072265625,1.1244049072265625,56.234341796600006,-76.55222449472001,132.78656629132,over_prediction
91,49,86,95.47472,9.474716186523438,9.474716186523438,56.52799824389999,-69.49557270757698,126.02357095147703,over_prediction
91,50,85,96.87124,11.871238708496094,11.871238708496094,67.54582292949998,-79.11689021222004,146.66271314172005,over_prediction
91,51,84,105.461685,21.461685180664062,21.461685180664062,72.25610775320001,-75.23666740962003,147.49277516281998,over_prediction
91,52,83,80.64055,-2.3594512939453125,2.3594512939453125,55.132063266399975,-82.93376384771999,138.06582711411994,under_prediction
91,53,82,90.05228,8.052276611328125,8.052276611328125,56.19848329100002,-74.588494232,130.78697752300005,over_prediction
91,54,81,92.107086,11.107086181640625,11.107086181640625,57.708463979499996,-74.04362024683998,131.75208422634006,over_prediction
91,55,80,88.05766,8.057662963867188,8.057662963867188,58.098981202500006,-78.483572614,136.58255381649997,over_prediction
91,56,79,74.28483,-4.715171813964844,4.715171813964844,53.240816886999994,-87.39819647100006,140.63901335800006,under_prediction
91,57,78,70.0578,-7.94219970703125,7.94219970703125,49.487550970799994,-87.87196526680071,137.35951623760064,under_prediction
91,58,77,75.78284,-1.2171630859375,1.2171630859375,52.165660723599984,-84.82506264221999,136.99072336581992,under_prediction
91,59,76,70.24066,-5.75933837890625,5.75933837890625,50.750318757799995,-88.95193359272002,139.70225235051993,under_prediction
91,60,75,76.042755,1.042755126953125,1.042755126953125,51.11375603,-83.51324183857997,134.62699786858002,over_prediction
91,61,74,74.40548,0.40547943115234375,0.40547943115234375,51.47590741199999,-85.51263414962001,136.98854156162005,over_prediction
91,62,73,79.91347,6.9134674072265625,6.9134674072265625,55.255389576500015,-83.78415905981997,139.03954863632003,over_prediction
91,63,72,79.23878,7.238777160644531,7.238777160644531,55.160650336799996,-84.36412893692003,139.52477927371996,over_prediction
91,64,71,70.259224,-0.7407760620117188,0.7407760620117188,50.9356011103,-89.11859576771995,140.05419687802012,under_prediction
91,65,70,73.17711,3.1771087646484375,3.1771087646484375,52.5935888885,-87.85875128981996,140.45234017831982,over_prediction
91,66,69,86.85064,17.85063934326172,17.85063934326172,56.466960533800005,-78.05854942141998,134.52550995521997,over_prediction
91,67,68,72.32519,4.325187683105469,4.325187683105469,50.2223095431,-86.33934764742,136.56165719051998,over_prediction
91,68,67,72.63718,5.637176513671875,5.637176513671875,49.23480689594001,-85.03991959672001,134.27472649266005,over_prediction
91,69,66,71.91496,5.9149627685546875,5.9149627685546875,50.60579955939999,-87.13309561472005,137.73889517412007,over_prediction
91,70,65,76.183586,11.183586120605469,11.183586120605469,51.37622699069999,-83.63486624641996,135.0110932371201,over_prediction
91,71,64,76.404976,12.404975891113281,12.404975891113281,54.482889130699995,-86.52016312072003,141.00305225142006,over_prediction
91,72,63,84.955025,21.95502471923828,21.95502471923828,57.652909967,-81.14008560011999,138.79299556712004,over_prediction
91,73,62,78.61597,16.615966796875,16.615966796875,52.78629443,-82.61254207852001,135.39883650852002,over_prediction
91,74,61,71.47026,10.470260620117188,10.470260620117188,51.26020278200001,-88.23212270012002,139.49232548211992,over_prediction
91,75,60,65.29287,5.292869567871094,5.292869567871094,48.3242134972,-91.47356974041999,139.79778323762008,over_prediction
91,76,59,72.262856,13.262855529785156,13.262855529785156,53.40283200799999,-89.58218467842,142.98501668642,over_prediction
91,77,58,56.8296,-1.1703987121582031,1.1703987121582031,48.83585900684,-100.44856314191998,149.28442214875992,under_prediction
91,78,57,53.511356,-3.4886436462402344,3.4886436462402344,50.979358131,-105.91031131012001,156.88966944112005,under_prediction
91,79,56,45.676247,-10.323753356933594,10.323753356933594,45.4777685508,-108.24383433202,153.72160288281995,under_prediction
91,80,55,56.00502,1.0050201416015625,1.0050201416015625,48.434269525800005,-100.87154630392003,149.30581582972005,over_prediction
91,81,54,61.999607,7.999607086181641,7.999607086181641,51.0103591215,-97.45306728002001,148.46342640152008,over_prediction
91,82,53,51.78096,-1.2190399169921875,1.2190399169921875,45.095312721899994,-101.75665456732004,146.85196728922,under_prediction
91,83,52,50.581196,-1.4188041687011719,1.4188041687011719,44.10841163491,-101.96953014272,146.07794177762997,under_prediction
91,84,51,52.70972,1.7097206115722656,1.7097206115722656,45.069953839699984,-100.80254562292,145.87249946261997,over_prediction
91,85,50,45.181637,-4.818363189697266,4.818363189697266,42.99074639961002,-106.25144923571997,149.24219563532992,under_prediction
91,86,49,49.038357,0.038356781005859375,0.038356781005859375,48.19640838934998,-107.600390949049,155.7967993383991,over_prediction
91,87,48,51.19598,3.1959800720214844,3.1959800720214844,45.25941582089999,-102.50577311522004,147.76518893612,over_prediction
91,88,47,43.25626,-3.7437400817871094,3.7437400817871094,42.30635911208001,-107.49246028712004,149.7988193992,under_prediction
91,89,46,46.82429,0.8242912292480469,0.8242912292480469,45.85935823270001,-107.47740180861997,153.3367600413201,over_prediction
91,90,45,49.566704,4.566703796386719,4.566703796386719,47.88948580103999,-106.76512094721997,154.6546067482599,over_prediction
91,91,44,56.63618,12.636180877685547,12.636180877685547,47.31266571589999,-99.11881524451998,146.43148096041992,over_prediction
91,92,43,45.640457,2.6404571533203125,2.6404571533203125,46.25980491699999,-109.06168216002001,155.32148707702004,over_prediction
91,93,42,46.79172,4.791721343994141,4.791721343994141,47.62529935604001,-109.27589459622004,156.90119395226003,over_prediction
91,94,41,45.755226,4.755226135253906,4.755226135253906,46.20836222329999,-108.89547041142002,155.10383263471994,over_prediction
91,95,40,39.834824,-0.1651763916015625,0.1651763916015625,43.32427431850001,-111.93178707922002,155.25606139771992,under_prediction
91,96,39,38.870426,-0.12957382202148438,0.12957382202148438,42.51359206079999,-112.08547626100005,154.59906832179996,under_prediction
91,97,38,40.843147,2.8431472778320312,2.8431472778320312,43.891583029100005,-111.49078694825998,155.38236997735993,over_prediction
91,98,37,40.712673,3.7126731872558594,3.7126731872558594,44.88247767639999,-112.61212672042002,157.49460439682,over_prediction
91,99,36,38.621094,2.62109375,2.62109375,43.98281677884,-113.80404310699998,157.78685988584,over_prediction
91,100,35,36.156673,1.1566734313964844,1.1566734313964844,42.8950069533,-115.18066123381995,158.07566818712,over_prediction
91,101,34,37.37524,3.3752403259277344,3.3752403259277344,41.1790559803,-112.24612787242005,153.42518385271998,over_prediction
91,102,33,37.940372,4.940372467041016,4.940372467041016,40.922216724200005,-111.42416744226,152.34638416646007,over_prediction
91,103,32,36.01714,4.017139434814453,4.017139434814453,39.902729234000006,-112.32790874582004,152.23063797982007,over_prediction
91,104,31,35.38784,4.387840270996094,4.387840270996094,38.10754954780001,-111.16204019162,149.26958973942013,over_prediction
91,105,30,36.55085,6.550849914550781,6.550849914550781,39.85036455060002,-111.74185035872,151.59221490932,over_prediction
91,106,29,35.615036,6.6150360107421875,6.6150360107421875,39.5730002713,-112.40028062502003,151.97328089632,over_prediction
91,107,28,31.952314,3.9523143768310547,3.9523143768310547,38.1701388939,-114.66008479162001,152.83022368552,over_prediction
91,108,27,30.013842,3.0138416290283203,3.0138416290283203,37.90750533680001,-116.33594755692002,154.2434528937199,over_prediction
91,109,26,26.05471,0.05471038818359375,0.05471038818359375,36.009811434899994,-118.39738946398,154.40720089888,over_prediction
91,110,25,21.381893,-3.6181068420410156,3.6181068420410156,36.0703726708,-123.13077109312003,159.20114376392,under_prediction
91,111,24,18.453836,-5.546163558959961,5.546163558959961,35.71663225359999,-125.70508801592004,161.4217202695199,under_prediction
91,112,23,20.639544,-2.3604564666748047,2.3604564666748047,37.801788962799996,-125.60454177819997,163.40633074099998,under_prediction
91,113,22,19.271029,-2.728971481323242,2.728971481323242,39.494115903799994,-128.66538014842,168.15949605222002,under_prediction
91,114,21,19.71022,-1.2897796630859375,1.2897796630859375,43.0349851221,-131.76703915072002,174.80202427282006,under_prediction
91,115,20,21.065361,1.0653610229492188,1.0653610229492188,42.49590707519999,-129.87285107631993,172.36875815151998,over_prediction
91,116,19,23.105541,4.105541229248047,4.105541229248047,44.34994996295001,-129.68668056212002,174.03663052507,over_prediction
91,117,18,25.712357,7.7123565673828125,7.7123565673828125,44.87456557710001,-127.60450481072004,172.47907038781997,over_prediction
91,118,17,24.711843,7.711843490600586,7.711843490600586,48.42942465014999,-132.15985149592004,180.58927614607003,over_prediction
91,119,16,22.513159,6.513158798217773,6.513158798217773,44.2545811453,-130.18370015760004,174.4382813029,over_prediction
91,120,15,17.927774,2.927774429321289,2.927774429321289,38.89312163439998,-129.40764053075998,168.30076216516005,over_prediction
91,121,14,16.185822,2.185821533203125,2.185821533203125,37.1540424541,-129.41051793722002,166.56456039132007,over_prediction
91,122,13,15.373849,2.3738489151000977,2.3738489151000977,40.563591498,-133.63203615001996,174.19562764801995,over_prediction
91,123,12,14.604506,2.6045055389404297,2.6045055389404297,39.004963368500015,-132.84277466942,171.84773803791998,over_prediction
91,124,11,13.628814,2.6288137435913086,2.6288137435913086,39.11438351810001,-133.92786883391997,173.04225235201997,over_prediction
91,125,10,13.008364,3.008363723754883,3.008363723754883,38.34352825039999,-133.77747722402006,172.12100547442012,over_prediction
91,126,9,15.273009,6.273009300231934,6.273009300231934,41.86231853259999,-135.03161480172005,176.89393333432005,over_prediction
91,127,8,9.303052,1.3030519485473633,1.3030519485473633,37.92404171539999,-137.06327610786994,174.9873178232699,over_prediction
91,128,7,3.983019,-3.0169808864593506,3.0169808864593506,38.17176284750002,-142.63101967332005,180.80278252082,under_prediction
91,129,6,5.744051,-0.2559490203857422,0.2559490203857422,35.2772369188,-137.97548116232005,173.25271808112004,under_prediction
91,130,5,2.1438081,-2.856191873550415,2.856191873550415,33.5440233081,-139.84249192482008,173.38651523292006,under_prediction
91,131,4,3.0646915,-0.9353084564208984,0.9353084564208984,33.94875884439999,-139.32633935942,173.27509820382008,under_prediction
91,132,3,2.9119453,-0.08805465698242188,0.08805465698242188,35.05919726770001,-140.5895369635,175.64873423120002,under_prediction
91,133,2,-1.7356144,-3.7356144189834595,3.7356144189834595,31.890471110060005,-142.06837209031997,173.95884320038004,under_prediction
91,134,1,-0.6798278,-1.6798278093338013,1.6798278093338013,31.393700529599997,-140.51582024480004,171.90952077439994,under_prediction
91,135,0,-0.9402797,-0.9402797222137451,0.9402797222137451,32.48767869539999,-141.87024273122,174.35792142662007,under_prediction
