unit_id,cycle,RUL,predicted_RUL,error,absolute_error,error_direction,risk_level,risk_score
1,1,191,213.68254,22.682540893554688,22.682540893554688,over_prediction,Normal,0
1,2,190,218.14742,28.14741516113281,28.14741516113281,over_prediction,Normal,0
1,3,189,250.02678,61.02677917480469,61.02677917480469,over_prediction,Normal,0
1,4,188,197.87332,9.873321533203123,9.873321533203123,over_prediction,Normal,0
1,5,187,226.71034,39.71034240722656,39.71034240722656,over_prediction,Normal,0
1,6,186,208.39333,22.393325805664062,22.393325805664062,over_prediction,Normal,0
1,7,185,224.87762,39.87762451171875,39.87762451171875,over_prediction,Normal,0
1,8,184,197.16699,13.1669921875,13.1669921875,over_prediction,Normal,0
1,9,183,161.9985,-21.001495361328125,21.001495361328125,under_prediction,Normal,0
1,10,182,157.4691,-24.53089904785156,24.53089904785156,under_prediction,Normal,0
1,11,181,165.99554,-15.00445556640625,15.00445556640625,under_prediction,Normal,0
1,12,180,161.28427,-18.715728759765625,18.715728759765625,under_prediction,Normal,0
1,13,179,187.1093,8.109298706054688,8.109298706054688,over_prediction,Normal,0
1,14,178,169.6196,-8.380401611328125,8.380401611328125,under_prediction,Normal,0
1,15,177,162.08263,-14.917373657226562,14.917373657226562,under_prediction,Normal,0
1,16,176,171.11223,-4.8877716064453125,4.8877716064453125,under_prediction,Normal,0
1,17,175,192.51312,17.51312255859375,17.51312255859375,over_prediction,Normal,0
1,18,174,186.97076,12.97076416015625,12.97076416015625,over_prediction,Normal,0
1,19,173,172.7634,-0.236602783203125,0.236602783203125,under_prediction,Normal,0
1,20,172,160.83826,-11.1617431640625,11.1617431640625,under_prediction,Normal,0
1,21,171,150.65173,-20.3482666015625,20.3482666015625,under_prediction,Normal,0
1,22,170,168.52386,-1.47613525390625,1.47613525390625,under_prediction,Normal,0
1,23,169,186.37857,17.378570556640625,17.378570556640625,over_prediction,Normal,0
1,24,168,186.18686,18.18685913085937,18.18685913085937,over_prediction,Normal,0
1,25,167,146.27573,-20.724273681640625,20.724273681640625,under_prediction,Normal,0
1,26,166,144.91985,-21.080154418945312,21.080154418945312,under_prediction,Normal,0
1,27,165,127.11579,-37.88420867919922,37.88420867919922,under_prediction,Normal,0
1,28,164,157.72217,-6.27783203125,6.27783203125,under_prediction,Normal,0
1,29,163,163.81847,0.8184661865234375,0.8184661865234375,over_prediction,Normal,0
1,30,162,146.88393,-15.116073608398438,15.116073608398438,under_prediction,Normal,0
1,31,161,171.666,10.666000366210938,10.666000366210938,over_prediction,Normal,0
1,32,160,178.63577,18.635772705078125,18.635772705078125,over_prediction,Normal,0
1,33,159,201.77715,42.77714538574219,42.77714538574219,over_prediction,Normal,0
1,34,158,199.9846,41.98460388183594,41.98460388183594,over_prediction,Normal,0
1,35,157,207.94707,50.94706726074219,50.94706726074219,over_prediction,Normal,0
1,36,156,180.58334,24.58334350585937,24.58334350585937,over_prediction,Normal,0
1,37,155,191.81584,36.81584167480469,36.81584167480469,over_prediction,Normal,0
1,38,154,194.59734,40.59733581542969,40.59733581542969,over_prediction,Normal,0
1,39,153,178.82062,25.82061767578125,25.82061767578125,over_prediction,Normal,0
1,40,152,182.49812,30.498123168945312,30.498123168945312,over_prediction,Normal,0
1,41,151,204.13753,53.13752746582031,53.13752746582031,over_prediction,Normal,0
1,42,150,201.05669,51.05668640136719,51.05668640136719,over_prediction,Normal,0
1,43,149,203.09848,54.098480224609375,54.098480224609375,over_prediction,Normal,0
1,44,148,238.4071,90.4071044921875,90.4071044921875,over_prediction,Normal,0
1,45,147,230.76768,83.76768493652344,83.76768493652344,over_prediction,Normal,0
1,46,146,210.28113,64.2811279296875,64.2811279296875,over_prediction,Normal,0
1,47,145,223.52678,78.52677917480469,78.52677917480469,over_prediction,Normal,0
1,48,144,212.82997,68.82997131347656,68.82997131347656,over_prediction,Normal,0
1,49,143,218.46103,75.46102905273438,75.46102905273438,over_prediction,Normal,0
1,50,142,220.79907,78.799072265625,78.799072265625,over_prediction,Normal,0
1,51,141,220.39774,79.39773559570312,79.39773559570312,over_prediction,Normal,0
1,52,140,204.26492,64.26492309570312,64.26492309570312,over_prediction,Normal,0
1,53,139,203.27101,64.27101135253906,64.27101135253906,over_prediction,Normal,0
1,54,138,189.9369,51.93690490722656,51.93690490722656,over_prediction,Normal,0
1,55,137,212.73813,75.73812866210938,75.73812866210938,over_prediction,Normal,0
1,56,136,220.05486,84.05485534667969,84.05485534667969,over_prediction,Normal,0
1,57,135,215.91335,80.91334533691406,80.91334533691406,over_prediction,Normal,0
1,58,134,238.39272,104.39271545410156,104.39271545410156,over_prediction,Normal,0
1,59,133,229.41655,96.4165496826172,96.4165496826172,over_prediction,Normal,0
1,60,132,254.75803,122.75802612304688,122.75802612304688,over_prediction,Normal,0
1,61,131,249.27614,118.27613830566406,118.27613830566406,over_prediction,Normal,0
1,62,130,253.99606,123.99606323242188,123.99606323242188,over_prediction,Normal,0
1,63,129,227.40195,98.40194702148438,98.40194702148438,over_prediction,Normal,0
1,64,128,215.50035,87.50035095214844,87.50035095214844,over_prediction,Normal,0
1,65,127,182.55515,55.55514526367188,55.55514526367188,over_prediction,Normal,0
1,66,126,182.49924,56.49923706054688,56.49923706054688,over_prediction,Normal,0
1,67,125,193.12405,68.12405395507812,68.12405395507812,over_prediction,Normal,0
1,68,124,180.23352,56.2335205078125,56.2335205078125,over_prediction,Normal,0
1,69,123,190.86292,67.8629150390625,67.8629150390625,over_prediction,Normal,0
1,70,122,170.97208,48.972076416015625,48.972076416015625,over_prediction,Normal,0
1,71,121,186.90094,65.90093994140625,65.90093994140625,over_prediction,Normal,0
1,72,120,182.451,62.45100402832031,62.45100402832031,over_prediction,Normal,0
1,73,119,200.74477,81.74476623535156,81.74476623535156,over_prediction,Normal,0
1,74,118,207.39821,89.39820861816406,89.39820861816406,over_prediction,Normal,0
1,75,117,172.83182,55.831817626953125,55.831817626953125,over_prediction,Normal,0
1,76,116,169.16249,53.16249084472656,53.16249084472656,over_prediction,Normal,0
1,77,115,201.2646,86.26460266113281,86.26460266113281,over_prediction,Normal,0
1,78,114,188.12428,74.12428283691406,74.12428283691406,over_prediction,Normal,0
1,79,113,173.25204,60.252044677734375,60.252044677734375,over_prediction,Normal,0
1,80,112,170.16522,58.16522216796875,58.16522216796875,over_prediction,Normal,0
1,81,111,135.12503,24.125030517578125,24.125030517578125,over_prediction,Normal,0
1,82,110,139.21077,29.210769653320312,29.210769653320312,over_prediction,Normal,0
1,83,109,133.76326,24.763259887695312,24.763259887695312,over_prediction,Normal,0
1,84,108,122.338844,14.338844299316406,14.338844299316406,over_prediction,Normal,0
1,85,107,130.05028,23.050277709960938,23.050277709960938,over_prediction,Normal,0
1,86,106,135.56157,29.561569213867188,29.561569213867188,over_prediction,Normal,0
1,87,105,124.81465,19.81465148925781,19.81465148925781,over_prediction,Normal,0
1,88,104,109.966324,5.966323852539063,5.966323852539063,over_prediction,Normal,0
1,89,103,111.389565,8.389564514160156,8.389564514160156,over_prediction,Normal,0
1,90,102,117.15646,15.156463623046877,15.156463623046877,over_prediction,Normal,0
1,91,101,118.50169,17.501693725585938,17.501693725585938,over_prediction,Normal,0
1,92,100,119.729744,19.72974395751953,19.72974395751953,over_prediction,Normal,0
1,93,99,94.99773,-4.0022735595703125,4.0022735595703125,under_prediction,Normal,0
1,94,98,106.673805,8.673805236816406,8.673805236816406,over_prediction,Normal,0
1,95,97,124.11286,27.11286163330078,27.11286163330078,over_prediction,Normal,0
1,96,96,127.006966,31.00696563720703,31.00696563720703,over_prediction,Normal,0
1,97,95,124.83569,29.835693359375,29.835693359375,over_prediction,Normal,0
1,98,94,126.48726,32.48725891113281,32.48725891113281,over_prediction,Normal,0
1,99,93,116.836494,23.83649444580078,23.83649444580078,over_prediction,Normal,0
1,100,92,116.86591,24.86591339111328,24.86591339111328,over_prediction,Normal,0
1,101,91,135.80576,44.805755615234375,44.805755615234375,over_prediction,Normal,0
1,102,90,119.71949,29.71949005126953,29.71949005126953,over_prediction,Normal,0
1,103,89,122.65167,33.65167236328125,33.65167236328125,over_prediction,Normal,0
1,104,88,120.05621,32.05621337890625,32.05621337890625,over_prediction,Normal,0
1,105,87,126.03117,39.03117370605469,39.03117370605469,over_prediction,Normal,0
1,106,86,127.348015,41.34801483154297,41.34801483154297,over_prediction,Normal,0
1,107,85,133.11386,48.113861083984375,48.113861083984375,over_prediction,Normal,0
1,108,84,151.47841,67.47840881347656,67.47840881347656,over_prediction,Normal,0
1,109,83,137.6774,54.67739868164063,54.67739868164063,over_prediction,Normal,0
1,110,82,122.57537,40.57537078857422,40.57537078857422,over_prediction,Normal,0
1,111,81,127.11231,46.11231231689453,46.11231231689453,over_prediction,Normal,0
1,112,80,124.8611,44.86109924316406,44.86109924316406,over_prediction,Normal,0
1,113,79,127.96992,48.96991729736328,48.96991729736328,over_prediction,Normal,0
1,114,78,132.03795,54.03794860839844,54.03794860839844,over_prediction,Normal,0
1,115,77,126.346436,49.346435546875,49.346435546875,over_prediction,Normal,0
1,116,76,148.30229,72.30229187011719,72.30229187011719,over_prediction,Normal,0
1,117,75,148.42815,73.42814636230469,73.42814636230469,over_prediction,Normal,0
1,118,74,160.24292,86.242919921875,86.242919921875,over_prediction,Normal,0
1,119,73,154.69775,81.69775390625,81.69775390625,over_prediction,Normal,0
1,120,72,142.18137,70.18136596679688,70.18136596679688,over_prediction,Normal,0
1,121,71,126.24393,55.243927001953125,55.243927001953125,over_prediction,Normal,0
1,122,70,111.4704,41.47039794921875,41.47039794921875,over_prediction,Normal,0
1,123,69,103.14446,34.14446258544922,34.14446258544922,over_prediction,Normal,0
1,124,68,102.704346,34.704345703125,34.704345703125,over_prediction,Normal,0
1,125,67,96.73763,29.737632751464844,29.737632751464844,over_prediction,Normal,0
1,126,66,120.961876,54.961875915527344,54.961875915527344,over_prediction,Normal,0
1,127,65,114.47391,49.473907470703125,49.473907470703125,over_prediction,Normal,0
1,128,64,125.44314,61.443138122558594,61.443138122558594,over_prediction,Normal,0
1,129,63,116.42468,53.4246826171875,53.4246826171875,over_prediction,Normal,0
1,130,62,134.69057,72.69056701660156,72.69056701660156,over_prediction,Normal,0
1,131,61,120.47932,59.47931671142578,59.47931671142578,over_prediction,Normal,0
1,132,60,118.42703,58.427032470703125,58.427032470703125,over_prediction,Normal,0
1,133,59,116.91753,57.91752624511719,57.91752624511719,over_prediction,Normal,0
1,134,58,107.42897,49.42897033691406,49.42897033691406,over_prediction,Normal,0
1,135,57,128.43172,71.43171691894531,71.43171691894531,over_prediction,Normal,0
1,136,56,133.37125,77.37124633789062,77.37124633789062,over_prediction,Normal,0
1,137,55,124.16966,69.16966247558594,69.16966247558594,over_prediction,Normal,0
1,138,54,128.98978,74.98977661132812,74.98977661132812,over_prediction,Normal,0
1,139,53,131.88489,78.8848876953125,78.8848876953125,over_prediction,Normal,0
1,140,52,123.46844,71.46843719482422,71.46843719482422,over_prediction,Normal,0
1,141,51,123.15894,72.15894317626953,72.15894317626953,over_prediction,Normal,0
1,142,50,128.05542,78.055419921875,78.055419921875,over_prediction,Normal,0
1,143,49,130.06415,81.06414794921875,81.06414794921875,over_prediction,Normal,0
1,144,48,116.273674,68.27367401123047,68.27367401123047,over_prediction,Normal,0
1,145,47,112.103676,65.10367584228516,65.10367584228516,over_prediction,Normal,0
1,146,46,97.111435,51.11143493652344,51.11143493652344,over_prediction,Normal,0
1,147,45,111.87236,66.87236022949219,66.87236022949219,over_prediction,Normal,0
1,148,44,91.93113,47.931129455566406,47.931129455566406,over_prediction,Normal,0
1,149,43,71.512726,28.512725830078125,28.512725830078125,over_prediction,Normal,0
1,150,42,64.805405,22.805404663085938,22.805404663085938,over_prediction,Normal,0
1,151,41,64.831436,23.83143615722656,23.83143615722656,over_prediction,Normal,0
1,152,40,44.42083,4.420829772949219,4.420829772949219,over_prediction,Warning,50
1,153,39,32.345695,-6.654304504394531,6.654304504394531,under_prediction,Warning,50
1,154,38,25.31485,-12.685150146484377,12.685150146484377,under_prediction,Warning,50
1,155,37,29.853619,-7.146381378173828,7.146381378173828,under_prediction,Warning,50
1,156,36,32.809772,-3.190227508544922,3.190227508544922,under_prediction,Warning,50
1,157,35,34.10627,-0.8937301635742188,0.8937301635742188,under_prediction,Warning,50
1,158,34,40.491776,6.4917755126953125,6.4917755126953125,over_prediction,Warning,50
1,159,33,44.21351,11.213508605957031,11.213508605957031,over_prediction,Warning,50
1,160,32,51.94258,19.94258117675781,19.94258117675781,over_prediction,Normal,0
1,161,31,56.649727,25.64972686767578,25.64972686767578,over_prediction,Normal,0
1,162,30,69.865654,39.86565399169922,39.86565399169922,over_prediction,Normal,0
1,163,29,33.46002,4.460018157958984,4.460018157958984,over_prediction,Warning,50
1,164,28,37.262043,9.262042999267578,9.262042999267578,over_prediction,Warning,50
1,165,27,35.183113,8.183113098144531,8.183113098144531,over_prediction,Warning,50
1,166,26,28.666931,2.66693115234375,2.66693115234375,over_prediction,Warning,50
1,167,25,31.400547,6.400547027587891,6.400547027587891,over_prediction,Warning,50
1,168,24,33.75854,9.758541107177734,9.758541107177734,over_prediction,Warning,50
1,169,23,40.551064,17.551063537597656,17.551063537597656,over_prediction,Warning,50
1,170,22,34.292103,12.292102813720703,12.292102813720703,over_prediction,Warning,50
1,171,21,35.533634,14.533634185791016,14.533634185791016,over_prediction,Warning,50
1,172,20,31.686537,11.68653678894043,11.68653678894043,over_prediction,Warning,50
1,173,19,21.661816,2.661815643310547,2.661815643310547,over_prediction,Warning,50
1,174,18,24.653889,6.653888702392578,6.653888702392578,over_prediction,Warning,50
1,175,17,20.477926,3.477926254272461,3.477926254272461,over_prediction,Warning,50
1,176,16,20.01637,4.01637077331543,4.01637077331543,over_prediction,Warning,50
1,177,15,26.806087,11.806087493896484,11.806087493896484,over_prediction,Warning,50
1,178,14,22.996864,8.996864318847656,8.996864318847656,over_prediction,Warning,50
1,179,13,20.501297,7.501296997070312,7.501296997070312,over_prediction,Warning,50
1,180,12,23.51289,11.512889862060549,11.512889862060549,over_prediction,Warning,50
1,181,11,24.44573,13.445730209350586,13.445730209350586,over_prediction,Warning,50
1,182,10,24.310638,14.310638427734377,14.310638427734377,over_prediction,Warning,50
1,183,9,19.722578,10.722578048706056,10.722578048706056,over_prediction,Critical,100
1,184,8,13.431644,5.431644439697266,5.431644439697266,over_prediction,Critical,100
1,185,7,8.935652,1.935651779174805,1.935651779174805,over_prediction,Critical,100
1,186,6,11.742,5.741999626159668,5.741999626159668,over_prediction,Critical,100
1,187,5,6.3038373,1.3038372993469238,1.3038372993469238,over_prediction,Critical,100
1,188,4,16.374538,12.37453842163086,12.37453842163086,over_prediction,Critical,100
1,189,3,4.65358,1.6535801887512207,1.6535801887512207,over_prediction,Critical,100
1,190,2,6.6410446,4.641044616699219,4.641044616699219,over_prediction,Critical,100
1,191,1,3.073026,2.073025941848755,2.073025941848755,over_prediction,Critical,100
1,192,0,6.2544312,6.254431247711182,6.254431247711182,over_prediction,Critical,100
5,1,268,222.5652,-45.43479919433594,45.43479919433594,under_prediction,Normal,0
5,2,267,207.65518,-59.344818115234375,59.344818115234375,under_prediction,Normal,0
5,3,266,208.99077,-57.00923156738281,57.00923156738281,under_prediction,Normal,0
5,4,265,234.25221,-30.747787475585938,30.747787475585938,under_prediction,Normal,0
5,5,264,238.968,-25.031997680664062,25.031997680664062,under_prediction,Normal,0
5,6,263,232.52087,-30.4791259765625,30.4791259765625,under_prediction,Normal,0
5,7,262,233.41026,-28.58973693847656,28.58973693847656,under_prediction,Normal,0
5,8,261,230.19678,-30.80322265625,30.80322265625,under_prediction,Normal,0
5,9,260,220.57616,-39.42384338378906,39.42384338378906,under_prediction,Normal,0
5,10,259,213.98444,-45.01556396484375,45.01556396484375,under_prediction,Normal,0
5,11,258,212.50868,-45.49131774902344,45.49131774902344,under_prediction,Normal,0
5,12,257,211.02943,-45.97056579589844,45.97056579589844,under_prediction,Normal,0
5,13,256,224.78992,-31.2100830078125,31.2100830078125,under_prediction,Normal,0
5,14,255,206.95543,-48.04457092285156,48.04457092285156,under_prediction,Normal,0
5,15,254,215.6055,-38.39450073242188,38.39450073242188,under_prediction,Normal,0
5,16,253,222.16002,-30.83998107910156,30.83998107910156,under_prediction,Normal,0
5,17,252,233.19455,-18.805450439453125,18.805450439453125,under_prediction,Normal,0
5,18,251,225.49081,-25.509185791015625,25.509185791015625,under_prediction,Normal,0
5,19,250,223.12347,-26.87652587890625,26.87652587890625,under_prediction,Normal,0
5,20,249,203.44795,-45.55204772949219,45.55204772949219,under_prediction,Normal,0
5,21,248,192.58197,-55.41802978515625,55.41802978515625,under_prediction,Normal,0
5,22,247,212.5817,-34.418304443359375,34.418304443359375,under_prediction,Normal,0
5,23,246,201.06024,-44.93975830078125,44.93975830078125,under_prediction,Normal,0
5,24,245,196.7014,-48.29859924316406,48.29859924316406,under_prediction,Normal,0
5,25,244,195.00244,-48.99755859375,48.99755859375,under_prediction,Normal,0
5,26,243,202.72304,-40.27696228027344,40.27696228027344,under_prediction,Normal,0
5,27,242,198.36095,-43.63905334472656,43.63905334472656,under_prediction,Normal,0
5,28,241,190.55104,-50.44895935058594,50.44895935058594,under_prediction,Normal,0
5,29,240,185.04906,-54.95094299316406,54.95094299316406,under_prediction,Normal,0
5,30,239,186.47728,-52.52272033691406,52.52272033691406,under_prediction,Normal,0
5,31,238,193.30054,-44.699462890625,44.699462890625,under_prediction,Normal,0
5,32,237,188.81822,-48.18177795410156,48.18177795410156,under_prediction,Normal,0
5,33,236,188.30124,-47.698760986328125,47.698760986328125,under_prediction,Normal,0
5,34,235,182.14265,-52.85734558105469,52.85734558105469,under_prediction,Normal,0
5,35,234,179.20335,-54.79664611816406,54.79664611816406,under_prediction,Normal,0
5,36,233,181.50377,-51.49623107910156,51.49623107910156,under_prediction,Normal,0
5,37,232,175.89473,-56.10527038574219,56.10527038574219,under_prediction,Normal,0
5,38,231,180.17322,-50.8267822265625,50.8267822265625,under_prediction,Normal,0
5,39,230,187.41559,-42.58441162109375,42.58441162109375,under_prediction,Normal,0
5,40,229,181.93074,-47.06925964355469,47.06925964355469,under_prediction,Normal,0
5,41,228,180.33823,-47.66177368164063,47.66177368164063,under_prediction,Normal,0
5,42,227,192.14363,-34.85636901855469,34.85636901855469,under_prediction,Normal,0
5,43,226,198.60667,-27.393325805664062,27.393325805664062,under_prediction,Normal,0
5,44,225,189.92249,-35.0775146484375,35.0775146484375,under_prediction,Normal,0
5,45,224,202.91057,-21.089431762695312,21.089431762695312,under_prediction,Normal,0
5,46,223,193.40353,-29.596466064453125,29.596466064453125,under_prediction,Normal,0
5,47,222,200.266,-21.73399353027344,21.73399353027344,under_prediction,Normal,0
5,48,221,202.34273,-18.657272338867188,18.657272338867188,under_prediction,Normal,0
5,49,220,201.47862,-18.52137756347656,18.52137756347656,under_prediction,Normal,0
5,50,219,200.59743,-18.402572631835938,18.402572631835938,under_prediction,Normal,0
5,51,218,206.81914,-11.180862426757812,11.180862426757812,under_prediction,Normal,0
5,52,217,211.6566,-5.3433990478515625,5.3433990478515625,under_prediction,Normal,0
5,53,216,222.67815,6.678146362304688,6.678146362304688,over_prediction,Normal,0
5,54,215,228.13403,13.134033203125,13.134033203125,over_prediction,Normal,0
5,55,214,218.45264,4.45263671875,4.45263671875,over_prediction,Normal,0
5,56,213,216.34547,3.3454742431640625,3.3454742431640625,over_prediction,Normal,0
5,57,212,220.71416,8.714157104492188,8.714157104492188,over_prediction,Normal,0
5,58,211,214.93195,3.93194580078125,3.93194580078125,over_prediction,Normal,0
5,59,210,195.47119,-14.52880859375,14.52880859375,under_prediction,Normal,0
5,60,209,204.92055,-4.0794525146484375,4.0794525146484375,under_prediction,Normal,0
5,61,208,191.8409,-16.159103393554688,16.159103393554688,under_prediction,Normal,0
5,62,207,186.64331,-20.356689453125,20.356689453125,under_prediction,Normal,0
5,63,206,190.20613,-15.793869018554688,15.793869018554688,under_prediction,Normal,0
5,64,205,194.99876,-10.001235961914062,10.001235961914062,under_prediction,Normal,0
5,65,204,193.693,-10.3070068359375,10.3070068359375,under_prediction,Normal,0
5,66,203,176.65446,-26.345535278320312,26.345535278320312,under_prediction,Normal,0
5,67,202,185.16202,-16.837982177734375,16.837982177734375,under_prediction,Normal,0
5,68,201,208.4998,7.4998016357421875,7.4998016357421875,over_prediction,Normal,0
5,69,200,188.82474,-11.175262451171877,11.175262451171877,under_prediction,Normal,0
5,70,199,191.2031,-7.796905517578125,7.796905517578125,under_prediction,Normal,0
5,71,198,218.27303,20.273025512695312,20.273025512695312,over_prediction,Normal,0
5,72,197,219.36249,22.36248779296875,22.36248779296875,over_prediction,Normal,0
5,73,196,204.2995,8.29949951171875,8.29949951171875,over_prediction,Normal,0
5,74,195,196.34393,1.34393310546875,1.34393310546875,over_prediction,Normal,0
5,75,194,179.40887,-14.59112548828125,14.59112548828125,under_prediction,Normal,0
5,76,193,178.43529,-14.564712524414062,14.564712524414062,under_prediction,Normal,0
5,77,192,168.91634,-23.083663940429688,23.083663940429688,under_prediction,Normal,0
5,78,191,157.98328,-33.0167236328125,33.0167236328125,under_prediction,Normal,0
5,79,190,151.35521,-38.64479064941406,38.64479064941406,under_prediction,Normal,0
5,80,189,149.87204,-39.127960205078125,39.127960205078125,under_prediction,Normal,0
5,81,188,155.75493,-32.24507141113281,32.24507141113281,under_prediction,Normal,0
5,82,187,153.63303,-33.366973876953125,33.366973876953125,under_prediction,Normal,0
5,83,186,159.69713,-26.30287170410156,26.30287170410156,under_prediction,Normal,0
5,84,185,160.50516,-24.494842529296875,24.494842529296875,under_prediction,Normal,0
5,85,184,157.2457,-26.754302978515625,26.754302978515625,under_prediction,Normal,0
5,86,183,161.09312,-21.90687561035156,21.90687561035156,under_prediction,Normal,0
5,87,182,164.82567,-17.174331665039062,17.174331665039062,under_prediction,Normal,0
5,88,181,155.07462,-25.92538452148437,25.92538452148437,under_prediction,Normal,0
5,89,180,157.33406,-22.665939331054688,22.665939331054688,under_prediction,Normal,0
5,90,179,163.4603,-15.539703369140623,15.539703369140623,under_prediction,Normal,0
5,91,178,177.1523,-0.8477020263671875,0.8477020263671875,under_prediction,Normal,0
5,92,177,172.02904,-4.970962524414063,4.970962524414063,under_prediction,Normal,0
5,93,176,165.13376,-10.866241455078123,10.866241455078123,under_prediction,Normal,0
5,94,175,174.61731,-0.3826904296875,0.3826904296875,under_prediction,Normal,0
5,95,174,190.46516,16.465164184570312,16.465164184570312,over_prediction,Normal,0
5,96,173,195.21501,22.215011596679688,22.215011596679688,over_prediction,Normal,0
5,97,172,196.44977,24.44976806640625,24.44976806640625,over_prediction,Normal,0
5,98,171,206.38683,35.38682556152344,35.38682556152344,over_prediction,Normal,0
5,99,170,200.97641,30.97640991210937,30.97640991210937,over_prediction,Normal,0
5,100,169,178.66714,9.667144775390623,9.667144775390623,over_prediction,Normal,0
5,101,168,167.37187,-0.6281280517578125,0.6281280517578125,under_prediction,Normal,0
5,102,167,164.91714,-2.082855224609375,2.082855224609375,under_prediction,Normal,0
5,103,166,151.96475,-14.035247802734377,14.035247802734377,under_prediction,Normal,0
5,104,165,144.73898,-20.261016845703125,20.261016845703125,under_prediction,Normal,0
5,105,164,132.52681,-31.473190307617188,31.473190307617188,under_prediction,Normal,0
5,106,163,143.20657,-19.793426513671875,19.793426513671875,under_prediction,Normal,0
5,107,162,142.31258,-19.687423706054688,19.687423706054688,under_prediction,Normal,0
5,108,161,154.1337,-6.866302490234375,6.866302490234375,under_prediction,Normal,0
5,109,160,156.71999,-3.280014038085937,3.280014038085937,under_prediction,Normal,0
5,110,159,149.09474,-9.905258178710938,9.905258178710938,under_prediction,Normal,0
5,111,158,144.68199,-13.318008422851562,13.318008422851562,under_prediction,Normal,0
5,112,157,147.48169,-9.518310546875,9.518310546875,under_prediction,Normal,0
5,113,156,144.76332,-11.236679077148438,11.236679077148438,under_prediction,Normal,0
5,114,155,136.5838,-18.41619873046875,18.41619873046875,under_prediction,Normal,0
5,115,154,143.82867,-10.17132568359375,10.17132568359375,under_prediction,Normal,0
5,116,153,136.52562,-16.474380493164062,16.474380493164062,under_prediction,Normal,0
5,117,152,137.74922,-14.250778198242188,14.250778198242188,under_prediction,Normal,0
5,118,151,136.25275,-14.74725341796875,14.74725341796875,under_prediction,Normal,0
5,119,150,131.21321,-18.786788940429688,18.786788940429688,under_prediction,Normal,0
5,120,149,134.69705,-14.302947998046877,14.302947998046877,under_prediction,Normal,0
5,121,148,121.06625,-26.933746337890625,26.933746337890625,under_prediction,Normal,0
5,122,147,129.03427,-17.965728759765625,17.965728759765625,under_prediction,Normal,0
5,123,146,140.82347,-5.176528930664063,5.176528930664063,under_prediction,Normal,0
5,124,145,126.38545,-18.614547729492188,18.614547729492188,under_prediction,Normal,0
5,125,144,125.16998,-18.83001708984375,18.83001708984375,under_prediction,Normal,0
5,126,143,127.23915,-15.760848999023438,15.760848999023438,under_prediction,Normal,0
5,127,142,127.46763,-14.532371520996094,14.532371520996094,under_prediction,Normal,0
5,128,141,121.031494,-19.968505859375,19.968505859375,under_prediction,Normal,0
5,129,140,117.49822,-22.50177764892578,22.50177764892578,under_prediction,Normal,0
5,130,139,115.65371,-23.346290588378903,23.346290588378903,under_prediction,Normal,0
5,131,138,112.77288,-25.22711944580078,25.22711944580078,under_prediction,Normal,0
5,132,137,133.67014,-3.329864501953125,3.329864501953125,under_prediction,Normal,0
5,133,136,128.363,-7.636993408203125,7.636993408203125,under_prediction,Normal,0
5,134,135,128.21555,-6.784454345703125,6.784454345703125,under_prediction,Normal,0
5,135,134,133.36191,-0.638092041015625,0.638092041015625,under_prediction,Normal,0
5,136,133,128.50844,-4.4915618896484375,4.4915618896484375,under_prediction,Normal,0
5,137,132,115.17207,-16.827926635742188,16.827926635742188,under_prediction,Normal,0
5,138,131,125.2136,-5.786399841308594,5.786399841308594,under_prediction,Normal,0
5,139,130,117.82888,-12.171119689941406,12.171119689941406,under_prediction,Normal,0
5,140,129,128.23187,-0.76812744140625,0.76812744140625,under_prediction,Normal,0
5,141,128,119.14266,-8.857337951660156,8.857337951660156,under_prediction,Normal,0
5,142,127,123.2589,-3.7410964965820312,3.7410964965820312,under_prediction,Normal,0
5,143,126,120.88548,-5.114517211914063,5.114517211914063,under_prediction,Normal,0
5,144,125,119.81753,-5.182472229003906,5.182472229003906,under_prediction,Normal,0
5,145,124,102.24379,-21.75621032714844,21.75621032714844,under_prediction,Normal,0
5,146,123,95.27806,-27.721939086914062,27.721939086914062,under_prediction,Normal,0
5,147,122,102.41258,-19.587417602539062,19.587417602539062,under_prediction,Normal,0
5,148,121,116.92893,-4.071067810058594,4.071067810058594,under_prediction,Normal,0
5,149,120,124.47832,4.478317260742188,4.478317260742188,over_prediction,Normal,0
5,150,119,121.58795,2.58795166015625,2.58795166015625,over_prediction,Normal,0
5,151,118,111.37905,-6.620948791503906,6.620948791503906,under_prediction,Normal,0
5,152,117,101.716736,-15.28326416015625,15.28326416015625,under_prediction,Normal,0
5,153,116,87.24061,-28.75939178466797,28.75939178466797,under_prediction,Normal,0
5,154,115,82.629585,-32.37041473388672,32.37041473388672,under_prediction,Normal,0
5,155,114,92.26532,-21.73468017578125,21.73468017578125,under_prediction,Normal,0
5,156,113,86.582794,-26.417205810546875,26.417205810546875,under_prediction,Normal,0
5,157,112,80.0263,-31.97370147705078,31.97370147705078,under_prediction,Normal,0
5,158,111,83.232506,-27.76749420166016,27.76749420166016,under_prediction,Normal,0
5,159,110,84.7816,-25.21839904785156,25.21839904785156,under_prediction,Normal,0
5,160,109,85.09311,-23.906890869140625,23.906890869140625,under_prediction,Normal,0
5,161,108,79.80041,-28.19959259033203,28.19959259033203,under_prediction,Normal,0
5,162,107,89.238625,-17.761375427246094,17.761375427246094,under_prediction,Normal,0
5,163,106,86.52004,-19.479957580566406,19.479957580566406,under_prediction,Normal,0
5,164,105,81.34778,-23.6522216796875,23.6522216796875,under_prediction,Normal,0
5,165,104,72.68922,-31.31078338623047,31.31078338623047,under_prediction,Normal,0
5,166,103,81.87,-21.12999725341797,21.12999725341797,under_prediction,Normal,0
5,167,102,80.8342,-21.165802001953125,21.165802001953125,under_prediction,Normal,0
5,168,101,71.863976,-29.136024475097656,29.136024475097656,under_prediction,Normal,0
5,169,100,69.26057,-30.73943328857422,30.73943328857422,under_prediction,Normal,0
5,170,99,67.71083,-31.28916931152344,31.28916931152344,under_prediction,Normal,0
5,171,98,68.935165,-29.06483459472656,29.06483459472656,under_prediction,Normal,0
5,172,97,71.55102,-25.44898223876953,25.44898223876953,under_prediction,Normal,0
5,173,96,79.93028,-16.069717407226562,16.069717407226562,under_prediction,Normal,0
5,174,95,85.1731,-9.826896667480469,9.826896667480469,under_prediction,Normal,0
5,175,94,87.15998,-6.840019226074219,6.840019226074219,under_prediction,Normal,0
5,176,93,87.2291,-5.770896911621094,5.770896911621094,under_prediction,Normal,0
5,177,92,86.84721,-5.1527862548828125,5.1527862548828125,under_prediction,Normal,0
5,178,91,77.76802,-13.231979370117188,13.231979370117188,under_prediction,Normal,0
5,179,90,77.6204,-12.379600524902344,12.379600524902344,under_prediction,Normal,0
5,180,89,82.79968,-6.2003173828125,6.2003173828125,under_prediction,Normal,0
5,181,88,86.0956,-1.9044036865234373,1.9044036865234373,under_prediction,Normal,0
5,182,87,78.78477,-8.215232849121094,8.215232849121094,under_prediction,Normal,0
5,183,86,77.76979,-8.230209350585938,8.230209350585938,under_prediction,Normal,0
5,184,85,89.77878,4.778778076171875,4.778778076171875,over_prediction,Normal,0
5,185,84,79.32469,-4.675308227539063,4.675308227539063,under_prediction,Normal,0
5,186,83,77.85818,-5.141822814941406,5.141822814941406,under_prediction,Normal,0
5,187,82,72.01724,-9.982757568359377,9.982757568359377,under_prediction,Normal,0
5,188,81,78.303444,-2.6965560913085938,2.6965560913085938,under_prediction,Normal,0
5,189,80,82.39982,2.399818420410156,2.399818420410156,over_prediction,Normal,0
5,190,79,79.03004,0.0300369262695312,0.0300369262695312,over_prediction,Normal,0
5,191,78,68.04617,-9.953826904296877,9.953826904296877,under_prediction,Normal,0
5,192,77,58.617584,-18.38241577148437,18.38241577148437,under_prediction,Normal,0
5,193,76,51.60062,-24.39937973022461,24.39937973022461,under_prediction,Normal,0
5,194,75,57.23821,-17.761791229248047,17.761791229248047,under_prediction,Normal,0
5,195,74,66.96687,-7.033126831054688,7.033126831054688,under_prediction,Normal,0
5,196,73,64.843094,-8.156906127929688,8.156906127929688,under_prediction,Normal,0
5,197,72,68.73601,-3.2639923095703125,3.2639923095703125,under_prediction,Normal,0
5,198,71,69.219185,-1.7808151245117188,1.7808151245117188,under_prediction,Normal,0
5,199,70,71.46885,1.4688491821289062,1.4688491821289062,over_prediction,Normal,0
5,200,69,61.568584,-7.431415557861328,7.431415557861328,under_prediction,Normal,0
5,201,68,69.951355,1.95135498046875,1.95135498046875,over_prediction,Normal,0
5,202,67,64.99898,-2.0010223388671875,2.0010223388671875,under_prediction,Normal,0
5,203,66,58.559082,-7.44091796875,7.44091796875,under_prediction,Normal,0
5,204,65,58.838173,-6.161827087402344,6.161827087402344,under_prediction,Normal,0
5,205,64,56.413776,-7.586223602294922,7.586223602294922,under_prediction,Normal,0
5,206,63,56.273834,-6.726165771484375,6.726165771484375,under_prediction,Normal,0
5,207,62,55.374504,-6.625495910644531,6.625495910644531,under_prediction,Normal,0
5,208,61,65.791954,4.791954040527344,4.791954040527344,over_prediction,Normal,0
5,209,60,53.887962,-6.112037658691406,6.112037658691406,under_prediction,Normal,0
5,210,59,52.922318,-6.077682495117188,6.077682495117188,under_prediction,Normal,0
5,211,58,56.228626,-1.7713737487792969,1.7713737487792969,under_prediction,Normal,0
5,212,57,42.01647,-14.983528137207031,14.983528137207031,under_prediction,Warning,50
5,213,56,51.459785,-4.540214538574219,4.540214538574219,under_prediction,Normal,0
5,214,55,49.146877,-5.853122711181641,5.853122711181641,under_prediction,Warning,50
5,215,54,42.835587,-11.164413452148438,11.164413452148438,under_prediction,Warning,50
5,216,53,41.806503,-11.193496704101562,11.193496704101562,under_prediction,Warning,50
5,217,52,34.704807,-17.29519271850586,17.29519271850586,under_prediction,Warning,50
5,218,51,36.789967,-14.210033416748049,14.210033416748049,under_prediction,Warning,50
5,219,50,37.942432,-12.057567596435549,12.057567596435549,under_prediction,Warning,50
5,220,49,34.78542,-14.214580535888672,14.214580535888672,under_prediction,Warning,50
5,221,48,33.311855,-14.68814468383789,14.68814468383789,under_prediction,Warning,50
5,222,47,38.179985,-8.820014953613281,8.820014953613281,under_prediction,Warning,50
5,223,46,44.853786,-1.1462135314941406,1.1462135314941406,under_prediction,Warning,50
5,224,45,49.939922,4.939922332763672,4.939922332763672,over_prediction,Warning,50
5,225,44,35.66867,-8.331329345703125,8.331329345703125,under_prediction,Warning,50
5,226,43,44.73745,1.7374496459960938,1.7374496459960938,over_prediction,Warning,50
5,227,42,43.858463,1.858463287353516,1.858463287353516,over_prediction,Warning,50
5,228,41,46.463093,5.463092803955078,5.463092803955078,over_prediction,Warning,50
5,229,40,38.345245,-1.654754638671875,1.654754638671875,under_prediction,Warning,50
5,230,39,38.499805,-0.5001945495605469,0.5001945495605469,under_prediction,Warning,50
5,231,38,44.58601,6.586009979248047,6.586009979248047,over_prediction,Warning,50
5,232,37,36.249844,-0.7501564025878906,0.7501564025878906,under_prediction,Warning,50
5,233,36,34.128628,-1.8713722229003904,1.8713722229003904,under_prediction,Warning,50
5,234,35,35.970207,0.9702072143554688,0.9702072143554688,over_prediction,Warning,50
5,235,34,34.92858,0.9285812377929688,0.9285812377929688,over_prediction,Warning,50
5,236,33,30.551899,-2.448101043701172,2.448101043701172,under_prediction,Warning,50
5,237,32,32.99805,0.9980506896972656,0.9980506896972656,over_prediction,Warning,50
5,238,31,26.067022,-4.932977676391602,4.932977676391602,under_prediction,Warning,50
5,239,30,28.776714,-1.223285675048828,1.223285675048828,under_prediction,Warning,50
5,240,29,27.383284,-1.616716384887695,1.616716384887695,under_prediction,Warning,50
5,241,28,22.234966,-5.765033721923828,5.765033721923828,under_prediction,Warning,50
5,242,27,18.082962,-8.917037963867188,8.917037963867188,under_prediction,Critical,100
5,243,26,21.988976,-4.011024475097656,4.011024475097656,under_prediction,Warning,50
5,244,25,21.36754,-3.6324596405029297,3.6324596405029297,under_prediction,Warning,50
5,245,24,18.214191,-5.785808563232422,5.785808563232422,under_prediction,Critical,100
5,246,23,14.283361,-8.716638565063477,8.716638565063477,under_prediction,Critical,100
5,247,22,16.758596,-5.241403579711914,5.241403579711914,under_prediction,Critical,100
5,248,21,16.426716,-4.573284149169922,4.573284149169922,under_prediction,Critical,100
5,249,20,13.776425,-6.223574638366699,6.223574638366699,under_prediction,Critical,100
5,250,19,13.546259,-5.453741073608398,5.453741073608398,under_prediction,Critical,100
5,251,18,14.712897,-3.287102699279785,3.287102699279785,under_prediction,Critical,100
5,252,17,13.606742,-3.3932580947875977,3.3932580947875977,under_prediction,Critical,100
5,253,16,10.4362955,-5.563704490661621,5.563704490661621,under_prediction,Critical,100
5,254,15,10.013109,-4.98689079284668,4.98689079284668,under_prediction,Critical,100
5,255,14,9.166201,-4.833799362182617,4.833799362182617,under_prediction,Critical,100
5,256,13,6.371382,-6.628617763519287,6.628617763519287,under_prediction,Critical,100
5,257,12,5.5134907,-6.486509323120117,6.486509323120117,under_prediction,Critical,100
5,258,11,5.690332,-5.309668064117432,5.309668064117432,under_prediction,Critical,100
5,259,10,3.4476125,-6.552387475967407,6.552387475967407,under_prediction,Critical,100
5,260,9,4.161637,-4.838363170623779,4.838363170623779,under_prediction,Critical,100
5,261,8,3.1917524,-4.8082475662231445,4.8082475662231445,under_prediction,Critical,100
5,262,7,3.8668168,-3.133183240890503,3.133183240890503,under_prediction,Critical,100
5,263,6,3.327598,-2.6724019050598145,2.6724019050598145,under_prediction,Critical,100
5,264,5,2.1835968,-2.816403150558472,2.816403150558472,under_prediction,Critical,100
5,265,4,3.1127412,-0.887258768081665,0.887258768081665,under_prediction,Critical,100
5,266,3,2.6575282,-0.3424718379974365,0.3424718379974365,under_prediction,Critical,100
5,267,2,1.0454924,-0.95450758934021,0.95450758934021,under_prediction,Critical,100
5,268,1,0.94833034,-0.0516696572303772,0.0516696572303772,under_prediction,Critical,100
5,269,0,0.06956513,0.0695651322603225,0.0695651322603225,over_prediction,Critical,100
11,1,239,213.49167,-25.508331298828125,25.508331298828125,under_prediction,Normal,0
11,2,238,234.77525,-3.2247467041015625,3.2247467041015625,under_prediction,Normal,0
11,3,237,231.43698,-5.563018798828125,5.563018798828125,under_prediction,Normal,0
11,4,236,217.99191,-18.008087158203125,18.008087158203125,under_prediction,Normal,0
11,5,235,213.91887,-21.081130981445312,21.081130981445312,under_prediction,Normal,0
11,6,234,215.3541,-18.645904541015625,18.645904541015625,under_prediction,Normal,0
11,7,233,211.65367,-21.34632873535156,21.34632873535156,under_prediction,Normal,0
11,8,232,201.70027,-30.299728393554688,30.299728393554688,under_prediction,Normal,0
11,9,231,201.81131,-29.188690185546875,29.188690185546875,under_prediction,Normal,0
11,10,230,195.32465,-34.67535400390625,34.67535400390625,under_prediction,Normal,0
11,11,229,184.64789,-44.35211181640625,44.35211181640625,under_prediction,Normal,0
11,12,228,188.08748,-39.91252136230469,39.91252136230469,under_prediction,Normal,0
11,13,227,173.83372,-53.16627502441406,53.16627502441406,under_prediction,Normal,0
11,14,226,178.49673,-47.503265380859375,47.503265380859375,under_prediction,Normal,0
11,15,225,182.77219,-42.227813720703125,42.227813720703125,under_prediction,Normal,0
11,16,224,178.30537,-45.69462585449219,45.69462585449219,under_prediction,Normal,0
11,17,223,180.2877,-42.71229553222656,42.71229553222656,under_prediction,Normal,0
11,18,222,181.42828,-40.57171630859375,40.57171630859375,under_prediction,Normal,0
11,19,221,176.75096,-44.24903869628906,44.24903869628906,under_prediction,Normal,0
11,20,220,170.79591,-49.20408630371094,49.20408630371094,under_prediction,Normal,0
11,21,219,171.4944,-47.50559997558594,47.50559997558594,under_prediction,Normal,0
11,22,218,171.23483,-46.765167236328125,46.765167236328125,under_prediction,Normal,0
11,23,217,157.14372,-59.85627746582031,59.85627746582031,under_prediction,Normal,0
11,24,216,173.99863,-42.001373291015625,42.001373291015625,under_prediction,Normal,0
11,25,215,163.30653,-51.69346618652344,51.69346618652344,under_prediction,Normal,0
11,26,214,169.81606,-44.18394470214844,44.18394470214844,under_prediction,Normal,0
11,27,213,180.38152,-32.61848449707031,32.61848449707031,under_prediction,Normal,0
11,28,212,185.27531,-26.724685668945312,26.724685668945312,under_prediction,Normal,0
11,29,211,193.7904,-17.2095947265625,17.2095947265625,under_prediction,Normal,0
11,30,210,183.36418,-26.635818481445312,26.635818481445312,under_prediction,Normal,0
11,31,209,175.49164,-33.50836181640625,33.50836181640625,under_prediction,Normal,0
11,32,208,181.99597,-26.0040283203125,26.0040283203125,under_prediction,Normal,0
11,33,207,192.46106,-14.5389404296875,14.5389404296875,under_prediction,Normal,0
11,34,206,189.33484,-16.6651611328125,16.6651611328125,under_prediction,Normal,0
11,35,205,192.67522,-12.324783325195312,12.324783325195312,under_prediction,Normal,0
11,36,204,186.66519,-17.334808349609375,17.334808349609375,under_prediction,Normal,0
11,37,203,188.10165,-14.898345947265623,14.898345947265623,under_prediction,Normal,0
11,38,202,193.92772,-8.072280883789062,8.072280883789062,under_prediction,Normal,0
11,39,201,201.45636,0.45635986328125,0.45635986328125,over_prediction,Normal,0
11,40,200,176.50882,-23.491180419921875,23.491180419921875,under_prediction,Normal,0
11,41,199,194.49232,-4.5076751708984375,4.5076751708984375,under_prediction,Normal,0
11,42,198,193.12837,-4.871627807617188,4.871627807617188,under_prediction,Normal,0
11,43,197,189.4099,-7.5901031494140625,7.5901031494140625,under_prediction,Normal,0
11,44,196,182.11604,-13.883956909179688,13.883956909179688,under_prediction,Normal,0
11,45,195,172.20703,-22.79296875,22.79296875,under_prediction,Normal,0
11,46,194,181.97139,-12.028610229492188,12.028610229492188,under_prediction,Normal,0
11,47,193,179.8928,-13.107192993164062,13.107192993164062,under_prediction,Normal,0
11,48,192,171.99385,-20.006149291992188,20.006149291992188,under_prediction,Normal,0
11,49,191,172.42694,-18.57305908203125,18.57305908203125,under_prediction,Normal,0
11,50,190,167.0912,-22.90879821777344,22.90879821777344,under_prediction,Normal,0
11,51,189,185.72353,-3.276473999023437,3.276473999023437,under_prediction,Normal,0
11,52,188,172.48041,-15.51959228515625,15.51959228515625,under_prediction,Normal,0
11,53,187,180.23387,-6.766128540039063,6.766128540039063,under_prediction,Normal,0
11,54,186,166.92961,-19.070388793945312,19.070388793945312,under_prediction,Normal,0
11,55,185,165.0642,-19.935806274414062,19.935806274414062,under_prediction,Normal,0
11,56,184,159.07784,-24.922164916992188,24.922164916992188,under_prediction,Normal,0
11,57,183,165.96355,-17.036453247070312,17.036453247070312,under_prediction,Normal,0
11,58,182,167.63676,-14.363235473632812,14.363235473632812,under_prediction,Normal,0
11,59,181,160.84743,-20.152572631835938,20.152572631835938,under_prediction,Normal,0
11,60,180,173.06398,-6.9360198974609375,6.9360198974609375,under_prediction,Normal,0
11,61,179,176.50598,-2.4940185546875,2.4940185546875,under_prediction,Normal,0
11,62,178,179.57077,1.570770263671875,1.570770263671875,over_prediction,Normal,0
11,63,177,175.30496,-1.695037841796875,1.695037841796875,under_prediction,Normal,0
11,64,176,176.41411,0.4141082763671875,0.4141082763671875,over_prediction,Normal,0
11,65,175,173.23134,-1.7686614990234375,1.7686614990234375,under_prediction,Normal,0
11,66,174,163.71785,-10.282150268554688,10.282150268554688,under_prediction,Normal,0
11,67,173,167.15965,-5.840347290039063,5.840347290039063,under_prediction,Normal,0
11,68,172,157.61157,-14.388427734375,14.388427734375,under_prediction,Normal,0
11,69,171,159.73015,-11.269851684570312,11.269851684570312,under_prediction,Normal,0
11,70,170,148.60518,-21.394821166992188,21.394821166992188,under_prediction,Normal,0
11,71,169,167.1731,-1.826904296875,1.826904296875,under_prediction,Normal,0
11,72,168,166.11111,-1.888885498046875,1.888885498046875,under_prediction,Normal,0
11,73,167,173.01514,6.01513671875,6.01513671875,over_prediction,Normal,0
11,74,166,161.94708,-4.05291748046875,4.05291748046875,under_prediction,Normal,0
11,75,165,168.81221,3.812210083007813,3.812210083007813,over_prediction,Normal,0
11,76,164,164.71425,0.7142486572265625,0.7142486572265625,over_prediction,Normal,0
11,77,163,163.87943,0.879425048828125,0.879425048828125,over_prediction,Normal,0
11,78,162,152.7701,-9.229904174804688,9.229904174804688,under_prediction,Normal,0
11,79,161,159.9808,-1.019195556640625,1.019195556640625,under_prediction,Normal,0
11,80,160,168.91107,8.91107177734375,8.91107177734375,over_prediction,Normal,0
11,81,159,169.08194,10.081939697265623,10.081939697265623,over_prediction,Normal,0
11,82,158,168.63483,10.63482666015625,10.63482666015625,over_prediction,Normal,0
11,83,157,156.31311,-0.6868896484375,0.6868896484375,under_prediction,Normal,0
11,84,156,152.87671,-3.123291015625,3.123291015625,under_prediction,Normal,0
11,85,155,136.14705,-18.852951049804688,18.852951049804688,under_prediction,Normal,0
11,86,154,142.52502,-11.4749755859375,11.4749755859375,under_prediction,Normal,0
11,87,153,157.70073,4.700729370117188,4.700729370117188,over_prediction,Normal,0
11,88,152,140.53244,-11.467559814453123,11.467559814453123,under_prediction,Normal,0
11,89,151,143.57413,-7.425872802734375,7.425872802734375,under_prediction,Normal,0
11,90,150,136.8412,-13.158798217773438,13.158798217773438,under_prediction,Normal,0
11,91,149,135.2027,-13.79730224609375,13.79730224609375,under_prediction,Normal,0
11,92,148,148.78458,0.784576416015625,0.784576416015625,over_prediction,Normal,0
11,93,147,111.00916,-35.99083709716797,35.99083709716797,under_prediction,Normal,0
11,94,146,141.29779,-4.70220947265625,4.70220947265625,under_prediction,Normal,0
11,95,145,148.88258,3.8825836181640634,3.8825836181640634,over_prediction,Normal,0
11,96,144,151.21902,7.219024658203125,7.219024658203125,over_prediction,Normal,0
11,97,143,128.18993,-14.810073852539062,14.810073852539062,under_prediction,Normal,0
11,98,142,140.15091,-1.849090576171875,1.849090576171875,under_prediction,Normal,0
11,99,141,144.08441,3.08441162109375,3.08441162109375,over_prediction,Normal,0
11,100,140,124.90386,-15.09613800048828,15.09613800048828,under_prediction,Normal,0
11,101,139,136.91782,-2.082183837890625,2.082183837890625,under_prediction,Normal,0
11,102,138,143.19252,5.1925201416015625,5.1925201416015625,over_prediction,Normal,0
11,103,137,131.69902,-5.3009796142578125,5.3009796142578125,under_prediction,Normal,0
11,104,136,122.44673,-13.553268432617188,13.553268432617188,under_prediction,Normal,0
11,105,135,120.53489,-14.465110778808594,14.465110778808594,under_prediction,Normal,0
11,106,134,117.92419,-16.07581329345703,16.07581329345703,under_prediction,Normal,0
11,107,133,117.18407,-15.815933227539062,15.815933227539062,under_prediction,Normal,0
11,108,132,115.99862,-16.001380920410156,16.001380920410156,under_prediction,Normal,0
11,109,131,117.21186,-13.78813934326172,13.78813934326172,under_prediction,Normal,0
11,110,130,124.47176,-5.528236389160156,5.528236389160156,under_prediction,Normal,0
11,111,129,130.31044,1.3104400634765625,1.3104400634765625,over_prediction,Normal,0
11,112,128,122.17839,-5.8216094970703125,5.8216094970703125,under_prediction,Normal,0
11,113,127,118.83133,-8.168670654296875,8.168670654296875,under_prediction,Normal,0
11,114,126,121.58339,-4.4166107177734375,4.4166107177734375,under_prediction,Normal,0
11,115,125,112.931,-12.069000244140623,12.069000244140623,under_prediction,Normal,0
11,116,124,101.93721,-22.062789916992188,22.062789916992188,under_prediction,Normal,0
11,117,123,101.04842,-21.95157623291016,21.95157623291016,under_prediction,Normal,0
11,118,122,97.00834,-24.991661071777344,24.991661071777344,under_prediction,Normal,0
11,119,121,96.96713,-24.032867431640625,24.032867431640625,under_prediction,Normal,0
11,120,120,101.151855,-18.84814453125,18.84814453125,under_prediction,Normal,0
11,121,119,95.82465,-23.17534637451172,23.17534637451172,under_prediction,Normal,0
11,122,118,87.54116,-30.458839416503903,30.458839416503903,under_prediction,Normal,0
11,123,117,93.69871,-23.301292419433597,23.301292419433597,under_prediction,Normal,0
11,124,116,77.648125,-38.35187530517578,38.35187530517578,under_prediction,Normal,0
11,125,115,78.0764,-36.92359924316406,36.92359924316406,under_prediction,Normal,0
11,126,114,89.002,-24.99800109863281,24.99800109863281,under_prediction,Normal,0
11,127,113,81.80168,-31.198318481445312,31.198318481445312,under_prediction,Normal,0
11,128,112,83.451935,-28.548065185546875,28.548065185546875,under_prediction,Normal,0
11,129,111,88.02275,-22.97724914550781,22.97724914550781,under_prediction,Normal,0
11,130,110,86.716934,-23.28306579589844,23.28306579589844,under_prediction,Normal,0
11,131,109,85.032135,-23.96786499023437,23.96786499023437,under_prediction,Normal,0
11,132,108,94.04065,-13.9593505859375,13.9593505859375,under_prediction,Normal,0
11,133,107,109.66088,2.6608810424804688,2.6608810424804688,over_prediction,Normal,0
11,134,106,125.23048,19.23047637939453,19.23047637939453,over_prediction,Normal,0
11,135,105,98.1961,-6.803901672363281,6.803901672363281,under_prediction,Normal,0
11,136,104,100.16101,-3.8389892578125,3.8389892578125,under_prediction,Normal,0
11,137,103,110.08255,7.082550048828125,7.082550048828125,over_prediction,Normal,0
11,138,102,115.201584,13.201583862304688,13.201583862304688,over_prediction,Normal,0
11,139,101,132.93451,31.93450927734375,31.93450927734375,over_prediction,Normal,0
11,140,100,137.51855,37.5185546875,37.5185546875,over_prediction,Normal,0
11,141,99,123.01541,24.015411376953125,24.015411376953125,over_prediction,Normal,0
11,142,98,124.35051,26.350509643554688,26.350509643554688,over_prediction,Normal,0
11,143,97,118.038765,21.03876495361328,21.03876495361328,over_prediction,Normal,0
11,144,96,119.89819,23.898193359375,23.898193359375,over_prediction,Normal,0
11,145,95,108.816414,13.816413879394531,13.816413879394531,over_prediction,Normal,0
11,146,94,107.16589,13.1658935546875,13.1658935546875,over_prediction,Normal,0
11,147,93,99.57248,6.572479248046875,6.572479248046875,over_prediction,Normal,0
11,148,92,94.90793,2.907928466796875,2.907928466796875,over_prediction,Normal,0
11,149,91,91.05876,0.0587615966796875,0.0587615966796875,over_prediction,Normal,0
11,150,90,96.67124,6.671241760253906,6.671241760253906,over_prediction,Normal,0
11,151,89,101.08532,12.085319519042969,12.085319519042969,over_prediction,Normal,0
11,152,88,106.611465,18.61146545410156,18.61146545410156,over_prediction,Normal,0
11,153,87,100.84768,13.847679138183594,13.847679138183594,over_prediction,Normal,0
11,154,86,94.53087,8.530868530273438,8.530868530273438,over_prediction,Normal,0
11,155,85,113.96552,28.96552276611328,28.96552276611328,over_prediction,Normal,0
11,156,84,105.51545,21.51544952392578,21.51544952392578,over_prediction,Normal,0
11,157,83,91.493805,8.493804931640625,8.493804931640625,over_prediction,Normal,0
11,158,82,110.677444,28.67744445800781,28.67744445800781,over_prediction,Normal,0
11,159,81,100.22127,19.221267700195312,19.221267700195312,over_prediction,Normal,0
11,160,80,93.15753,13.15753173828125,13.15753173828125,over_prediction,Normal,0
11,161,79,95.78698,16.78697967529297,16.78697967529297,over_prediction,Normal,0
11,162,78,90.21915,12.219146728515623,12.219146728515623,over_prediction,Normal,0
11,163,77,109.90213,32.902130126953125,32.902130126953125,over_prediction,Normal,0
11,164,76,102.834946,26.834945678710938,26.834945678710938,over_prediction,Normal,0
11,165,75,79.86777,4.867767333984375,4.867767333984375,over_prediction,Normal,0
11,166,74,84.83829,10.838287353515623,10.838287353515623,over_prediction,Normal,0
11,167,73,74.92344,1.9234390258789065,1.9234390258789065,over_prediction,Normal,0
11,168,72,75.8338,3.83380126953125,3.83380126953125,over_prediction,Normal,0
11,169,71,77.259834,6.259834289550781,6.259834289550781,over_prediction,Normal,0
11,170,70,73.68035,3.6803512573242183,3.6803512573242183,over_prediction,Normal,0
11,171,69,64.48623,-4.513771057128906,4.513771057128906,under_prediction,Normal,0
11,172,68,77.06682,9.066818237304688,9.066818237304688,over_prediction,Normal,0
11,173,67,70.703415,3.703414916992188,3.703414916992188,over_prediction,Normal,0
11,174,66,80.22303,14.223030090332031,14.223030090332031,over_prediction,Normal,0
11,175,65,71.4805,6.480499267578125,6.480499267578125,over_prediction,Normal,0
11,176,64,69.49916,5.4991607666015625,5.4991607666015625,over_prediction,Normal,0
11,177,63,79.096596,16.096595764160156,16.096595764160156,over_prediction,Normal,0
11,178,62,86.6708,24.670799255371094,24.670799255371094,over_prediction,Normal,0
11,179,61,70.11269,9.112693786621094,9.112693786621094,over_prediction,Normal,0
11,180,60,78.793465,18.79346466064453,18.79346466064453,over_prediction,Normal,0
11,181,59,66.58648,7.586479187011719,7.586479187011719,over_prediction,Normal,0
11,182,58,69.7813,11.78130340576172,11.78130340576172,over_prediction,Normal,0
11,183,57,72.422264,15.422264099121094,15.422264099121094,over_prediction,Normal,0
11,184,56,73.093056,17.093055725097656,17.093055725097656,over_prediction,Normal,0
11,185,55,48.14996,-6.850040435791016,6.850040435791016,under_prediction,Warning,50
11,186,54,54.802002,0.802001953125,0.802001953125,over_prediction,Normal,0
11,187,53,54.839973,1.8399734497070312,1.8399734497070312,over_prediction,Normal,0
11,188,52,51.797413,-0.2025871276855468,0.2025871276855468,under_prediction,Normal,0
11,189,51,54.667324,3.667324066162109,3.667324066162109,over_prediction,Normal,0
11,190,50,43.58207,-6.417930603027344,6.417930603027344,under_prediction,Warning,50
11,191,49,51.750797,2.750797271728516,2.750797271728516,over_prediction,Normal,0
11,192,48,52.87705,4.877048492431641,4.877048492431641,over_prediction,Normal,0
11,193,47,50.519676,3.5196762084960938,3.5196762084960938,over_prediction,Normal,0
11,194,46,50.6482,4.648200988769531,4.648200988769531,over_prediction,Normal,0
11,195,45,42.924637,-2.0753631591796875,2.0753631591796875,under_prediction,Warning,50
11,196,44,40.82889,-3.1711082458496094,3.1711082458496094,under_prediction,Warning,50
11,197,43,30.841398,-12.158601760864258,12.158601760864258,under_prediction,Warning,50
11,198,42,29.662416,-12.337583541870115,12.337583541870115,under_prediction,Warning,50
11,199,41,35.693665,-5.30633544921875,5.30633544921875,under_prediction,Warning,50
11,200,40,33.65803,-6.341968536376953,6.341968536376953,under_prediction,Warning,50
11,201,39,43.551785,4.551784515380859,4.551784515380859,over_prediction,Warning,50
11,202,38,45.707,7.707000732421875,7.707000732421875,over_prediction,Warning,50
11,203,37,37.635532,0.6355323791503906,0.6355323791503906,over_prediction,Warning,50
11,204,36,29.214752,-6.785247802734375,6.785247802734375,under_prediction,Warning,50
11,205,35,22.88914,-12.11086082458496,12.11086082458496,under_prediction,Warning,50
11,206,34,20.39484,-13.605159759521484,13.605159759521484,under_prediction,Warning,50
11,207,33,24.482237,-8.517763137817383,8.517763137817383,under_prediction,Warning,50
11,208,32,23.220078,-8.779922485351562,8.779922485351562,under_prediction,Warning,50
11,209,31,23.679031,-7.320968627929687,7.320968627929687,under_prediction,Warning,50
11,210,30,18.060656,-11.93934440612793,11.93934440612793,under_prediction,Critical,100
11,211,29,20.445232,-8.554767608642578,8.554767608642578,under_prediction,Warning,50
11,212,28,21.758904,-6.241096496582031,6.241096496582031,under_prediction,Warning,50
11,213,27,20.609428,-6.390571594238281,6.390571594238281,under_prediction,Warning,50
11,214,26,22.651892,-3.348108291625977,3.348108291625977,under_prediction,Warning,50
11,215,25,26.441238,1.4412384033203125,1.4412384033203125,over_prediction,Warning,50
11,216,24,28.527145,4.527145385742188,4.527145385742188,over_prediction,Warning,50
11,217,23,24.368862,1.3688621520996094,1.3688621520996094,over_prediction,Warning,50
11,218,22,25.040068,3.040067672729492,3.040067672729492,over_prediction,Warning,50
11,219,21,22.012224,1.012224197387695,1.012224197387695,over_prediction,Warning,50
11,220,20,23.482433,3.482433319091797,3.482433319091797,over_prediction,Warning,50
11,221,19,23.103731,4.103731155395508,4.103731155395508,over_prediction,Warning,50
11,222,18,22.32476,4.324760437011719,4.324760437011719,over_prediction,Warning,50
11,223,17,19.732256,2.7322559356689453,2.7322559356689453,over_prediction,Critical,100
11,224,16,20.802147,4.802146911621094,4.802146911621094,over_prediction,Warning,50
11,225,15,15.75502,0.7550201416015625,0.7550201416015625,over_prediction,Critical,100
11,226,14,16.18708,2.187080383300781,2.187080383300781,over_prediction,Critical,100
11,227,13,18.646008,5.646007537841797,5.646007537841797,over_prediction,Critical,100
11,228,12,14.333303,2.333303451538086,2.333303451538086,over_prediction,Critical,100
11,229,11,11.97756,0.9775600433349608,0.9775600433349608,over_prediction,Critical,100
11,230,10,12.516786,2.5167856216430664,2.5167856216430664,over_prediction,Critical,100
11,231,9,8.384512,-0.6154880523681641,0.6154880523681641,under_prediction,Critical,100
11,232,8,13.263088,5.263088226318359,5.263088226318359,over_prediction,Critical,100
11,233,7,10.438945,3.4389448165893555,3.4389448165893555,over_prediction,Critical,100
11,234,6,12.3559475,6.355947494506836,6.355947494506836,over_prediction,Critical,100
11,235,5,11.844018,6.84401798248291,6.84401798248291,over_prediction,Critical,100
11,236,4,7.9998536,3.999853610992432,3.999853610992432,over_prediction,Critical,100
11,237,3,7.6898565,4.68985652923584,4.68985652923584,over_prediction,Critical,100
11,238,2,4.3156433,2.315643310546875,2.315643310546875,over_prediction,Critical,100
11,239,1,2.6165597,1.6165597438812256,1.6165597438812256,over_prediction,Critical,100
11,240,0,2.550439,2.55043888092041,2.55043888092041,over_prediction,Critical,100
13,1,162,199.38943,37.389434814453125,37.389434814453125,over_prediction,Normal,0
13,2,161,285.07837,124.078369140625,124.078369140625,over_prediction,Normal,0
13,3,160,182.96393,22.96392822265625,22.96392822265625,over_prediction,Normal,0
13,4,159,172.73305,13.733047485351562,13.733047485351562,over_prediction,Normal,0
13,5,158,169.75226,11.75225830078125,11.75225830078125,over_prediction,Normal,0
13,6,157,174.31815,17.318145751953125,17.318145751953125,over_prediction,Normal,0
13,7,156,186.26387,30.26387023925781,30.26387023925781,over_prediction,Normal,0
13,8,155,148.92627,-6.07373046875,6.07373046875,under_prediction,Normal,0
13,9,154,138.03915,-15.960845947265623,15.960845947265623,under_prediction,Normal,0
13,10,153,140.02211,-12.977890014648438,12.977890014648438,under_prediction,Normal,0
13,11,152,149.21797,-2.7820281982421875,2.7820281982421875,under_prediction,Normal,0
13,12,151,145.34952,-5.650482177734375,5.650482177734375,under_prediction,Normal,0
13,13,150,128.91994,-21.080062866210938,21.080062866210938,under_prediction,Normal,0
13,14,149,127.447426,-21.552574157714844,21.552574157714844,under_prediction,Normal,0
13,15,148,133.63426,-14.365737915039062,14.365737915039062,under_prediction,Normal,0
13,16,147,138.62119,-8.378814697265625,8.378814697265625,under_prediction,Normal,0
13,17,146,141.28662,-4.71337890625,4.71337890625,under_prediction,Normal,0
13,18,145,137.97935,-7.0206451416015625,7.0206451416015625,under_prediction,Normal,0
13,19,144,139.44669,-4.553314208984375,4.553314208984375,under_prediction,Normal,0
13,20,143,137.22786,-5.772140502929688,5.772140502929688,under_prediction,Normal,0
13,21,142,142.12575,0.1257476806640625,0.1257476806640625,over_prediction,Normal,0
13,22,141,152.15634,11.156341552734377,11.156341552734377,over_prediction,Normal,0
13,23,140,141.50304,1.5030364990234375,1.5030364990234375,over_prediction,Normal,0
13,24,139,140.18684,1.1868438720703125,1.1868438720703125,over_prediction,Normal,0
13,25,138,136.57256,-1.4274444580078125,1.4274444580078125,under_prediction,Normal,0
13,26,137,159.92331,22.923309326171875,22.923309326171875,over_prediction,Normal,0
13,27,136,140.46196,4.461959838867188,4.461959838867188,over_prediction,Normal,0
13,28,135,144.05919,9.059188842773438,9.059188842773438,over_prediction,Normal,0
13,29,134,142.30278,8.302780151367188,8.302780151367188,over_prediction,Normal,0
13,30,133,132.51462,-0.485382080078125,0.485382080078125,under_prediction,Normal,0
13,31,132,134.79192,2.7919158935546875,2.7919158935546875,over_prediction,Normal,0
13,32,131,133.39764,2.39764404296875,2.39764404296875,over_prediction,Normal,0
13,33,130,145.6033,15.603302001953123,15.603302001953123,over_prediction,Normal,0
13,34,129,146.07039,17.070388793945312,17.070388793945312,over_prediction,Normal,0
13,35,128,150.87263,22.872634887695312,22.872634887695312,over_prediction,Normal,0
13,36,127,142.46869,15.46868896484375,15.46868896484375,over_prediction,Normal,0
13,37,126,139.84712,13.847122192382812,13.847122192382812,over_prediction,Normal,0
13,38,125,137.11627,12.11627197265625,12.11627197265625,over_prediction,Normal,0
13,39,124,168.71423,44.7142333984375,44.7142333984375,over_prediction,Normal,0
13,40,123,139.26599,16.2659912109375,16.2659912109375,over_prediction,Normal,0
13,41,122,143.0091,21.00909423828125,21.00909423828125,over_prediction,Normal,0
13,42,121,143.32568,22.32568359375,22.32568359375,over_prediction,Normal,0
13,43,120,138.32594,18.325942993164062,18.325942993164062,over_prediction,Normal,0
13,44,119,130.75496,11.754959106445312,11.754959106445312,over_prediction,Normal,0
13,45,118,146.44011,28.440109252929688,28.440109252929688,over_prediction,Normal,0
13,46,117,143.15378,26.153778076171875,26.153778076171875,over_prediction,Normal,0
13,47,116,132.57057,16.570571899414062,16.570571899414062,over_prediction,Normal,0
13,48,115,134.9377,19.93769836425781,19.93769836425781,over_prediction,Normal,0
13,49,114,125.46951,11.469512939453123,11.469512939453123,over_prediction,Normal,0
13,50,113,116.888115,3.8881149291992183,3.8881149291992183,over_prediction,Normal,0
13,51,112,129.7942,17.794204711914062,17.794204711914062,over_prediction,Normal,0
13,52,111,129.74295,18.742950439453125,18.742950439453125,over_prediction,Normal,0
13,53,110,127.23227,17.232269287109375,17.232269287109375,over_prediction,Normal,0
13,54,109,120.253265,11.253265380859377,11.253265380859377,over_prediction,Normal,0
13,55,108,124.683,16.682998657226562,16.682998657226562,over_prediction,Normal,0
13,56,107,124.1332,17.133201599121094,17.133201599121094,over_prediction,Normal,0
13,57,106,118.3383,12.338302612304688,12.338302612304688,over_prediction,Normal,0
13,58,105,125.60681,20.6068115234375,20.6068115234375,over_prediction,Normal,0
13,59,104,130.3351,26.33509826660156,26.33509826660156,over_prediction,Normal,0
13,60,103,126.33723,23.33722686767578,23.33722686767578,over_prediction,Normal,0
13,61,102,112.37797,10.377967834472656,10.377967834472656,over_prediction,Normal,0
13,62,101,117.40103,16.401031494140625,16.401031494140625,over_prediction,Normal,0
13,63,100,119.86794,19.867942810058597,19.867942810058597,over_prediction,Normal,0
13,64,99,107.93452,8.934516906738281,8.934516906738281,over_prediction,Normal,0
13,65,98,108.75249,10.752487182617188,10.752487182617188,over_prediction,Normal,0
13,66,97,108.05758,11.057579040527344,11.057579040527344,over_prediction,Normal,0
13,67,96,105.07216,9.072158813476562,9.072158813476562,over_prediction,Normal,0
13,68,95,104.395195,9.39519500732422,9.39519500732422,over_prediction,Normal,0
13,69,94,99.13211,5.132110595703125,5.132110595703125,over_prediction,Normal,0
13,70,93,100.222755,7.222755432128906,7.222755432128906,over_prediction,Normal,0
13,71,92,101.566246,9.566246032714844,9.566246032714844,over_prediction,Normal,0
13,72,91,107.19251,16.19251251220703,16.19251251220703,over_prediction,Normal,0
13,73,90,106.536995,16.53699493408203,16.53699493408203,over_prediction,Normal,0
13,74,89,102.77847,13.778472900390623,13.778472900390623,over_prediction,Normal,0
13,75,88,96.44893,8.448928833007812,8.448928833007812,over_prediction,Normal,0
13,76,87,97.931625,10.931625366210938,10.931625366210938,over_prediction,Normal,0
13,77,86,102.45413,16.454132080078125,16.454132080078125,over_prediction,Normal,0
13,78,85,108.34092,23.340919494628903,23.340919494628903,over_prediction,Normal,0
13,79,84,106.873314,22.873313903808597,22.873313903808597,over_prediction,Normal,0
13,80,83,113.60621,30.60620880126953,30.60620880126953,over_prediction,Normal,0
13,81,82,110.06535,28.065353393554688,28.065353393554688,over_prediction,Normal,0
13,82,81,91.50678,10.50678253173828,10.50678253173828,over_prediction,Normal,0
13,83,80,91.96863,11.9686279296875,11.9686279296875,over_prediction,Normal,0
13,84,79,113.698074,34.69807434082031,34.69807434082031,over_prediction,Normal,0
13,85,78,113.73837,35.738372802734375,35.738372802734375,over_prediction,Normal,0
13,86,77,120.91616,43.916160583496094,43.916160583496094,over_prediction,Normal,0
13,87,76,97.31957,21.31957244873047,21.31957244873047,over_prediction,Normal,0
13,88,75,95.41433,20.414329528808597,20.414329528808597,over_prediction,Normal,0
13,89,74,118.24165,44.24165344238281,44.24165344238281,over_prediction,Normal,0
13,90,73,92.27542,19.275421142578125,19.275421142578125,over_prediction,Normal,0
13,91,72,85.45272,13.452720642089844,13.452720642089844,over_prediction,Normal,0
13,92,71,95.50665,24.50665283203125,24.50665283203125,over_prediction,Normal,0
13,93,70,88.791885,18.79188537597656,18.79188537597656,over_prediction,Normal,0
13,94,69,80.07547,11.075469970703123,11.075469970703123,over_prediction,Normal,0
13,95,68,66.894165,-1.1058349609375,1.1058349609375,under_prediction,Normal,0
13,96,67,69.62363,2.623626708984375,2.623626708984375,over_prediction,Normal,0
13,97,66,62.25565,-3.74435043334961,3.74435043334961,under_prediction,Normal,0
13,98,65,62.274357,-2.7256431579589844,2.7256431579589844,under_prediction,Normal,0
13,99,64,63.159195,-0.8408050537109375,0.8408050537109375,under_prediction,Normal,0
13,100,63,65.10471,2.1047134399414062,2.1047134399414062,over_prediction,Normal,0
13,101,62,63.79175,1.7917518615722656,1.7917518615722656,over_prediction,Normal,0
13,102,61,61.97347,0.973468780517578,0.973468780517578,over_prediction,Normal,0
13,103,60,64.55282,4.552818298339844,4.552818298339844,over_prediction,Normal,0
13,104,59,72.443794,13.44379425048828,13.44379425048828,over_prediction,Normal,0
13,105,58,66.96148,8.961479187011719,8.961479187011719,over_prediction,Normal,0
13,106,57,66.33032,9.330322265625,9.330322265625,over_prediction,Normal,0
13,107,56,60.026722,4.026721954345703,4.026721954345703,over_prediction,Normal,0
13,108,55,59.03534,4.03533935546875,4.03533935546875,over_prediction,Normal,0
13,109,54,63.47311,9.47311019897461,9.47311019897461,over_prediction,Normal,0
13,110,53,50.84314,-2.1568603515625,2.1568603515625,under_prediction,Normal,0
13,111,52,53.727367,1.7273674011230469,1.7273674011230469,over_prediction,Normal,0
13,112,51,41.94138,-9.05862045288086,9.05862045288086,under_prediction,Warning,50
13,113,50,49.93167,-0.068328857421875,0.068328857421875,under_prediction,Warning,50
13,114,49,58.772762,9.772762298583984,9.772762298583984,over_prediction,Normal,0
13,115,48,48.579018,0.5790176391601562,0.5790176391601562,over_prediction,Warning,50
13,116,47,49.95019,2.9501914978027344,2.9501914978027344,over_prediction,Warning,50
13,117,46,49.5221,3.5220985412597656,3.5220985412597656,over_prediction,Warning,50
13,118,45,50.338894,5.338893890380859,5.338893890380859,over_prediction,Normal,0
13,119,44,51.344,7.344001770019531,7.344001770019531,over_prediction,Normal,0
13,120,43,66.537674,23.537673950195312,23.537673950195312,over_prediction,Normal,0
13,121,42,54.877438,12.877437591552734,12.877437591552734,over_prediction,Normal,0
13,122,41,48.69979,7.699790954589844,7.699790954589844,over_prediction,Warning,50
13,123,40,53.636646,13.636646270751951,13.636646270751951,over_prediction,Normal,0
13,124,39,50.47609,11.476089477539062,11.476089477539062,over_prediction,Normal,0
13,125,38,50.174835,12.174835205078123,12.174835205078123,over_prediction,Normal,0
13,126,37,52.455708,15.455707550048828,15.455707550048828,over_prediction,Normal,0
13,127,36,52.95275,16.95275115966797,16.95275115966797,over_prediction,Normal,0
13,128,35,51.142868,16.142868041992188,16.142868041992188,over_prediction,Normal,0
13,129,34,46.528442,12.5284423828125,12.5284423828125,over_prediction,Warning,50
13,130,33,45.72344,12.723438262939451,12.723438262939451,over_prediction,Warning,50
13,131,32,39.108482,7.108482360839844,7.108482360839844,over_prediction,Warning,50
13,132,31,38.155006,7.155006408691406,7.155006408691406,over_prediction,Warning,50
13,133,30,37.123028,7.123027801513672,7.123027801513672,over_prediction,Warning,50
13,134,29,34.034355,5.034355163574219,5.034355163574219,over_prediction,Warning,50
13,135,28,38.45533,10.455329895019531,10.455329895019531,over_prediction,Warning,50
13,136,27,40.056713,13.056713104248049,13.056713104248049,over_prediction,Warning,50
13,137,26,37.2805,11.280498504638672,11.280498504638672,over_prediction,Warning,50
13,138,25,36.282097,11.282096862792969,11.282096862792969,over_prediction,Warning,50
13,139,24,37.177254,13.177253723144531,13.177253723144531,over_prediction,Warning,50
13,140,23,32.008785,9.008785247802734,9.008785247802734,over_prediction,Warning,50
13,141,22,31.509377,9.509376525878906,9.509376525878906,over_prediction,Warning,50
13,142,21,28.377752,7.377752304077148,7.377752304077148,over_prediction,Warning,50
13,143,20,29.7724,9.77239990234375,9.77239990234375,over_prediction,Warning,50
13,144,19,27.66866,8.668659210205078,8.668659210205078,over_prediction,Warning,50
13,145,18,26.010021,8.010021209716797,8.010021209716797,over_prediction,Warning,50
13,146,17,24.832657,7.832656860351562,7.832656860351562,over_prediction,Warning,50
13,147,16,24.505632,8.505632400512695,8.505632400512695,over_prediction,Warning,50
13,148,15,24.980776,9.980775833129885,9.980775833129885,over_prediction,Warning,50
13,149,14,23.21323,9.21323013305664,9.21323013305664,over_prediction,Warning,50
13,150,13,23.296803,10.296802520751951,10.296802520751951,over_prediction,Warning,50
13,151,12,20.534988,8.534988403320312,8.534988403320312,over_prediction,Warning,50
13,152,11,18.009167,7.009166717529297,7.009166717529297,over_prediction,Critical,100
13,153,10,14.063601,4.063600540161133,4.063600540161133,over_prediction,Critical,100
13,154,9,13.483573,4.483572959899902,4.483572959899902,over_prediction,Critical,100
13,155,8,13.200598,5.200597763061523,5.200597763061523,over_prediction,Critical,100
13,156,7,10.456639,3.456639289855957,3.456639289855957,over_prediction,Critical,100
13,157,6,10.2045965,4.204596519470215,4.204596519470215,over_prediction,Critical,100
13,158,5,4.9958425,-0.004157543182373,0.004157543182373,under_prediction,Critical,100
13,159,4,7.308874,3.3088741302490234,3.3088741302490234,over_prediction,Critical,100
13,160,3,6.0595093,3.05950927734375,3.05950927734375,over_prediction,Critical,100
13,161,2,0.4497227,-1.550277292728424,1.550277292728424,under_prediction,Critical,100
13,162,1,0.9293303,-0.0706697106361389,0.0706697106361389,under_prediction,Critical,100
13,163,0,1.1076028,1.107602834701538,1.107602834701538,over_prediction,Critical,100
19,1,157,196.37122,39.3712158203125,39.3712158203125,over_prediction,Normal,0
19,2,156,143.70467,-12.295333862304688,12.295333862304688,under_prediction,Normal,0
19,3,155,186.67139,31.67138671875,31.67138671875,over_prediction,Normal,0
19,4,154,183.8549,29.854904174804688,29.854904174804688,over_prediction,Normal,0
19,5,153,206.3288,53.32879638671875,53.32879638671875,over_prediction,Normal,0
19,6,152,189.797,37.7969970703125,37.7969970703125,over_prediction,Normal,0
19,7,151,185.96918,34.96917724609375,34.96917724609375,over_prediction,Normal,0
19,8,150,156.97981,6.9798126220703125,6.9798126220703125,over_prediction,Normal,0
19,9,149,142.47606,-6.523941040039063,6.523941040039063,under_prediction,Normal,0
19,10,148,160.52364,12.523635864257812,12.523635864257812,over_prediction,Normal,0
19,11,147,154.14934,7.149337768554688,7.149337768554688,over_prediction,Normal,0
19,12,146,133.83333,-12.166671752929688,12.166671752929688,under_prediction,Normal,0
19,13,145,118.83602,-26.16397857666016,26.16397857666016,under_prediction,Normal,0
19,14,144,148.97586,4.975860595703125,4.975860595703125,over_prediction,Normal,0
19,15,143,151.94778,8.947784423828125,8.947784423828125,over_prediction,Normal,0
19,16,142,134.0756,-7.924392700195312,7.924392700195312,under_prediction,Normal,0
19,17,141,139.66727,-1.332733154296875,1.332733154296875,under_prediction,Normal,0
19,18,140,134.68779,-5.3122100830078125,5.3122100830078125,under_prediction,Normal,0
19,19,139,137.18347,-1.8165283203125,1.8165283203125,under_prediction,Normal,0
19,20,138,137.3383,-0.6616973876953125,0.6616973876953125,under_prediction,Normal,0
19,21,137,138.29936,1.2993621826171875,1.2993621826171875,over_prediction,Normal,0
19,22,136,159.28642,23.286422729492188,23.286422729492188,over_prediction,Normal,0
19,23,135,161.70003,26.700027465820312,26.700027465820312,over_prediction,Normal,0
19,24,134,157.57458,23.5745849609375,23.5745849609375,over_prediction,Normal,0
19,25,133,153.7679,20.767898559570312,20.767898559570312,over_prediction,Normal,0
19,26,132,142.85939,10.859390258789062,10.859390258789062,over_prediction,Normal,0
19,27,131,146.01572,15.015716552734377,15.015716552734377,over_prediction,Normal,0
19,28,130,141.10246,11.102462768554688,11.102462768554688,over_prediction,Normal,0
19,29,129,133.21646,4.216461181640625,4.216461181640625,over_prediction,Normal,0
19,30,128,127.62183,-0.3781661987304687,0.3781661987304687,under_prediction,Normal,0
19,31,127,134.03917,7.0391693115234375,7.0391693115234375,over_prediction,Normal,0
19,32,126,115.62095,-10.379051208496094,10.379051208496094,under_prediction,Normal,0
19,33,125,126.65351,1.6535110473632812,1.6535110473632812,over_prediction,Normal,0
19,34,124,119.40359,-4.596412658691406,4.596412658691406,under_prediction,Normal,0
19,35,123,104.418274,-18.58172607421875,18.58172607421875,under_prediction,Normal,0
19,36,122,105.193344,-16.806655883789062,16.806655883789062,under_prediction,Normal,0
19,37,121,113.14654,-7.853462219238281,7.853462219238281,under_prediction,Normal,0
19,38,120,109.29555,-10.704452514648438,10.704452514648438,under_prediction,Normal,0
19,39,119,113.39715,-5.602851867675781,5.602851867675781,under_prediction,Normal,0
19,40,118,115.29928,-2.700721740722656,2.700721740722656,under_prediction,Normal,0
19,41,117,104.4363,-12.563697814941406,12.563697814941406,under_prediction,Normal,0
19,42,116,115.54855,-0.451446533203125,0.451446533203125,under_prediction,Normal,0
19,43,115,117.66074,2.6607437133789062,2.6607437133789062,over_prediction,Normal,0
19,44,114,129.7317,15.731704711914062,15.731704711914062,over_prediction,Normal,0
19,45,113,145.4681,32.46809387207031,32.46809387207031,over_prediction,Normal,0
19,46,112,146.76666,34.76666259765625,34.76666259765625,over_prediction,Normal,0
19,47,111,153.07011,42.07011413574219,42.07011413574219,over_prediction,Normal,0
19,48,110,142.45544,32.4554443359375,32.4554443359375,over_prediction,Normal,0
19,49,109,144.18149,35.181488037109375,35.181488037109375,over_prediction,Normal,0
19,50,108,156.42418,48.42417907714844,48.42417907714844,over_prediction,Normal,0
19,51,107,156.27197,49.27197265625,49.27197265625,over_prediction,Normal,0
19,52,106,161.86479,55.86479187011719,55.86479187011719,over_prediction,Normal,0
19,53,105,160.34193,55.34193420410156,55.34193420410156,over_prediction,Normal,0
19,54,104,148.05917,44.059173583984375,44.059173583984375,over_prediction,Normal,0
19,55,103,155.42812,52.42811584472656,52.42811584472656,over_prediction,Normal,0
19,56,102,140.62727,38.62727355957031,38.62727355957031,over_prediction,Normal,0
19,57,101,141.40843,40.40843200683594,40.40843200683594,over_prediction,Normal,0
19,58,100,140.36081,40.36080932617188,40.36080932617188,over_prediction,Normal,0
19,59,99,126.435234,27.43523406982422,27.43523406982422,over_prediction,Normal,0
19,60,98,133.01572,35.015716552734375,35.015716552734375,over_prediction,Normal,0
19,61,97,135.26903,38.26902770996094,38.26902770996094,over_prediction,Normal,0
19,62,96,133.82523,37.825225830078125,37.825225830078125,over_prediction,Normal,0
19,63,95,128.42165,33.42164611816406,33.42164611816406,over_prediction,Normal,0
19,64,94,130.5965,36.59649658203125,36.59649658203125,over_prediction,Normal,0
19,65,93,118.47643,25.47643280029297,25.47643280029297,over_prediction,Normal,0
19,66,92,128.63457,36.63456726074219,36.63456726074219,over_prediction,Normal,0
19,67,91,106.54014,15.540138244628906,15.540138244628906,over_prediction,Normal,0
19,68,90,108.42456,18.424560546875,18.424560546875,over_prediction,Normal,0
19,69,89,122.89211,33.892112731933594,33.892112731933594,over_prediction,Normal,0
19,70,88,132.4408,44.4407958984375,44.4407958984375,over_prediction,Normal,0
19,71,87,124.78743,37.78742980957031,37.78742980957031,over_prediction,Normal,0
19,72,86,134.00298,48.00297546386719,48.00297546386719,over_prediction,Normal,0
19,73,85,129.70909,44.70909118652344,44.70909118652344,over_prediction,Normal,0
19,74,84,122.80527,38.805267333984375,38.805267333984375,over_prediction,Normal,0
19,75,83,109.06387,26.063873291015625,26.063873291015625,over_prediction,Normal,0
19,76,82,106.230095,24.23009490966797,24.23009490966797,over_prediction,Normal,0
19,77,81,114.064674,33.064674377441406,33.064674377441406,over_prediction,Normal,0
19,78,80,110.02794,30.02793884277344,30.02793884277344,over_prediction,Normal,0
19,79,79,107.79108,28.79107666015625,28.79107666015625,over_prediction,Normal,0
19,80,78,91.66577,13.665771484375,13.665771484375,over_prediction,Normal,0
19,81,77,84.60065,7.60064697265625,7.60064697265625,over_prediction,Normal,0
19,82,76,78.8543,2.8543014526367188,2.8543014526367188,over_prediction,Normal,0
19,83,75,88.70488,13.704879760742188,13.704879760742188,over_prediction,Normal,0
19,84,74,97.619385,23.619384765625,23.619384765625,over_prediction,Normal,0
19,85,73,87.25562,14.255622863769531,14.255622863769531,over_prediction,Normal,0
19,86,72,85.73776,13.737762451171877,13.737762451171877,over_prediction,Normal,0
19,87,71,89.367676,18.36767578125,18.36767578125,over_prediction,Normal,0
19,88,70,78.00329,8.003288269042969,8.003288269042969,over_prediction,Normal,0
19,89,69,49.571762,-19.428237915039062,19.428237915039062,under_prediction,Warning,50
19,90,68,51.904114,-16.09588623046875,16.09588623046875,under_prediction,Normal,0
19,91,67,54.528038,-12.471961975097656,12.471961975097656,under_prediction,Normal,0
19,92,66,62.76807,-3.2319297790527344,3.2319297790527344,under_prediction,Normal,0
19,93,65,67.06267,2.0626678466796875,2.0626678466796875,over_prediction,Normal,0
19,94,64,58.503067,-5.4969329833984375,5.4969329833984375,under_prediction,Normal,0
19,95,63,47.608208,-15.39179229736328,15.39179229736328,under_prediction,Warning,50
19,96,62,39.039253,-22.96074676513672,22.96074676513672,under_prediction,Warning,50
19,97,61,43.916218,-17.083782196044922,17.083782196044922,under_prediction,Warning,50
19,98,60,42.087368,-17.91263198852539,17.91263198852539,under_prediction,Warning,50
19,99,59,47.466957,-11.533042907714844,11.533042907714844,under_prediction,Warning,50
19,100,58,42.435925,-15.564075469970703,15.564075469970703,under_prediction,Warning,50
19,101,57,49.46966,-7.530338287353516,7.530338287353516,under_prediction,Warning,50
19,102,56,65.41719,9.417190551757812,9.417190551757812,over_prediction,Normal,0
19,103,55,61.298046,6.298046112060547,6.298046112060547,over_prediction,Normal,0
19,104,54,45.727573,-8.27242660522461,8.27242660522461,under_prediction,Warning,50
19,105,53,48.34869,-4.651309967041016,4.651309967041016,under_prediction,Warning,50
19,106,52,49.675205,-2.3247947692871094,2.3247947692871094,under_prediction,Warning,50
19,107,51,56.26151,5.261508941650391,5.261508941650391,over_prediction,Normal,0
19,108,50,58.17691,8.176910400390625,8.176910400390625,over_prediction,Normal,0
19,109,49,50.16379,1.1637916564941406,1.1637916564941406,over_prediction,Normal,0
19,110,48,47.384476,-0.6155242919921875,0.6155242919921875,under_prediction,Warning,50
19,111,47,47.63128,0.6312789916992188,0.6312789916992188,over_prediction,Warning,50
19,112,46,44.796017,-1.2039833068847656,1.2039833068847656,under_prediction,Warning,50
19,113,45,48.727303,3.7273025512695312,3.7273025512695312,over_prediction,Warning,50
19,114,44,46.450455,2.4504547119140625,2.4504547119140625,over_prediction,Warning,50
19,115,43,41.38349,-1.6165084838867188,1.6165084838867188,under_prediction,Warning,50
19,116,42,45.77059,3.770591735839844,3.770591735839844,over_prediction,Warning,50
19,117,41,48.431767,7.431766510009766,7.431766510009766,over_prediction,Warning,50
19,118,40,42.02751,2.0275115966796875,2.0275115966796875,over_prediction,Warning,50
19,119,39,45.372025,6.3720245361328125,6.3720245361328125,over_prediction,Warning,50
19,120,38,46.88191,8.881908416748047,8.881908416748047,over_prediction,Warning,50
19,121,37,43.254147,6.254146575927734,6.254146575927734,over_prediction,Warning,50
19,122,36,37.982925,1.9829254150390625,1.9829254150390625,over_prediction,Warning,50
19,123,35,33.09524,-1.9047584533691408,1.9047584533691408,under_prediction,Warning,50
19,124,34,30.515718,-3.484281539916992,3.484281539916992,under_prediction,Warning,50
19,125,33,32.21354,-0.7864608764648438,0.7864608764648438,under_prediction,Warning,50
19,126,32,25.897074,-6.102926254272461,6.102926254272461,under_prediction,Warning,50
19,127,31,32.23449,1.2344894409179688,1.2344894409179688,over_prediction,Warning,50
19,128,30,22.36903,-7.630970001220703,7.630970001220703,under_prediction,Warning,50
19,129,29,26.54746,-2.4525394439697266,2.4525394439697266,under_prediction,Warning,50
19,130,28,24.148548,-3.851451873779297,3.851451873779297,under_prediction,Warning,50
19,131,27,23.4255,-3.5744991302490234,3.5744991302490234,under_prediction,Warning,50
19,132,26,20.681772,-5.318227767944336,5.318227767944336,under_prediction,Warning,50
19,133,25,22.150028,-2.8499717712402344,2.8499717712402344,under_prediction,Warning,50
19,134,24,21.860607,-2.139392852783203,2.139392852783203,under_prediction,Warning,50
19,135,23,20.477924,-2.522075653076172,2.522075653076172,under_prediction,Warning,50
19,136,22,24.242008,2.242008209228516,2.242008209228516,over_prediction,Warning,50
19,137,21,26.466244,5.466243743896484,5.466243743896484,over_prediction,Warning,50
19,138,20,25.790108,5.790107727050781,5.790107727050781,over_prediction,Warning,50
19,139,19,24.390358,5.390357971191406,5.390357971191406,over_prediction,Warning,50
19,140,18,20.744673,2.7446727752685547,2.7446727752685547,over_prediction,Warning,50
19,141,17,20.89557,3.895570755004883,3.895570755004883,over_prediction,Warning,50
19,142,16,19.760624,3.7606239318847656,3.7606239318847656,over_prediction,Critical,100
19,143,15,17.021442,2.021442413330078,2.021442413330078,over_prediction,Critical,100
19,144,14,19.97846,5.978460311889648,5.978460311889648,over_prediction,Critical,100
19,145,13,14.936283,1.9362831115722656,1.9362831115722656,over_prediction,Critical,100
19,146,12,16.987751,4.987751007080078,4.987751007080078,over_prediction,Critical,100
19,147,11,11.702828,0.7028284072875977,0.7028284072875977,over_prediction,Critical,100
19,148,10,9.344375,-0.6556253433227539,0.6556253433227539,under_prediction,Critical,100
19,149,9,8.754438,-0.2455615997314453,0.2455615997314453,under_prediction,Critical,100
19,150,8,8.033446,0.0334463119506835,0.0334463119506835,over_prediction,Critical,100
19,151,7,7.8783293,0.8783292770385742,0.8783292770385742,over_prediction,Critical,100
19,152,6,7.282993,1.2829928398132324,1.2829928398132324,over_prediction,Critical,100
19,153,5,5.859078,0.8590779304504395,0.8590779304504395,over_prediction,Critical,100
19,154,4,5.2311554,1.2311553955078125,1.2311553955078125,over_prediction,Critical,100
19,155,3,4.9228373,1.922837257385254,1.922837257385254,over_prediction,Critical,100
19,156,2,3.0423615,1.0423614978790283,1.0423614978790283,over_prediction,Critical,100
19,157,1,1.7430267,0.7430267333984375,0.7430267333984375,over_prediction,Critical,100
19,158,0,2.235605,2.235605001449585,2.235605001449585,over_prediction,Critical,100
23,1,167,196.2691,29.26910400390625,29.26910400390625,over_prediction,Normal,0
23,2,166,202.78732,36.78732299804688,36.78732299804688,over_prediction,Normal,0
23,3,165,220.43486,55.43486022949219,55.43486022949219,over_prediction,Normal,0
23,4,164,194.39565,30.39564514160156,30.39564514160156,over_prediction,Normal,0
23,5,163,177.90741,14.90740966796875,14.90740966796875,over_prediction,Normal,0
23,6,162,201.08775,39.08775329589844,39.08775329589844,over_prediction,Normal,0
23,7,161,195.81895,34.81895446777344,34.81895446777344,over_prediction,Normal,0
23,8,160,208.6115,48.61149597167969,48.61149597167969,over_prediction,Normal,0
23,9,159,205.60443,46.60443115234375,46.60443115234375,over_prediction,Normal,0
23,10,158,193.94943,35.949432373046875,35.949432373046875,over_prediction,Normal,0
23,11,157,196.6072,39.60719299316406,39.60719299316406,over_prediction,Normal,0
23,12,156,199.2051,43.20509338378906,43.20509338378906,over_prediction,Normal,0
23,13,155,189.01779,34.017791748046875,34.017791748046875,over_prediction,Normal,0
23,14,154,179.06892,25.068923950195312,25.068923950195312,over_prediction,Normal,0
23,15,153,178.18243,25.18243408203125,25.18243408203125,over_prediction,Normal,0
23,16,152,183.0288,31.028793334960938,31.028793334960938,over_prediction,Normal,0
23,17,151,197.66951,46.66950988769531,46.66950988769531,over_prediction,Normal,0
23,18,150,192.71399,42.7139892578125,42.7139892578125,over_prediction,Normal,0
23,19,149,188.03247,39.032470703125,39.032470703125,over_prediction,Normal,0
23,20,148,188.3125,40.3125,40.3125,over_prediction,Normal,0
23,21,147,182.81454,35.814544677734375,35.814544677734375,over_prediction,Normal,0
23,22,146,167.19768,21.197677612304688,21.197677612304688,over_prediction,Normal,0
23,23,145,171.50609,26.506088256835938,26.506088256835938,over_prediction,Normal,0
23,24,144,170.21559,26.215591430664062,26.215591430664062,over_prediction,Normal,0
23,25,143,146.77534,3.775344848632813,3.775344848632813,over_prediction,Normal,0
23,26,142,153.93422,11.934219360351562,11.934219360351562,over_prediction,Normal,0
23,27,141,151.00752,10.007522583007812,10.007522583007812,over_prediction,Normal,0
23,28,140,159.5792,19.57919311523437,19.57919311523437,over_prediction,Normal,0
23,29,139,150.75024,11.750244140625,11.750244140625,over_prediction,Normal,0
23,30,138,154.88275,16.88275146484375,16.88275146484375,over_prediction,Normal,0
23,31,137,170.49542,33.49542236328125,33.49542236328125,over_prediction,Normal,0
23,32,136,170.88818,34.88818359375,34.88818359375,over_prediction,Normal,0
23,33,135,165.43767,30.437667846679688,30.437667846679688,over_prediction,Normal,0
23,34,134,163.13959,29.13958740234375,29.13958740234375,over_prediction,Normal,0
23,35,133,144.7671,11.767105102539062,11.767105102539062,over_prediction,Normal,0
23,36,132,153.10918,21.109176635742188,21.109176635742188,over_prediction,Normal,0
23,37,131,136.66336,5.663360595703125,5.663360595703125,over_prediction,Normal,0
23,38,130,139.29337,9.293365478515623,9.293365478515623,over_prediction,Normal,0
23,39,129,131.04895,2.0489501953125,2.0489501953125,over_prediction,Normal,0
23,40,128,127.20332,-0.7966766357421875,0.7966766357421875,under_prediction,Normal,0
23,41,127,135.2002,8.2001953125,8.2001953125,over_prediction,Normal,0
23,42,126,124.83486,-1.1651382446289062,1.1651382446289062,under_prediction,Normal,0
23,43,125,119.78673,-5.2132720947265625,5.2132720947265625,under_prediction,Normal,0
23,44,124,85.77506,-38.22493743896485,38.22493743896485,under_prediction,Normal,0
23,45,123,84.93107,-38.06893157958984,38.06893157958984,under_prediction,Normal,0
23,46,122,101.15032,-20.84967803955078,20.84967803955078,under_prediction,Normal,0
23,47,121,97.27746,-23.72254180908203,23.72254180908203,under_prediction,Normal,0
23,48,120,99.99843,-20.00157165527344,20.00157165527344,under_prediction,Normal,0
23,49,119,109.32398,-9.676017761230469,9.676017761230469,under_prediction,Normal,0
23,50,118,118.54344,0.5434417724609375,0.5434417724609375,over_prediction,Normal,0
23,51,117,107.478195,-9.521804809570312,9.521804809570312,under_prediction,Normal,0
23,52,116,102.177414,-13.822586059570312,13.822586059570312,under_prediction,Normal,0
23,53,115,117.37622,2.376220703125,2.376220703125,over_prediction,Normal,0
23,54,114,114.47757,0.477569580078125,0.477569580078125,over_prediction,Normal,0
23,55,113,104.61481,-8.38519287109375,8.38519287109375,under_prediction,Normal,0
23,56,112,121.19271,9.192710876464844,9.192710876464844,over_prediction,Normal,0
23,57,111,118.709366,7.709365844726562,7.709365844726562,over_prediction,Normal,0
23,58,110,118.89295,8.892951965332031,8.892951965332031,over_prediction,Normal,0
23,59,109,125.06674,16.066741943359375,16.066741943359375,over_prediction,Normal,0
23,60,108,135.98662,27.986618041992188,27.986618041992188,over_prediction,Normal,0
23,61,107,146.62003,39.620025634765625,39.620025634765625,over_prediction,Normal,0
23,62,106,141.35324,35.353240966796875,35.353240966796875,over_prediction,Normal,0
23,63,105,149.06448,44.064483642578125,44.064483642578125,over_prediction,Normal,0
23,64,104,139.42622,35.42622375488281,35.42622375488281,over_prediction,Normal,0
23,65,103,127.584656,24.58465576171875,24.58465576171875,over_prediction,Normal,0
23,66,102,146.48463,44.48463439941406,44.48463439941406,over_prediction,Normal,0
23,67,101,131.73247,30.732467651367188,30.732467651367188,over_prediction,Normal,0
23,68,100,150.20853,50.208526611328125,50.208526611328125,over_prediction,Normal,0
23,69,99,142.10245,43.102447509765625,43.102447509765625,over_prediction,Normal,0
23,70,98,140.1293,42.129302978515625,42.129302978515625,over_prediction,Normal,0
23,71,97,131.19472,34.19471740722656,34.19471740722656,over_prediction,Normal,0
23,72,96,130.60535,34.6053466796875,34.6053466796875,over_prediction,Normal,0
23,73,95,132.78372,37.783721923828125,37.783721923828125,over_prediction,Normal,0
23,74,94,123.43004,29.43003845214844,29.43003845214844,over_prediction,Normal,0
23,75,93,129.55682,36.55682373046875,36.55682373046875,over_prediction,Normal,0
23,76,92,130.42421,38.42420959472656,38.42420959472656,over_prediction,Normal,0
23,77,91,127.60972,36.60971832275391,36.60971832275391,over_prediction,Normal,0
23,78,90,148.5351,58.53509521484375,58.53509521484375,over_prediction,Normal,0
23,79,89,138.03427,49.034271240234375,49.034271240234375,over_prediction,Normal,0
23,80,88,145.99745,57.99745178222656,57.99745178222656,over_prediction,Normal,0
23,81,87,141.26553,54.265533447265625,54.265533447265625,over_prediction,Normal,0
23,82,86,135.87553,49.87553405761719,49.87553405761719,over_prediction,Normal,0
23,83,85,150.52972,65.52972412109375,65.52972412109375,over_prediction,Normal,0
23,84,84,153.45064,69.45063781738281,69.45063781738281,over_prediction,Normal,0
23,85,83,146.12329,63.123291015625,63.123291015625,over_prediction,Normal,0
23,86,82,145.10635,63.106353759765625,63.106353759765625,over_prediction,Normal,0
23,87,81,130.6229,49.622894287109375,49.622894287109375,over_prediction,Normal,0
23,88,80,136.93555,56.935546875,56.935546875,over_prediction,Normal,0
23,89,79,122.27308,43.27307891845703,43.27307891845703,over_prediction,Normal,0
23,90,78,128.57118,50.57118225097656,50.57118225097656,over_prediction,Normal,0
23,91,77,143.78511,66.78511047363281,66.78511047363281,over_prediction,Normal,0
23,92,76,122.762794,46.762794494628906,46.762794494628906,over_prediction,Normal,0
23,93,75,127.04473,52.04473114013672,52.04473114013672,over_prediction,Normal,0
23,94,74,113.14336,39.14335632324219,39.14335632324219,over_prediction,Normal,0
23,95,73,115.85503,42.85502624511719,42.85502624511719,over_prediction,Normal,0
23,96,72,142.02348,70.02348327636719,70.02348327636719,over_prediction,Normal,0
23,97,71,130.46988,59.46987915039063,59.46987915039063,over_prediction,Normal,0
23,98,70,139.81242,69.81242370605469,69.81242370605469,over_prediction,Normal,0
23,99,69,127.27059,58.27059173583984,58.27059173583984,over_prediction,Normal,0
23,100,68,114.807076,46.80707550048828,46.80707550048828,over_prediction,Normal,0
23,101,67,118.666664,51.66666412353516,51.66666412353516,over_prediction,Normal,0
23,102,66,125.59182,59.5918197631836,59.5918197631836,over_prediction,Normal,0
23,103,65,99.2993,34.29930114746094,34.29930114746094,over_prediction,Normal,0
23,104,64,109.73124,45.731239318847656,45.731239318847656,over_prediction,Normal,0
23,105,63,107.20317,44.20317077636719,44.20317077636719,over_prediction,Normal,0
23,106,62,112.519646,50.51964569091797,50.51964569091797,over_prediction,Normal,0
23,107,61,100.64116,39.64115905761719,39.64115905761719,over_prediction,Normal,0
23,108,60,109.45438,49.454376220703125,49.454376220703125,over_prediction,Normal,0
23,109,59,99.620056,40.62005615234375,40.62005615234375,over_prediction,Normal,0
23,110,58,106.61785,48.61785125732422,48.61785125732422,over_prediction,Normal,0
23,111,57,88.91884,31.91883850097656,31.91883850097656,over_prediction,Normal,0
23,112,56,100.56563,44.56562805175781,44.56562805175781,over_prediction,Normal,0
23,113,55,112.57931,57.57930755615234,57.57930755615234,over_prediction,Normal,0
23,114,54,114.84009,60.840087890625,60.840087890625,over_prediction,Normal,0
23,115,53,97.75761,44.757606506347656,44.757606506347656,over_prediction,Normal,0
23,116,52,82.0454,30.04540252685547,30.04540252685547,over_prediction,Normal,0
23,117,51,62.34095,11.340950012207031,11.340950012207031,over_prediction,Normal,0
23,118,50,56.510143,6.510143280029297,6.510143280029297,over_prediction,Normal,0
23,119,49,64.507706,15.507705688476562,15.507705688476562,over_prediction,Normal,0
23,120,48,53.936596,5.936595916748047,5.936595916748047,over_prediction,Normal,0
23,121,47,52.130795,5.130794525146484,5.130794525146484,over_prediction,Normal,0
23,122,46,52.934235,6.934234619140625,6.934234619140625,over_prediction,Normal,0
23,123,45,46.385815,1.3858146667480469,1.3858146667480469,over_prediction,Warning,50
23,124,44,59.017223,15.017223358154297,15.017223358154297,over_prediction,Normal,0
23,125,43,48.410183,5.410182952880859,5.410182952880859,over_prediction,Warning,50
23,126,42,53.190002,11.19000244140625,11.19000244140625,over_prediction,Normal,0
23,127,41,46.622257,5.622257232666016,5.622257232666016,over_prediction,Warning,50
23,128,40,44.895523,4.895523071289063,4.895523071289063,over_prediction,Warning,50
23,129,39,44.04823,5.048229217529297,5.048229217529297,over_prediction,Warning,50
23,130,38,40.763668,2.7636680603027344,2.7636680603027344,over_prediction,Warning,50
23,131,37,37.974125,0.9741249084472656,0.9741249084472656,over_prediction,Warning,50
23,132,36,42.65079,6.650791168212891,6.650791168212891,over_prediction,Warning,50
23,133,35,34.614677,-0.3853225708007812,0.3853225708007812,under_prediction,Warning,50
23,134,34,37.30598,3.305980682373047,3.305980682373047,over_prediction,Warning,50
23,135,33,34.828823,1.8288230895996092,1.8288230895996092,over_prediction,Warning,50
23,136,32,35.060863,3.060863494873047,3.060863494873047,over_prediction,Warning,50
23,137,31,33.438194,2.438194274902344,2.438194274902344,over_prediction,Warning,50
23,138,30,33.136196,3.1361961364746094,3.1361961364746094,over_prediction,Warning,50
23,139,29,29.130125,0.1301250457763672,0.1301250457763672,over_prediction,Warning,50
23,140,28,28.53806,0.5380592346191406,0.5380592346191406,over_prediction,Warning,50
23,141,27,28.21285,1.212850570678711,1.212850570678711,over_prediction,Warning,50
23,142,26,32.55176,6.551761627197266,6.551761627197266,over_prediction,Warning,50
23,143,25,31.982784,6.982784271240234,6.982784271240234,over_prediction,Warning,50
23,144,24,34.155148,10.155147552490234,10.155147552490234,over_prediction,Warning,50
23,145,23,21.339077,-1.6609230041503906,1.6609230041503906,under_prediction,Warning,50
23,146,22,28.613056,6.613056182861328,6.613056182861328,over_prediction,Warning,50
23,147,21,26.23627,5.236270904541016,5.236270904541016,over_prediction,Warning,50
23,148,20,21.03908,1.039079666137695,1.039079666137695,over_prediction,Warning,50
23,149,19,18.135462,-0.8645381927490234,0.8645381927490234,under_prediction,Critical,100
23,150,18,20.272295,2.2722949981689453,2.2722949981689453,over_prediction,Warning,50
23,151,17,21.783415,4.783414840698242,4.783414840698242,over_prediction,Warning,50
23,152,16,18.360868,2.360868453979492,2.360868453979492,over_prediction,Critical,100
23,153,15,27.082968,12.082967758178713,12.082967758178713,over_prediction,Warning,50
23,154,14,16.783426,2.783426284790039,2.783426284790039,over_prediction,Critical,100
23,155,13,14.389987,1.3899869918823242,1.3899869918823242,over_prediction,Critical,100
23,156,12,17.303936,5.303936004638672,5.303936004638672,over_prediction,Critical,100
23,157,11,16.594175,5.594175338745117,5.594175338745117,over_prediction,Critical,100
23,158,10,16.629759,6.629758834838867,6.629758834838867,over_prediction,Critical,100
23,159,9,16.750713,7.750713348388672,7.750713348388672,over_prediction,Critical,100
23,160,8,16.238111,8.23811149597168,8.23811149597168,over_prediction,Critical,100
23,161,7,15.695589,8.695589065551758,8.695589065551758,over_prediction,Critical,100
23,162,6,12.976545,6.976545333862305,6.976545333862305,over_prediction,Critical,100
23,163,5,13.567471,8.56747055053711,8.56747055053711,over_prediction,Critical,100
23,164,4,6.500638,2.500638008117676,2.500638008117676,over_prediction,Critical,100
23,165,3,8.468988,5.468988418579102,5.468988418579102,over_prediction,Critical,100
23,166,2,10.14567,8.145669937133789,8.145669937133789,over_prediction,Critical,100
23,167,1,4.9620156,3.962015628814697,3.962015628814697,over_prediction,Critical,100
23,168,0,0.22982115,0.2298211455345153,0.2298211455345153,over_prediction,Critical,100
31,1,233,225.75667,-7.243331909179687,7.243331909179687,under_prediction,Normal,0
31,2,232,219.55081,-12.449188232421877,12.449188232421877,under_prediction,Normal,0
31,3,231,202.24886,-28.751144409179688,28.751144409179688,under_prediction,Normal,0
31,4,230,202.55922,-27.44078063964844,27.44078063964844,under_prediction,Normal,0
31,5,229,225.96031,-3.0396881103515625,3.0396881103515625,under_prediction,Normal,0
31,6,228,221.1297,-6.87030029296875,6.87030029296875,under_prediction,Normal,0
31,7,227,219.51807,-7.48193359375,7.48193359375,under_prediction,Normal,0
31,8,226,197.82228,-28.177719116210938,28.177719116210938,under_prediction,Normal,0
31,9,225,187.67216,-37.32783508300781,37.32783508300781,under_prediction,Normal,0
31,10,224,169.00377,-54.99623107910156,54.99623107910156,under_prediction,Normal,0
31,11,223,167.95613,-55.04386901855469,55.04386901855469,under_prediction,Normal,0
31,12,222,167.3644,-54.63560485839844,54.63560485839844,under_prediction,Normal,0
31,13,221,185.25508,-35.74491882324219,35.74491882324219,under_prediction,Normal,0
31,14,220,178.21805,-41.78195190429688,41.78195190429688,under_prediction,Normal,0
31,15,219,173.67984,-45.320159912109375,45.320159912109375,under_prediction,Normal,0
31,16,218,180.3803,-37.61970520019531,37.61970520019531,under_prediction,Normal,0
31,17,217,178.1187,-38.88130187988281,38.88130187988281,under_prediction,Normal,0
31,18,216,176.5614,-39.4385986328125,39.4385986328125,under_prediction,Normal,0
31,19,215,192.03447,-22.96553039550781,22.96553039550781,under_prediction,Normal,0
31,20,214,174.59668,-39.4033203125,39.4033203125,under_prediction,Normal,0
31,21,213,166.75711,-46.24288940429688,46.24288940429688,under_prediction,Normal,0
31,22,212,169.13956,-42.860443115234375,42.860443115234375,under_prediction,Normal,0
31,23,211,168.06581,-42.93418884277344,42.93418884277344,under_prediction,Normal,0
31,24,210,168.42378,-41.57621765136719,41.57621765136719,under_prediction,Normal,0
31,25,209,155.4683,-53.53169250488281,53.53169250488281,under_prediction,Normal,0
31,26,208,159.3902,-48.60980224609375,48.60980224609375,under_prediction,Normal,0
31,27,207,171.3647,-35.63529968261719,35.63529968261719,under_prediction,Normal,0
31,28,206,177.7641,-28.23590087890625,28.23590087890625,under_prediction,Normal,0
31,29,205,176.81798,-28.18202209472656,28.18202209472656,under_prediction,Normal,0
31,30,204,179.11238,-24.887619018554688,24.887619018554688,under_prediction,Normal,0
31,31,203,170.63329,-32.36671447753906,32.36671447753906,under_prediction,Normal,0
31,32,202,159.37459,-42.62541198730469,42.62541198730469,under_prediction,Normal,0
31,33,201,171.72865,-29.27134704589844,29.27134704589844,under_prediction,Normal,0
31,34,200,150.05821,-49.94178771972656,49.94178771972656,under_prediction,Normal,0
31,35,199,159.51036,-39.48963928222656,39.48963928222656,under_prediction,Normal,0
31,36,198,155.721,-42.27900695800781,42.27900695800781,under_prediction,Normal,0
31,37,197,157.77008,-39.22991943359375,39.22991943359375,under_prediction,Normal,0
31,38,196,157.89444,-38.105560302734375,38.105560302734375,under_prediction,Normal,0
31,39,195,151.18704,-43.81295776367188,43.81295776367188,under_prediction,Normal,0
31,40,194,149.04318,-44.956817626953125,44.956817626953125,under_prediction,Normal,0
31,41,193,159.89159,-33.10841369628906,33.10841369628906,under_prediction,Normal,0
31,42,192,170.62454,-21.375457763671875,21.375457763671875,under_prediction,Normal,0
31,43,191,168.13765,-22.862350463867188,22.862350463867188,under_prediction,Normal,0
31,44,190,171.08157,-18.918426513671875,18.918426513671875,under_prediction,Normal,0
31,45,189,174.58537,-14.414627075195312,14.414627075195312,under_prediction,Normal,0
31,46,188,182.5374,-5.4626007080078125,5.4626007080078125,under_prediction,Normal,0
31,47,187,175.09079,-11.909210205078123,11.909210205078123,under_prediction,Normal,0
31,48,186,183.89249,-2.107513427734375,2.107513427734375,under_prediction,Normal,0
31,49,185,172.28072,-12.719284057617188,12.719284057617188,under_prediction,Normal,0
31,50,184,173.5243,-10.475692749023438,10.475692749023438,under_prediction,Normal,0
31,51,183,179.75316,-3.2468414306640625,3.2468414306640625,under_prediction,Normal,0
31,52,182,180.41325,-1.5867462158203125,1.5867462158203125,under_prediction,Normal,0
31,53,181,162.76636,-18.233642578125,18.233642578125,under_prediction,Normal,0
31,54,180,180.77611,0.7761077880859375,0.7761077880859375,over_prediction,Normal,0
31,55,179,161.5013,-17.498703002929688,17.498703002929688,under_prediction,Normal,0
31,56,178,184.22356,6.223556518554688,6.223556518554688,over_prediction,Normal,0
31,57,177,193.39323,16.393234252929688,16.393234252929688,over_prediction,Normal,0
31,58,176,189.41139,13.411392211914062,13.411392211914062,over_prediction,Normal,0
31,59,175,182.48877,7.48876953125,7.48876953125,over_prediction,Normal,0
31,60,174,189.10893,15.108932495117188,15.108932495117188,over_prediction,Normal,0
31,61,173,184.06798,11.067977905273438,11.067977905273438,over_prediction,Normal,0
31,62,172,179.6394,7.639404296875,7.639404296875,over_prediction,Normal,0
31,63,171,177.84268,6.842681884765625,6.842681884765625,over_prediction,Normal,0
31,64,170,180.0832,10.083206176757812,10.083206176757812,over_prediction,Normal,0
31,65,169,187.24338,18.243377685546875,18.243377685546875,over_prediction,Normal,0
31,66,168,176.53674,8.5367431640625,8.5367431640625,over_prediction,Normal,0
31,67,167,166.82079,-0.1792144775390625,0.1792144775390625,under_prediction,Normal,0
31,68,166,160.45477,-5.54522705078125,5.54522705078125,under_prediction,Normal,0
31,69,165,140.54515,-24.454849243164062,24.454849243164062,under_prediction,Normal,0
31,70,164,135.64517,-28.35482788085937,28.35482788085937,under_prediction,Normal,0
31,71,163,135.44699,-27.553009033203125,27.553009033203125,under_prediction,Normal,0
31,72,162,145.77176,-16.228240966796875,16.228240966796875,under_prediction,Normal,0
31,73,161,139.50542,-21.49458312988281,21.49458312988281,under_prediction,Normal,0
31,74,160,150.15598,-9.844024658203123,9.844024658203123,under_prediction,Normal,0
31,75,159,140.52007,-18.47993469238281,18.47993469238281,under_prediction,Normal,0
31,76,158,143.47383,-14.526168823242188,14.526168823242188,under_prediction,Normal,0
31,77,157,121.31917,-35.68083190917969,35.68083190917969,under_prediction,Normal,0
31,78,156,137.62726,-18.37274169921875,18.37274169921875,under_prediction,Normal,0
31,79,155,136.49844,-18.50155639648437,18.50155639648437,under_prediction,Normal,0
31,80,154,135.23427,-18.76573181152344,18.76573181152344,under_prediction,Normal,0
31,81,153,139.13153,-13.86846923828125,13.86846923828125,under_prediction,Normal,0
31,82,152,131.83624,-20.16375732421875,20.16375732421875,under_prediction,Normal,0
31,83,151,133.94228,-17.057723999023438,17.057723999023438,under_prediction,Normal,0
31,84,150,150.65088,0.65087890625,0.65087890625,over_prediction,Normal,0
31,85,149,144.22041,-4.779586791992188,4.779586791992188,under_prediction,Normal,0
31,86,148,128.08594,-19.9140625,19.9140625,under_prediction,Normal,0
31,87,147,141.51016,-5.489837646484375,5.489837646484375,under_prediction,Normal,0
31,88,146,151.91396,5.9139556884765625,5.9139556884765625,over_prediction,Normal,0
31,89,145,165.5831,20.58309936523437,20.58309936523437,over_prediction,Normal,0
31,90,144,148.20634,4.206344604492188,4.206344604492188,over_prediction,Normal,0
31,91,143,151.40994,8.409942626953125,8.409942626953125,over_prediction,Normal,0
31,92,142,137.7042,-4.295806884765625,4.295806884765625,under_prediction,Normal,0
31,93,141,132.49551,-8.504486083984375,8.504486083984375,under_prediction,Normal,0
31,94,140,137.76283,-2.237167358398437,2.237167358398437,under_prediction,Normal,0
31,95,139,150.40213,11.402130126953123,11.402130126953123,over_prediction,Normal,0
31,96,138,148.10938,10.109375,10.109375,over_prediction,Normal,0
31,97,137,152.36505,15.36505126953125,15.36505126953125,over_prediction,Normal,0
31,98,136,159.53775,23.537750244140625,23.537750244140625,over_prediction,Normal,0
31,99,135,151.08794,16.087936401367188,16.087936401367188,over_prediction,Normal,0
31,100,134,157.0917,23.091705322265625,23.091705322265625,over_prediction,Normal,0
31,101,133,167.78065,34.78065490722656,34.78065490722656,over_prediction,Normal,0
31,102,132,158.31819,26.318191528320312,26.318191528320312,over_prediction,Normal,0
31,103,131,153.81044,22.81044006347656,22.81044006347656,over_prediction,Normal,0
31,104,130,154.1398,24.139801025390625,24.139801025390625,over_prediction,Normal,0
31,105,129,141.13081,12.130813598632812,12.130813598632812,over_prediction,Normal,0
31,106,128,153.32945,25.32945251464844,25.32945251464844,over_prediction,Normal,0
31,107,127,156.66365,29.663650512695312,29.663650512695312,over_prediction,Normal,0
31,108,126,159.588,33.58799743652344,33.58799743652344,over_prediction,Normal,0
31,109,125,154.4597,29.459701538085938,29.459701538085938,over_prediction,Normal,0
31,110,124,168.68434,44.68434143066406,44.68434143066406,over_prediction,Normal,0
31,111,123,143.75027,20.750274658203125,20.750274658203125,over_prediction,Normal,0
31,112,122,179.8147,57.814697265625,57.814697265625,over_prediction,Normal,0
31,113,121,161.90073,40.900726318359375,40.900726318359375,over_prediction,Normal,0
31,114,120,158.90968,38.90968322753906,38.90968322753906,over_prediction,Normal,0
31,115,119,166.28531,47.28530883789063,47.28530883789063,over_prediction,Normal,0
31,116,118,178.69203,60.69203186035156,60.69203186035156,over_prediction,Normal,0
31,117,117,141.20967,24.20967102050781,24.20967102050781,over_prediction,Normal,0
31,118,116,145.40816,29.40815734863281,29.40815734863281,over_prediction,Normal,0
31,119,115,145.55913,30.559127807617188,30.559127807617188,over_prediction,Normal,0
31,120,114,172.44841,58.44841003417969,58.44841003417969,over_prediction,Normal,0
31,121,113,182.072,69.07200622558594,69.07200622558594,over_prediction,Normal,0
31,122,112,136.99918,24.999176025390625,24.999176025390625,over_prediction,Normal,0
31,123,111,136.6631,25.663101196289062,25.663101196289062,over_prediction,Normal,0
31,124,110,128.06253,18.062530517578125,18.062530517578125,over_prediction,Normal,0
31,125,109,153.47116,44.47116088867188,44.47116088867188,over_prediction,Normal,0
31,126,108,166.51816,58.518157958984375,58.518157958984375,over_prediction,Normal,0
31,127,107,147.8413,40.84129333496094,40.84129333496094,over_prediction,Normal,0
31,128,106,170.52977,64.52976989746094,64.52976989746094,over_prediction,Normal,0
31,129,105,168.91669,63.91668701171875,63.91668701171875,over_prediction,Normal,0
31,130,104,154.1601,50.16009521484375,50.16009521484375,over_prediction,Normal,0
31,131,103,152.48547,49.4854736328125,49.4854736328125,over_prediction,Normal,0
31,132,102,164.03273,62.03273010253906,62.03273010253906,over_prediction,Normal,0
31,133,101,159.86008,58.86007690429688,58.86007690429688,over_prediction,Normal,0
31,134,100,161.26355,61.2635498046875,61.2635498046875,over_prediction,Normal,0
31,135,99,158.93733,59.93733215332031,59.93733215332031,over_prediction,Normal,0
31,136,98,166.12547,68.12547302246094,68.12547302246094,over_prediction,Normal,0
31,137,97,165.77927,68.77926635742188,68.77926635742188,over_prediction,Normal,0
31,138,96,149.83029,53.83029174804688,53.83029174804688,over_prediction,Normal,0
31,139,95,135.86375,40.86375427246094,40.86375427246094,over_prediction,Normal,0
31,140,94,135.90007,41.90007019042969,41.90007019042969,over_prediction,Normal,0
31,141,93,132.17688,39.1768798828125,39.1768798828125,over_prediction,Normal,0
31,142,92,166.67557,74.67556762695312,74.67556762695312,over_prediction,Normal,0
31,143,91,161.8432,70.84320068359375,70.84320068359375,over_prediction,Normal,0
31,144,90,157.96255,67.96255493164062,67.96255493164062,over_prediction,Normal,0
31,145,89,137.48785,48.48785400390625,48.48785400390625,over_prediction,Normal,0
31,146,88,165.05687,77.05686950683594,77.05686950683594,over_prediction,Normal,0
31,147,87,152.04578,65.0457763671875,65.0457763671875,over_prediction,Normal,0
31,148,86,162.1112,76.1112060546875,76.1112060546875,over_prediction,Normal,0
31,149,85,159.93611,74.93611145019531,74.93611145019531,over_prediction,Normal,0
31,150,84,169.1897,85.189697265625,85.189697265625,over_prediction,Normal,0
31,151,83,193.49265,110.49264526367188,110.49264526367188,over_prediction,Normal,0
31,152,82,188.8125,106.8125,106.8125,over_prediction,Normal,0
31,153,81,193.3835,112.3834991455078,112.3834991455078,over_prediction,Normal,0
31,154,80,186.42802,106.4280242919922,106.4280242919922,over_prediction,Normal,0
31,155,79,144.44627,65.44627380371094,65.44627380371094,over_prediction,Normal,0
31,156,78,148.49837,70.49836730957031,70.49836730957031,over_prediction,Normal,0
31,157,77,144.14142,67.14141845703125,67.14141845703125,over_prediction,Normal,0
31,158,76,133.8331,57.833099365234375,57.833099365234375,over_prediction,Normal,0
31,159,75,130.23776,55.23776245117188,55.23776245117188,over_prediction,Normal,0
31,160,74,137.83112,63.83111572265625,63.83111572265625,over_prediction,Normal,0
31,161,73,133.03737,60.03736877441406,60.03736877441406,over_prediction,Normal,0
31,162,72,111.3771,39.377098083496094,39.377098083496094,over_prediction,Normal,0
31,163,71,127.523674,56.52367401123047,56.52367401123047,over_prediction,Normal,0
31,164,70,133.56963,63.56962585449219,63.56962585449219,over_prediction,Normal,0
31,165,69,129.78833,60.788330078125,60.788330078125,over_prediction,Normal,0
31,166,68,137.0646,69.06460571289062,69.06460571289062,over_prediction,Normal,0
31,167,67,117.454735,50.454734802246094,50.454734802246094,over_prediction,Normal,0
31,168,66,114.08225,48.082252502441406,48.082252502441406,over_prediction,Normal,0
31,169,65,130.58107,65.58106994628906,65.58106994628906,over_prediction,Normal,0
31,170,64,109.7954,45.79540252685547,45.79540252685547,over_prediction,Normal,0
31,171,63,104.98232,41.98232269287109,41.98232269287109,over_prediction,Normal,0
31,172,62,99.673256,37.67325592041016,37.67325592041016,over_prediction,Normal,0
31,173,61,106.71513,45.71513366699219,45.71513366699219,over_prediction,Normal,0
31,174,60,96.865715,36.86571502685547,36.86571502685547,over_prediction,Normal,0
31,175,59,102.86801,43.868011474609375,43.868011474609375,over_prediction,Normal,0
31,176,58,106.95906,48.95906066894531,48.95906066894531,over_prediction,Normal,0
31,177,57,103.2005,46.20050048828125,46.20050048828125,over_prediction,Normal,0
31,178,56,99.08885,43.08885192871094,43.08885192871094,over_prediction,Normal,0
31,179,55,86.8887,31.888702392578125,31.888702392578125,over_prediction,Normal,0
31,180,54,94.49162,40.49162292480469,40.49162292480469,over_prediction,Normal,0
31,181,53,100.119446,47.11944580078125,47.11944580078125,over_prediction,Normal,0
31,182,52,91.25738,39.25737762451172,39.25737762451172,over_prediction,Normal,0
31,183,51,107.14827,56.14826965332031,56.14826965332031,over_prediction,Normal,0
31,184,50,102.60328,52.60327911376953,52.60327911376953,over_prediction,Normal,0
31,185,49,101.96737,52.96736907958984,52.96736907958984,over_prediction,Normal,0
31,186,48,114.93541,66.93540954589844,66.93540954589844,over_prediction,Normal,0
31,187,47,127.20184,80.20184326171875,80.20184326171875,over_prediction,Normal,0
31,188,46,103.0875,57.087501525878906,57.087501525878906,over_prediction,Normal,0
31,189,45,80.38677,35.38677215576172,35.38677215576172,over_prediction,Normal,0
31,190,44,68.834625,24.834625244140625,24.834625244140625,over_prediction,Normal,0
31,191,43,55.850956,12.850955963134766,12.850955963134766,over_prediction,Normal,0
31,192,42,78.54606,36.54605865478516,36.54605865478516,over_prediction,Normal,0
31,193,41,82.1376,41.137603759765625,41.137603759765625,over_prediction,Normal,0
31,194,40,69.11827,29.11827087402344,29.11827087402344,over_prediction,Normal,0
31,195,39,52.62074,13.620738983154297,13.620738983154297,over_prediction,Normal,0
31,196,38,55.69037,17.69036865234375,17.69036865234375,over_prediction,Normal,0
31,197,37,46.50275,9.502750396728516,9.502750396728516,over_prediction,Warning,50
31,198,36,39.261257,3.26125717163086,3.26125717163086,over_prediction,Warning,50
31,199,35,39.87277,4.872768402099609,4.872768402099609,over_prediction,Warning,50
31,200,34,34.28351,0.28350830078125,0.28350830078125,over_prediction,Warning,50
31,201,33,42.103275,9.103275299072266,9.103275299072266,over_prediction,Warning,50
31,202,32,49.168232,17.168231964111328,17.168231964111328,over_prediction,Warning,50
31,203,31,37.204956,6.2049560546875,6.2049560546875,over_prediction,Warning,50
31,204,30,39.837612,9.83761215209961,9.83761215209961,over_prediction,Warning,50
31,205,29,34.9539,5.953899383544922,5.953899383544922,over_prediction,Warning,50
31,206,28,33.18583,5.185829162597656,5.185829162597656,over_prediction,Warning,50
31,207,27,41.625576,14.62557601928711,14.62557601928711,over_prediction,Warning,50
31,208,26,40.088528,14.08852767944336,14.08852767944336,over_prediction,Warning,50
31,209,25,29.714884,4.714883804321289,4.714883804321289,over_prediction,Warning,50
31,210,24,28.815388,4.815387725830078,4.815387725830078,over_prediction,Warning,50
31,211,23,26.908934,3.908933639526367,3.908933639526367,over_prediction,Warning,50
31,212,22,21.48309,-0.5169105529785156,0.5169105529785156,under_prediction,Warning,50
31,213,21,25.003838,4.003837585449219,4.003837585449219,over_prediction,Warning,50
31,214,20,28.393604,8.393604278564453,8.393604278564453,over_prediction,Warning,50
31,215,19,29.711077,10.711076736450195,10.711076736450195,over_prediction,Warning,50
31,216,18,27.770699,9.77069854736328,9.77069854736328,over_prediction,Warning,50
31,217,17,28.836018,11.836017608642578,11.836017608642578,over_prediction,Warning,50
31,218,16,24.144228,8.144227981567383,8.144227981567383,over_prediction,Warning,50
31,219,15,23.03618,8.03618049621582,8.03618049621582,over_prediction,Warning,50
31,220,14,19.42828,5.428279876708984,5.428279876708984,over_prediction,Critical,100
31,221,13,21.79417,8.794170379638672,8.794170379638672,over_prediction,Warning,50
31,222,12,16.382248,4.382247924804688,4.382247924804688,over_prediction,Critical,100
31,223,11,15.278047,4.278046607971191,4.278046607971191,over_prediction,Critical,100
31,224,10,12.159778,2.1597776412963867,2.1597776412963867,over_prediction,Critical,100
31,225,9,8.59674,-0.4032602310180664,0.4032602310180664,under_prediction,Critical,100
31,226,8,4.593507,-3.406493186950684,3.406493186950684,under_prediction,Critical,100
31,227,7,3.5776415,-3.422358512878418,3.422358512878418,under_prediction,Critical,100
31,228,6,5.2533407,-0.7466592788696289,0.7466592788696289,under_prediction,Critical,100
31,229,5,5.8333926,0.8333926200866699,0.8333926200866699,over_prediction,Critical,100
31,230,4,5.243363,1.2433629035949707,1.2433629035949707,over_prediction,Critical,100
31,231,3,2.2410069,-0.7589931488037109,0.7589931488037109,under_prediction,Critical,100
31,232,2,1.104374,-0.8956259489059448,0.8956259489059448,under_prediction,Critical,100
31,233,1,0.9654633,-0.0345367193222045,0.0345367193222045,under_prediction,Critical,100
31,234,0,4.531851,4.531850814819336,4.531850814819336,over_prediction,Critical,100
32,1,190,186.98216,-3.0178375244140625,3.0178375244140625,under_prediction,Normal,0
32,2,189,167.53137,-21.4686279296875,21.4686279296875,under_prediction,Normal,0
32,3,188,192.61693,4.6169281005859375,4.6169281005859375,over_prediction,Normal,0
32,4,187,231.6028,44.60279846191406,44.60279846191406,over_prediction,Normal,0
32,5,186,206.42078,20.4207763671875,20.4207763671875,over_prediction,Normal,0
32,6,185,196.30363,11.303634643554688,11.303634643554688,over_prediction,Normal,0
32,7,184,193.00609,9.006088256835938,9.006088256835938,over_prediction,Normal,0
32,8,183,164.0481,-18.951904296875,18.951904296875,under_prediction,Normal,0
32,9,182,164.84813,-17.151870727539062,17.151870727539062,under_prediction,Normal,0
32,10,181,165.18169,-15.818313598632812,15.818313598632812,under_prediction,Normal,0
32,11,180,156.13779,-23.862213134765625,23.862213134765625,under_prediction,Normal,0
32,12,179,151.1137,-27.886306762695312,27.886306762695312,under_prediction,Normal,0
32,13,178,159.57004,-18.429962158203125,18.429962158203125,under_prediction,Normal,0
32,14,177,147.46785,-29.532150268554688,29.532150268554688,under_prediction,Normal,0
32,15,176,149.99681,-26.003189086914062,26.003189086914062,under_prediction,Normal,0
32,16,175,158.45189,-16.548110961914062,16.548110961914062,under_prediction,Normal,0
32,17,174,140.99014,-33.009857177734375,33.009857177734375,under_prediction,Normal,0
32,18,173,158.08607,-14.913925170898438,14.913925170898438,under_prediction,Normal,0
32,19,172,161.47289,-10.527114868164062,10.527114868164062,under_prediction,Normal,0
32,20,171,155.34082,-15.6591796875,15.6591796875,under_prediction,Normal,0
32,21,170,148.37862,-21.621383666992188,21.621383666992188,under_prediction,Normal,0
32,22,169,143.04607,-25.953933715820312,25.953933715820312,under_prediction,Normal,0
32,23,168,130.67952,-37.32048034667969,37.32048034667969,under_prediction,Normal,0
32,24,167,138.70227,-28.2977294921875,28.2977294921875,under_prediction,Normal,0
32,25,166,157.03593,-8.964065551757812,8.964065551757812,under_prediction,Normal,0
32,26,165,152.9889,-12.011093139648438,12.011093139648438,under_prediction,Normal,0
32,27,164,142.58907,-21.410934448242188,21.410934448242188,under_prediction,Normal,0
32,28,163,135.7905,-27.209503173828125,27.209503173828125,under_prediction,Normal,0
32,29,162,136.12282,-25.877182006835938,25.877182006835938,under_prediction,Normal,0
32,30,161,139.26859,-21.731414794921875,21.731414794921875,under_prediction,Normal,0
32,31,160,142.34106,-17.658935546875,17.658935546875,under_prediction,Normal,0
32,32,159,141.94337,-17.056625366210938,17.056625366210938,under_prediction,Normal,0
32,33,158,141.21674,-16.78326416015625,16.78326416015625,under_prediction,Normal,0
32,34,157,137.01726,-19.982742309570312,19.982742309570312,under_prediction,Normal,0
32,35,156,137.1787,-18.821304321289062,18.821304321289062,under_prediction,Normal,0
32,36,155,159.88155,4.8815460205078125,4.8815460205078125,over_prediction,Normal,0
32,37,154,148.99104,-5.008956909179688,5.008956909179688,under_prediction,Normal,0
32,38,153,148.06236,-4.9376373291015625,4.9376373291015625,under_prediction,Normal,0
32,39,152,145.7281,-6.271896362304688,6.271896362304688,under_prediction,Normal,0
32,40,151,142.05606,-8.943939208984375,8.943939208984375,under_prediction,Normal,0
32,41,150,161.43753,11.437530517578123,11.437530517578123,over_prediction,Normal,0
32,42,149,163.42223,14.422225952148438,14.422225952148438,over_prediction,Normal,0
32,43,148,156.21489,8.214889526367188,8.214889526367188,over_prediction,Normal,0
32,44,147,146.41257,-0.587432861328125,0.587432861328125,under_prediction,Normal,0
32,45,146,133.96793,-12.032073974609377,12.032073974609377,under_prediction,Normal,0
32,46,145,134.89587,-10.1041259765625,10.1041259765625,under_prediction,Normal,0
32,47,144,129.4229,-14.577102661132812,14.577102661132812,under_prediction,Normal,0
32,48,143,122.13722,-20.862777709960938,20.862777709960938,under_prediction,Normal,0
32,49,142,113.756935,-28.243064880371094,28.243064880371094,under_prediction,Normal,0
32,50,141,117.23989,-23.760108947753903,23.760108947753903,under_prediction,Normal,0
32,51,140,124.3884,-15.611602783203123,15.611602783203123,under_prediction,Normal,0
32,52,139,119.350746,-19.649253845214844,19.649253845214844,under_prediction,Normal,0
32,53,138,114.12599,-23.874008178710938,23.874008178710938,under_prediction,Normal,0
32,54,137,117.84637,-19.15363311767578,19.15363311767578,under_prediction,Normal,0
32,55,136,108.27581,-27.72418975830078,27.72418975830078,under_prediction,Normal,0
32,56,135,114.17189,-20.828109741210938,20.828109741210938,under_prediction,Normal,0
32,57,134,113.88538,-20.11461639404297,20.11461639404297,under_prediction,Normal,0
32,58,133,101.892296,-31.107704162597656,31.107704162597656,under_prediction,Normal,0
32,59,132,88.295135,-43.704864501953125,43.704864501953125,under_prediction,Normal,0
32,60,131,101.629715,-29.370285034179688,29.370285034179688,under_prediction,Normal,0
32,61,130,102.55408,-27.4459228515625,27.4459228515625,under_prediction,Normal,0
32,62,129,109.5918,-19.408203125,19.408203125,under_prediction,Normal,0
32,63,128,119.70849,-8.291511535644531,8.291511535644531,under_prediction,Normal,0
32,64,127,106.3774,-20.622596740722656,20.622596740722656,under_prediction,Normal,0
32,65,126,117.31499,-8.685012817382812,8.685012817382812,under_prediction,Normal,0
32,66,125,104.15312,-20.84687805175781,20.84687805175781,under_prediction,Normal,0
32,67,124,98.64867,-25.351333618164062,25.351333618164062,under_prediction,Normal,0
32,68,123,102.943405,-20.05659484863281,20.05659484863281,under_prediction,Normal,0
32,69,122,103.59498,-18.40502166748047,18.40502166748047,under_prediction,Normal,0
32,70,121,102.82852,-18.17147827148437,18.17147827148437,under_prediction,Normal,0
32,71,120,111.79855,-8.201446533203125,8.201446533203125,under_prediction,Normal,0
32,72,119,120.04402,1.0440216064453125,1.0440216064453125,over_prediction,Normal,0
32,73,118,110.499504,-7.500495910644531,7.500495910644531,under_prediction,Normal,0
32,74,117,125.20149,8.201492309570312,8.201492309570312,over_prediction,Normal,0
32,75,116,127.120705,11.120704650878906,11.120704650878906,over_prediction,Normal,0
32,76,115,113.9363,-1.0636978149414062,1.0636978149414062,under_prediction,Normal,0
32,77,114,121.69641,7.6964111328125,7.6964111328125,over_prediction,Normal,0
32,78,113,127.18549,14.18549346923828,14.18549346923828,over_prediction,Normal,0
32,79,112,126.37121,14.371208190917969,14.371208190917969,over_prediction,Normal,0
32,80,111,118.169395,7.169395446777344,7.169395446777344,over_prediction,Normal,0
32,81,110,122.25553,12.255531311035156,12.255531311035156,over_prediction,Normal,0
32,82,109,107.93338,-1.066619873046875,1.066619873046875,under_prediction,Normal,0
32,83,108,94.03605,-13.963951110839844,13.963951110839844,under_prediction,Normal,0
32,84,107,109.57469,2.574691772460937,2.574691772460937,over_prediction,Normal,0
32,85,106,96.84458,-9.155418395996094,9.155418395996094,under_prediction,Normal,0
32,86,105,93.04157,-11.95842742919922,11.95842742919922,under_prediction,Normal,0
32,87,104,92.230804,-11.769195556640623,11.769195556640623,under_prediction,Normal,0
32,88,103,81.5772,-21.42279815673828,21.42279815673828,under_prediction,Normal,0
32,89,102,90.5212,-11.478797912597656,11.478797912597656,under_prediction,Normal,0
32,90,101,120.47995,19.479949951171875,19.479949951171875,over_prediction,Normal,0
32,91,100,96.62378,-3.376220703125,3.376220703125,under_prediction,Normal,0
32,92,99,104.46242,5.462417602539063,5.462417602539063,over_prediction,Normal,0
32,93,98,99.37975,1.3797531127929688,1.3797531127929688,over_prediction,Normal,0
32,94,97,102.678925,5.678924560546875,5.678924560546875,over_prediction,Normal,0
32,95,96,90.57383,-5.426170349121094,5.426170349121094,under_prediction,Normal,0
32,96,95,90.35719,-4.6428070068359375,4.6428070068359375,under_prediction,Normal,0
32,97,94,97.91956,3.9195632934570312,3.9195632934570312,over_prediction,Normal,0
32,98,93,84.964386,-8.035614013671875,8.035614013671875,under_prediction,Normal,0
32,99,92,99.36881,7.368812561035156,7.368812561035156,over_prediction,Normal,0
32,100,91,88.370384,-2.6296157836914062,2.6296157836914062,under_prediction,Normal,0
32,101,90,93.00881,3.0088119506835938,3.0088119506835938,over_prediction,Normal,0
32,102,89,96.908875,7.90887451171875,7.90887451171875,over_prediction,Normal,0
32,103,88,88.52225,0.522247314453125,0.522247314453125,over_prediction,Normal,0
32,104,87,81.897804,-5.102195739746094,5.102195739746094,under_prediction,Normal,0
32,105,86,68.42133,-17.57866668701172,17.57866668701172,under_prediction,Normal,0
32,106,85,72.35511,-12.644889831542969,12.644889831542969,under_prediction,Normal,0
32,107,84,73.65993,-10.340072631835938,10.340072631835938,under_prediction,Normal,0
32,108,83,71.69989,-11.30010986328125,11.30010986328125,under_prediction,Normal,0
32,109,82,83.81856,1.8185577392578125,1.8185577392578125,over_prediction,Normal,0
32,110,81,93.63431,12.634307861328123,12.634307861328123,over_prediction,Normal,0
32,111,80,105.16854,25.168540954589844,25.168540954589844,over_prediction,Normal,0
32,112,79,88.12118,9.121177673339844,9.121177673339844,over_prediction,Normal,0
32,113,78,96.36597,18.365966796875,18.365966796875,over_prediction,Normal,0
32,114,77,101.52865,24.528648376464844,24.528648376464844,over_prediction,Normal,0
32,115,76,90.41339,14.41339111328125,14.41339111328125,over_prediction,Normal,0
32,116,75,97.0587,22.05870056152344,22.05870056152344,over_prediction,Normal,0
32,117,74,88.42355,14.423553466796877,14.423553466796877,over_prediction,Normal,0
32,118,73,81.88716,8.887161254882812,8.887161254882812,over_prediction,Normal,0
32,119,72,62.082787,-9.917213439941406,9.917213439941406,under_prediction,Normal,0
32,120,71,71.700935,0.7009353637695312,0.7009353637695312,over_prediction,Normal,0
32,121,70,68.277214,-1.7227859497070312,1.7227859497070312,under_prediction,Normal,0
32,122,69,65.27607,-3.723930358886719,3.723930358886719,under_prediction,Normal,0
32,123,68,55.434113,-12.565887451171877,12.565887451171877,under_prediction,Normal,0
32,124,67,56.861427,-10.138572692871094,10.138572692871094,under_prediction,Normal,0
32,125,66,62.274563,-3.7254371643066406,3.7254371643066406,under_prediction,Normal,0
32,126,65,62.46462,-2.535381317138672,2.535381317138672,under_prediction,Normal,0
32,127,64,81.81649,17.816490173339844,17.816490173339844,over_prediction,Normal,0
32,128,63,70.88284,7.882843017578125,7.882843017578125,over_prediction,Normal,0
32,129,62,69.64075,7.6407470703125,7.6407470703125,over_prediction,Normal,0
32,130,61,75.27547,14.275466918945312,14.275466918945312,over_prediction,Normal,0
32,131,60,67.4709,7.470901489257812,7.470901489257812,over_prediction,Normal,0
32,132,59,60.150658,1.1506576538085938,1.1506576538085938,over_prediction,Normal,0
32,133,58,61.35871,3.358711242675781,3.358711242675781,over_prediction,Normal,0
32,134,57,65.50373,8.503730773925781,8.503730773925781,over_prediction,Normal,0
32,135,56,49.910717,-6.089282989501953,6.089282989501953,under_prediction,Warning,50
32,136,55,46.62339,-8.376609802246094,8.376609802246094,under_prediction,Warning,50
32,137,54,46.182964,-7.817035675048828,7.817035675048828,under_prediction,Warning,50
32,138,53,43.2288,-9.771198272705078,9.771198272705078,under_prediction,Warning,50
32,139,52,40.180546,-11.819454193115234,11.819454193115234,under_prediction,Warning,50
32,140,51,46.642864,-4.357135772705078,4.357135772705078,under_prediction,Warning,50
32,141,50,48.470093,-1.5299072265625,1.5299072265625,under_prediction,Warning,50
32,142,49,48.191452,-0.8085479736328125,0.8085479736328125,under_prediction,Warning,50
32,143,48,40.97277,-7.027229309082031,7.027229309082031,under_prediction,Warning,50
32,144,47,42.14876,-4.851238250732422,4.851238250732422,under_prediction,Warning,50
32,145,46,40.02973,-5.970268249511719,5.970268249511719,under_prediction,Warning,50
32,146,45,39.133392,-5.866607666015625,5.866607666015625,under_prediction,Warning,50
32,147,44,42.1676,-1.8324012756347656,1.8324012756347656,under_prediction,Warning,50
32,148,43,41.55052,-1.4494781494140625,1.4494781494140625,under_prediction,Warning,50
32,149,42,37.15005,-4.849948883056641,4.849948883056641,under_prediction,Warning,50
32,150,41,42.86105,1.8610496520996092,1.8610496520996092,over_prediction,Warning,50
32,151,40,37.086746,-2.9132537841796875,2.9132537841796875,under_prediction,Warning,50
32,152,39,42.80004,3.8000411987304688,3.8000411987304688,over_prediction,Warning,50
32,153,38,43.060795,5.060794830322266,5.060794830322266,over_prediction,Warning,50
32,154,37,34.447075,-2.552925109863281,2.552925109863281,under_prediction,Warning,50
32,155,36,33.921875,-2.078125,2.078125,under_prediction,Warning,50
32,156,35,39.243576,4.243576049804688,4.243576049804688,over_prediction,Warning,50
32,157,34,33.475418,-0.5245819091796875,0.5245819091796875,under_prediction,Warning,50
32,158,33,33.508068,0.5080680847167969,0.5080680847167969,over_prediction,Warning,50
32,159,32,32.13654,0.1365394592285156,0.1365394592285156,over_prediction,Warning,50
32,160,31,30.340109,-0.6598911285400391,0.6598911285400391,under_prediction,Warning,50
32,161,30,22.596458,-7.403541564941406,7.403541564941406,under_prediction,Warning,50
32,162,29,23.571936,-5.428064346313477,5.428064346313477,under_prediction,Warning,50
32,163,28,25.604033,-2.395967483520508,2.395967483520508,under_prediction,Warning,50
32,164,27,26.629438,-0.3705615997314453,0.3705615997314453,under_prediction,Warning,50
32,165,26,20.4027,-5.597299575805664,5.597299575805664,under_prediction,Warning,50
32,166,25,14.525295,-10.47470474243164,10.47470474243164,under_prediction,Critical,100
32,167,24,14.963732,-9.03626823425293,9.03626823425293,under_prediction,Critical,100
32,168,23,15.085029,-7.914971351623535,7.914971351623535,under_prediction,Critical,100
32,169,22,15.20743,-6.792570114135742,6.792570114135742,under_prediction,Critical,100
32,170,21,12.531555,-8.46844482421875,8.46844482421875,under_prediction,Critical,100
32,171,20,12.785473,-7.214527130126953,7.214527130126953,under_prediction,Critical,100
32,172,19,13.869296,-5.130703926086426,5.130703926086426,under_prediction,Critical,100
32,173,18,11.830822,-6.169178009033203,6.169178009033203,under_prediction,Critical,100
32,174,17,11.7240095,-5.27599048614502,5.27599048614502,under_prediction,Critical,100
32,175,16,10.099432,-5.900568008422852,5.900568008422852,under_prediction,Critical,100
32,176,15,12.000142,-2.9998579025268555,2.9998579025268555,under_prediction,Critical,100
32,177,14,12.496743,-1.5032567977905271,1.5032567977905271,under_prediction,Critical,100
32,178,13,9.27626,-3.7237396240234375,3.7237396240234375,under_prediction,Critical,100
32,179,12,6.801675,-5.198325157165527,5.198325157165527,under_prediction,Critical,100
32,180,11,8.381876,-2.618124008178711,2.618124008178711,under_prediction,Critical,100
32,181,10,8.70412,-1.2958803176879885,1.2958803176879885,under_prediction,Critical,100
32,182,9,9.457682,0.457681655883789,0.457681655883789,over_prediction,Critical,100
32,183,8,8.071914,0.0719137191772461,0.0719137191772461,over_prediction,Critical,100
32,184,7,10.89769,3.8976898193359375,3.8976898193359375,over_prediction,Critical,100
32,185,6,9.364699,3.364699363708496,3.364699363708496,over_prediction,Critical,100
32,186,5,8.623897,3.623896598815918,3.623896598815918,over_prediction,Critical,100
32,187,4,6.4641037,2.4641036987304688,2.4641036987304688,over_prediction,Critical,100
32,188,3,4.4677234,1.467723369598389,1.467723369598389,over_prediction,Critical,100
32,189,2,5.001014,3.001014232635498,3.001014232635498,over_prediction,Critical,100
32,190,1,5.628379,4.628378868103027,4.628378868103027,over_prediction,Critical,100
32,191,0,7.7893534,7.789353370666504,7.789353370666504,over_prediction,Critical,100
34,1,194,196.21204,2.2120361328125,2.2120361328125,over_prediction,Normal,0
34,2,193,160.22589,-32.77410888671875,32.77410888671875,under_prediction,Normal,0
34,3,192,145.4472,-46.55279541015625,46.55279541015625,under_prediction,Normal,0
34,4,191,142.02823,-48.971771240234375,48.971771240234375,under_prediction,Normal,0
34,5,190,144.36606,-45.63394165039063,45.63394165039063,under_prediction,Normal,0
34,6,189,141.8363,-47.1636962890625,47.1636962890625,under_prediction,Normal,0
34,7,188,144.65033,-43.34967041015625,43.34967041015625,under_prediction,Normal,0
34,8,187,179.49837,-7.501632690429687,7.501632690429687,under_prediction,Normal,0
34,9,186,158.22093,-27.779067993164062,27.779067993164062,under_prediction,Normal,0
34,10,185,160.57875,-24.42124938964844,24.42124938964844,under_prediction,Normal,0
34,11,184,146.6811,-37.31889343261719,37.31889343261719,under_prediction,Normal,0
34,12,183,153.66293,-29.337066650390625,29.337066650390625,under_prediction,Normal,0
34,13,182,149.79819,-32.201812744140625,32.201812744140625,under_prediction,Normal,0
34,14,181,137.0615,-43.938507080078125,43.938507080078125,under_prediction,Normal,0
34,15,180,148.89124,-31.1087646484375,31.1087646484375,under_prediction,Normal,0
34,16,179,150.78088,-28.2191162109375,28.2191162109375,under_prediction,Normal,0
34,17,178,131.00745,-46.9925537109375,46.9925537109375,under_prediction,Normal,0
34,18,177,164.7913,-12.208694458007812,12.208694458007812,under_prediction,Normal,0
34,19,176,146.54099,-29.459014892578125,29.459014892578125,under_prediction,Normal,0
34,20,175,156.60753,-18.39247131347656,18.39247131347656,under_prediction,Normal,0
34,21,174,143.05992,-30.94007873535156,30.94007873535156,under_prediction,Normal,0
34,22,173,142.86943,-30.13056945800781,30.13056945800781,under_prediction,Normal,0
34,23,172,157.78539,-14.214614868164062,14.214614868164062,under_prediction,Normal,0
34,24,171,164.5166,-6.4833984375,6.4833984375,under_prediction,Normal,0
34,25,170,162.73994,-7.2600555419921875,7.2600555419921875,under_prediction,Normal,0
34,26,169,158.86258,-10.137420654296877,10.137420654296877,under_prediction,Normal,0
34,27,168,157.91516,-10.0848388671875,10.0848388671875,under_prediction,Normal,0
34,28,167,159.95966,-7.04034423828125,7.04034423828125,under_prediction,Normal,0
34,29,166,171.57082,5.570816040039063,5.570816040039063,over_prediction,Normal,0
34,30,165,159.7289,-5.2711029052734375,5.2711029052734375,under_prediction,Normal,0
34,31,164,160.82074,-3.17926025390625,3.17926025390625,under_prediction,Normal,0
34,32,163,155.23357,-7.766433715820312,7.766433715820312,under_prediction,Normal,0
34,33,162,150.78477,-11.215225219726562,11.215225219726562,under_prediction,Normal,0
34,34,161,152.7861,-8.213897705078125,8.213897705078125,under_prediction,Normal,0
34,35,160,148.1038,-11.896194458007812,11.896194458007812,under_prediction,Normal,0
34,36,159,161.66179,2.6617889404296875,2.6617889404296875,over_prediction,Normal,0
34,37,158,153.38603,-4.6139678955078125,4.6139678955078125,under_prediction,Normal,0
34,38,157,145.11887,-11.881134033203123,11.881134033203123,under_prediction,Normal,0
34,39,156,146.27567,-9.724334716796877,9.724334716796877,under_prediction,Normal,0
34,40,155,137.3456,-17.654403686523438,17.654403686523438,under_prediction,Normal,0
34,41,154,139.44838,-14.551620483398438,14.551620483398438,under_prediction,Normal,0
34,42,153,142.9148,-10.085205078125,10.085205078125,under_prediction,Normal,0
34,43,152,132.19778,-19.802215576171875,19.802215576171875,under_prediction,Normal,0
34,44,151,141.91414,-9.085861206054688,9.085861206054688,under_prediction,Normal,0
34,45,150,132.20515,-17.794845581054688,17.794845581054688,under_prediction,Normal,0
34,46,149,141.33488,-7.665115356445312,7.665115356445312,under_prediction,Normal,0
34,47,148,156.83798,8.837982177734375,8.837982177734375,over_prediction,Normal,0
34,48,147,152.01978,5.019775390625,5.019775390625,over_prediction,Normal,0
34,49,146,136.31609,-9.683914184570312,9.683914184570312,under_prediction,Normal,0
34,50,145,131.1001,-13.89990234375,13.89990234375,under_prediction,Normal,0
34,51,144,128.71638,-15.283615112304688,15.283615112304688,under_prediction,Normal,0
34,52,143,146.61649,3.616485595703125,3.616485595703125,over_prediction,Normal,0
34,53,142,136.92445,-5.0755462646484375,5.0755462646484375,under_prediction,Normal,0
34,54,141,138.60925,-2.3907470703125,2.3907470703125,under_prediction,Normal,0
34,55,140,127.13048,-12.869522094726562,12.869522094726562,under_prediction,Normal,0
34,56,139,130.07866,-8.921340942382812,8.921340942382812,under_prediction,Normal,0
34,57,138,133.95253,-4.0474700927734375,4.0474700927734375,under_prediction,Normal,0
34,58,137,137.53427,0.534271240234375,0.534271240234375,over_prediction,Normal,0
34,59,136,165.78465,29.784652709960938,29.784652709960938,over_prediction,Normal,0
34,60,135,119.53342,-15.466583251953123,15.466583251953123,under_prediction,Normal,0
34,61,134,113.861565,-20.13843536376953,20.13843536376953,under_prediction,Normal,0
34,62,133,109.09656,-23.9034423828125,23.9034423828125,under_prediction,Normal,0
34,63,132,104.49788,-27.502120971679688,27.502120971679688,under_prediction,Normal,0
34,64,131,101.582375,-29.417625427246094,29.417625427246094,under_prediction,Normal,0
34,65,130,90.589714,-39.41028594970703,39.41028594970703,under_prediction,Normal,0
34,66,129,105.42205,-23.57794952392578,23.57794952392578,under_prediction,Normal,0
34,67,128,107.64197,-20.3580322265625,20.3580322265625,under_prediction,Normal,0
34,68,127,119.390015,-7.6099853515625,7.6099853515625,under_prediction,Normal,0
34,69,126,130.17126,4.1712646484375,4.1712646484375,over_prediction,Normal,0
34,70,125,140.88383,15.883834838867188,15.883834838867188,over_prediction,Normal,0
34,71,124,133.8002,9.800201416015623,9.800201416015623,over_prediction,Normal,0
34,72,123,125.21926,2.2192611694335938,2.2192611694335938,over_prediction,Normal,0
34,73,122,130.57344,8.573440551757812,8.573440551757812,over_prediction,Normal,0
34,74,121,139.01965,18.0196533203125,18.0196533203125,over_prediction,Normal,0
34,75,120,136.31306,16.313064575195312,16.313064575195312,over_prediction,Normal,0
34,76,119,128.09581,9.095809936523438,9.095809936523438,over_prediction,Normal,0
34,77,118,127.40154,9.40154266357422,9.40154266357422,over_prediction,Normal,0
34,78,117,118.58894,1.5889434814453125,1.5889434814453125,over_prediction,Normal,0
34,79,116,126.42774,10.427742004394531,10.427742004394531,over_prediction,Normal,0
34,80,115,119.15663,4.1566314697265625,4.1566314697265625,over_prediction,Normal,0
34,81,114,103.47034,-10.5296630859375,10.5296630859375,under_prediction,Normal,0
34,82,113,101.04474,-11.95526123046875,11.95526123046875,under_prediction,Normal,0
34,83,112,114.81307,2.813072204589844,2.813072204589844,over_prediction,Normal,0
34,84,111,102.761406,-8.238594055175781,8.238594055175781,under_prediction,Normal,0
34,85,110,105.03649,-4.963508605957031,4.963508605957031,under_prediction,Normal,0
34,86,109,100.586555,-8.413444519042969,8.413444519042969,under_prediction,Normal,0
34,87,108,96.13591,-11.864089965820312,11.864089965820312,under_prediction,Normal,0
34,88,107,106.75536,-0.2446365356445312,0.2446365356445312,under_prediction,Normal,0
34,89,106,83.97893,-22.021072387695312,22.021072387695312,under_prediction,Normal,0
34,90,105,92.829346,-12.170654296875,12.170654296875,under_prediction,Normal,0
34,91,104,97.10065,-6.89935302734375,6.89935302734375,under_prediction,Normal,0
34,92,103,110.121086,7.121086120605469,7.121086120605469,over_prediction,Normal,0
34,93,102,101.46136,-0.5386428833007812,0.5386428833007812,under_prediction,Normal,0
34,94,101,90.182434,-10.81756591796875,10.81756591796875,under_prediction,Normal,0
34,95,100,87.71704,-12.282958984375,12.282958984375,under_prediction,Normal,0
34,96,99,97.43104,-1.5689620971679688,1.5689620971679688,under_prediction,Normal,0
34,97,98,101.56886,3.5688629150390625,3.5688629150390625,over_prediction,Normal,0
34,98,97,102.775314,5.775314331054688,5.775314331054688,over_prediction,Normal,0
34,99,96,103.10506,7.1050567626953125,7.1050567626953125,over_prediction,Normal,0
34,100,95,101.81334,6.8133392333984375,6.8133392333984375,over_prediction,Normal,0
34,101,94,103.46714,9.467140197753906,9.467140197753906,over_prediction,Normal,0
34,102,93,82.92042,-10.079582214355469,10.079582214355469,under_prediction,Normal,0
34,103,92,79.86208,-12.137916564941406,12.137916564941406,under_prediction,Normal,0
34,104,91,90.607155,-0.3928451538085937,0.3928451538085937,under_prediction,Normal,0
34,105,90,71.2529,-18.747100830078125,18.747100830078125,under_prediction,Normal,0
34,106,89,74.47176,-14.528236389160156,14.528236389160156,under_prediction,Normal,0
34,107,88,73.24806,-14.751937866210938,14.751937866210938,under_prediction,Normal,0
34,108,87,70.27269,-16.727310180664062,16.727310180664062,under_prediction,Normal,0
34,109,86,71.80178,-14.198219299316406,14.198219299316406,under_prediction,Normal,0
34,110,85,66.10241,-18.89759063720703,18.89759063720703,under_prediction,Normal,0
34,111,84,66.05444,-17.945556640625,17.945556640625,under_prediction,Normal,0
34,112,83,64.63129,-18.36871337890625,18.36871337890625,under_prediction,Normal,0
34,113,82,66.63232,-15.367683410644531,15.367683410644531,under_prediction,Normal,0
34,114,81,61.666367,-19.33363342285156,19.33363342285156,under_prediction,Normal,0
34,115,80,64.18356,-15.816436767578123,15.816436767578123,under_prediction,Normal,0
34,116,79,65.0572,-13.94280242919922,13.94280242919922,under_prediction,Normal,0
34,117,78,60.530228,-17.469772338867188,17.469772338867188,under_prediction,Normal,0
34,118,77,68.62247,-8.377532958984375,8.377532958984375,under_prediction,Normal,0
34,119,76,62.407166,-13.59283447265625,13.59283447265625,under_prediction,Normal,0
34,120,75,63.62694,-11.373058319091797,11.373058319091797,under_prediction,Normal,0
34,121,74,63.717674,-10.282325744628906,10.282325744628906,under_prediction,Normal,0
34,122,73,61.324627,-11.675373077392578,11.675373077392578,under_prediction,Normal,0
34,123,72,56.413734,-15.586265563964844,15.586265563964844,under_prediction,Normal,0
34,124,71,55.900734,-15.099266052246094,15.099266052246094,under_prediction,Normal,0
34,125,70,51.977947,-18.022052764892575,18.022052764892575,under_prediction,Normal,0
34,126,69,58.99508,-10.004920959472656,10.004920959472656,under_prediction,Normal,0
34,127,68,53.845848,-14.154151916503906,14.154151916503906,under_prediction,Normal,0
34,128,67,46.846794,-20.15320587158203,20.15320587158203,under_prediction,Warning,50
34,129,66,55.274017,-10.725982666015623,10.725982666015623,under_prediction,Normal,0
34,130,65,48.802334,-16.19766616821289,16.19766616821289,under_prediction,Warning,50
34,131,64,53.481995,-10.51800537109375,10.51800537109375,under_prediction,Normal,0
34,132,63,53.09144,-9.908561706542969,9.908561706542969,under_prediction,Normal,0
34,133,62,40.22068,-21.779319763183597,21.779319763183597,under_prediction,Warning,50
34,134,61,48.27179,-12.72821044921875,12.72821044921875,under_prediction,Warning,50
34,135,60,47.399277,-12.600723266601562,12.600723266601562,under_prediction,Warning,50
34,136,59,49.794025,-9.205974578857422,9.205974578857422,under_prediction,Warning,50
34,137,58,52.531693,-5.468307495117188,5.468307495117188,under_prediction,Normal,0
34,138,57,54.067146,-2.9328536987304688,2.9328536987304688,under_prediction,Normal,0
34,139,56,52.35628,-3.643718719482422,3.643718719482422,under_prediction,Normal,0
34,140,55,53.619392,-1.3806076049804688,1.3806076049804688,under_prediction,Normal,0
34,141,54,49.558525,-4.441474914550781,4.441474914550781,under_prediction,Warning,50
34,142,53,52.273384,-0.7266159057617188,0.7266159057617188,under_prediction,Normal,0
34,143,52,50.690487,-1.3095130920410156,1.3095130920410156,under_prediction,Normal,0
34,144,51,47.817333,-3.182666778564453,3.182666778564453,under_prediction,Warning,50
34,145,50,47.10483,-2.89516830444336,2.89516830444336,under_prediction,Warning,50
34,146,49,52.06909,3.069091796875,3.069091796875,over_prediction,Normal,0
34,147,48,46.615383,-1.3846168518066406,1.3846168518066406,under_prediction,Warning,50
34,148,47,36.650276,-10.349723815917969,10.349723815917969,under_prediction,Warning,50
34,149,46,44.24406,-1.755939483642578,1.755939483642578,under_prediction,Warning,50
34,150,45,42.003563,-2.9964370727539062,2.9964370727539062,under_prediction,Warning,50
34,151,44,45.137848,1.137847900390625,1.137847900390625,over_prediction,Warning,50
34,152,43,45.7963,2.79629898071289,2.79629898071289,over_prediction,Warning,50
34,153,42,48.4503,6.450298309326172,6.450298309326172,over_prediction,Warning,50
34,154,41,49.155853,8.155853271484375,8.155853271484375,over_prediction,Warning,50
34,155,40,44.639847,4.6398468017578125,4.6398468017578125,over_prediction,Warning,50
34,156,39,44.26362,5.263618469238281,5.263618469238281,over_prediction,Warning,50
34,157,38,35.547127,-2.4528732299804688,2.4528732299804688,under_prediction,Warning,50
34,158,37,36.45407,-0.545928955078125,0.545928955078125,under_prediction,Warning,50
34,159,36,39.76096,3.7609596252441406,3.7609596252441406,over_prediction,Warning,50
34,160,35,38.29621,3.296211242675781,3.296211242675781,over_prediction,Warning,50
34,161,34,37.48034,3.4803390502929688,3.4803390502929688,over_prediction,Warning,50
34,162,33,36.0962,3.0961990356445312,3.0961990356445312,over_prediction,Warning,50
34,163,32,36.81951,4.819511413574219,4.819511413574219,over_prediction,Warning,50
34,164,31,33.344013,2.344013214111328,2.344013214111328,over_prediction,Warning,50
34,165,30,29.380907,-0.6190929412841797,0.6190929412841797,under_prediction,Warning,50
34,166,29,33.85282,4.852821350097656,4.852821350097656,over_prediction,Warning,50
34,167,28,28.46356,0.4635601043701172,0.4635601043701172,over_prediction,Warning,50
34,168,27,25.722715,-1.2772846221923828,1.2772846221923828,under_prediction,Warning,50
34,169,26,24.67017,-1.3298301696777344,1.3298301696777344,under_prediction,Warning,50
34,170,25,23.854586,-1.1454143524169922,1.1454143524169922,under_prediction,Warning,50
34,171,24,31.321424,7.32142448425293,7.32142448425293,over_prediction,Warning,50
34,172,23,25.993074,2.993074417114258,2.993074417114258,over_prediction,Warning,50
34,173,22,22.418694,0.4186935424804687,0.4186935424804687,over_prediction,Warning,50
34,174,21,24.542614,3.542613983154297,3.542613983154297,over_prediction,Warning,50
34,175,20,21.969212,1.9692115783691408,1.9692115783691408,over_prediction,Warning,50
34,176,19,25.809359,6.809358596801758,6.809358596801758,over_prediction,Warning,50
34,177,18,21.015652,3.01565170288086,3.01565170288086,over_prediction,Warning,50
34,178,17,22.252672,5.25267219543457,5.25267219543457,over_prediction,Warning,50
34,179,16,22.198895,6.198894500732422,6.198894500732422,over_prediction,Warning,50
34,180,15,17.72249,2.7224903106689453,2.7224903106689453,over_prediction,Critical,100
34,181,14,22.727053,8.727052688598633,8.727052688598633,over_prediction,Warning,50
34,182,13,19.607485,6.607484817504883,6.607484817504883,over_prediction,Critical,100
34,183,12,21.960825,9.960824966430664,9.960824966430664,over_prediction,Warning,50
34,184,11,21.623106,10.623106002807615,10.623106002807615,over_prediction,Warning,50
34,185,10,17.778667,7.778667449951172,7.778667449951172,over_prediction,Critical,100
34,186,9,15.22725,6.227250099182129,6.227250099182129,over_prediction,Critical,100
34,187,8,13.191802,5.191802024841309,5.191802024841309,over_prediction,Critical,100
34,188,7,7.752446,0.752446174621582,0.752446174621582,over_prediction,Critical,100
34,189,6,9.684952,3.6849517822265625,3.6849517822265625,over_prediction,Critical,100
34,190,5,8.141854,3.141854286193848,3.141854286193848,over_prediction,Critical,100
34,191,4,7.3535743,3.353574275970459,3.353574275970459,over_prediction,Critical,100
34,192,3,5.718037,2.7180371284484863,2.7180371284484863,over_prediction,Critical,100
34,193,2,4.9509478,2.9509477615356445,2.9509477615356445,over_prediction,Critical,100
34,194,1,6.4903336,5.490333557128906,5.490333557128906,over_prediction,Critical,100
34,195,0,3.3753464,3.3753464221954346,3.3753464221954346,over_prediction,Critical,100
40,1,187,172.71083,-14.289169311523438,14.289169311523438,under_prediction,Normal,0
40,2,186,116.61874,-69.38126373291016,69.38126373291016,under_prediction,Normal,0
40,3,185,127.51898,-57.48101806640625,57.48101806640625,under_prediction,Normal,0
40,4,184,110.58354,-73.41645812988281,73.41645812988281,under_prediction,Normal,0
40,5,183,167.86769,-15.132308959960938,15.132308959960938,under_prediction,Normal,0
40,6,182,160.05968,-21.94032287597656,21.94032287597656,under_prediction,Normal,0
40,7,181,147.25949,-33.740509033203125,33.740509033203125,under_prediction,Normal,0
40,8,180,149.68433,-30.315673828125,30.315673828125,under_prediction,Normal,0
40,9,179,152.94041,-26.059585571289062,26.059585571289062,under_prediction,Normal,0
40,10,178,141.80426,-36.19573974609375,36.19573974609375,under_prediction,Normal,0
40,11,177,142.2911,-34.708892822265625,34.708892822265625,under_prediction,Normal,0
40,12,176,122.14096,-53.85903930664063,53.85903930664063,under_prediction,Normal,0
40,13,175,120.28741,-54.71259307861328,54.71259307861328,under_prediction,Normal,0
40,14,174,128.36403,-45.63597106933594,45.63597106933594,under_prediction,Normal,0
40,15,173,110.706764,-62.293235778808594,62.293235778808594,under_prediction,Normal,0
40,16,172,118.82712,-53.172882080078125,53.172882080078125,under_prediction,Normal,0
40,17,171,115.73415,-55.265846252441406,55.265846252441406,under_prediction,Normal,0
40,18,170,113.948135,-56.05186462402344,56.05186462402344,under_prediction,Normal,0
40,19,169,111.03696,-57.96304321289063,57.96304321289063,under_prediction,Normal,0
40,20,168,112.119064,-55.88093566894531,55.88093566894531,under_prediction,Normal,0
40,21,167,122.900375,-44.09962463378906,44.09962463378906,under_prediction,Normal,0
40,22,166,115.11029,-50.88970947265625,50.88970947265625,under_prediction,Normal,0
40,23,165,118.449326,-46.55067443847656,46.55067443847656,under_prediction,Normal,0
40,24,164,105.083786,-58.91621398925781,58.91621398925781,under_prediction,Normal,0
40,25,163,114.17243,-48.82756805419922,48.82756805419922,under_prediction,Normal,0
40,26,162,120.40349,-41.59651184082031,41.59651184082031,under_prediction,Normal,0
40,27,161,134.2521,-26.74789428710937,26.74789428710937,under_prediction,Normal,0
40,28,160,132.54646,-27.453536987304688,27.453536987304688,under_prediction,Normal,0
40,29,159,132.8264,-26.173599243164062,26.173599243164062,under_prediction,Normal,0
40,30,158,139.48245,-18.517547607421875,18.517547607421875,under_prediction,Normal,0
40,31,157,141.36858,-15.631423950195312,15.631423950195312,under_prediction,Normal,0
40,32,156,165.68864,9.688644409179688,9.688644409179688,over_prediction,Normal,0
40,33,155,143.87091,-11.12908935546875,11.12908935546875,under_prediction,Normal,0
40,34,154,134.30789,-19.692108154296875,19.692108154296875,under_prediction,Normal,0
40,35,153,123.381485,-29.61851501464844,29.61851501464844,under_prediction,Normal,0
40,36,152,98.92206,-53.07794189453125,53.07794189453125,under_prediction,Normal,0
40,37,151,111.42622,-39.57377624511719,39.57377624511719,under_prediction,Normal,0
40,38,150,113.22525,-36.774749755859375,36.774749755859375,under_prediction,Normal,0
40,39,149,127.381676,-21.61832427978516,21.61832427978516,under_prediction,Normal,0
40,40,148,101.83632,-46.16368103027344,46.16368103027344,under_prediction,Normal,0
40,41,147,96.392654,-50.60734558105469,50.60734558105469,under_prediction,Normal,0
40,42,146,110.16753,-35.83247375488281,35.83247375488281,under_prediction,Normal,0
40,43,145,108.11603,-36.88397216796875,36.88397216796875,under_prediction,Normal,0
40,44,144,121.89225,-22.107749938964844,22.107749938964844,under_prediction,Normal,0
40,45,143,118.056435,-24.943565368652344,24.943565368652344,under_prediction,Normal,0
40,46,142,114.78082,-27.21917724609375,27.21917724609375,under_prediction,Normal,0
40,47,141,110.17635,-30.82364654541016,30.82364654541016,under_prediction,Normal,0
40,48,140,99.99622,-40.00377655029297,40.00377655029297,under_prediction,Normal,0
40,49,139,98.48424,-40.51576232910156,40.51576232910156,under_prediction,Normal,0
40,50,138,97.647026,-40.35297393798828,40.35297393798828,under_prediction,Normal,0
40,51,137,103.64015,-33.35984802246094,33.35984802246094,under_prediction,Normal,0
40,52,136,97.8752,-38.12480163574219,38.12480163574219,under_prediction,Normal,0
40,53,135,108.93375,-26.06625366210937,26.06625366210937,under_prediction,Normal,0
40,54,134,122.24865,-11.751350402832031,11.751350402832031,under_prediction,Normal,0
40,55,133,111.403244,-21.596755981445312,21.596755981445312,under_prediction,Normal,0
40,56,132,115.35182,-16.648178100585938,16.648178100585938,under_prediction,Normal,0
40,57,131,136.42598,5.4259796142578125,5.4259796142578125,over_prediction,Normal,0
40,58,130,135.94017,5.9401702880859375,5.9401702880859375,over_prediction,Normal,0
40,59,129,127.36386,-1.636138916015625,1.636138916015625,under_prediction,Normal,0
40,60,128,127.751045,-0.2489547729492187,0.2489547729492187,under_prediction,Normal,0
40,61,127,110.83533,-16.1646728515625,16.1646728515625,under_prediction,Normal,0
40,62,126,107.28664,-18.713363647460938,18.713363647460938,under_prediction,Normal,0
40,63,125,111.01005,-13.989952087402344,13.989952087402344,under_prediction,Normal,0
40,64,124,103.846016,-20.15398406982422,20.15398406982422,under_prediction,Normal,0
40,65,123,127.32103,4.3210296630859375,4.3210296630859375,over_prediction,Normal,0
40,66,122,117.798294,-4.201705932617188,4.201705932617188,under_prediction,Normal,0
40,67,121,129.35901,8.3590087890625,8.3590087890625,over_prediction,Normal,0
40,68,120,122.85587,2.855873107910156,2.855873107910156,over_prediction,Normal,0
40,69,119,124.33669,5.336692810058594,5.336692810058594,over_prediction,Normal,0
40,70,118,121.403175,3.4031753540039062,3.4031753540039062,over_prediction,Normal,0
40,71,117,117.45898,0.4589767456054687,0.4589767456054687,over_prediction,Normal,0
40,72,116,112.9522,-3.047798156738281,3.047798156738281,under_prediction,Normal,0
40,73,115,99.12965,-15.870353698730469,15.870353698730469,under_prediction,Normal,0
40,74,114,102.89152,-11.108482360839844,11.108482360839844,under_prediction,Normal,0
40,75,113,102.55249,-10.447509765625,10.447509765625,under_prediction,Normal,0
40,76,112,96.36032,-15.639678955078123,15.639678955078123,under_prediction,Normal,0
40,77,111,84.84197,-26.15802764892578,26.15802764892578,under_prediction,Normal,0
40,78,110,97.51647,-12.483528137207031,12.483528137207031,under_prediction,Normal,0
40,79,109,90.40089,-18.59911346435547,18.59911346435547,under_prediction,Normal,0
40,80,108,94.30048,-13.69951629638672,13.69951629638672,under_prediction,Normal,0
40,81,107,98.89747,-8.102531433105469,8.102531433105469,under_prediction,Normal,0
40,82,106,94.05148,-11.948516845703123,11.948516845703123,under_prediction,Normal,0
40,83,105,87.6732,-17.326797485351562,17.326797485351562,under_prediction,Normal,0
40,84,104,82.93456,-21.06543731689453,21.06543731689453,under_prediction,Normal,0
40,85,103,91.39336,-11.606643676757812,11.606643676757812,under_prediction,Normal,0
40,86,102,89.88099,-12.119010925292969,12.119010925292969,under_prediction,Normal,0
40,87,101,74.53811,-26.461891174316406,26.461891174316406,under_prediction,Normal,0
40,88,100,81.771904,-18.22809600830078,18.22809600830078,under_prediction,Normal,0
40,89,99,81.75381,-17.246192932128906,17.246192932128906,under_prediction,Normal,0
40,90,98,85.1106,-12.889396667480469,12.889396667480469,under_prediction,Normal,0
40,91,97,79.51226,-17.48773956298828,17.48773956298828,under_prediction,Normal,0
40,92,96,73.85302,-22.14698028564453,22.14698028564453,under_prediction,Normal,0
40,93,95,64.67764,-30.32235717773437,30.32235717773437,under_prediction,Normal,0
40,94,94,77.0746,-16.925399780273438,16.925399780273438,under_prediction,Normal,0
40,95,93,75.59441,-17.40558624267578,17.40558624267578,under_prediction,Normal,0
40,96,92,88.983185,-3.016815185546875,3.016815185546875,under_prediction,Normal,0
40,97,91,86.01967,-4.9803314208984375,4.9803314208984375,under_prediction,Normal,0
40,98,90,92.33077,2.330772399902344,2.330772399902344,over_prediction,Normal,0
40,99,89,80.00418,-8.995819091796875,8.995819091796875,under_prediction,Normal,0
40,100,88,79.57914,-8.420860290527344,8.420860290527344,under_prediction,Normal,0
40,101,87,87.52885,0.5288467407226562,0.5288467407226562,over_prediction,Normal,0
40,102,86,82.97446,-3.025543212890625,3.025543212890625,under_prediction,Normal,0
40,103,85,85.83738,0.8373794555664062,0.8373794555664062,over_prediction,Normal,0
40,104,84,88.29565,4.295646667480469,4.295646667480469,over_prediction,Normal,0
40,105,83,84.864716,1.864715576171875,1.864715576171875,over_prediction,Normal,0
40,106,82,88.22351,6.2235107421875,6.2235107421875,over_prediction,Normal,0
40,107,81,81.91741,0.9174118041992188,0.9174118041992188,over_prediction,Normal,0
40,108,80,81.37069,1.3706893920898438,1.3706893920898438,over_prediction,Normal,0
40,109,79,75.62319,-3.3768081665039062,3.3768081665039062,under_prediction,Normal,0
40,110,78,71.82222,-6.177780151367188,6.177780151367188,under_prediction,Normal,0
40,111,77,70.899,-6.100997924804688,6.100997924804688,under_prediction,Normal,0
40,112,76,70.090294,-5.909706115722656,5.909706115722656,under_prediction,Normal,0
40,113,75,70.40875,-4.59124755859375,4.59124755859375,under_prediction,Normal,0
40,114,74,61.727768,-12.272232055664062,12.272232055664062,under_prediction,Normal,0
40,115,73,78.31578,5.3157806396484375,5.3157806396484375,over_prediction,Normal,0
40,116,72,73.58267,1.582672119140625,1.582672119140625,over_prediction,Normal,0
40,117,71,66.090416,-4.909584045410156,4.909584045410156,under_prediction,Normal,0
40,118,70,60.28857,-9.711429595947266,9.711429595947266,under_prediction,Normal,0
40,119,69,64.71029,-4.289710998535156,4.289710998535156,under_prediction,Normal,0
40,120,68,47.629513,-20.37048721313477,20.37048721313477,under_prediction,Warning,50
40,121,67,59.95436,-7.0456390380859375,7.0456390380859375,under_prediction,Normal,0
40,122,66,56.804,-9.195999145507812,9.195999145507812,under_prediction,Normal,0
40,123,65,53.401825,-11.598175048828123,11.598175048828123,under_prediction,Normal,0
40,124,64,52.33116,-11.668838500976562,11.668838500976562,under_prediction,Normal,0
40,125,63,56.942345,-6.057655334472656,6.057655334472656,under_prediction,Normal,0
40,126,62,50.869987,-11.130012512207031,11.130012512207031,under_prediction,Normal,0
40,127,61,47.069542,-13.930458068847656,13.930458068847656,under_prediction,Warning,50
40,128,60,50.06692,-9.93307876586914,9.93307876586914,under_prediction,Normal,0
40,129,59,49.90093,-9.099071502685549,9.099071502685549,under_prediction,Warning,50
40,130,58,45.232838,-12.767162322998049,12.767162322998049,under_prediction,Warning,50
40,131,57,49.952698,-7.04730224609375,7.04730224609375,under_prediction,Warning,50
40,132,56,50.926174,-5.073825836181641,5.073825836181641,under_prediction,Normal,0
40,133,55,44.528797,-10.471202850341797,10.471202850341797,under_prediction,Warning,50
40,134,54,56.126694,2.126693725585937,2.126693725585937,over_prediction,Normal,0
40,135,53,54.890938,1.8909378051757808,1.8909378051757808,over_prediction,Normal,0
40,136,52,46.951378,-5.048622131347656,5.048622131347656,under_prediction,Warning,50
40,137,51,46.990543,-4.009456634521484,4.009456634521484,under_prediction,Warning,50
40,138,50,47.100117,-2.899883270263672,2.899883270263672,under_prediction,Warning,50
40,139,49,49.570744,0.5707435607910156,0.5707435607910156,over_prediction,Warning,50
40,140,48,47.202354,-0.7976455688476562,0.7976455688476562,under_prediction,Warning,50
40,141,47,51.04828,4.04827880859375,4.04827880859375,over_prediction,Normal,0
40,142,46,48.064106,2.064105987548828,2.064105987548828,over_prediction,Warning,50
40,143,45,50.15676,5.156761169433594,5.156761169433594,over_prediction,Normal,0
40,144,44,44.03767,0.0376701354980468,0.0376701354980468,over_prediction,Warning,50
40,145,43,35.90944,-7.0905609130859375,7.0905609130859375,under_prediction,Warning,50
40,146,42,35.900936,-6.099063873291016,6.099063873291016,under_prediction,Warning,50
40,147,41,36.16901,-4.830989837646484,4.830989837646484,under_prediction,Warning,50
40,148,40,34.555996,-5.444004058837891,5.444004058837891,under_prediction,Warning,50
40,149,39,38.818268,-0.181732177734375,0.181732177734375,under_prediction,Warning,50
40,150,38,40.598457,2.598457336425781,2.598457336425781,over_prediction,Warning,50
40,151,37,36.57767,-0.4223289489746094,0.4223289489746094,under_prediction,Warning,50
40,152,36,33.36847,-2.63153076171875,2.63153076171875,under_prediction,Warning,50
40,153,35,33.56024,-1.43975830078125,1.43975830078125,under_prediction,Warning,50
40,154,34,28.004095,-5.995904922485352,5.995904922485352,under_prediction,Warning,50
40,155,33,24.334818,-8.665182113647461,8.665182113647461,under_prediction,Warning,50
40,156,32,22.802435,-9.197565078735352,9.197565078735352,under_prediction,Warning,50
40,157,31,25.888332,-5.111667633056641,5.111667633056641,under_prediction,Warning,50
40,158,30,24.599463,-5.400537490844727,5.400537490844727,under_prediction,Warning,50
40,159,29,18.066599,-10.933401107788086,10.933401107788086,under_prediction,Critical,100
40,160,28,15.737107,-12.262892723083496,12.262892723083496,under_prediction,Critical,100
40,161,27,16.864748,-10.135251998901367,10.135251998901367,under_prediction,Critical,100
40,162,26,16.791113,-9.208887100219728,9.208887100219728,under_prediction,Critical,100
40,163,25,16.341763,-8.65823745727539,8.65823745727539,under_prediction,Critical,100
40,164,24,23.521563,-0.4784374237060547,0.4784374237060547,under_prediction,Warning,50
40,165,23,19.686651,-3.3133487701416016,3.3133487701416016,under_prediction,Critical,100
40,166,22,23.139162,1.1391620635986328,1.1391620635986328,over_prediction,Warning,50
40,167,21,25.548018,4.548017501831055,4.548017501831055,over_prediction,Warning,50
40,168,20,25.797071,5.79707145690918,5.79707145690918,over_prediction,Warning,50
40,169,19,22.683228,3.6832275390625,3.6832275390625,over_prediction,Warning,50
40,170,18,22.105076,4.105075836181641,4.105075836181641,over_prediction,Warning,50
40,171,17,25.257875,8.257875442504883,8.257875442504883,over_prediction,Warning,50
40,172,16,21.758556,5.758556365966797,5.758556365966797,over_prediction,Warning,50
40,173,15,20.503386,5.503385543823242,5.503385543823242,over_prediction,Warning,50
40,174,14,13.151931,-0.8480691909790039,0.8480691909790039,under_prediction,Critical,100
40,175,13,8.426442,-4.5735578536987305,4.5735578536987305,under_prediction,Critical,100
40,176,12,9.809964,-2.190035820007324,2.190035820007324,under_prediction,Critical,100
40,177,11,9.050268,-1.9497318267822263,1.9497318267822263,under_prediction,Critical,100
40,178,10,9.011191,-0.9888086318969728,0.9888086318969728,under_prediction,Critical,100
40,179,9,8.313484,-0.6865158081054688,0.6865158081054688,under_prediction,Critical,100
40,180,8,9.074051,1.0740509033203125,1.0740509033203125,over_prediction,Critical,100
40,181,7,8.134243,1.1342430114746094,1.1342430114746094,over_prediction,Critical,100
40,182,6,4.5416293,-1.4583706855773926,1.4583706855773926,under_prediction,Critical,100
40,183,5,4.7220764,-0.277923583984375,0.277923583984375,under_prediction,Critical,100
40,184,4,3.0082564,-0.9917435646057128,0.9917435646057128,under_prediction,Critical,100
40,185,3,2.9161682,-0.083831787109375,0.083831787109375,under_prediction,Critical,100
40,186,2,2.9521492,0.9521491527557372,0.9521491527557372,over_prediction,Critical,100
40,187,1,2.7444003,1.7444002628326416,1.7444002628326416,over_prediction,Critical,100
40,188,0,1.4328942,1.432894229888916,1.432894229888916,over_prediction,Critical,100
45,1,157,187.43077,30.43077087402344,30.43077087402344,over_prediction,Normal,0
45,2,156,231.99196,75.99195861816406,75.99195861816406,over_prediction,Normal,0
45,3,155,269.2701,114.27011108398438,114.27011108398438,over_prediction,Normal,0
45,4,154,216.00479,62.004791259765625,62.004791259765625,over_prediction,Normal,0
45,5,153,229.81982,76.81982421875,76.81982421875,over_prediction,Normal,0
45,6,152,227.30327,75.30326843261719,75.30326843261719,over_prediction,Normal,0
45,7,151,222.38086,71.380859375,71.380859375,over_prediction,Normal,0
45,8,150,191.08908,41.08908081054688,41.08908081054688,over_prediction,Normal,0
45,9,149,184.38086,35.380859375,35.380859375,over_prediction,Normal,0
45,10,148,172.65158,24.651580810546875,24.651580810546875,over_prediction,Normal,0
45,11,147,187.54008,40.54008483886719,40.54008483886719,over_prediction,Normal,0
45,12,146,199.54066,53.54066467285156,53.54066467285156,over_prediction,Normal,0
45,13,145,175.70547,30.705474853515625,30.705474853515625,over_prediction,Normal,0
45,14,144,180.44173,36.44172668457031,36.44172668457031,over_prediction,Normal,0
45,15,143,176.0069,33.00689697265625,33.00689697265625,over_prediction,Normal,0
45,16,142,180.91708,38.917083740234375,38.917083740234375,over_prediction,Normal,0
45,17,141,187.4011,46.40109252929688,46.40109252929688,over_prediction,Normal,0
45,18,140,168.11342,28.11341857910156,28.11341857910156,over_prediction,Normal,0
45,19,139,170.6945,31.694503784179688,31.694503784179688,over_prediction,Normal,0
45,20,138,199.66957,61.66957092285156,61.66957092285156,over_prediction,Normal,0
45,21,137,201.56534,64.56533813476562,64.56533813476562,over_prediction,Normal,0
45,22,136,187.13052,51.13052368164063,51.13052368164063,over_prediction,Normal,0
45,23,135,187.38759,52.38758850097656,52.38758850097656,over_prediction,Normal,0
45,24,134,192.7795,58.77949523925781,58.77949523925781,over_prediction,Normal,0
45,25,133,184.75703,51.75703430175781,51.75703430175781,over_prediction,Normal,0
45,26,132,191.77657,59.77656555175781,59.77656555175781,over_prediction,Normal,0
45,27,131,157.3386,26.338592529296875,26.338592529296875,over_prediction,Normal,0
45,28,130,157.96008,27.9600830078125,27.9600830078125,over_prediction,Normal,0
45,29,129,162.87042,33.87042236328125,33.87042236328125,over_prediction,Normal,0
45,30,128,170.50029,42.50028991699219,42.50028991699219,over_prediction,Normal,0
45,31,127,167.28546,40.28546142578125,40.28546142578125,over_prediction,Normal,0
45,32,126,166.73787,40.73786926269531,40.73786926269531,over_prediction,Normal,0
45,33,125,160.29701,35.29701232910156,35.29701232910156,over_prediction,Normal,0
45,34,124,171.38483,47.38482666015625,47.38482666015625,over_prediction,Normal,0
45,35,123,161.59602,38.59602355957031,38.59602355957031,over_prediction,Normal,0
45,36,122,166.28731,44.28730773925781,44.28730773925781,over_prediction,Normal,0
45,37,121,168.10655,47.10655212402344,47.10655212402344,over_prediction,Normal,0
45,38,120,168.54897,48.54896545410156,48.54896545410156,over_prediction,Normal,0
45,39,119,151.51826,32.51826477050781,32.51826477050781,over_prediction,Normal,0
45,40,118,150.14944,32.149444580078125,32.149444580078125,over_prediction,Normal,0
45,41,117,163.16994,46.16993713378906,46.16993713378906,over_prediction,Normal,0
45,42,116,160.88174,44.881744384765625,44.881744384765625,over_prediction,Normal,0
45,43,115,163.1394,48.139404296875,48.139404296875,over_prediction,Normal,0
45,44,114,155.57094,41.57093811035156,41.57093811035156,over_prediction,Normal,0
45,45,113,161.92499,48.92498779296875,48.92498779296875,over_prediction,Normal,0
45,46,112,170.35718,58.357177734375,58.357177734375,over_prediction,Normal,0
45,47,111,164.23047,53.23046875,53.23046875,over_prediction,Normal,0
45,48,110,159.68402,49.68402099609375,49.68402099609375,over_prediction,Normal,0
45,49,109,162.68025,53.68025207519531,53.68025207519531,over_prediction,Normal,0
45,50,108,146.13339,38.133392333984375,38.133392333984375,over_prediction,Normal,0
45,51,107,148.0474,41.047393798828125,41.047393798828125,over_prediction,Normal,0
45,52,106,150.30544,44.30543518066406,44.30543518066406,over_prediction,Normal,0
45,53,105,140.80746,35.807464599609375,35.807464599609375,over_prediction,Normal,0
45,54,104,131.16032,27.160324096679688,27.160324096679688,over_prediction,Normal,0
45,55,103,118.602196,15.602195739746094,15.602195739746094,over_prediction,Normal,0
45,56,102,132.02559,30.02558898925781,30.02558898925781,over_prediction,Normal,0
45,57,101,112.46778,11.467781066894531,11.467781066894531,over_prediction,Normal,0
45,58,100,122.72691,22.72691345214844,22.72691345214844,over_prediction,Normal,0
45,59,99,113.49602,14.496017456054688,14.496017456054688,over_prediction,Normal,0
45,60,98,120.64964,22.649642944335938,22.649642944335938,over_prediction,Normal,0
45,61,97,108.97005,11.970046997070312,11.970046997070312,over_prediction,Normal,0
45,62,96,114.538826,18.53882598876953,18.53882598876953,over_prediction,Normal,0
45,63,95,116.0591,21.059097290039062,21.059097290039062,over_prediction,Normal,0
45,64,94,128.26259,34.26258850097656,34.26258850097656,over_prediction,Normal,0
45,65,93,148.23608,55.236083984375,55.236083984375,over_prediction,Normal,0
45,66,92,136.05518,44.05517578125,44.05517578125,over_prediction,Normal,0
45,67,91,126.55104,35.55104064941406,35.55104064941406,over_prediction,Normal,0
45,68,90,128.35355,38.353546142578125,38.353546142578125,over_prediction,Normal,0
45,69,89,118.17141,29.171409606933597,29.171409606933597,over_prediction,Normal,0
45,70,88,117.323,29.322998046875,29.322998046875,over_prediction,Normal,0
45,71,87,117.78778,30.78778076171875,30.78778076171875,over_prediction,Normal,0
45,72,86,124.85093,38.85092926025391,38.85092926025391,over_prediction,Normal,0
45,73,85,124.36555,39.36554718017578,39.36554718017578,over_prediction,Normal,0
45,74,84,120.017426,36.017425537109375,36.017425537109375,over_prediction,Normal,0
45,75,83,119.43827,36.438270568847656,36.438270568847656,over_prediction,Normal,0
45,76,82,124.32015,42.32015228271485,42.32015228271485,over_prediction,Normal,0
45,77,81,119.41451,38.414512634277344,38.414512634277344,over_prediction,Normal,0
45,78,80,131.16412,51.16412353515625,51.16412353515625,over_prediction,Normal,0
45,79,79,112.475914,33.475914001464844,33.475914001464844,over_prediction,Normal,0
45,80,78,129.22217,51.22216796875,51.22216796875,over_prediction,Normal,0
45,81,77,128.09488,51.09487915039063,51.09487915039063,over_prediction,Normal,0
45,82,76,110.98634,34.98634338378906,34.98634338378906,over_prediction,Normal,0
45,83,75,106.78121,31.781211853027344,31.781211853027344,over_prediction,Normal,0
45,84,74,130.94307,56.94306945800781,56.94306945800781,over_prediction,Normal,0
45,85,73,126.79849,53.79849243164063,53.79849243164063,over_prediction,Normal,0
45,86,72,120.17696,48.17696380615234,48.17696380615234,over_prediction,Normal,0
45,87,71,122.727936,51.727935791015625,51.727935791015625,over_prediction,Normal,0
45,88,70,111.82333,41.823333740234375,41.823333740234375,over_prediction,Normal,0
45,89,69,109.200096,40.20009613037109,40.20009613037109,over_prediction,Normal,0
45,90,68,107.00461,39.00460815429688,39.00460815429688,over_prediction,Normal,0
45,91,67,89.04303,22.04302978515625,22.04302978515625,over_prediction,Normal,0
45,92,66,94.52467,28.524673461914062,28.524673461914062,over_prediction,Normal,0
45,93,65,99.039955,34.03995513916016,34.03995513916016,over_prediction,Normal,0
45,94,64,100.50679,36.50679016113281,36.50679016113281,over_prediction,Normal,0
45,95,63,90.184135,27.18413543701172,27.18413543701172,over_prediction,Normal,0
45,96,62,94.54928,32.549278259277344,32.549278259277344,over_prediction,Normal,0
45,97,61,83.81888,22.818878173828125,22.818878173828125,over_prediction,Normal,0
45,98,60,78.17659,18.176589965820312,18.176589965820312,over_prediction,Normal,0
45,99,59,75.99404,16.994041442871094,16.994041442871094,over_prediction,Normal,0
45,100,58,74.4384,16.438400268554688,16.438400268554688,over_prediction,Normal,0
45,101,57,73.13395,16.133949279785156,16.133949279785156,over_prediction,Normal,0
45,102,56,68.354195,12.35419464111328,12.35419464111328,over_prediction,Normal,0
45,103,55,69.15561,14.155609130859377,14.155609130859377,over_prediction,Normal,0
45,104,54,68.478294,14.478294372558594,14.478294372558594,over_prediction,Normal,0
45,105,53,71.6064,18.60639953613281,18.60639953613281,over_prediction,Normal,0
45,106,52,70.578285,18.57828521728516,18.57828521728516,over_prediction,Normal,0
45,107,51,66.15679,15.15679168701172,15.15679168701172,over_prediction,Normal,0
45,108,50,68.72393,18.72393035888672,18.72393035888672,over_prediction,Normal,0
45,109,49,67.42709,18.42709350585937,18.42709350585937,over_prediction,Normal,0
45,110,48,71.13293,23.13292694091797,23.13292694091797,over_prediction,Normal,0
45,111,47,65.72629,18.726287841796875,18.726287841796875,over_prediction,Normal,0
45,112,46,73.1276,27.12760162353516,27.12760162353516,over_prediction,Normal,0
45,113,45,76.72697,31.72696685791016,31.72696685791016,over_prediction,Normal,0
45,114,44,57.601784,13.601783752441406,13.601783752441406,over_prediction,Normal,0
45,115,43,66.415,23.415000915527344,23.415000915527344,over_prediction,Normal,0
45,116,42,47.20623,5.206230163574219,5.206230163574219,over_prediction,Warning,50
45,117,41,51.6791,10.679100036621094,10.679100036621094,over_prediction,Normal,0
45,118,40,54.832165,14.832164764404297,14.832164764404297,over_prediction,Normal,0
45,119,39,62.95022,23.950218200683597,23.950218200683597,over_prediction,Normal,0
45,120,38,56.629555,18.62955474853516,18.62955474853516,over_prediction,Normal,0
45,121,37,60.030544,23.03054428100586,23.03054428100586,over_prediction,Normal,0
45,122,36,51.92525,15.925251007080078,15.925251007080078,over_prediction,Normal,0
45,123,35,53.97892,18.97891998291016,18.97891998291016,over_prediction,Normal,0
45,124,34,64.79405,30.79405212402344,30.79405212402344,over_prediction,Normal,0
45,125,33,64.677345,31.677345275878903,31.677345275878903,over_prediction,Normal,0
45,126,32,56.511246,24.511245727539062,24.511245727539062,over_prediction,Normal,0
45,127,31,54.133358,23.133358001708984,23.133358001708984,over_prediction,Normal,0
45,128,30,60.13165,30.131649017333984,30.131649017333984,over_prediction,Normal,0
45,129,29,61.154366,32.15436553955078,32.15436553955078,over_prediction,Normal,0
45,130,28,61.685486,33.68548583984375,33.68548583984375,over_prediction,Normal,0
45,131,27,45.285774,18.28577423095703,18.28577423095703,over_prediction,Warning,50
45,132,26,49.886505,23.886505126953125,23.886505126953125,over_prediction,Warning,50
45,133,25,47.92681,22.92681121826172,22.92681121826172,over_prediction,Warning,50
45,134,24,45.973606,21.97360610961914,21.97360610961914,over_prediction,Warning,50
45,135,23,33.657352,10.657352447509766,10.657352447509766,over_prediction,Warning,50
45,136,22,38.383575,16.383575439453125,16.383575439453125,over_prediction,Warning,50
45,137,21,42.94355,21.94355010986328,21.94355010986328,over_prediction,Warning,50
45,138,20,37.949036,17.94903564453125,17.94903564453125,over_prediction,Warning,50
45,139,19,28.226223,9.22622299194336,9.22622299194336,over_prediction,Warning,50
45,140,18,28.931753,10.931753158569336,10.931753158569336,over_prediction,Warning,50
45,141,17,23.948906,6.948905944824219,6.948905944824219,over_prediction,Warning,50
45,142,16,8.324564,-7.675436019897461,7.675436019897461,under_prediction,Critical,100
45,143,15,14.370697,-0.629302978515625,0.629302978515625,under_prediction,Critical,100
45,144,14,13.808405,-0.1915950775146484,0.1915950775146484,under_prediction,Critical,100
45,145,13,12.215816,-0.784184455871582,0.784184455871582,under_prediction,Critical,100
45,146,12,13.145329,1.145329475402832,1.145329475402832,over_prediction,Critical,100
45,147,11,10.25666,-0.7433395385742188,0.7433395385742188,under_prediction,Critical,100
45,148,10,7.169465,-2.8305349349975586,2.8305349349975586,under_prediction,Critical,100
45,149,9,8.360681,-0.6393194198608398,0.6393194198608398,under_prediction,Critical,100
45,150,8,7.6971736,-0.3028264045715332,0.3028264045715332,under_prediction,Critical,100
45,151,7,10.312784,3.312784194946289,3.312784194946289,over_prediction,Critical,100
45,152,6,11.217813,5.217812538146973,5.217812538146973,over_prediction,Critical,100
45,153,5,9.862507,4.862506866455078,4.862506866455078,over_prediction,Critical,100
45,154,4,5.8845778,1.884577751159668,1.884577751159668,over_prediction,Critical,100
45,155,3,5.5776353,2.5776352882385254,2.5776352882385254,over_prediction,Critical,100
45,156,2,8.646219,6.646219253540039,6.646219253540039,over_prediction,Critical,100
45,157,1,-0.70086503,-1.7008650302886963,1.7008650302886963,under_prediction,Critical,100
45,158,0,2.1566339,2.156633853912353,2.156633853912353,over_prediction,Critical,100
46,1,255,205.3889,-49.61109924316406,49.61109924316406,under_prediction,Normal,0
46,2,254,254.6063,0.606292724609375,0.606292724609375,over_prediction,Normal,0
46,3,253,243.73436,-9.265640258789062,9.265640258789062,under_prediction,Normal,0
46,4,252,227.05095,-24.949050903320312,24.949050903320312,under_prediction,Normal,0
46,5,251,170.95052,-80.04948425292969,80.04948425292969,under_prediction,Normal,0
46,6,250,177.36212,-72.63787841796875,72.63787841796875,under_prediction,Normal,0
46,7,249,164.32745,-84.67254638671875,84.67254638671875,under_prediction,Normal,0
46,8,248,155.60973,-92.39027404785156,92.39027404785156,under_prediction,Normal,0
46,9,247,165.04723,-81.95277404785156,81.95277404785156,under_prediction,Normal,0
46,10,246,158.07501,-87.92498779296875,87.92498779296875,under_prediction,Normal,0
46,11,245,159.55489,-85.44511413574219,85.44511413574219,under_prediction,Normal,0
46,12,244,151.36523,-92.634765625,92.634765625,under_prediction,Normal,0
46,13,243,148.09584,-94.90415954589844,94.90415954589844,under_prediction,Normal,0
46,14,242,141.19421,-100.8057861328125,100.8057861328125,under_prediction,Normal,0
46,15,241,138.16385,-102.83615112304688,102.83615112304688,under_prediction,Normal,0
46,16,240,151.28609,-88.71391296386719,88.71391296386719,under_prediction,Normal,0
46,17,239,141.05981,-97.940185546875,97.940185546875,under_prediction,Normal,0
46,18,238,150.25824,-87.74176025390625,87.74176025390625,under_prediction,Normal,0
46,19,237,145.05704,-91.94296264648438,91.94296264648438,under_prediction,Normal,0
46,20,236,144.92024,-91.07975769042967,91.07975769042967,under_prediction,Normal,0
46,21,235,140.46506,-94.53494262695312,94.53494262695312,under_prediction,Normal,0
46,22,234,143.7753,-90.22470092773438,90.22470092773438,under_prediction,Normal,0
46,23,233,150.34903,-82.65097045898438,82.65097045898438,under_prediction,Normal,0
46,24,232,151.07764,-80.92236328125,80.92236328125,under_prediction,Normal,0
46,25,231,154.0009,-76.99909973144531,76.99909973144531,under_prediction,Normal,0
46,26,230,153.78258,-76.21742248535156,76.21742248535156,under_prediction,Normal,0
46,27,229,157.88498,-71.11502075195312,71.11502075195312,under_prediction,Normal,0
46,28,228,169.80626,-58.19374084472656,58.19374084472656,under_prediction,Normal,0
46,29,227,163.06459,-63.93540954589844,63.93540954589844,under_prediction,Normal,0
46,30,226,159.9458,-66.05419921875,66.05419921875,under_prediction,Normal,0
46,31,225,176.34834,-48.65165710449219,48.65165710449219,under_prediction,Normal,0
46,32,224,162.65498,-61.34501647949219,61.34501647949219,under_prediction,Normal,0
46,33,223,167.29099,-55.709014892578125,55.709014892578125,under_prediction,Normal,0
46,34,222,158.0016,-63.99839782714844,63.99839782714844,under_prediction,Normal,0
46,35,221,163.53346,-57.46653747558594,57.46653747558594,under_prediction,Normal,0
46,36,220,181.72594,-38.27406311035156,38.27406311035156,under_prediction,Normal,0
46,37,219,184.1576,-34.8424072265625,34.8424072265625,under_prediction,Normal,0
46,38,218,172.61824,-45.38175964355469,45.38175964355469,under_prediction,Normal,0
46,39,217,166.63312,-50.36688232421875,50.36688232421875,under_prediction,Normal,0
46,40,216,163.55293,-52.44706726074219,52.44706726074219,under_prediction,Normal,0
46,41,215,156.22058,-58.7794189453125,58.7794189453125,under_prediction,Normal,0
46,42,214,156.62679,-57.37321472167969,57.37321472167969,under_prediction,Normal,0
46,43,213,161.0973,-51.90269470214844,51.90269470214844,under_prediction,Normal,0
46,44,212,160.77223,-51.22776794433594,51.22776794433594,under_prediction,Normal,0
46,45,211,158.46925,-52.53074645996094,52.53074645996094,under_prediction,Normal,0
46,46,210,159.32915,-50.67085266113281,50.67085266113281,under_prediction,Normal,0
46,47,209,170.33914,-38.66085815429688,38.66085815429688,under_prediction,Normal,0
46,48,208,160.12921,-47.87078857421875,47.87078857421875,under_prediction,Normal,0
46,49,207,151.96634,-55.03366088867188,55.03366088867188,under_prediction,Normal,0
46,50,206,157.93077,-48.06922912597656,48.06922912597656,under_prediction,Normal,0
46,51,205,171.32182,-33.67817687988281,33.67817687988281,under_prediction,Normal,0
46,52,204,185.98766,-18.012344360351562,18.012344360351562,under_prediction,Normal,0
46,53,203,184.88892,-18.111083984375,18.111083984375,under_prediction,Normal,0
46,54,202,166.7704,-35.22959899902344,35.22959899902344,under_prediction,Normal,0
46,55,201,180.7008,-20.2991943359375,20.2991943359375,under_prediction,Normal,0
46,56,200,179.60602,-20.39398193359375,20.39398193359375,under_prediction,Normal,0
46,57,199,175.90125,-23.0987548828125,23.0987548828125,under_prediction,Normal,0
46,58,198,171.4363,-26.563705444335938,26.563705444335938,under_prediction,Normal,0
46,59,197,171.20534,-25.794662475585938,25.794662475585938,under_prediction,Normal,0
46,60,196,172.8998,-23.10020446777344,23.10020446777344,under_prediction,Normal,0
46,61,195,169.04068,-25.95932006835937,25.95932006835937,under_prediction,Normal,0
46,62,194,155.06549,-38.93450927734375,38.93450927734375,under_prediction,Normal,0
46,63,193,148.98537,-44.01463317871094,44.01463317871094,under_prediction,Normal,0
46,64,192,174.52773,-17.472274780273438,17.472274780273438,under_prediction,Normal,0
46,65,191,158.09828,-32.90171813964844,32.90171813964844,under_prediction,Normal,0
46,66,190,139.21065,-50.78935241699219,50.78935241699219,under_prediction,Normal,0
46,67,189,154.79913,-34.20086669921875,34.20086669921875,under_prediction,Normal,0
46,68,188,124.00217,-63.997833251953125,63.997833251953125,under_prediction,Normal,0
46,69,187,129.72432,-57.27568054199219,57.27568054199219,under_prediction,Normal,0
46,70,186,130.26144,-55.738555908203125,55.738555908203125,under_prediction,Normal,0
46,71,185,136.2246,-48.77540588378906,48.77540588378906,under_prediction,Normal,0
46,72,184,138.9249,-45.075103759765625,45.075103759765625,under_prediction,Normal,0
46,73,183,133.7947,-49.20530700683594,49.20530700683594,under_prediction,Normal,0
46,74,182,122.63175,-59.36824798583984,59.36824798583984,under_prediction,Normal,0
46,75,181,130.43913,-50.56086730957031,50.56086730957031,under_prediction,Normal,0
46,76,180,133.455,-46.54499816894531,46.54499816894531,under_prediction,Normal,0
46,77,179,138.57607,-40.42393493652344,40.42393493652344,under_prediction,Normal,0
46,78,178,130.00948,-47.99052429199219,47.99052429199219,under_prediction,Normal,0
46,79,177,133.14795,-43.85205078125,43.85205078125,under_prediction,Normal,0
46,80,176,134.70326,-41.29673767089844,41.29673767089844,under_prediction,Normal,0
46,81,175,143.6702,-31.329803466796875,31.329803466796875,under_prediction,Normal,0
46,82,174,148.53474,-25.465255737304688,25.465255737304688,under_prediction,Normal,0
46,83,173,141.18367,-31.816329956054688,31.816329956054688,under_prediction,Normal,0
46,84,172,148.33206,-23.667938232421875,23.667938232421875,under_prediction,Normal,0
46,85,171,145.70013,-25.29986572265625,25.29986572265625,under_prediction,Normal,0
46,86,170,136.70042,-33.29957580566406,33.29957580566406,under_prediction,Normal,0
46,87,169,137.44289,-31.557113647460938,31.557113647460938,under_prediction,Normal,0
46,88,168,147.44502,-20.554977416992188,20.554977416992188,under_prediction,Normal,0
46,89,167,148.58517,-18.414825439453125,18.414825439453125,under_prediction,Normal,0
46,90,166,152.60663,-13.39337158203125,13.39337158203125,under_prediction,Normal,0
46,91,165,166.02298,1.022979736328125,1.022979736328125,over_prediction,Normal,0
46,92,164,157.76834,-6.231658935546875,6.231658935546875,under_prediction,Normal,0
46,93,163,143.3118,-19.688201904296875,19.688201904296875,under_prediction,Normal,0
46,94,162,139.49939,-22.5006103515625,22.5006103515625,under_prediction,Normal,0
46,95,161,145.06964,-15.93035888671875,15.93035888671875,under_prediction,Normal,0
46,96,160,136.94913,-23.05087280273437,23.05087280273437,under_prediction,Normal,0
46,97,159,139.08115,-19.918853759765625,19.918853759765625,under_prediction,Normal,0
46,98,158,141.03293,-16.967071533203125,16.967071533203125,under_prediction,Normal,0
46,99,157,140.98709,-16.012908935546875,16.012908935546875,under_prediction,Normal,0
46,100,156,136.83476,-19.16523742675781,19.16523742675781,under_prediction,Normal,0
46,101,155,135.44798,-19.552017211914062,19.552017211914062,under_prediction,Normal,0
46,102,154,143.07014,-10.929855346679688,10.929855346679688,under_prediction,Normal,0
46,103,153,137.1932,-15.806793212890623,15.806793212890623,under_prediction,Normal,0
46,104,152,137.83344,-14.16656494140625,14.16656494140625,under_prediction,Normal,0
46,105,151,138.96193,-12.038070678710938,12.038070678710938,under_prediction,Normal,0
46,106,150,136.16205,-13.83795166015625,13.83795166015625,under_prediction,Normal,0
46,107,149,117.476295,-31.523704528808597,31.523704528808597,under_prediction,Normal,0
46,108,148,128.47064,-19.52935791015625,19.52935791015625,under_prediction,Normal,0
46,109,147,117.74543,-29.25457000732422,29.25457000732422,under_prediction,Normal,0
46,110,146,111.85874,-34.141258239746094,34.141258239746094,under_prediction,Normal,0
46,111,145,103.98734,-41.012657165527344,41.012657165527344,under_prediction,Normal,0
46,112,144,100.87526,-43.12474060058594,43.12474060058594,under_prediction,Normal,0
46,113,143,99.802704,-43.197296142578125,43.197296142578125,under_prediction,Normal,0
46,114,142,98.62902,-43.37097930908203,43.37097930908203,under_prediction,Normal,0
46,115,141,91.04369,-49.95630645751953,49.95630645751953,under_prediction,Normal,0
46,116,140,108.895096,-31.104904174804688,31.104904174804688,under_prediction,Normal,0
46,117,139,103.97048,-35.029518127441406,35.029518127441406,under_prediction,Normal,0
46,118,138,108.62088,-29.379119873046875,29.379119873046875,under_prediction,Normal,0
46,119,137,120.60162,-16.39837646484375,16.39837646484375,under_prediction,Normal,0
46,120,136,103.86614,-32.13385772705078,32.13385772705078,under_prediction,Normal,0
46,121,135,115.56002,-19.439979553222656,19.439979553222656,under_prediction,Normal,0
46,122,134,105.422554,-28.57744598388672,28.57744598388672,under_prediction,Normal,0
46,123,133,121.536995,-11.463005065917969,11.463005065917969,under_prediction,Normal,0
46,124,132,116.91671,-15.083290100097656,15.083290100097656,under_prediction,Normal,0
46,125,131,144.70692,13.706924438476562,13.706924438476562,over_prediction,Normal,0
46,126,130,160.63449,30.634490966796875,30.634490966796875,over_prediction,Normal,0
46,127,129,154.3456,25.34559631347656,25.34559631347656,over_prediction,Normal,0
46,128,128,143.59528,15.59527587890625,15.59527587890625,over_prediction,Normal,0
46,129,127,167.91327,40.91326904296875,40.91326904296875,over_prediction,Normal,0
46,130,126,158.50609,32.50608825683594,32.50608825683594,over_prediction,Normal,0
46,131,125,150.35347,25.35346984863281,25.35346984863281,over_prediction,Normal,0
46,132,124,179.48938,55.4893798828125,55.4893798828125,over_prediction,Normal,0
46,133,123,166.87253,43.87252807617188,43.87252807617188,over_prediction,Normal,0
46,134,122,165.0663,43.06629943847656,43.06629943847656,over_prediction,Normal,0
46,135,121,161.84715,40.84715270996094,40.84715270996094,over_prediction,Normal,0
46,136,120,190.27148,70.271484375,70.271484375,over_prediction,Normal,0
46,137,119,178.75241,59.75241088867188,59.75241088867188,over_prediction,Normal,0
46,138,118,183.6444,65.64439392089844,65.64439392089844,over_prediction,Normal,0
46,139,117,190.19661,73.19660949707031,73.19660949707031,over_prediction,Normal,0
46,140,116,176.82663,60.82662963867188,60.82662963867188,over_prediction,Normal,0
46,141,115,159.04587,44.04586791992188,44.04586791992188,over_prediction,Normal,0
46,142,114,204.38345,90.38345336914062,90.38345336914062,over_prediction,Normal,0
46,143,113,197.72453,84.72453308105469,84.72453308105469,over_prediction,Normal,0
46,144,112,195.25755,83.25755310058594,83.25755310058594,over_prediction,Normal,0
46,145,111,189.42126,78.4212646484375,78.4212646484375,over_prediction,Normal,0
46,146,110,184.96681,74.96681213378906,74.96681213378906,over_prediction,Normal,0
46,147,109,160.90556,51.90556335449219,51.90556335449219,over_prediction,Normal,0
46,148,108,162.82487,54.82487487792969,54.82487487792969,over_prediction,Normal,0
46,149,107,173.54257,66.54257202148438,66.54257202148438,over_prediction,Normal,0
46,150,106,189.31761,83.31761169433594,83.31761169433594,over_prediction,Normal,0
46,151,105,187.04865,82.04864501953125,82.04864501953125,over_prediction,Normal,0
46,152,104,195.08572,91.08572387695312,91.08572387695312,over_prediction,Normal,0
46,153,103,168.27629,65.27629089355469,65.27629089355469,over_prediction,Normal,0
46,154,102,206.75719,104.75718688964844,104.75718688964844,over_prediction,Normal,0
46,155,101,199.66295,98.66294860839844,98.66294860839844,over_prediction,Normal,0
46,156,100,190.88376,90.88375854492188,90.88375854492188,over_prediction,Normal,0
46,157,99,201.11154,102.11154174804688,102.11154174804688,over_prediction,Normal,0
46,158,98,205.74623,107.74623107910156,107.74623107910156,over_prediction,Normal,0
46,159,97,226.1203,129.12030029296875,129.12030029296875,over_prediction,Normal,0
46,160,96,189.58421,93.58421325683594,93.58421325683594,over_prediction,Normal,0
46,161,95,198.76595,103.76594543457033,103.76594543457033,over_prediction,Normal,0
46,162,94,178.28638,84.286376953125,84.286376953125,over_prediction,Normal,0
46,163,93,169.63496,76.63496398925781,76.63496398925781,over_prediction,Normal,0
46,164,92,169.21344,77.21343994140625,77.21343994140625,over_prediction,Normal,0
46,165,91,179.8153,88.8153076171875,88.8153076171875,over_prediction,Normal,0
46,166,90,178.58394,88.58393859863281,88.58393859863281,over_prediction,Normal,0
46,167,89,188.02917,99.0291748046875,99.0291748046875,over_prediction,Normal,0
46,168,88,214.58502,126.58502197265624,126.58502197265624,over_prediction,Normal,0
46,169,87,183.37964,96.379638671875,96.379638671875,over_prediction,Normal,0
46,170,86,168.60866,82.60865783691406,82.60865783691406,over_prediction,Normal,0
46,171,85,188.00221,103.00221252441406,103.00221252441406,over_prediction,Normal,0
46,172,84,187.40204,103.40203857421876,103.40203857421876,over_prediction,Normal,0
46,173,83,172.9098,89.90980529785156,89.90980529785156,over_prediction,Normal,0
46,174,82,163.43262,81.4326171875,81.4326171875,over_prediction,Normal,0
46,175,81,162.86937,81.86936950683594,81.86936950683594,over_prediction,Normal,0
46,176,80,164.72104,84.72103881835938,84.72103881835938,over_prediction,Normal,0
46,177,79,135.51593,56.51593017578125,56.51593017578125,over_prediction,Normal,0
46,178,78,155.95749,77.95748901367188,77.95748901367188,over_prediction,Normal,0
46,179,77,146.60764,69.60763549804688,69.60763549804688,over_prediction,Normal,0
46,180,76,119.95215,43.9521484375,43.9521484375,over_prediction,Normal,0
46,181,75,123.01506,48.01506042480469,48.01506042480469,over_prediction,Normal,0
46,182,74,87.81334,13.813339233398438,13.813339233398438,over_prediction,Normal,0
46,183,73,83.2059,10.205902099609377,10.205902099609377,over_prediction,Normal,0
46,184,72,81.78,9.779998779296877,9.779998779296877,over_prediction,Normal,0
46,185,71,94.581825,23.581825256347656,23.581825256347656,over_prediction,Normal,0
46,186,70,92.67135,22.671348571777344,22.671348571777344,over_prediction,Normal,0
46,187,69,91.95039,22.95039367675781,22.95039367675781,over_prediction,Normal,0
46,188,68,85.01977,17.01976776123047,17.01976776123047,over_prediction,Normal,0
46,189,67,85.14654,18.14653778076172,18.14653778076172,over_prediction,Normal,0
46,190,66,88.20031,22.20030975341797,22.20030975341797,over_prediction,Normal,0
46,191,65,117.376396,52.37639617919922,52.37639617919922,over_prediction,Normal,0
46,192,64,113.69915,49.69915008544922,49.69915008544922,over_prediction,Normal,0
46,193,63,113.47491,50.47490692138672,50.47490692138672,over_prediction,Normal,0
46,194,62,114.93972,52.939720153808594,52.939720153808594,over_prediction,Normal,0
46,195,61,116.86229,55.86228942871094,55.86228942871094,over_prediction,Normal,0
46,196,60,111.36334,51.36334228515625,51.36334228515625,over_prediction,Normal,0
46,197,59,100.61545,41.61544799804688,41.61544799804688,over_prediction,Normal,0
46,198,58,114.37698,56.376983642578125,56.376983642578125,over_prediction,Normal,0
46,199,57,92.142456,35.1424560546875,35.1424560546875,over_prediction,Normal,0
46,200,56,90.16819,34.168190002441406,34.168190002441406,over_prediction,Normal,0
46,201,55,87.608696,32.60869598388672,32.60869598388672,over_prediction,Normal,0
46,202,54,86.4558,32.45580291748047,32.45580291748047,over_prediction,Normal,0
46,203,53,81.67942,28.679420471191406,28.679420471191406,over_prediction,Normal,0
46,204,52,75.40843,23.408432006835938,23.408432006835938,over_prediction,Normal,0
46,205,51,70.43216,19.432159423828125,19.432159423828125,over_prediction,Normal,0
46,206,50,75.46348,25.463478088378903,25.463478088378903,over_prediction,Normal,0
46,207,49,79.97105,30.971046447753903,30.971046447753903,over_prediction,Normal,0
46,208,48,73.70222,25.70221710205078,25.70221710205078,over_prediction,Normal,0
46,209,47,78.77522,31.775222778320312,31.775222778320312,over_prediction,Normal,0
46,210,46,71.23845,25.238449096679688,25.238449096679688,over_prediction,Normal,0
46,211,45,84.39649,39.39649200439453,39.39649200439453,over_prediction,Normal,0
46,212,44,78.571785,34.57178497314453,34.57178497314453,over_prediction,Normal,0
46,213,43,58.099476,15.099475860595703,15.099475860595703,over_prediction,Normal,0
46,214,42,65.14681,23.146812438964844,23.146812438964844,over_prediction,Normal,0
46,215,41,75.7543,34.754302978515625,34.754302978515625,over_prediction,Normal,0
46,216,40,74.51344,34.51344299316406,34.51344299316406,over_prediction,Normal,0
46,217,39,75.52485,36.52484893798828,36.52484893798828,over_prediction,Normal,0
46,218,38,60.892845,22.892845153808597,22.892845153808597,over_prediction,Normal,0
46,219,37,52.16279,15.16278839111328,15.16278839111328,over_prediction,Normal,0
46,220,36,46.61609,10.6160888671875,10.6160888671875,over_prediction,Warning,50
46,221,35,43.78478,8.784778594970703,8.784778594970703,over_prediction,Warning,50
46,222,34,38.923325,4.9233245849609375,4.9233245849609375,over_prediction,Warning,50
46,223,33,36.867104,3.867103576660156,3.867103576660156,over_prediction,Warning,50
46,224,32,39.5564,7.556400299072266,7.556400299072266,over_prediction,Warning,50
46,225,31,37.612167,6.6121673583984375,6.6121673583984375,over_prediction,Warning,50
46,226,30,34.219837,4.219837188720703,4.219837188720703,over_prediction,Warning,50
46,227,29,34.933857,5.933856964111328,5.933856964111328,over_prediction,Warning,50
46,228,28,36.568916,8.568916320800781,8.568916320800781,over_prediction,Warning,50
46,229,27,44.3258,17.325801849365234,17.325801849365234,over_prediction,Warning,50
46,230,26,39.21444,13.214439392089844,13.214439392089844,over_prediction,Warning,50
46,231,25,36.809757,11.809757232666016,11.809757232666016,over_prediction,Warning,50
46,232,24,41.27919,17.279190063476562,17.279190063476562,over_prediction,Warning,50
46,233,23,42.838413,19.83841323852539,19.83841323852539,over_prediction,Warning,50
46,234,22,37.79952,15.799518585205078,15.799518585205078,over_prediction,Warning,50
46,235,21,37.74444,16.74443817138672,16.74443817138672,over_prediction,Warning,50
46,236,20,35.643284,15.64328384399414,15.64328384399414,over_prediction,Warning,50
46,237,19,33.9976,14.997600555419922,14.997600555419922,over_prediction,Warning,50
46,238,18,36.311855,18.31185531616211,18.31185531616211,over_prediction,Warning,50
46,239,17,27.504095,10.504095077514648,10.504095077514648,over_prediction,Warning,50
46,240,16,18.2637,2.263700485229492,2.263700485229492,over_prediction,Critical,100
46,241,15,27.969414,12.96941375732422,12.96941375732422,over_prediction,Warning,50
46,242,14,21.081781,7.081781387329102,7.081781387329102,over_prediction,Warning,50
46,243,13,17.41979,4.419790267944336,4.419790267944336,over_prediction,Critical,100
46,244,12,16.836327,4.836326599121094,4.836326599121094,over_prediction,Critical,100
46,245,11,12.970324,1.9703235626220703,1.9703235626220703,over_prediction,Critical,100
46,246,10,12.081245,2.081245422363281,2.081245422363281,over_prediction,Critical,100
46,247,9,11.647822,2.647822380065918,2.647822380065918,over_prediction,Critical,100
46,248,8,6.600848,-1.3991518020629885,1.3991518020629885,under_prediction,Critical,100
46,249,7,8.026926,1.026926040649414,1.026926040649414,over_prediction,Critical,100
46,250,6,5.2441144,-0.7558856010437012,0.7558856010437012,under_prediction,Critical,100
46,251,5,5.55991,0.5599098205566406,0.5599098205566406,over_prediction,Critical,100
46,252,4,4.3097444,0.3097443580627441,0.3097443580627441,over_prediction,Critical,100
46,253,3,7.9396763,4.939676284790039,4.939676284790039,over_prediction,Critical,100
46,254,2,6.8121905,4.812190532684326,4.812190532684326,over_prediction,Critical,100
46,255,1,3.608471,2.608470916748047,2.608470916748047,over_prediction,Critical,100
46,256,0,1.290376,1.2903759479522705,1.2903759479522705,over_prediction,Critical,100
54,1,256,205.65271,-50.3472900390625,50.3472900390625,under_prediction,Normal,0
54,2,255,188.32443,-66.67556762695312,66.67556762695312,under_prediction,Normal,0
54,3,254,189.41342,-64.58657836914062,64.58657836914062,under_prediction,Normal,0
54,4,253,170.02826,-82.97174072265625,82.97174072265625,under_prediction,Normal,0
54,5,252,157.00903,-94.990966796875,94.990966796875,under_prediction,Normal,0
54,6,251,158.8602,-92.13980102539062,92.13980102539062,under_prediction,Normal,0
54,7,250,160.56276,-89.43724060058594,89.43724060058594,under_prediction,Normal,0
54,8,249,163.14761,-85.85238647460938,85.85238647460938,under_prediction,Normal,0
54,9,248,168.94427,-79.05572509765625,79.05572509765625,under_prediction,Normal,0
54,10,247,161.45012,-85.54988098144531,85.54988098144531,under_prediction,Normal,0
54,11,246,162.6218,-83.37820434570312,83.37820434570312,under_prediction,Normal,0
54,12,245,165.95177,-79.04823303222656,79.04823303222656,under_prediction,Normal,0
54,13,244,172.32498,-71.67501831054688,71.67501831054688,under_prediction,Normal,0
54,14,243,169.48732,-73.51268005371094,73.51268005371094,under_prediction,Normal,0
54,15,242,166.52074,-75.47926330566406,75.47926330566406,under_prediction,Normal,0
54,16,241,149.97552,-91.02447509765624,91.02447509765624,under_prediction,Normal,0
54,17,240,153.00517,-86.99482727050781,86.99482727050781,under_prediction,Normal,0
54,18,239,150.63756,-88.36244201660156,88.36244201660156,under_prediction,Normal,0
54,19,238,168.48827,-69.51173400878906,69.51173400878906,under_prediction,Normal,0
54,20,237,164.31372,-72.686279296875,72.686279296875,under_prediction,Normal,0
54,21,236,157.08582,-78.9141845703125,78.9141845703125,under_prediction,Normal,0
54,22,235,158.49399,-76.50601196289062,76.50601196289062,under_prediction,Normal,0
54,23,234,178.62593,-55.37406921386719,55.37406921386719,under_prediction,Normal,0
54,24,233,184.36125,-48.63874816894531,48.63874816894531,under_prediction,Normal,0
54,25,232,193.06424,-38.93576049804688,38.93576049804688,under_prediction,Normal,0
54,26,231,190.25761,-40.74238586425781,40.74238586425781,under_prediction,Normal,0
54,27,230,155.00984,-74.99015808105469,74.99015808105469,under_prediction,Normal,0
54,28,229,156.12413,-72.87586975097656,72.87586975097656,under_prediction,Normal,0
54,29,228,140.40686,-87.5931396484375,87.5931396484375,under_prediction,Normal,0
54,30,227,131.39316,-95.60684204101562,95.60684204101562,under_prediction,Normal,0
54,31,226,146.61467,-79.38533020019531,79.38533020019531,under_prediction,Normal,0
54,32,225,144.19356,-80.80644226074219,80.80644226074219,under_prediction,Normal,0
54,33,224,156.11353,-67.886474609375,67.886474609375,under_prediction,Normal,0
54,34,223,158.86235,-64.13764953613281,64.13764953613281,under_prediction,Normal,0
54,35,222,155.07321,-66.92678833007812,66.92678833007812,under_prediction,Normal,0
54,36,221,161.85991,-59.14009094238281,59.14009094238281,under_prediction,Normal,0
54,37,220,155.09113,-64.90887451171875,64.90887451171875,under_prediction,Normal,0
54,38,219,169.26672,-49.7332763671875,49.7332763671875,under_prediction,Normal,0
54,39,218,147.20673,-70.79327392578125,70.79327392578125,under_prediction,Normal,0
54,40,217,165.0828,-51.91720581054688,51.91720581054688,under_prediction,Normal,0
54,41,216,168.08063,-47.91937255859375,47.91937255859375,under_prediction,Normal,0
54,42,215,151.2088,-63.79119873046875,63.79119873046875,under_prediction,Normal,0
54,43,214,151.75754,-62.242462158203125,62.242462158203125,under_prediction,Normal,0
54,44,213,151.30971,-61.69029235839844,61.69029235839844,under_prediction,Normal,0
54,45,212,157.8503,-54.14970397949219,54.14970397949219,under_prediction,Normal,0
54,46,211,154.224,-56.7760009765625,56.7760009765625,under_prediction,Normal,0
54,47,210,162.34706,-47.65293884277344,47.65293884277344,under_prediction,Normal,0
54,48,209,154.466,-54.53399658203125,54.53399658203125,under_prediction,Normal,0
54,49,208,157.07135,-50.92864990234375,50.92864990234375,under_prediction,Normal,0
54,50,207,153.94427,-53.05572509765625,53.05572509765625,under_prediction,Normal,0
54,51,206,158.71915,-47.280853271484375,47.280853271484375,under_prediction,Normal,0
54,52,205,154.12321,-50.87678527832031,50.87678527832031,under_prediction,Normal,0
54,53,204,157.20273,-46.797271728515625,46.797271728515625,under_prediction,Normal,0
54,54,203,145.16164,-57.83836364746094,57.83836364746094,under_prediction,Normal,0
54,55,202,148.93329,-53.06671142578125,53.06671142578125,under_prediction,Normal,0
54,56,201,141.02069,-59.97930908203125,59.97930908203125,under_prediction,Normal,0
54,57,200,140.6774,-59.322601318359375,59.322601318359375,under_prediction,Normal,0
54,58,199,139.56636,-59.43363952636719,59.43363952636719,under_prediction,Normal,0
54,59,198,143.17307,-54.826934814453125,54.826934814453125,under_prediction,Normal,0
54,60,197,147.1183,-49.88169860839844,49.88169860839844,under_prediction,Normal,0
54,61,196,142.33995,-53.66004943847656,53.66004943847656,under_prediction,Normal,0
54,62,195,178.8008,-16.199203491210938,16.199203491210938,under_prediction,Normal,0
54,63,194,186.25122,-7.748779296875,7.748779296875,under_prediction,Normal,0
54,64,193,177.4319,-15.568099975585938,15.568099975585938,under_prediction,Normal,0
54,65,192,191.2496,-0.750396728515625,0.750396728515625,under_prediction,Normal,0
54,66,191,200.84067,9.840667724609377,9.840667724609377,over_prediction,Normal,0
54,67,190,188.41068,-1.589324951171875,1.589324951171875,under_prediction,Normal,0
54,68,189,177.89935,-11.10064697265625,11.10064697265625,under_prediction,Normal,0
54,69,188,184.50517,-3.4948272705078125,3.4948272705078125,under_prediction,Normal,0
54,70,187,174.06282,-12.937179565429688,12.937179565429688,under_prediction,Normal,0
54,71,186,147.47006,-38.52993774414063,38.52993774414063,under_prediction,Normal,0
54,72,185,168.01984,-16.98016357421875,16.98016357421875,under_prediction,Normal,0
54,73,184,169.64601,-14.353988647460938,14.353988647460938,under_prediction,Normal,0
54,74,183,166.82605,-16.1739501953125,16.1739501953125,under_prediction,Normal,0
54,75,182,149.24759,-32.752410888671875,32.752410888671875,under_prediction,Normal,0
54,76,181,156.17747,-24.822525024414062,24.822525024414062,under_prediction,Normal,0
54,77,180,160.23578,-19.76422119140625,19.76422119140625,under_prediction,Normal,0
54,78,179,142.03816,-36.96183776855469,36.96183776855469,under_prediction,Normal,0
54,79,178,152.90593,-25.094070434570312,25.094070434570312,under_prediction,Normal,0
54,80,177,146.02893,-30.9710693359375,30.9710693359375,under_prediction,Normal,0
54,81,176,137.40726,-38.59274291992188,38.59274291992188,under_prediction,Normal,0
54,82,175,139.23537,-35.76463317871094,35.76463317871094,under_prediction,Normal,0
54,83,174,146.76094,-27.239059448242188,27.239059448242188,under_prediction,Normal,0
54,84,173,147.5967,-25.403305053710938,25.403305053710938,under_prediction,Normal,0
54,85,172,138.30872,-33.6912841796875,33.6912841796875,under_prediction,Normal,0
54,86,171,155.82344,-15.176559448242188,15.176559448242188,under_prediction,Normal,0
54,87,170,166.60088,-3.3991241455078125,3.3991241455078125,under_prediction,Normal,0
54,88,169,147.7974,-21.202606201171875,21.202606201171875,under_prediction,Normal,0
54,89,168,149.17886,-18.82113647460937,18.82113647460937,under_prediction,Normal,0
54,90,167,152.68605,-14.313949584960938,14.313949584960938,under_prediction,Normal,0
54,91,166,146.73653,-19.263473510742188,19.263473510742188,under_prediction,Normal,0
54,92,165,152.2705,-12.729507446289062,12.729507446289062,under_prediction,Normal,0
54,93,164,146.97711,-17.02288818359375,17.02288818359375,under_prediction,Normal,0
54,94,163,149.95804,-13.041961669921877,13.041961669921877,under_prediction,Normal,0
54,95,162,156.0655,-5.934494018554688,5.934494018554688,under_prediction,Normal,0
54,96,161,153.69608,-7.303924560546875,7.303924560546875,under_prediction,Normal,0
54,97,160,150.65105,-9.348953247070312,9.348953247070312,under_prediction,Normal,0
54,98,159,160.37523,1.3752288818359375,1.3752288818359375,over_prediction,Normal,0
54,99,158,160.51328,2.513275146484375,2.513275146484375,over_prediction,Normal,0
54,100,157,161.783,4.783004760742188,4.783004760742188,over_prediction,Normal,0
54,101,156,153.46658,-2.533416748046875,2.533416748046875,under_prediction,Normal,0
54,102,155,147.29497,-7.7050323486328125,7.7050323486328125,under_prediction,Normal,0
54,103,154,136.42825,-17.571746826171875,17.571746826171875,under_prediction,Normal,0
54,104,153,139.17215,-13.827850341796877,13.827850341796877,under_prediction,Normal,0
54,105,152,133.24327,-18.75672912597656,18.75672912597656,under_prediction,Normal,0
54,106,151,131.74664,-19.25335693359375,19.25335693359375,under_prediction,Normal,0
54,107,150,120.565254,-29.43474578857422,29.43474578857422,under_prediction,Normal,0
54,108,149,115.96923,-33.03076934814453,33.03076934814453,under_prediction,Normal,0
54,109,148,117.64884,-30.351158142089844,30.351158142089844,under_prediction,Normal,0
54,110,147,123.04383,-23.95616912841797,23.95616912841797,under_prediction,Normal,0
54,111,146,125.771065,-20.22893524169922,20.22893524169922,under_prediction,Normal,0
54,112,145,116.30275,-28.697250366210938,28.697250366210938,under_prediction,Normal,0
54,113,144,121.30344,-22.696563720703125,22.696563720703125,under_prediction,Normal,0
54,114,143,126.41233,-16.587669372558594,16.587669372558594,under_prediction,Normal,0
54,115,142,114.49306,-27.50694274902344,27.50694274902344,under_prediction,Normal,0
54,116,141,124.73554,-16.26445770263672,16.26445770263672,under_prediction,Normal,0
54,117,140,120.62774,-19.37226104736328,19.37226104736328,under_prediction,Normal,0
54,118,139,129.99605,-9.003952026367188,9.003952026367188,under_prediction,Normal,0
54,119,138,122.27178,-15.72821807861328,15.72821807861328,under_prediction,Normal,0
54,120,137,131.80045,-5.199554443359375,5.199554443359375,under_prediction,Normal,0
54,121,136,117.63246,-18.36753845214844,18.36753845214844,under_prediction,Normal,0
54,122,135,117.95374,-17.04625701904297,17.04625701904297,under_prediction,Normal,0
54,123,134,117.444824,-16.55517578125,16.55517578125,under_prediction,Normal,0
54,124,133,114.67778,-18.32221984863281,18.32221984863281,under_prediction,Normal,0
54,125,132,113.16102,-18.83898162841797,18.83898162841797,under_prediction,Normal,0
54,126,131,123.24665,-7.753349304199219,7.753349304199219,under_prediction,Normal,0
54,127,130,117.36709,-12.632911682128906,12.632911682128906,under_prediction,Normal,0
54,128,129,120.274506,-8.725494384765625,8.725494384765625,under_prediction,Normal,0
54,129,128,114.97606,-13.023941040039062,13.023941040039062,under_prediction,Normal,0
54,130,127,117.60878,-9.391220092773438,9.391220092773438,under_prediction,Normal,0
54,131,126,129.8953,3.895294189453125,3.895294189453125,over_prediction,Normal,0
54,132,125,137.40166,12.401657104492188,12.401657104492188,over_prediction,Normal,0
54,133,124,128.85071,4.8507080078125,4.8507080078125,over_prediction,Normal,0
54,134,123,125.27585,2.275848388671875,2.275848388671875,over_prediction,Normal,0
54,135,122,117.06907,-4.930931091308594,4.930931091308594,under_prediction,Normal,0
54,136,121,127.35776,6.357757568359375,6.357757568359375,over_prediction,Normal,0
54,137,120,116.96381,-3.0361862182617188,3.0361862182617188,under_prediction,Normal,0
54,138,119,138.93648,19.93647766113281,19.93647766113281,over_prediction,Normal,0
54,139,118,119.50357,1.503570556640625,1.503570556640625,over_prediction,Normal,0
54,140,117,150.96074,33.96073913574219,33.96073913574219,over_prediction,Normal,0
54,141,116,132.33308,16.333084106445312,16.333084106445312,over_prediction,Normal,0
54,142,115,133.81848,18.8184814453125,18.8184814453125,over_prediction,Normal,0
54,143,114,140.01721,26.0172119140625,26.0172119140625,over_prediction,Normal,0
54,144,113,127.98206,14.982063293457031,14.982063293457031,over_prediction,Normal,0
54,145,112,125.57758,13.57758331298828,13.57758331298828,over_prediction,Normal,0
54,146,111,124.47547,13.475471496582031,13.475471496582031,over_prediction,Normal,0
54,147,110,125.536095,15.536094665527344,15.536094665527344,over_prediction,Normal,0
54,148,109,115.772514,6.772514343261719,6.772514343261719,over_prediction,Normal,0
54,149,108,110.00959,2.009590148925781,2.009590148925781,over_prediction,Normal,0
54,150,107,115.69054,8.690536499023438,8.690536499023438,over_prediction,Normal,0
54,151,106,120.31312,14.313117980957031,14.313117980957031,over_prediction,Normal,0
54,152,105,106.36974,1.3697433471679688,1.3697433471679688,over_prediction,Normal,0
54,153,104,102.11441,-1.885589599609375,1.885589599609375,under_prediction,Normal,0
54,154,103,109.84855,6.848548889160156,6.848548889160156,over_prediction,Normal,0
54,155,102,95.44972,-6.5502777099609375,6.5502777099609375,under_prediction,Normal,0
54,156,101,102.035484,1.0354843139648438,1.0354843139648438,over_prediction,Normal,0
54,157,100,96.50278,-3.497222900390625,3.497222900390625,under_prediction,Normal,0
54,158,99,89.09743,-9.902572631835938,9.902572631835938,under_prediction,Normal,0
54,159,98,86.555,-11.44499969482422,11.44499969482422,under_prediction,Normal,0
54,160,97,86.88027,-10.119728088378906,10.119728088378906,under_prediction,Normal,0
54,161,96,75.304535,-20.695465087890625,20.695465087890625,under_prediction,Normal,0
54,162,95,70.68145,-24.31855010986328,24.31855010986328,under_prediction,Normal,0
54,163,94,84.62229,-9.377708435058594,9.377708435058594,under_prediction,Normal,0
54,164,93,89.95238,-3.0476226806640625,3.0476226806640625,under_prediction,Normal,0
54,165,92,92.06677,0.0667724609375,0.0667724609375,over_prediction,Normal,0
54,166,91,75.006546,-15.993453979492188,15.993453979492188,under_prediction,Normal,0
54,167,90,86.79191,-3.208091735839844,3.208091735839844,under_prediction,Normal,0
54,168,89,73.86825,-15.131752014160156,15.131752014160156,under_prediction,Normal,0
54,169,88,86.43777,-1.5622329711914062,1.5622329711914062,under_prediction,Normal,0
54,170,87,82.39759,-4.602409362792969,4.602409362792969,under_prediction,Normal,0
54,171,86,79.26416,-6.73583984375,6.73583984375,under_prediction,Normal,0
54,172,85,88.956,3.956001281738281,3.956001281738281,over_prediction,Normal,0
54,173,84,75.33248,-8.667518615722656,8.667518615722656,under_prediction,Normal,0
54,174,83,80.83601,-2.1639862060546875,2.1639862060546875,under_prediction,Normal,0
54,175,82,95.96294,13.962936401367188,13.962936401367188,over_prediction,Normal,0
54,176,81,98.3821,17.382102966308594,17.382102966308594,over_prediction,Normal,0
54,177,80,97.73085,17.730850219726562,17.730850219726562,over_prediction,Normal,0
54,178,79,102.08993,23.089927673339844,23.089927673339844,over_prediction,Normal,0
54,179,78,85.396225,7.3962249755859375,7.3962249755859375,over_prediction,Normal,0
54,180,77,73.71594,-3.2840576171875,3.2840576171875,under_prediction,Normal,0
54,181,76,66.342514,-9.657485961914062,9.657485961914062,under_prediction,Normal,0
54,182,75,66.21539,-8.78460693359375,8.78460693359375,under_prediction,Normal,0
54,183,74,64.18646,-9.81353759765625,9.81353759765625,under_prediction,Normal,0
54,184,73,69.59439,-3.405609130859375,3.405609130859375,under_prediction,Normal,0
54,185,72,65.9307,-6.069297790527344,6.069297790527344,under_prediction,Normal,0
54,186,71,57.101097,-13.898902893066406,13.898902893066406,under_prediction,Normal,0
54,187,70,57.29674,-12.703258514404297,12.703258514404297,under_prediction,Normal,0
54,188,69,69.15793,0.157928466796875,0.157928466796875,over_prediction,Normal,0
54,189,68,60.628292,-7.371707916259766,7.371707916259766,under_prediction,Normal,0
54,190,67,62.815483,-4.184516906738281,4.184516906738281,under_prediction,Normal,0
54,191,66,66.188126,0.1881256103515625,0.1881256103515625,over_prediction,Normal,0
54,192,65,52.156605,-12.843395233154297,12.843395233154297,under_prediction,Normal,0
54,193,64,61.386173,-2.6138267517089844,2.6138267517089844,under_prediction,Normal,0
54,194,63,67.889275,4.889274597167969,4.889274597167969,over_prediction,Normal,0
54,195,62,55.748295,-6.251705169677734,6.251705169677734,under_prediction,Normal,0
54,196,61,57.450787,-3.549213409423828,3.549213409423828,under_prediction,Normal,0
54,197,60,57.004936,-2.995063781738281,2.995063781738281,under_prediction,Normal,0
54,198,59,58.89165,-0.1083488464355468,0.1083488464355468,under_prediction,Normal,0
54,199,58,52.715874,-5.284126281738281,5.284126281738281,under_prediction,Normal,0
54,200,57,48.697388,-8.3026123046875,8.3026123046875,under_prediction,Warning,50
54,201,56,46.07568,-9.924320220947266,9.924320220947266,under_prediction,Warning,50
54,202,55,44.398754,-10.601245880126951,10.601245880126951,under_prediction,Warning,50
54,203,54,47.238525,-6.761474609375,6.761474609375,under_prediction,Warning,50
54,204,53,55.42894,2.428939819335937,2.428939819335937,over_prediction,Normal,0
54,205,52,58.51493,6.514930725097656,6.514930725097656,over_prediction,Normal,0
54,206,51,61.305996,10.30599594116211,10.30599594116211,over_prediction,Normal,0
54,207,50,58.61132,8.611320495605469,8.611320495605469,over_prediction,Normal,0
54,208,49,51.809155,2.809154510498047,2.809154510498047,over_prediction,Normal,0
54,209,48,48.902687,0.9026870727539062,0.9026870727539062,over_prediction,Warning,50
54,210,47,57.8428,10.84280014038086,10.84280014038086,over_prediction,Normal,0
54,211,46,45.639217,-0.3607826232910156,0.3607826232910156,under_prediction,Warning,50
54,212,45,39.907913,-5.092086791992188,5.092086791992188,under_prediction,Warning,50
54,213,44,39.556572,-4.443428039550781,4.443428039550781,under_prediction,Warning,50
54,214,43,40.832733,-2.167266845703125,2.167266845703125,under_prediction,Warning,50
54,215,42,36.847187,-5.152812957763672,5.152812957763672,under_prediction,Warning,50
54,216,41,38.8379,-2.1621017456054688,2.1621017456054688,under_prediction,Warning,50
54,217,40,35.1046,-4.8954010009765625,4.8954010009765625,under_prediction,Warning,50
54,218,39,32.688164,-6.311836242675781,6.311836242675781,under_prediction,Warning,50
54,219,38,33.0685,-4.931499481201172,4.931499481201172,under_prediction,Warning,50
54,220,37,32.103893,-4.896106719970703,4.896106719970703,under_prediction,Warning,50
54,221,36,28.67547,-7.324529647827148,7.324529647827148,under_prediction,Warning,50
54,222,35,30.015705,-4.984294891357422,4.984294891357422,under_prediction,Warning,50
54,223,34,33.58901,-0.4109916687011719,0.4109916687011719,under_prediction,Warning,50
54,224,33,30.475822,-2.5241775512695312,2.5241775512695312,under_prediction,Warning,50
54,225,32,27.81614,-4.183860778808594,4.183860778808594,under_prediction,Warning,50
54,226,31,28.679642,-2.3203582763671875,2.3203582763671875,under_prediction,Warning,50
54,227,30,29.417625,-0.5823745727539062,0.5823745727539062,under_prediction,Warning,50
54,228,29,31.666264,2.6662635803222656,2.6662635803222656,over_prediction,Warning,50
54,229,28,33.169205,5.169204711914063,5.169204711914063,over_prediction,Warning,50
54,230,27,26.914343,-0.0856571197509765,0.0856571197509765,under_prediction,Warning,50
54,231,26,25.45468,-0.5453205108642578,0.5453205108642578,under_prediction,Warning,50
54,232,25,21.679352,-3.320648193359375,3.320648193359375,under_prediction,Warning,50
54,233,24,27.406874,3.4068737030029297,3.4068737030029297,over_prediction,Warning,50
54,234,23,22.018335,-0.9816646575927734,0.9816646575927734,under_prediction,Warning,50
54,235,22,23.187954,1.1879539489746094,1.1879539489746094,over_prediction,Warning,50
54,236,21,21.324013,0.3240127563476562,0.3240127563476562,over_prediction,Warning,50
54,237,20,16.065128,-3.934871673583984,3.934871673583984,under_prediction,Critical,100
54,238,19,14.6800785,-4.319921493530273,4.319921493530273,under_prediction,Critical,100
54,239,18,11.106385,-6.893614768981934,6.893614768981934,under_prediction,Critical,100
54,240,17,9.192348,-7.807652473449707,7.807652473449707,under_prediction,Critical,100
54,241,16,11.126264,-4.873736381530762,4.873736381530762,under_prediction,Critical,100
54,242,15,10.554815,-4.445184707641602,4.445184707641602,under_prediction,Critical,100
54,243,14,14.531558,0.5315580368041992,0.5315580368041992,over_prediction,Critical,100
54,244,13,11.005152,-1.9948482513427732,1.9948482513427732,under_prediction,Critical,100
54,245,12,13.420073,1.4200725555419922,1.4200725555419922,over_prediction,Critical,100
54,246,11,15.625424,4.625424385070801,4.625424385070801,over_prediction,Critical,100
54,247,10,12.385473,2.385473251342773,2.385473251342773,over_prediction,Critical,100
54,248,9,11.931327,2.9313268661499023,2.9313268661499023,over_prediction,Critical,100
54,249,8,7.1313744,-0.8686256408691406,0.8686256408691406,under_prediction,Critical,100
54,250,7,1.6248273,-5.375172734260559,5.375172734260559,under_prediction,Critical,100
54,251,6,3.0366747,-2.963325262069702,2.963325262069702,under_prediction,Critical,100
54,252,5,0.08571382,-4.914286181330681,4.914286181330681,under_prediction,Critical,100
54,253,4,0.6692867,-3.3307132720947266,3.3307132720947266,under_prediction,Critical,100
54,254,3,3.1303158,0.1303157806396484,0.1303157806396484,over_prediction,Critical,100
54,255,2,3.412741,1.41274094581604,1.41274094581604,over_prediction,Critical,100
54,256,1,3.1437755,2.143775463104248,2.143775463104248,over_prediction,Critical,100
54,257,0,0.87193865,0.8719386458396912,0.8719386458396912,over_prediction,Critical,100
71,1,207,197.78812,-9.211883544921877,9.211883544921877,under_prediction,Normal,0
71,2,206,217.67491,11.674911499023438,11.674911499023438,over_prediction,Normal,0
71,3,205,203.83089,-1.1691131591796875,1.1691131591796875,under_prediction,Normal,0
71,4,204,190.45976,-13.540237426757812,13.540237426757812,under_prediction,Normal,0
71,5,203,201.06616,-1.933837890625,1.933837890625,under_prediction,Normal,0
71,6,202,175.71875,-26.28125,26.28125,under_prediction,Normal,0
71,7,201,192.79024,-8.209762573242188,8.209762573242188,under_prediction,Normal,0
71,8,200,202.35156,2.3515625,2.3515625,over_prediction,Normal,0
71,9,199,196.86392,-2.136077880859375,2.136077880859375,under_prediction,Normal,0
71,10,198,174.772,-23.227996826171875,23.227996826171875,under_prediction,Normal,0
71,11,197,170.73175,-26.26824951171875,26.26824951171875,under_prediction,Normal,0
71,12,196,161.11438,-34.8856201171875,34.8856201171875,under_prediction,Normal,0
71,13,195,157.70529,-37.294708251953125,37.294708251953125,under_prediction,Normal,0
71,14,194,162.8506,-31.149398803710938,31.149398803710938,under_prediction,Normal,0
71,15,193,152.70187,-40.298126220703125,40.298126220703125,under_prediction,Normal,0
71,16,192,163.92995,-28.070053100585938,28.070053100585938,under_prediction,Normal,0
71,17,191,152.05124,-38.948760986328125,38.948760986328125,under_prediction,Normal,0
71,18,190,154.163,-35.837005615234375,35.837005615234375,under_prediction,Normal,0
71,19,189,155.5891,-33.41090393066406,33.41090393066406,under_prediction,Normal,0
71,20,188,170.1141,-17.885894775390625,17.885894775390625,under_prediction,Normal,0
71,21,187,155.21872,-31.781280517578125,31.781280517578125,under_prediction,Normal,0
71,22,186,151.78401,-34.21598815917969,34.21598815917969,under_prediction,Normal,0
71,23,185,153.19713,-31.80287170410156,31.80287170410156,under_prediction,Normal,0
71,24,184,160.21864,-23.78135681152344,23.78135681152344,under_prediction,Normal,0
71,25,183,148.21521,-34.7847900390625,34.7847900390625,under_prediction,Normal,0
71,26,182,162.29568,-19.704315185546875,19.704315185546875,under_prediction,Normal,0
71,27,181,164.28755,-16.712448120117188,16.712448120117188,under_prediction,Normal,0
71,28,180,158.9242,-21.0758056640625,21.0758056640625,under_prediction,Normal,0
71,29,179,158.23709,-20.762908935546875,20.762908935546875,under_prediction,Normal,0
71,30,178,150.41489,-27.585113525390625,27.585113525390625,under_prediction,Normal,0
71,31,177,159.34465,-17.655349731445312,17.655349731445312,under_prediction,Normal,0
71,32,176,135.55418,-40.44581604003906,40.44581604003906,under_prediction,Normal,0
71,33,175,161.46419,-13.535812377929688,13.535812377929688,under_prediction,Normal,0
71,34,174,151.80753,-22.19247436523437,22.19247436523437,under_prediction,Normal,0
71,35,173,151.27802,-21.72198486328125,21.72198486328125,under_prediction,Normal,0
71,36,172,165.1093,-6.8907012939453125,6.8907012939453125,under_prediction,Normal,0
71,37,171,169.52448,-1.47552490234375,1.47552490234375,under_prediction,Normal,0
71,38,170,161.92537,-8.074630737304688,8.074630737304688,under_prediction,Normal,0
71,39,169,151.91254,-17.08746337890625,17.08746337890625,under_prediction,Normal,0
71,40,168,148.51459,-19.48541259765625,19.48541259765625,under_prediction,Normal,0
71,41,167,148.60841,-18.391586303710938,18.391586303710938,under_prediction,Normal,0
71,42,166,146.16974,-19.83026123046875,19.83026123046875,under_prediction,Normal,0
71,43,165,153.88976,-11.110244750976562,11.110244750976562,under_prediction,Normal,0
71,44,164,147.99574,-16.004257202148438,16.004257202148438,under_prediction,Normal,0
71,45,163,152.43271,-10.567291259765623,10.567291259765623,under_prediction,Normal,0
71,46,162,129.99846,-32.00154113769531,32.00154113769531,under_prediction,Normal,0
71,47,161,149.47572,-11.524276733398438,11.524276733398438,under_prediction,Normal,0
71,48,160,146.59003,-13.40997314453125,13.40997314453125,under_prediction,Normal,0
71,49,159,150.09515,-8.90484619140625,8.90484619140625,under_prediction,Normal,0
71,50,158,153.25693,-4.743072509765625,4.743072509765625,under_prediction,Normal,0
71,51,157,146.57841,-10.421585083007812,10.421585083007812,under_prediction,Normal,0
71,52,156,142.51953,-13.48046875,13.48046875,under_prediction,Normal,0
71,53,155,144.2973,-10.70269775390625,10.70269775390625,under_prediction,Normal,0
71,54,154,140.76387,-13.236129760742188,13.236129760742188,under_prediction,Normal,0
71,55,153,135.11069,-17.889312744140625,17.889312744140625,under_prediction,Normal,0
71,56,152,150.96786,-1.032135009765625,1.032135009765625,under_prediction,Normal,0
71,57,151,138.67543,-12.324569702148438,12.324569702148438,under_prediction,Normal,0
71,58,150,162.30081,12.300811767578123,12.300811767578123,over_prediction,Normal,0
71,59,149,163.94092,14.94091796875,14.94091796875,over_prediction,Normal,0
71,60,148,162.0551,14.055099487304688,14.055099487304688,over_prediction,Normal,0
71,61,147,162.26598,15.265975952148438,15.265975952148438,over_prediction,Normal,0
71,62,146,151.08884,5.088836669921875,5.088836669921875,over_prediction,Normal,0
71,63,145,155.50131,10.501312255859377,10.501312255859377,over_prediction,Normal,0
71,64,144,154.72302,10.7230224609375,10.7230224609375,over_prediction,Normal,0
71,65,143,150.47337,7.4733734130859375,7.4733734130859375,over_prediction,Normal,0
71,66,142,153.6919,11.69189453125,11.69189453125,over_prediction,Normal,0
71,67,141,160.63155,19.63154602050781,19.63154602050781,over_prediction,Normal,0
71,68,140,150.80476,10.804763793945312,10.804763793945312,over_prediction,Normal,0
71,69,139,161.62189,22.62188720703125,22.62188720703125,over_prediction,Normal,0
71,70,138,170.58195,32.58195495605469,32.58195495605469,over_prediction,Normal,0
71,71,137,162.53487,25.53486633300781,25.53486633300781,over_prediction,Normal,0
71,72,136,152.5575,16.5574951171875,16.5574951171875,over_prediction,Normal,0
71,73,135,157.5531,22.5531005859375,22.5531005859375,over_prediction,Normal,0
71,74,134,149.08989,15.089889526367188,15.089889526367188,over_prediction,Normal,0
71,75,133,153.73111,20.731109619140625,20.731109619140625,over_prediction,Normal,0
71,76,132,116.169426,-15.830574035644531,15.830574035644531,under_prediction,Normal,0
71,77,131,138.19502,7.1950225830078125,7.1950225830078125,over_prediction,Normal,0
71,78,130,129.86183,-0.1381683349609375,0.1381683349609375,under_prediction,Normal,0
71,79,129,130.68639,1.6863861083984375,1.6863861083984375,over_prediction,Normal,0
71,80,128,140.15656,12.15655517578125,12.15655517578125,over_prediction,Normal,0
71,81,127,126.55756,-0.4424362182617187,0.4424362182617187,under_prediction,Normal,0
71,82,126,129.66188,3.6618804931640634,3.6618804931640634,over_prediction,Normal,0
71,83,125,104.252945,-20.747055053710938,20.747055053710938,under_prediction,Normal,0
71,84,124,109.80148,-14.198516845703123,14.198516845703123,under_prediction,Normal,0
71,85,123,122.658165,-0.3418350219726562,0.3418350219726562,under_prediction,Normal,0
71,86,122,116.81149,-5.188507080078125,5.188507080078125,under_prediction,Normal,0
71,87,121,117.67082,-3.3291778564453125,3.3291778564453125,under_prediction,Normal,0
71,88,120,124.14109,4.141090393066406,4.141090393066406,over_prediction,Normal,0
71,89,119,130.21265,11.212646484375,11.212646484375,over_prediction,Normal,0
71,90,118,139.35707,21.35707092285156,21.35707092285156,over_prediction,Normal,0
71,91,117,157.9536,40.95359802246094,40.95359802246094,over_prediction,Normal,0
71,92,116,158.25272,42.252716064453125,42.252716064453125,over_prediction,Normal,0
71,93,115,133.92496,18.924957275390625,18.924957275390625,over_prediction,Normal,0
71,94,114,120.47782,6.477821350097656,6.477821350097656,over_prediction,Normal,0
71,95,113,134.20216,21.202163696289062,21.202163696289062,over_prediction,Normal,0
71,96,112,130.79794,18.79794311523437,18.79794311523437,over_prediction,Normal,0
71,97,111,140.7653,29.765304565429688,29.765304565429688,over_prediction,Normal,0
71,98,110,160.71355,50.71354675292969,50.71354675292969,over_prediction,Normal,0
71,99,109,170.29854,61.29853820800781,61.29853820800781,over_prediction,Normal,0
71,100,108,169.77342,61.77342224121094,61.77342224121094,over_prediction,Normal,0
71,101,107,165.72818,58.72817993164063,58.72817993164063,over_prediction,Normal,0
71,102,106,173.26913,67.26913452148438,67.26913452148438,over_prediction,Normal,0
71,103,105,164.40129,59.40129089355469,59.40129089355469,over_prediction,Normal,0
71,104,104,155.78387,51.78387451171875,51.78387451171875,over_prediction,Normal,0
71,105,103,150.7582,47.75819396972656,47.75819396972656,over_prediction,Normal,0
71,106,102,159.9835,57.98350524902344,57.98350524902344,over_prediction,Normal,0
71,107,101,153.40262,52.402618408203125,52.402618408203125,over_prediction,Normal,0
71,108,100,141.51843,41.5184326171875,41.5184326171875,over_prediction,Normal,0
71,109,99,143.67567,44.67567443847656,44.67567443847656,over_prediction,Normal,0
71,110,98,150.1337,52.133697509765625,52.133697509765625,over_prediction,Normal,0
71,111,97,149.42802,52.42802429199219,52.42802429199219,over_prediction,Normal,0
71,112,96,147.7906,51.79060363769531,51.79060363769531,over_prediction,Normal,0
71,113,95,145.97084,50.97084045410156,50.97084045410156,over_prediction,Normal,0
71,114,94,140.00642,46.00642395019531,46.00642395019531,over_prediction,Normal,0
71,115,93,138.1977,45.19769287109375,45.19769287109375,over_prediction,Normal,0
71,116,92,135.56871,43.56871032714844,43.56871032714844,over_prediction,Normal,0
71,117,91,134.42784,43.42784118652344,43.42784118652344,over_prediction,Normal,0
71,118,90,137.7256,47.72560119628906,47.72560119628906,over_prediction,Normal,0
71,119,89,136.6188,47.61880493164063,47.61880493164063,over_prediction,Normal,0
71,120,88,135.16948,47.16947937011719,47.16947937011719,over_prediction,Normal,0
71,121,87,129.92363,42.92362976074219,42.92362976074219,over_prediction,Normal,0
71,122,86,118.08299,32.08299255371094,32.08299255371094,over_prediction,Normal,0
71,123,85,109.77976,24.779762268066406,24.779762268066406,over_prediction,Normal,0
71,124,84,101.69858,17.698577880859375,17.698577880859375,over_prediction,Normal,0
71,125,83,104.61727,21.617271423339844,21.617271423339844,over_prediction,Normal,0
71,126,82,105.783554,23.78355407714844,23.78355407714844,over_prediction,Normal,0
71,127,81,89.375786,8.375785827636719,8.375785827636719,over_prediction,Normal,0
71,128,80,87.457985,7.457984924316406,7.457984924316406,over_prediction,Normal,0
71,129,79,98.92335,19.92334747314453,19.92334747314453,over_prediction,Normal,0
71,130,78,100.32766,22.327659606933597,22.327659606933597,over_prediction,Normal,0
71,131,77,93.471436,16.471435546875,16.471435546875,over_prediction,Normal,0
71,132,76,89.62901,13.629013061523438,13.629013061523438,over_prediction,Normal,0
71,133,75,82.98028,7.980278015136719,7.980278015136719,over_prediction,Normal,0
71,134,74,84.89732,10.897323608398438,10.897323608398438,over_prediction,Normal,0
71,135,73,77.68063,4.680633544921875,4.680633544921875,over_prediction,Normal,0
71,136,72,77.84654,5.8465423583984375,5.8465423583984375,over_prediction,Normal,0
71,137,71,59.58067,-11.419330596923828,11.419330596923828,under_prediction,Normal,0
71,138,70,49.574707,-20.42529296875,20.42529296875,under_prediction,Warning,50
71,139,69,57.49466,-11.505340576171877,11.505340576171877,under_prediction,Normal,0
71,140,68,60.758244,-7.241756439208984,7.241756439208984,under_prediction,Normal,0
71,141,67,52.171936,-14.82806396484375,14.82806396484375,under_prediction,Normal,0
71,142,66,80.661064,14.66106414794922,14.66106414794922,over_prediction,Normal,0
71,143,65,60.556343,-4.443656921386719,4.443656921386719,under_prediction,Normal,0
71,144,64,64.11135,0.1113510131835937,0.1113510131835937,over_prediction,Normal,0
71,145,63,62.001408,-0.9985923767089844,0.9985923767089844,under_prediction,Normal,0
71,146,62,64.79213,2.7921295166015625,2.7921295166015625,over_prediction,Normal,0
71,147,61,59.64774,-1.3522605895996094,1.3522605895996094,under_prediction,Normal,0
71,148,60,55.924343,-4.075656890869141,4.075656890869141,under_prediction,Normal,0
71,149,59,64.75462,5.7546234130859375,5.7546234130859375,over_prediction,Normal,0
71,150,58,61.734962,3.734962463378906,3.734962463378906,over_prediction,Normal,0
71,151,57,62.852257,5.852256774902344,5.852256774902344,over_prediction,Normal,0
71,152,56,66.213196,10.21319580078125,10.21319580078125,over_prediction,Normal,0
71,153,55,57.287502,2.28750228881836,2.28750228881836,over_prediction,Normal,0
71,154,54,65.087654,11.087654113769531,11.087654113769531,over_prediction,Normal,0
71,155,53,53.171185,0.1711845397949218,0.1711845397949218,over_prediction,Normal,0
71,156,52,54.82397,2.8239707946777344,2.8239707946777344,over_prediction,Normal,0
71,157,51,51.887993,0.8879928588867188,0.8879928588867188,over_prediction,Normal,0
71,158,50,51.813766,1.8137664794921875,1.8137664794921875,over_prediction,Normal,0
71,159,49,51.7603,2.7602996826171875,2.7602996826171875,over_prediction,Normal,0
71,160,48,43.49119,-4.508808135986328,4.508808135986328,under_prediction,Warning,50
71,161,47,47.02317,0.0231704711914062,0.0231704711914062,over_prediction,Warning,50
71,162,46,45.427673,-0.57232666015625,0.57232666015625,under_prediction,Warning,50
71,163,45,43.4977,-1.502300262451172,1.502300262451172,under_prediction,Warning,50
71,164,44,45.625927,1.6259269714355469,1.6259269714355469,over_prediction,Warning,50
71,165,43,38.35112,-4.6488800048828125,4.6488800048828125,under_prediction,Warning,50
71,166,42,44.815662,2.815662384033203,2.815662384033203,over_prediction,Warning,50
71,167,41,42.669666,1.6696662902832031,1.6696662902832031,over_prediction,Warning,50
71,168,40,42.8225,2.822498321533203,2.822498321533203,over_prediction,Warning,50
71,169,39,43.42886,4.428859710693359,4.428859710693359,over_prediction,Warning,50
71,170,38,36.587784,-1.4122161865234375,1.4122161865234375,under_prediction,Warning,50
71,171,37,37.16523,0.1652297973632812,0.1652297973632812,over_prediction,Warning,50
71,172,36,38.639397,2.6393966674804688,2.6393966674804688,over_prediction,Warning,50
71,173,35,33.229332,-1.7706680297851562,1.7706680297851562,under_prediction,Warning,50
71,174,34,35.89922,1.899219512939453,1.899219512939453,over_prediction,Warning,50
71,175,33,35.359398,2.3593978881835938,2.3593978881835938,over_prediction,Warning,50
71,176,32,35.424442,3.4244422912597656,3.4244422912597656,over_prediction,Warning,50
71,177,31,36.02299,5.022991180419922,5.022991180419922,over_prediction,Warning,50
71,178,30,36.81907,6.819068908691406,6.819068908691406,over_prediction,Warning,50
71,179,29,31.678457,2.678457260131836,2.678457260131836,over_prediction,Warning,50
71,180,28,23.210505,-4.789495468139648,4.789495468139648,under_prediction,Warning,50
71,181,27,20.578003,-6.4219970703125,6.4219970703125,under_prediction,Warning,50
71,182,26,21.900064,-4.099935531616211,4.099935531616211,under_prediction,Warning,50
71,183,25,23.595034,-1.4049663543701172,1.4049663543701172,under_prediction,Warning,50
71,184,24,24.388262,0.3882617950439453,0.3882617950439453,over_prediction,Warning,50
71,185,23,25.409681,2.4096813201904297,2.4096813201904297,over_prediction,Warning,50
71,186,22,28.152315,6.152315139770508,6.152315139770508,over_prediction,Warning,50
71,187,21,28.81658,7.816579818725586,7.816579818725586,over_prediction,Warning,50
71,188,20,23.543587,3.5435867309570312,3.5435867309570312,over_prediction,Warning,50
71,189,19,20.685242,1.68524169921875,1.68524169921875,over_prediction,Warning,50
71,190,18,22.512503,4.512502670288086,4.512502670288086,over_prediction,Warning,50
71,191,17,21.437473,4.437473297119141,4.437473297119141,over_prediction,Warning,50
71,192,16,20.651337,4.651336669921875,4.651336669921875,over_prediction,Warning,50
71,193,15,18.793018,3.793018341064453,3.793018341064453,over_prediction,Critical,100
71,194,14,19.03627,5.0362701416015625,5.0362701416015625,over_prediction,Critical,100
71,195,13,18.558178,5.558177947998047,5.558177947998047,over_prediction,Critical,100
71,196,12,18.896832,6.896831512451172,6.896831512451172,over_prediction,Critical,100
71,197,11,18.279062,7.279062271118164,7.279062271118164,over_prediction,Critical,100
71,198,10,15.539191,5.539191246032715,5.539191246032715,over_prediction,Critical,100
71,199,9,12.70668,3.7066802978515625,3.7066802978515625,over_prediction,Critical,100
71,200,8,13.058253,5.058253288269043,5.058253288269043,over_prediction,Critical,100
71,201,7,10.584286,3.5842857360839844,3.5842857360839844,over_prediction,Critical,100
71,202,6,8.465412,2.465412139892578,2.465412139892578,over_prediction,Critical,100
71,203,5,5.5752378,0.5752377510070801,0.5752377510070801,over_prediction,Critical,100
71,204,4,5.5135665,1.513566493988037,1.513566493988037,over_prediction,Critical,100
71,205,3,6.700156,3.7001562118530273,3.7001562118530273,over_prediction,Critical,100
71,206,2,4.276402,2.276401996612549,2.276401996612549,over_prediction,Critical,100
71,207,1,4.1015058,3.101505756378174,3.101505756378174,over_prediction,Critical,100
71,208,0,2.7282705,2.728270530700684,2.728270530700684,over_prediction,Critical,100
74,1,165,205.77899,40.77899169921875,40.77899169921875,over_prediction,Normal,0
74,2,164,183.66023,19.660232543945312,19.660232543945312,over_prediction,Normal,0
74,3,163,188.67749,25.677490234375,25.677490234375,over_prediction,Normal,0
74,4,162,194.11937,32.11936950683594,32.11936950683594,over_prediction,Normal,0
74,5,161,184.87292,23.8729248046875,23.8729248046875,over_prediction,Normal,0
74,6,160,196.91019,36.910186767578125,36.910186767578125,over_prediction,Normal,0
74,7,159,149.67046,-9.329544067382812,9.329544067382812,under_prediction,Normal,0
74,8,158,143.6884,-14.311599731445312,14.311599731445312,under_prediction,Normal,0
74,9,157,144.88536,-12.114639282226562,12.114639282226562,under_prediction,Normal,0
74,10,156,166.97841,10.978408813476562,10.978408813476562,over_prediction,Normal,0
74,11,155,139.45367,-15.54632568359375,15.54632568359375,under_prediction,Normal,0
74,12,154,130.6068,-23.39320373535156,23.39320373535156,under_prediction,Normal,0
74,13,153,136.70891,-16.291091918945312,16.291091918945312,under_prediction,Normal,0
74,14,152,103.21836,-48.78163909912109,48.78163909912109,under_prediction,Normal,0
74,15,151,117.46765,-33.5323486328125,33.5323486328125,under_prediction,Normal,0
74,16,150,120.545395,-29.454605102539062,29.454605102539062,under_prediction,Normal,0
74,17,149,106.50391,-42.49609375,42.49609375,under_prediction,Normal,0
74,18,148,120.61169,-27.38831329345703,27.38831329345703,under_prediction,Normal,0
74,19,147,129.27963,-17.720367431640625,17.720367431640625,under_prediction,Normal,0
74,20,146,127.0065,-18.99349975585937,18.99349975585937,under_prediction,Normal,0
74,21,145,123.47857,-21.52143096923828,21.52143096923828,under_prediction,Normal,0
74,22,144,121.63286,-22.36714172363281,22.36714172363281,under_prediction,Normal,0
74,23,143,120.70439,-22.29560852050781,22.29560852050781,under_prediction,Normal,0
74,24,142,113.70804,-28.291961669921875,28.291961669921875,under_prediction,Normal,0
74,25,141,118.066345,-22.93365478515625,22.93365478515625,under_prediction,Normal,0
74,26,140,113.55443,-26.445571899414062,26.445571899414062,under_prediction,Normal,0
74,27,139,126.08345,-12.916549682617188,12.916549682617188,under_prediction,Normal,0
74,28,138,127.23335,-10.766647338867188,10.766647338867188,under_prediction,Normal,0
74,29,137,120.1011,-16.898902893066406,16.898902893066406,under_prediction,Normal,0
74,30,136,132.61476,-3.385238647460937,3.385238647460937,under_prediction,Normal,0
74,31,135,122.24937,-12.750633239746094,12.750633239746094,under_prediction,Normal,0
74,32,134,109.59582,-24.40418243408203,24.40418243408203,under_prediction,Normal,0
74,33,133,109.22473,-23.7752685546875,23.7752685546875,under_prediction,Normal,0
74,34,132,106.37649,-25.623512268066406,25.623512268066406,under_prediction,Normal,0
74,35,131,115.606636,-15.39336395263672,15.39336395263672,under_prediction,Normal,0
74,36,130,117.13986,-12.860137939453123,12.860137939453123,under_prediction,Normal,0
74,37,129,130.90027,1.9002685546875,1.9002685546875,over_prediction,Normal,0
74,38,128,123.955315,-4.044685363769531,4.044685363769531,under_prediction,Normal,0
74,39,127,126.14973,-0.8502731323242188,0.8502731323242188,under_prediction,Normal,0
74,40,126,128.00298,2.0029754638671875,2.0029754638671875,over_prediction,Normal,0
74,41,125,119.635506,-5.364494323730469,5.364494323730469,under_prediction,Normal,0
74,42,124,126.00682,2.006820678710937,2.006820678710937,over_prediction,Normal,0
74,43,123,134.47359,11.473587036132812,11.473587036132812,over_prediction,Normal,0
74,44,122,137.06831,15.068313598632812,15.068313598632812,over_prediction,Normal,0
74,45,121,136.28265,15.28265380859375,15.28265380859375,over_prediction,Normal,0
74,46,120,139.36697,19.366973876953125,19.366973876953125,over_prediction,Normal,0
74,47,119,135.3613,16.361297607421875,16.361297607421875,over_prediction,Normal,0
74,48,118,123.867935,5.867935180664063,5.867935180664063,over_prediction,Normal,0
74,49,117,113.377426,-3.6225738525390634,3.6225738525390634,under_prediction,Normal,0
74,50,116,125.605484,9.605484008789062,9.605484008789062,over_prediction,Normal,0
74,51,115,118.117714,3.117713928222656,3.117713928222656,over_prediction,Normal,0
74,52,114,123.43141,9.431411743164062,9.431411743164062,over_prediction,Normal,0
74,53,113,115.26663,2.266632080078125,2.266632080078125,over_prediction,Normal,0
74,54,112,124.62641,12.62641143798828,12.62641143798828,over_prediction,Normal,0
74,55,111,135.65796,24.657958984375,24.657958984375,over_prediction,Normal,0
74,56,110,132.10197,22.101974487304688,22.101974487304688,over_prediction,Normal,0
74,57,109,130.19366,21.19366455078125,21.19366455078125,over_prediction,Normal,0
74,58,108,158.31091,50.3109130859375,50.3109130859375,over_prediction,Normal,0
74,59,107,153.05585,46.05584716796875,46.05584716796875,over_prediction,Normal,0
74,60,106,165.78265,59.78265380859375,59.78265380859375,over_prediction,Normal,0
74,61,105,123.815094,18.815093994140625,18.815093994140625,over_prediction,Normal,0
74,62,104,125.17868,21.178680419921875,21.178680419921875,over_prediction,Normal,0
74,63,103,121.85007,18.850067138671875,18.850067138671875,over_prediction,Normal,0
74,64,102,117.45172,15.45172119140625,15.45172119140625,over_prediction,Normal,0
74,65,101,107.19566,6.1956634521484375,6.1956634521484375,over_prediction,Normal,0
74,66,100,105.44193,5.441932678222656,5.441932678222656,over_prediction,Normal,0
74,67,99,100.189964,1.1899642944335938,1.1899642944335938,over_prediction,Normal,0
74,68,98,114.303444,16.303443908691406,16.303443908691406,over_prediction,Normal,0
74,69,97,122.97177,25.97177124023437,25.97177124023437,over_prediction,Normal,0
74,70,96,121.10989,25.109893798828125,25.109893798828125,over_prediction,Normal,0
74,71,95,101.32966,6.329658508300781,6.329658508300781,over_prediction,Normal,0
74,72,94,103.241615,9.241615295410156,9.241615295410156,over_prediction,Normal,0
74,73,93,107.26973,14.269729614257812,14.269729614257812,over_prediction,Normal,0
74,74,92,120.887474,28.887474060058597,28.887474060058597,over_prediction,Normal,0
74,75,91,109.23164,18.23164367675781,18.23164367675781,over_prediction,Normal,0
74,76,90,98.40741,8.40740966796875,8.40740966796875,over_prediction,Normal,0
74,77,89,112.05361,23.053611755371094,23.053611755371094,over_prediction,Normal,0
74,78,88,120.398926,32.39892578125,32.39892578125,over_prediction,Normal,0
74,79,87,137.52522,50.52522277832031,50.52522277832031,over_prediction,Normal,0
74,80,86,127.634705,41.63470458984375,41.63470458984375,over_prediction,Normal,0
74,81,85,109.306,24.30599975585937,24.30599975585937,over_prediction,Normal,0
74,82,84,111.01433,27.014328002929688,27.014328002929688,over_prediction,Normal,0
74,83,83,111.75251,28.75251007080078,28.75251007080078,over_prediction,Normal,0
74,84,82,115.256714,33.2567138671875,33.2567138671875,over_prediction,Normal,0
74,85,81,111.72404,30.72403717041016,30.72403717041016,over_prediction,Normal,0
74,86,80,111.109055,31.109054565429688,31.109054565429688,over_prediction,Normal,0
74,87,79,97.07652,18.07652282714844,18.07652282714844,over_prediction,Normal,0
74,88,78,116.924576,38.92457580566406,38.92457580566406,over_prediction,Normal,0
74,89,77,105.20883,28.20883178710937,28.20883178710937,over_prediction,Normal,0
74,90,76,106.2132,30.21320343017578,30.21320343017578,over_prediction,Normal,0
74,91,75,110.016304,35.01630401611328,35.01630401611328,over_prediction,Normal,0
74,92,74,128.51434,54.51434326171875,54.51434326171875,over_prediction,Normal,0
74,93,73,109.60498,36.60498046875,36.60498046875,over_prediction,Normal,0
74,94,72,114.72835,42.72834777832031,42.72834777832031,over_prediction,Normal,0
74,95,71,100.41668,29.41667938232422,29.41667938232422,over_prediction,Normal,0
74,96,70,105.17614,35.17613983154297,35.17613983154297,over_prediction,Normal,0
74,97,69,99.36549,30.365493774414062,30.365493774414062,over_prediction,Normal,0
74,98,68,99.01944,31.019439697265625,31.019439697265625,over_prediction,Normal,0
74,99,67,85.00695,18.00695037841797,18.00695037841797,over_prediction,Normal,0
74,100,66,72.59725,6.597251892089844,6.597251892089844,over_prediction,Normal,0
74,101,65,86.010544,21.010543823242188,21.010543823242188,over_prediction,Normal,0
74,102,64,76.731125,12.731124877929688,12.731124877929688,over_prediction,Normal,0
74,103,63,70.34693,7.346931457519531,7.346931457519531,over_prediction,Normal,0
74,104,62,90.81893,28.818931579589844,28.818931579589844,over_prediction,Normal,0
74,105,61,87.7962,26.79620361328125,26.79620361328125,over_prediction,Normal,0
74,106,60,88.05418,28.054176330566406,28.054176330566406,over_prediction,Normal,0
74,107,59,79.64119,20.641189575195312,20.641189575195312,over_prediction,Normal,0
74,108,58,94.039375,36.03937530517578,36.03937530517578,over_prediction,Normal,0
74,109,57,83.38047,26.380470275878903,26.380470275878903,over_prediction,Normal,0
74,110,56,80.07765,24.077651977539062,24.077651977539062,over_prediction,Normal,0
74,111,55,70.800575,15.800575256347656,15.800575256347656,over_prediction,Normal,0
74,112,54,82.02609,28.026092529296875,28.026092529296875,over_prediction,Normal,0
74,113,53,86.832695,33.83269500732422,33.83269500732422,over_prediction,Normal,0
74,114,52,70.89546,18.89546203613281,18.89546203613281,over_prediction,Normal,0
74,115,51,65.89908,14.899078369140623,14.899078369140623,over_prediction,Normal,0
74,116,50,48.394215,-1.6057853698730469,1.6057853698730469,under_prediction,Warning,50
74,117,49,45.184616,-3.815383911132813,3.815383911132813,under_prediction,Warning,50
74,118,48,55.94953,7.949531555175781,7.949531555175781,over_prediction,Normal,0
74,119,47,50.179985,3.1799850463867188,3.1799850463867188,over_prediction,Normal,0
74,120,46,38.57422,-7.42578125,7.42578125,under_prediction,Warning,50
74,121,45,51.271324,6.271324157714844,6.271324157714844,over_prediction,Normal,0
74,122,44,41.540554,-2.4594459533691406,2.4594459533691406,under_prediction,Warning,50
74,123,43,48.814457,5.814456939697266,5.814456939697266,over_prediction,Warning,50
74,124,42,41.35871,-0.6412887573242188,0.6412887573242188,under_prediction,Warning,50
74,125,41,52.41002,11.410018920898438,11.410018920898438,over_prediction,Normal,0
74,126,40,47.466415,7.466415405273437,7.466415405273437,over_prediction,Warning,50
74,127,39,54.04434,15.04433822631836,15.04433822631836,over_prediction,Normal,0
74,128,38,59.805183,21.80518341064453,21.80518341064453,over_prediction,Normal,0
74,129,37,61.09876,24.09875869750977,24.09875869750977,over_prediction,Normal,0
74,130,36,62.938087,26.938087463378903,26.938087463378903,over_prediction,Normal,0
74,131,35,58.97033,23.97032928466797,23.97032928466797,over_prediction,Normal,0
74,132,34,52.504086,18.504085540771484,18.504085540771484,over_prediction,Normal,0
74,133,33,53.5593,20.55929946899414,20.55929946899414,over_prediction,Normal,0
74,134,32,56.66455,24.66455078125,24.66455078125,over_prediction,Normal,0
74,135,31,47.067234,16.06723403930664,16.06723403930664,over_prediction,Warning,50
74,136,30,53.257717,23.25771713256836,23.25771713256836,over_prediction,Normal,0
74,137,29,46.130882,17.130882263183594,17.130882263183594,over_prediction,Warning,50
74,138,28,39.377167,11.377166748046877,11.377166748046877,over_prediction,Warning,50
74,139,27,41.194244,14.194244384765623,14.194244384765623,over_prediction,Warning,50
74,140,26,26.876993,0.8769931793212891,0.8769931793212891,over_prediction,Warning,50
74,141,25,24.233484,-0.7665157318115234,0.7665157318115234,under_prediction,Warning,50
74,142,24,20.821285,-3.1787147521972656,3.1787147521972656,under_prediction,Warning,50
74,143,23,15.016997,-7.983002662658691,7.983002662658691,under_prediction,Critical,100
74,144,22,13.818862,-8.181138038635254,8.181138038635254,under_prediction,Critical,100
74,145,21,18.917921,-2.0820789337158203,2.0820789337158203,under_prediction,Critical,100
74,146,20,20.496994,0.4969940185546875,0.4969940185546875,over_prediction,Warning,50
74,147,19,35.673996,16.673995971679688,16.673995971679688,over_prediction,Warning,50
74,148,18,31.600828,13.600828170776367,13.600828170776367,over_prediction,Warning,50
74,149,17,23.534712,6.534711837768555,6.534711837768555,over_prediction,Warning,50
74,150,16,20.555307,4.555307388305664,4.555307388305664,over_prediction,Warning,50
74,151,15,13.461171,-1.5388288497924805,1.5388288497924805,under_prediction,Critical,100
74,152,14,17.746935,3.7469348907470703,3.7469348907470703,over_prediction,Critical,100
74,153,13,14.531571,1.531571388244629,1.531571388244629,over_prediction,Critical,100
74,154,12,15.759302,3.7593021392822266,3.7593021392822266,over_prediction,Critical,100
74,155,11,14.211692,3.2116918563842773,3.2116918563842773,over_prediction,Critical,100
74,156,10,3.061778,-6.93822193145752,6.93822193145752,under_prediction,Critical,100
74,157,9,5.384819,-3.615180969238281,3.615180969238281,under_prediction,Critical,100
74,158,8,6.1626973,-1.8373026847839355,1.8373026847839355,under_prediction,Critical,100
74,159,7,1.9070709,-5.092929124832153,5.092929124832153,under_prediction,Critical,100
74,160,6,-1.1883512,-7.188351154327393,7.188351154327393,under_prediction,Critical,100
74,161,5,-1.2344556,-6.234455585479736,6.234455585479736,under_prediction,Critical,100
74,162,4,-2.5312483,-6.531248331069946,6.531248331069946,under_prediction,Critical,100
74,163,3,-2.7413356,-5.74133563041687,5.74133563041687,under_prediction,Critical,100
74,164,2,-4.3309803,-6.33098030090332,6.33098030090332,under_prediction,Critical,100
74,165,1,-4.2269125,-5.226912498474121,5.226912498474121,under_prediction,Critical,100
74,166,0,-3.0791264,-3.0791263580322266,3.0791263580322266,under_prediction,Critical,100
77,1,153,189.94614,36.946136474609375,36.946136474609375,over_prediction,Normal,0
77,2,152,151.88011,-0.1198883056640625,0.1198883056640625,under_prediction,Normal,0
77,3,151,182.90036,31.900360107421875,31.900360107421875,over_prediction,Normal,0
77,4,150,202.94647,52.94647216796875,52.94647216796875,over_prediction,Normal,0
77,5,149,202.01044,53.01043701171875,53.01043701171875,over_prediction,Normal,0
77,6,148,191.43051,43.430511474609375,43.430511474609375,over_prediction,Normal,0
77,7,147,199.19138,52.19137573242188,52.19137573242188,over_prediction,Normal,0
77,8,146,190.825,44.82499694824219,44.82499694824219,over_prediction,Normal,0
77,9,145,168.75269,23.752685546875,23.752685546875,over_prediction,Normal,0
77,10,144,159.9189,15.918899536132812,15.918899536132812,over_prediction,Normal,0
77,11,143,172.3482,29.34820556640625,29.34820556640625,over_prediction,Normal,0
77,12,142,157.47855,15.478546142578123,15.478546142578123,over_prediction,Normal,0
77,13,141,180.34386,39.34385681152344,39.34385681152344,over_prediction,Normal,0
77,14,140,179.61752,39.617523193359375,39.617523193359375,over_prediction,Normal,0
77,15,139,177.90346,38.90345764160156,38.90345764160156,over_prediction,Normal,0
77,16,138,183.84421,45.84420776367188,45.84420776367188,over_prediction,Normal,0
77,17,137,158.50119,21.501190185546875,21.501190185546875,over_prediction,Normal,0
77,18,136,174.86021,38.86021423339844,38.86021423339844,over_prediction,Normal,0
77,19,135,164.76569,29.76568603515625,29.76568603515625,over_prediction,Normal,0
77,20,134,162.4925,28.49249267578125,28.49249267578125,over_prediction,Normal,0
77,21,133,161.83464,28.834640502929688,28.834640502929688,over_prediction,Normal,0
77,22,132,163.9729,31.972900390625,31.972900390625,over_prediction,Normal,0
77,23,131,146.81734,15.817337036132812,15.817337036132812,over_prediction,Normal,0
77,24,130,143.15176,13.151763916015623,13.151763916015623,over_prediction,Normal,0
77,25,129,133.54778,4.547775268554688,4.547775268554688,over_prediction,Normal,0
77,26,128,127.64948,-0.3505172729492187,0.3505172729492187,under_prediction,Normal,0
77,27,127,127.45151,0.451507568359375,0.451507568359375,over_prediction,Normal,0
77,28,126,115.85069,-10.149307250976562,10.149307250976562,under_prediction,Normal,0
77,29,125,118.41057,-6.5894317626953125,6.5894317626953125,under_prediction,Normal,0
77,30,124,116.56827,-7.431732177734375,7.431732177734375,under_prediction,Normal,0
77,31,123,138.76784,15.767837524414062,15.767837524414062,over_prediction,Normal,0
77,32,122,135.15326,13.15325927734375,13.15325927734375,over_prediction,Normal,0
77,33,121,123.46474,2.4647369384765625,2.4647369384765625,over_prediction,Normal,0
77,34,120,118.84267,-1.1573333740234375,1.1573333740234375,under_prediction,Normal,0
77,35,119,112.93311,-6.066886901855469,6.066886901855469,under_prediction,Normal,0
77,36,118,98.72105,-19.278953552246094,19.278953552246094,under_prediction,Normal,0
77,37,117,115.85261,-1.1473922729492188,1.1473922729492188,under_prediction,Normal,0
77,38,116,104.98644,-11.013557434082031,11.013557434082031,under_prediction,Normal,0
77,39,115,117.43237,2.432373046875,2.432373046875,over_prediction,Normal,0
77,40,114,126.69689,12.696891784667969,12.696891784667969,over_prediction,Normal,0
77,41,113,121.53081,8.530807495117188,8.530807495117188,over_prediction,Normal,0
77,42,112,150.04178,38.041778564453125,38.041778564453125,over_prediction,Normal,0
77,43,111,152.17567,41.17567443847656,41.17567443847656,over_prediction,Normal,0
77,44,110,165.20833,55.20832824707031,55.20832824707031,over_prediction,Normal,0
77,45,109,176.02393,67.02392578125,67.02392578125,over_prediction,Normal,0
77,46,108,170.69432,62.69432067871094,62.69432067871094,over_prediction,Normal,0
77,47,107,166.61533,59.615325927734375,59.615325927734375,over_prediction,Normal,0
77,48,106,154.93823,48.938232421875,48.938232421875,over_prediction,Normal,0
77,49,105,152.18396,47.1839599609375,47.1839599609375,over_prediction,Normal,0
77,50,104,151.51561,47.51560974121094,47.51560974121094,over_prediction,Normal,0
77,51,103,164.06758,61.06758117675781,61.06758117675781,over_prediction,Normal,0
77,52,102,149.1857,47.18569946289063,47.18569946289063,over_prediction,Normal,0
77,53,101,160.85269,59.85269165039063,59.85269165039063,over_prediction,Normal,0
77,54,100,167.23367,67.23367309570312,67.23367309570312,over_prediction,Normal,0
77,55,99,165.18529,66.18528747558594,66.18528747558594,over_prediction,Normal,0
77,56,98,158.02107,60.02107238769531,60.02107238769531,over_prediction,Normal,0
77,57,97,150.78003,53.780029296875,53.780029296875,over_prediction,Normal,0
77,58,96,137.67982,41.67982482910156,41.67982482910156,over_prediction,Normal,0
77,59,95,140.81686,45.81686401367188,45.81686401367188,over_prediction,Normal,0
77,60,94,139.5005,45.50050354003906,45.50050354003906,over_prediction,Normal,0
77,61,93,125.44836,32.44835662841797,32.44835662841797,over_prediction,Normal,0
77,62,92,135.21506,43.21505737304688,43.21505737304688,over_prediction,Normal,0
77,63,91,133.10864,42.108642578125,42.108642578125,over_prediction,Normal,0
77,64,90,120.15397,30.15396881103516,30.15396881103516,over_prediction,Normal,0
77,65,89,134.38258,45.38258361816406,45.38258361816406,over_prediction,Normal,0
77,66,88,126.598145,38.59814453125,38.59814453125,over_prediction,Normal,0
77,67,87,123.03379,36.033790588378906,36.033790588378906,over_prediction,Normal,0
77,68,86,113.24292,27.242919921875,27.242919921875,over_prediction,Normal,0
77,69,85,111.73819,26.738189697265625,26.738189697265625,over_prediction,Normal,0
77,70,84,124.590416,40.59041595458984,40.59041595458984,over_prediction,Normal,0
77,71,83,135.00504,52.00503540039063,52.00503540039063,over_prediction,Normal,0
77,72,82,126.55064,44.55063629150391,44.55063629150391,over_prediction,Normal,0
77,73,81,131.15747,50.157470703125,50.157470703125,over_prediction,Normal,0
77,74,80,141.01306,61.0130615234375,61.0130615234375,over_prediction,Normal,0
77,75,79,123.55296,44.55296325683594,44.55296325683594,over_prediction,Normal,0
77,76,78,135.28407,57.28407287597656,57.28407287597656,over_prediction,Normal,0
77,77,77,140.26591,63.26591491699219,63.26591491699219,over_prediction,Normal,0
77,78,76,121.064095,45.06409454345703,45.06409454345703,over_prediction,Normal,0
77,79,75,133.35193,58.3519287109375,58.3519287109375,over_prediction,Normal,0
77,80,74,118.42322,44.4232177734375,44.4232177734375,over_prediction,Normal,0
77,81,73,111.63327,38.63327026367188,38.63327026367188,over_prediction,Normal,0
77,82,72,103.734726,31.73472595214844,31.73472595214844,over_prediction,Normal,0
77,83,71,105.85014,34.85014343261719,34.85014343261719,over_prediction,Normal,0
77,84,70,113.578674,43.57867431640625,43.57867431640625,over_prediction,Normal,0
77,85,69,123.305885,54.305885314941406,54.305885314941406,over_prediction,Normal,0
77,86,68,118.966324,50.96632385253906,50.96632385253906,over_prediction,Normal,0
77,87,67,109.59768,42.5976791381836,42.5976791381836,over_prediction,Normal,0
77,88,66,110.79732,44.79731750488281,44.79731750488281,over_prediction,Normal,0
77,89,65,113.21856,48.21855926513672,48.21855926513672,over_prediction,Normal,0
77,90,64,119.3722,55.37220001220703,55.37220001220703,over_prediction,Normal,0
77,91,63,107.60438,44.60437774658203,44.60437774658203,over_prediction,Normal,0
77,92,62,115.491486,53.491485595703125,53.491485595703125,over_prediction,Normal,0
77,93,61,103.56534,42.565338134765625,42.565338134765625,over_prediction,Normal,0
77,94,60,96.92148,36.921478271484375,36.921478271484375,over_prediction,Normal,0
77,95,59,97.4963,38.49629974365234,38.49629974365234,over_prediction,Normal,0
77,96,58,73.74744,15.7474365234375,15.7474365234375,over_prediction,Normal,0
77,97,57,70.117096,13.117095947265623,13.117095947265623,over_prediction,Normal,0
77,98,56,77.264175,21.264175415039062,21.264175415039062,over_prediction,Normal,0
77,99,55,73.42795,18.427947998046875,18.427947998046875,over_prediction,Normal,0
77,100,54,62.24932,8.249320983886719,8.249320983886719,over_prediction,Normal,0
77,101,53,51.100643,-1.899356842041016,1.899356842041016,under_prediction,Normal,0
77,102,52,70.18158,18.18157958984375,18.18157958984375,over_prediction,Normal,0
77,103,51,55.960255,4.960254669189453,4.960254669189453,over_prediction,Normal,0
77,104,50,67.44386,17.443862915039062,17.443862915039062,over_prediction,Normal,0
77,105,49,67.54172,18.541717529296875,18.541717529296875,over_prediction,Normal,0
77,106,48,80.59077,32.59076690673828,32.59076690673828,over_prediction,Normal,0
77,107,47,69.863884,22.86388397216797,22.86388397216797,over_prediction,Normal,0
77,108,46,77.81696,31.81696319580078,31.81696319580078,over_prediction,Normal,0
77,109,45,68.53993,23.53993225097656,23.53993225097656,over_prediction,Normal,0
77,110,44,64.42007,20.420066833496094,20.420066833496094,over_prediction,Normal,0
77,111,43,66.21765,23.2176513671875,23.2176513671875,over_prediction,Normal,0
77,112,42,78.68483,36.68482971191406,36.68482971191406,over_prediction,Normal,0
77,113,41,58.01397,17.01396942138672,17.01396942138672,over_prediction,Normal,0
77,114,40,64.63391,24.6339111328125,24.6339111328125,over_prediction,Normal,0
77,115,39,63.204018,24.20401763916016,24.20401763916016,over_prediction,Normal,0
77,116,38,65.16768,27.16767883300781,27.16767883300781,over_prediction,Normal,0
77,117,37,64.09718,27.097183227539062,27.097183227539062,over_prediction,Normal,0
77,118,36,56.934853,20.934852600097656,20.934852600097656,over_prediction,Normal,0
77,119,35,56.06463,21.06462860107422,21.06462860107422,over_prediction,Normal,0
77,120,34,61.28194,27.28194046020508,27.28194046020508,over_prediction,Normal,0
77,121,33,57.38534,24.38534164428711,24.38534164428711,over_prediction,Normal,0
77,122,32,56.206055,24.2060546875,24.2060546875,over_prediction,Normal,0
77,123,31,49.604668,18.60466766357422,18.60466766357422,over_prediction,Warning,50
77,124,30,42.202396,12.202396392822266,12.202396392822266,over_prediction,Warning,50
77,125,29,35.240562,6.240562438964844,6.240562438964844,over_prediction,Warning,50
77,126,28,35.23848,7.238479614257812,7.238479614257812,over_prediction,Warning,50
77,127,27,35.671978,8.671977996826172,8.671977996826172,over_prediction,Warning,50
77,128,26,36.340946,10.340946197509766,10.340946197509766,over_prediction,Warning,50
77,129,25,37.6288,12.628799438476562,12.628799438476562,over_prediction,Warning,50
77,130,24,35.87158,11.871578216552734,11.871578216552734,over_prediction,Warning,50
77,131,23,44.60104,21.60103988647461,21.60103988647461,over_prediction,Warning,50
77,132,22,29.066341,7.066341400146484,7.066341400146484,over_prediction,Warning,50
77,133,21,34.934677,13.934677124023438,13.934677124023438,over_prediction,Warning,50
77,134,20,29.336948,9.33694839477539,9.33694839477539,over_prediction,Warning,50
77,135,19,31.957321,12.957321166992188,12.957321166992188,over_prediction,Warning,50
77,136,18,30.325485,12.325485229492188,12.325485229492188,over_prediction,Warning,50
77,137,17,25.170918,8.170917510986328,8.170917510986328,over_prediction,Warning,50
77,138,16,26.656744,10.656744003295898,10.656744003295898,over_prediction,Warning,50
77,139,15,31.47076,16.470760345458984,16.470760345458984,over_prediction,Warning,50
77,140,14,24.666313,10.66631317138672,10.66631317138672,over_prediction,Warning,50
77,141,13,20.839094,7.839094161987305,7.839094161987305,over_prediction,Warning,50
77,142,12,20.586386,8.586385726928711,8.586385726928711,over_prediction,Warning,50
77,143,11,21.967943,10.96794319152832,10.96794319152832,over_prediction,Warning,50
77,144,10,25.043518,15.04351806640625,15.04351806640625,over_prediction,Warning,50
77,145,9,19.361834,10.361833572387695,10.361833572387695,over_prediction,Critical,100
77,146,8,13.645578,5.645578384399414,5.645578384399414,over_prediction,Critical,100
77,147,7,12.664174,5.66417407989502,5.66417407989502,over_prediction,Critical,100
77,148,6,9.677852,3.677851676940918,3.677851676940918,over_prediction,Critical,100
77,149,5,10.254564,5.25456428527832,5.25456428527832,over_prediction,Critical,100
77,150,4,5.0686736,1.068673610687256,1.068673610687256,over_prediction,Critical,100
77,151,3,3.1780987,0.1780986785888672,0.1780986785888672,over_prediction,Critical,100
77,152,2,0.36171556,-1.63828444480896,1.63828444480896,under_prediction,Critical,100
77,153,1,0.3740102,-0.6259897947311401,0.6259897947311401,under_prediction,Critical,100
77,154,0,1.4801311,1.4801311492919922,1.4801311492919922,over_prediction,Critical,100
78,1,230,204.88033,-25.119674682617188,25.119674682617188,under_prediction,Normal,0
78,2,229,251.07126,22.071258544921875,22.071258544921875,over_prediction,Normal,0
78,3,228,242.75584,14.755844116210938,14.755844116210938,over_prediction,Normal,0
78,4,227,244.51326,17.513259887695312,17.513259887695312,over_prediction,Normal,0
78,5,226,235.08397,9.083969116210938,9.083969116210938,over_prediction,Normal,0
78,6,225,237.38707,12.387069702148438,12.387069702148438,over_prediction,Normal,0
78,7,224,235.5537,11.553695678710938,11.553695678710938,over_prediction,Normal,0
78,8,223,219.98853,-3.011474609375,3.011474609375,under_prediction,Normal,0
78,9,222,239.28365,17.283645629882812,17.283645629882812,over_prediction,Normal,0
78,10,221,240.02159,19.02159118652344,19.02159118652344,over_prediction,Normal,0
78,11,220,231.49199,11.491989135742188,11.491989135742188,over_prediction,Normal,0
78,12,219,243.38339,24.38339233398437,24.38339233398437,over_prediction,Normal,0
78,13,218,246.28818,28.28817749023437,28.28817749023437,over_prediction,Normal,0
78,14,217,238.15569,21.155685424804688,21.155685424804688,over_prediction,Normal,0
78,15,216,238.55681,22.556808471679688,22.556808471679688,over_prediction,Normal,0
78,16,215,212.65141,-2.3485870361328125,2.3485870361328125,under_prediction,Normal,0
78,17,214,216.80325,2.803253173828125,2.803253173828125,over_prediction,Normal,0
78,18,213,223.67813,10.678131103515623,10.678131103515623,over_prediction,Normal,0
78,19,212,209.06844,-2.9315643310546875,2.9315643310546875,under_prediction,Normal,0
78,20,211,216.01033,5.0103302001953125,5.0103302001953125,over_prediction,Normal,0
78,21,210,212.92632,2.9263153076171875,2.9263153076171875,over_prediction,Normal,0
78,22,209,213.28058,4.28057861328125,4.28057861328125,over_prediction,Normal,0
78,23,208,208.53555,0.535552978515625,0.535552978515625,over_prediction,Normal,0
78,24,207,207.92586,0.9258575439453124,0.9258575439453124,over_prediction,Normal,0
78,25,206,203.16689,-2.833114624023437,2.833114624023437,under_prediction,Normal,0
78,26,205,224.22342,19.223419189453125,19.223419189453125,over_prediction,Normal,0
78,27,204,223.6697,19.669692993164062,19.669692993164062,over_prediction,Normal,0
78,28,203,209.13611,6.1361083984375,6.1361083984375,over_prediction,Normal,0
78,29,202,216.8902,14.89019775390625,14.89019775390625,over_prediction,Normal,0
78,30,201,225.53752,24.537521362304688,24.537521362304688,over_prediction,Normal,0
78,31,200,214.24588,14.245880126953123,14.245880126953123,over_prediction,Normal,0
78,32,199,208.6444,9.644393920898438,9.644393920898438,over_prediction,Normal,0
78,33,198,202.10849,4.108489990234375,4.108489990234375,over_prediction,Normal,0
78,34,197,215.04947,18.049468994140625,18.049468994140625,over_prediction,Normal,0
78,35,196,214.48611,18.486114501953125,18.486114501953125,over_prediction,Normal,0
78,36,195,236.26933,41.26933288574219,41.26933288574219,over_prediction,Normal,0
78,37,194,234.16124,40.16123962402344,40.16123962402344,over_prediction,Normal,0
78,38,193,220.53674,27.5367431640625,27.5367431640625,over_prediction,Normal,0
78,39,192,217.5974,25.597396850585938,25.597396850585938,over_prediction,Normal,0
78,40,191,210.78616,19.786163330078125,19.786163330078125,over_prediction,Normal,0
78,41,190,207.09277,17.0927734375,17.0927734375,over_prediction,Normal,0
78,42,189,195.9732,6.97320556640625,6.97320556640625,over_prediction,Normal,0
78,43,188,203.01102,15.011016845703123,15.011016845703123,over_prediction,Normal,0
78,44,187,191.94104,4.9410400390625,4.9410400390625,over_prediction,Normal,0
78,45,186,188.16518,2.1651763916015625,2.1651763916015625,over_prediction,Normal,0
78,46,185,203.74734,18.747344970703125,18.747344970703125,over_prediction,Normal,0
78,47,184,192.72485,8.724853515625,8.724853515625,over_prediction,Normal,0
78,48,183,188.64682,5.646820068359375,5.646820068359375,over_prediction,Normal,0
78,49,182,175.87401,-6.125991821289063,6.125991821289063,under_prediction,Normal,0
78,50,181,184.19746,3.1974639892578125,3.1974639892578125,over_prediction,Normal,0
78,51,180,183.4054,3.4053955078125,3.4053955078125,over_prediction,Normal,0
78,52,179,175.52486,-3.4751434326171875,3.4751434326171875,under_prediction,Normal,0
78,53,178,175.06105,-2.938949584960937,2.938949584960937,under_prediction,Normal,0
78,54,177,172.57957,-4.420425415039063,4.420425415039063,under_prediction,Normal,0
78,55,176,179.79742,3.79742431640625,3.79742431640625,over_prediction,Normal,0
78,56,175,175.71709,0.7170867919921875,0.7170867919921875,over_prediction,Normal,0
78,57,174,176.01933,2.0193328857421875,2.0193328857421875,over_prediction,Normal,0
78,58,173,178.77597,5.775970458984375,5.775970458984375,over_prediction,Normal,0
78,59,172,165.66937,-6.33062744140625,6.33062744140625,under_prediction,Normal,0
78,60,171,170.2876,-0.71240234375,0.71240234375,under_prediction,Normal,0
78,61,170,167.88115,-2.1188507080078125,2.1188507080078125,under_prediction,Normal,0
78,62,169,170.86827,1.8682708740234373,1.8682708740234373,over_prediction,Normal,0
78,63,168,169.76634,1.7663421630859375,1.7663421630859375,over_prediction,Normal,0
78,64,167,171.13718,4.137176513671875,4.137176513671875,over_prediction,Normal,0
78,65,166,176.9149,10.914901733398438,10.914901733398438,over_prediction,Normal,0
78,66,165,171.12561,6.1256103515625,6.1256103515625,over_prediction,Normal,0
78,67,164,173.34004,9.340042114257812,9.340042114257812,over_prediction,Normal,0
78,68,163,164.53394,1.533935546875,1.533935546875,over_prediction,Normal,0
78,69,162,170.86026,8.860260009765625,8.860260009765625,over_prediction,Normal,0
78,70,161,159.83078,-1.169219970703125,1.169219970703125,under_prediction,Normal,0
78,71,160,167.1176,7.117599487304688,7.117599487304688,over_prediction,Normal,0
78,72,159,180.32875,21.32875061035156,21.32875061035156,over_prediction,Normal,0
78,73,158,202.10893,44.10893249511719,44.10893249511719,over_prediction,Normal,0
78,74,157,187.81406,30.81405639648437,30.81405639648437,over_prediction,Normal,0
78,75,156,172.20833,16.208328247070312,16.208328247070312,over_prediction,Normal,0
78,76,155,179.35371,24.35371398925781,24.35371398925781,over_prediction,Normal,0
78,77,154,167.95964,13.959640502929688,13.959640502929688,over_prediction,Normal,0
78,78,153,174.19997,21.199966430664062,21.199966430664062,over_prediction,Normal,0
78,79,152,184.08488,32.08488464355469,32.08488464355469,over_prediction,Normal,0
78,80,151,190.41406,39.4140625,39.4140625,over_prediction,Normal,0
78,81,150,178.33176,28.331756591796875,28.331756591796875,over_prediction,Normal,0
78,82,149,179.33252,30.33251953125,30.33251953125,over_prediction,Normal,0
78,83,148,177.13275,29.13275146484375,29.13275146484375,over_prediction,Normal,0
78,84,147,171.20601,24.20600891113281,24.20600891113281,over_prediction,Normal,0
78,85,146,163.46294,17.462936401367188,17.462936401367188,over_prediction,Normal,0
78,86,145,151.75627,6.756271362304688,6.756271362304688,over_prediction,Normal,0
78,87,144,148.2866,4.2866058349609375,4.2866058349609375,over_prediction,Normal,0
78,88,143,149.28615,6.286148071289063,6.286148071289063,over_prediction,Normal,0
78,89,142,149.15068,7.150680541992188,7.150680541992188,over_prediction,Normal,0
78,90,141,139.27905,-1.720947265625,1.720947265625,under_prediction,Normal,0
78,91,140,135.41765,-4.5823516845703125,4.5823516845703125,under_prediction,Normal,0
78,92,139,124.02079,-14.979209899902344,14.979209899902344,under_prediction,Normal,0
78,93,138,131.86902,-6.1309814453125,6.1309814453125,under_prediction,Normal,0
78,94,137,137.38254,0.382537841796875,0.382537841796875,over_prediction,Normal,0
78,95,136,144.1298,8.129806518554688,8.129806518554688,over_prediction,Normal,0
78,96,135,147.84294,12.842941284179688,12.842941284179688,over_prediction,Normal,0
78,97,134,139.02512,5.025115966796875,5.025115966796875,over_prediction,Normal,0
78,98,133,142.26573,9.265731811523438,9.265731811523438,over_prediction,Normal,0
78,99,132,126.685165,-5.3148345947265625,5.3148345947265625,under_prediction,Normal,0
78,100,131,122.58586,-8.414138793945312,8.414138793945312,under_prediction,Normal,0
78,101,130,141.54382,11.5438232421875,11.5438232421875,over_prediction,Normal,0
78,102,129,130.5717,1.5717010498046875,1.5717010498046875,over_prediction,Normal,0
78,103,128,138.74883,10.748825073242188,10.748825073242188,over_prediction,Normal,0
78,104,127,126.46301,-0.5369873046875,0.5369873046875,under_prediction,Normal,0
78,105,126,125.038185,-0.9618148803710938,0.9618148803710938,under_prediction,Normal,0
78,106,125,127.66239,2.662391662597656,2.662391662597656,over_prediction,Normal,0
78,107,124,138.90842,14.908416748046877,14.908416748046877,over_prediction,Normal,0
78,108,123,136.72473,13.7247314453125,13.7247314453125,over_prediction,Normal,0
78,109,122,146.12857,24.128570556640625,24.128570556640625,over_prediction,Normal,0
78,110,121,124.44892,3.448921203613281,3.448921203613281,over_prediction,Normal,0
78,111,120,129.65237,9.652374267578123,9.652374267578123,over_prediction,Normal,0
78,112,119,133.07162,14.071624755859377,14.071624755859377,over_prediction,Normal,0
78,113,118,133.5211,15.521102905273438,15.521102905273438,over_prediction,Normal,0
78,114,117,125.40337,8.403373718261719,8.403373718261719,over_prediction,Normal,0
78,115,116,128.39807,12.3980712890625,12.3980712890625,over_prediction,Normal,0
78,116,115,125.85224,10.85224151611328,10.85224151611328,over_prediction,Normal,0
78,117,114,128.3583,14.358306884765623,14.358306884765623,over_prediction,Normal,0
78,118,113,113.72534,0.725341796875,0.725341796875,over_prediction,Normal,0
78,119,112,112.92428,0.9242782592773438,0.9242782592773438,over_prediction,Normal,0
78,120,111,124.035416,13.035415649414062,13.035415649414062,over_prediction,Normal,0
78,121,110,106.76611,-3.23388671875,3.23388671875,under_prediction,Normal,0
78,122,109,105.0833,-3.916702270507813,3.916702270507813,under_prediction,Normal,0
78,123,108,98.2205,-9.779502868652344,9.779502868652344,under_prediction,Normal,0
78,124,107,107.522804,0.5228042602539062,0.5228042602539062,over_prediction,Normal,0
78,125,106,96.75058,-9.249420166015623,9.249420166015623,under_prediction,Normal,0
78,126,105,93.77898,-11.221023559570312,11.221023559570312,under_prediction,Normal,0
78,127,104,105.21994,1.219940185546875,1.219940185546875,over_prediction,Normal,0
78,128,103,120.45696,17.45696258544922,17.45696258544922,over_prediction,Normal,0
78,129,102,113.43537,11.43537139892578,11.43537139892578,over_prediction,Normal,0
78,130,101,87.02726,-13.972740173339844,13.972740173339844,under_prediction,Normal,0
78,131,100,89.211044,-10.788955688476562,10.788955688476562,under_prediction,Normal,0
78,132,99,101.12484,2.124839782714844,2.124839782714844,over_prediction,Normal,0
78,133,98,100.595184,2.595184326171875,2.595184326171875,over_prediction,Normal,0
78,134,97,104.34166,7.341659545898437,7.341659545898437,over_prediction,Normal,0
78,135,96,111.46251,15.462509155273438,15.462509155273438,over_prediction,Normal,0
78,136,95,112.36121,17.36121368408203,17.36121368408203,over_prediction,Normal,0
78,137,94,105.24016,11.240158081054688,11.240158081054688,over_prediction,Normal,0
78,138,93,108.53718,15.53717803955078,15.53717803955078,over_prediction,Normal,0
78,139,92,116.82434,24.8243408203125,24.8243408203125,over_prediction,Normal,0
78,140,91,110.50784,19.507843017578125,19.507843017578125,over_prediction,Normal,0
78,141,90,104.86959,14.869590759277344,14.869590759277344,over_prediction,Normal,0
78,142,89,111.24316,22.24315643310547,22.24315643310547,over_prediction,Normal,0
78,143,88,107.845695,19.84569549560547,19.84569549560547,over_prediction,Normal,0
78,144,87,101.27606,14.27606201171875,14.27606201171875,over_prediction,Normal,0
78,145,86,108.125984,22.12598419189453,22.12598419189453,over_prediction,Normal,0
78,146,85,111.62734,26.627342224121094,26.627342224121094,over_prediction,Normal,0
78,147,84,117.57624,33.57624053955078,33.57624053955078,over_prediction,Normal,0
78,148,83,103.02978,20.02977752685547,20.02977752685547,over_prediction,Normal,0
78,149,82,118.5535,36.553497314453125,36.553497314453125,over_prediction,Normal,0
78,150,81,117.54741,36.54740905761719,36.54740905761719,over_prediction,Normal,0
78,151,80,115.52987,35.529869079589844,35.529869079589844,over_prediction,Normal,0
78,152,79,125.938805,46.93880462646485,46.93880462646485,over_prediction,Normal,0
78,153,78,129.63882,51.63882446289063,51.63882446289063,over_prediction,Normal,0
78,154,77,148.40138,71.40138244628906,71.40138244628906,over_prediction,Normal,0
78,155,76,124.15976,48.159759521484375,48.159759521484375,over_prediction,Normal,0
78,156,75,132.43407,57.43406677246094,57.43406677246094,over_prediction,Normal,0
78,157,74,143.78284,69.7828369140625,69.7828369140625,over_prediction,Normal,0
78,158,73,144.58394,71.58393859863281,71.58393859863281,over_prediction,Normal,0
78,159,72,128.83286,56.832855224609375,56.832855224609375,over_prediction,Normal,0
78,160,71,103.314354,32.314353942871094,32.314353942871094,over_prediction,Normal,0
78,161,70,96.45053,26.45053100585937,26.45053100585937,over_prediction,Normal,0
78,162,69,118.27927,49.27926635742188,49.27926635742188,over_prediction,Normal,0
78,163,68,105.5484,37.54840087890625,37.54840087890625,over_prediction,Normal,0
78,164,67,105.484566,38.48456573486328,38.48456573486328,over_prediction,Normal,0
78,165,66,99.237076,33.23707580566406,33.23707580566406,over_prediction,Normal,0
78,166,65,99.78944,34.78943634033203,34.78943634033203,over_prediction,Normal,0
78,167,64,97.51271,33.51271057128906,33.51271057128906,over_prediction,Normal,0
78,168,63,85.39002,22.39002227783203,22.39002227783203,over_prediction,Normal,0
78,169,62,89.32303,27.323028564453125,27.323028564453125,over_prediction,Normal,0
78,170,61,92.73586,31.735862731933597,31.735862731933597,over_prediction,Normal,0
78,171,60,93.81034,33.810340881347656,33.810340881347656,over_prediction,Normal,0
78,172,59,93.85434,34.854339599609375,34.854339599609375,over_prediction,Normal,0
78,173,58,91.92879,33.92878723144531,33.92878723144531,over_prediction,Normal,0
78,174,57,91.371284,34.37128448486328,34.37128448486328,over_prediction,Normal,0
78,175,56,89.38235,33.382347106933594,33.382347106933594,over_prediction,Normal,0
78,176,55,92.98633,37.986328125,37.986328125,over_prediction,Normal,0
78,177,54,95.17079,41.17079162597656,41.17079162597656,over_prediction,Normal,0
78,178,53,84.477036,31.477035522460938,31.477035522460938,over_prediction,Normal,0
78,179,52,102.77583,50.77583312988281,50.77583312988281,over_prediction,Normal,0
78,180,51,87.00228,36.002281188964844,36.002281188964844,over_prediction,Normal,0
78,181,50,73.022575,23.02257537841797,23.02257537841797,over_prediction,Normal,0
78,182,49,63.28671,14.28670883178711,14.28670883178711,over_prediction,Normal,0
78,183,48,65.53555,17.535552978515625,17.535552978515625,over_prediction,Normal,0
78,184,47,63.13705,16.13705062866211,16.13705062866211,over_prediction,Normal,0
78,185,46,68.310196,22.31019592285156,22.31019592285156,over_prediction,Normal,0
78,186,45,63.023823,18.023822784423828,18.023822784423828,over_prediction,Normal,0
78,187,44,56.946167,12.9461669921875,12.9461669921875,over_prediction,Normal,0
78,188,43,63.89051,20.89051055908203,20.89051055908203,over_prediction,Normal,0
78,189,42,64.25352,22.253517150878903,22.253517150878903,over_prediction,Normal,0
78,190,41,61.77565,20.775650024414062,20.775650024414062,over_prediction,Normal,0
78,191,40,50.385857,10.385856628417969,10.385856628417969,over_prediction,Normal,0
78,192,39,48.762657,9.762657165527344,9.762657165527344,over_prediction,Warning,50
78,193,38,56.55614,18.556140899658203,18.556140899658203,over_prediction,Normal,0
78,194,37,59.28253,22.28253173828125,22.28253173828125,over_prediction,Normal,0
78,195,36,64.66067,28.660667419433597,28.660667419433597,over_prediction,Normal,0
78,196,35,68.41559,33.41558837890625,33.41558837890625,over_prediction,Normal,0
78,197,34,58.466213,24.46621322631836,24.46621322631836,over_prediction,Normal,0
78,198,33,56.19993,23.199928283691406,23.199928283691406,over_prediction,Normal,0
78,199,32,54.381145,22.38114547729492,22.38114547729492,over_prediction,Normal,0
78,200,31,50.42824,19.428241729736328,19.428241729736328,over_prediction,Normal,0
78,201,30,48.029232,18.029232025146484,18.029232025146484,over_prediction,Warning,50
78,202,29,55.734962,26.734962463378903,26.734962463378903,over_prediction,Normal,0
78,203,28,51.29803,23.298030853271484,23.298030853271484,over_prediction,Normal,0
78,204,27,52.324287,25.32428741455078,25.32428741455078,over_prediction,Normal,0
78,205,26,53.680763,27.680763244628903,27.680763244628903,over_prediction,Normal,0
78,206,25,47.807762,22.807762145996094,22.807762145996094,over_prediction,Warning,50
78,207,24,40.465004,16.465003967285156,16.465003967285156,over_prediction,Warning,50
78,208,23,31.742062,8.742061614990234,8.742061614990234,over_prediction,Warning,50
78,209,22,30.07103,8.071029663085938,8.071029663085938,over_prediction,Warning,50
78,210,21,26.769041,5.769041061401367,5.769041061401367,over_prediction,Warning,50
78,211,20,25.116598,5.116598129272461,5.116598129272461,over_prediction,Warning,50
78,212,19,23.522388,4.522388458251953,4.522388458251953,over_prediction,Warning,50
78,213,18,20.092691,2.092691421508789,2.092691421508789,over_prediction,Warning,50
78,214,17,16.867765,-0.1322345733642578,0.1322345733642578,under_prediction,Critical,100
78,215,16,15.724488,-0.2755117416381836,0.2755117416381836,under_prediction,Critical,100
78,216,15,17.338596,2.3385963439941406,2.3385963439941406,over_prediction,Critical,100
78,217,14,16.911772,2.911771774291992,2.911771774291992,over_prediction,Critical,100
78,218,13,16.586441,3.5864410400390625,3.5864410400390625,over_prediction,Critical,100
78,219,12,12.2613535,0.2613534927368164,0.2613534927368164,over_prediction,Critical,100
78,220,11,11.509538,0.5095376968383789,0.5095376968383789,over_prediction,Critical,100
78,221,10,9.681822,-0.3181781768798828,0.3181781768798828,under_prediction,Critical,100
78,222,9,8.451589,-0.5484113693237305,0.5484113693237305,under_prediction,Critical,100
78,223,8,10.515687,2.5156869888305664,2.5156869888305664,over_prediction,Critical,100
78,224,7,9.117456,2.1174564361572266,2.1174564361572266,over_prediction,Critical,100
78,225,6,8.228094,2.2280941009521484,2.2280941009521484,over_prediction,Critical,100
78,226,5,10.699452,5.69945240020752,5.69945240020752,over_prediction,Critical,100
78,227,4,7.4687805,3.468780517578125,3.468780517578125,over_prediction,Critical,100
78,228,3,6.3509345,3.3509345054626465,3.3509345054626465,over_prediction,Critical,100
78,229,2,3.607191,1.6071910858154297,1.6071910858154297,over_prediction,Critical,100
78,230,1,0.35666344,-0.6433365643024445,0.6433365643024445,under_prediction,Critical,100
78,231,0,2.8696806,2.869680643081665,2.869680643081665,over_prediction,Critical,100
81,1,239,208.81786,-30.182144165039062,30.182144165039062,under_prediction,Normal,0
81,2,238,232.33632,-5.6636810302734375,5.6636810302734375,under_prediction,Normal,0
81,3,237,225.4347,-11.5653076171875,11.5653076171875,under_prediction,Normal,0
81,4,236,188.16576,-47.83424377441406,47.83424377441406,under_prediction,Normal,0
81,5,235,185.3907,-49.60929870605469,49.60929870605469,under_prediction,Normal,0
81,6,234,167.55981,-66.440185546875,66.440185546875,under_prediction,Normal,0
81,7,233,192.58598,-40.41401672363281,40.41401672363281,under_prediction,Normal,0
81,8,232,172.76517,-59.23483276367188,59.23483276367188,under_prediction,Normal,0
81,9,231,188.43636,-42.56364440917969,42.56364440917969,under_prediction,Normal,0
81,10,230,179.91438,-50.08561706542969,50.08561706542969,under_prediction,Normal,0
81,11,229,174.04138,-54.9586181640625,54.9586181640625,under_prediction,Normal,0
81,12,228,181.99925,-46.00074768066406,46.00074768066406,under_prediction,Normal,0
81,13,227,164.59001,-62.40998840332031,62.40998840332031,under_prediction,Normal,0
81,14,226,140.66934,-85.33065795898438,85.33065795898438,under_prediction,Normal,0
81,15,225,146.46797,-78.53202819824219,78.53202819824219,under_prediction,Normal,0
81,16,224,147.09494,-76.90505981445312,76.90505981445312,under_prediction,Normal,0
81,17,223,147.94576,-75.05424499511719,75.05424499511719,under_prediction,Normal,0
81,18,222,156.32214,-65.6778564453125,65.6778564453125,under_prediction,Normal,0
81,19,221,160.60382,-60.39617919921875,60.39617919921875,under_prediction,Normal,0
81,20,220,128.0745,-91.92550659179688,91.92550659179688,under_prediction,Normal,0
81,21,219,139.65802,-79.34197998046875,79.34197998046875,under_prediction,Normal,0
81,22,218,159.18088,-58.819122314453125,58.819122314453125,under_prediction,Normal,0
81,23,217,158.23048,-58.76951599121094,58.76951599121094,under_prediction,Normal,0
81,24,216,156.1803,-59.8197021484375,59.8197021484375,under_prediction,Normal,0
81,25,215,167.95787,-47.04212951660156,47.04212951660156,under_prediction,Normal,0
81,26,214,157.36682,-56.6331787109375,56.6331787109375,under_prediction,Normal,0
81,27,213,146.05937,-66.94062805175781,66.94062805175781,under_prediction,Normal,0
81,28,212,143.43687,-68.56312561035156,68.56312561035156,under_prediction,Normal,0
81,29,211,152.97177,-58.028228759765625,58.028228759765625,under_prediction,Normal,0
81,30,210,157.40137,-52.5986328125,52.5986328125,under_prediction,Normal,0
81,31,209,161.40486,-47.59513854980469,47.59513854980469,under_prediction,Normal,0
81,32,208,164.43881,-43.56118774414063,43.56118774414063,under_prediction,Normal,0
81,33,207,164.8127,-42.18730163574219,42.18730163574219,under_prediction,Normal,0
81,34,206,179.65997,-26.34002685546875,26.34002685546875,under_prediction,Normal,0
81,35,205,172.24,-32.75999450683594,32.75999450683594,under_prediction,Normal,0
81,36,204,163.31203,-40.68797302246094,40.68797302246094,under_prediction,Normal,0
81,37,203,154.04219,-48.95780944824219,48.95780944824219,under_prediction,Normal,0
81,38,202,143.82443,-58.175567626953125,58.175567626953125,under_prediction,Normal,0
81,39,201,148.58109,-52.41891479492188,52.41891479492188,under_prediction,Normal,0
81,40,200,151.30478,-48.695220947265625,48.695220947265625,under_prediction,Normal,0
81,41,199,155.40387,-43.59613037109375,43.59613037109375,under_prediction,Normal,0
81,42,198,150.39806,-47.60194396972656,47.60194396972656,under_prediction,Normal,0
81,43,197,145.71336,-51.28663635253906,51.28663635253906,under_prediction,Normal,0
81,44,196,138.10031,-57.899688720703125,57.899688720703125,under_prediction,Normal,0
81,45,195,163.21844,-31.78155517578125,31.78155517578125,under_prediction,Normal,0
81,46,194,142.96428,-51.03572082519531,51.03572082519531,under_prediction,Normal,0
81,47,193,147.30853,-45.69146728515625,45.69146728515625,under_prediction,Normal,0
81,48,192,157.853,-34.147003173828125,34.147003173828125,under_prediction,Normal,0
81,49,191,160.73315,-30.266845703125,30.266845703125,under_prediction,Normal,0
81,50,190,147.28596,-42.71403503417969,42.71403503417969,under_prediction,Normal,0
81,51,189,167.70325,-21.2967529296875,21.2967529296875,under_prediction,Normal,0
81,52,188,170.20308,-17.796920776367188,17.796920776367188,under_prediction,Normal,0
81,53,187,163.57596,-23.424041748046875,23.424041748046875,under_prediction,Normal,0
81,54,186,189.06583,3.065826416015625,3.065826416015625,over_prediction,Normal,0
81,55,185,165.18005,-19.8199462890625,19.8199462890625,under_prediction,Normal,0
81,56,184,171.99168,-12.008316040039062,12.008316040039062,under_prediction,Normal,0
81,57,183,164.64806,-18.35194396972656,18.35194396972656,under_prediction,Normal,0
81,58,182,150.38069,-31.619308471679688,31.619308471679688,under_prediction,Normal,0
81,59,181,172.12273,-8.877273559570312,8.877273559570312,under_prediction,Normal,0
81,60,180,152.19743,-27.802566528320312,27.802566528320312,under_prediction,Normal,0
81,61,179,179.56392,0.5639190673828125,0.5639190673828125,over_prediction,Normal,0
81,62,178,153.78265,-24.21734619140625,24.21734619140625,under_prediction,Normal,0
81,63,177,142.64938,-34.350616455078125,34.350616455078125,under_prediction,Normal,0
81,64,176,132.86737,-43.13262939453125,43.13262939453125,under_prediction,Normal,0
81,65,175,141.45584,-33.544158935546875,33.544158935546875,under_prediction,Normal,0
81,66,174,134.80249,-39.197509765625,39.197509765625,under_prediction,Normal,0
81,67,173,128.52939,-44.470611572265625,44.470611572265625,under_prediction,Normal,0
81,68,172,140.15634,-31.843658447265625,31.843658447265625,under_prediction,Normal,0
81,69,171,158.46461,-12.535385131835938,12.535385131835938,under_prediction,Normal,0
81,70,170,161.09189,-8.908111572265625,8.908111572265625,under_prediction,Normal,0
81,71,169,155.67583,-13.324172973632812,13.324172973632812,under_prediction,Normal,0
81,72,168,148.9746,-19.025405883789062,19.025405883789062,under_prediction,Normal,0
81,73,167,135.35934,-31.640655517578125,31.640655517578125,under_prediction,Normal,0
81,74,166,131.22331,-34.77668762207031,34.77668762207031,under_prediction,Normal,0
81,75,165,148.86719,-16.1328125,16.1328125,under_prediction,Normal,0
81,76,164,137.92952,-26.070480346679688,26.070480346679688,under_prediction,Normal,0
81,77,163,124.11227,-38.887733459472656,38.887733459472656,under_prediction,Normal,0
81,78,162,132.50879,-29.4912109375,29.4912109375,under_prediction,Normal,0
81,79,161,129.79463,-31.205368041992188,31.205368041992188,under_prediction,Normal,0
81,80,160,116.2108,-43.78919982910156,43.78919982910156,under_prediction,Normal,0
81,81,159,116.04403,-42.95597076416016,42.95597076416016,under_prediction,Normal,0
81,82,158,140.23056,-17.769439697265625,17.769439697265625,under_prediction,Normal,0
81,83,157,143.8291,-13.1708984375,13.1708984375,under_prediction,Normal,0
81,84,156,131.72125,-24.27874755859375,24.27874755859375,under_prediction,Normal,0
81,85,155,119.43219,-35.56781005859375,35.56781005859375,under_prediction,Normal,0
81,86,154,124.40713,-29.592872619628903,29.592872619628903,under_prediction,Normal,0
81,87,153,115.960915,-37.0390853881836,37.0390853881836,under_prediction,Normal,0
81,88,152,118.19608,-33.803916931152344,33.803916931152344,under_prediction,Normal,0
81,89,151,103.5456,-47.45439910888672,47.45439910888672,under_prediction,Normal,0
81,90,150,128.3261,-21.673904418945312,21.673904418945312,under_prediction,Normal,0
81,91,149,122.61954,-26.38046264648437,26.38046264648437,under_prediction,Normal,0
81,92,148,128.9994,-19.00059509277344,19.00059509277344,under_prediction,Normal,0
81,93,147,124.17753,-22.822471618652344,22.822471618652344,under_prediction,Normal,0
81,94,146,155.92703,9.927032470703123,9.927032470703123,over_prediction,Normal,0
81,95,145,121.08686,-23.91313934326172,23.91313934326172,under_prediction,Normal,0
81,96,144,105.092354,-38.90764617919922,38.90764617919922,under_prediction,Normal,0
81,97,143,130.72842,-12.271575927734377,12.271575927734377,under_prediction,Normal,0
81,98,142,107.50615,-34.49385070800781,34.49385070800781,under_prediction,Normal,0
81,99,141,114.28621,-26.713790893554688,26.713790893554688,under_prediction,Normal,0
81,100,140,95.41432,-44.58567810058594,44.58567810058594,under_prediction,Normal,0
81,101,139,99.60041,-39.39958953857422,39.39958953857422,under_prediction,Normal,0
81,102,138,124.21188,-13.788116455078123,13.788116455078123,under_prediction,Normal,0
81,103,137,93.129555,-43.87044525146485,43.87044525146485,under_prediction,Normal,0
81,104,136,97.29339,-38.70661163330078,38.70661163330078,under_prediction,Normal,0
81,105,135,101.07064,-33.92935943603516,33.92935943603516,under_prediction,Normal,0
81,106,134,102.13193,-31.868072509765625,31.868072509765625,under_prediction,Normal,0
81,107,133,93.950905,-39.049095153808594,39.049095153808594,under_prediction,Normal,0
81,108,132,95.850075,-36.1499252319336,36.1499252319336,under_prediction,Normal,0
81,109,131,100.69933,-30.30066680908203,30.30066680908203,under_prediction,Normal,0
81,110,130,97.69284,-32.307159423828125,32.307159423828125,under_prediction,Normal,0
81,111,129,101.4609,-27.539100646972656,27.539100646972656,under_prediction,Normal,0
81,112,128,106.62775,-21.37225341796875,21.37225341796875,under_prediction,Normal,0
81,113,127,97.28893,-29.71106719970703,29.71106719970703,under_prediction,Normal,0
81,114,126,92.52245,-33.47754669189453,33.47754669189453,under_prediction,Normal,0
81,115,125,90.76527,-34.23473358154297,34.23473358154297,under_prediction,Normal,0
81,116,124,112.68459,-11.315406799316406,11.315406799316406,under_prediction,Normal,0
81,117,123,100.93729,-22.062713623046875,22.062713623046875,under_prediction,Normal,0
81,118,122,120.47954,-1.5204620361328125,1.5204620361328125,under_prediction,Normal,0
81,119,121,109.36145,-11.6385498046875,11.6385498046875,under_prediction,Normal,0
81,120,120,112.725266,-7.274734497070312,7.274734497070312,under_prediction,Normal,0
81,121,119,127.060356,8.060356140136719,8.060356140136719,over_prediction,Normal,0
81,122,118,104.83029,-13.169708251953123,13.169708251953123,under_prediction,Normal,0
81,123,117,116.071,-0.9290008544921876,0.9290008544921876,under_prediction,Normal,0
81,124,116,109.87547,-6.124526977539063,6.124526977539063,under_prediction,Normal,0
81,125,115,108.49972,-6.500282287597656,6.500282287597656,under_prediction,Normal,0
81,126,114,117.89175,3.8917465209960938,3.8917465209960938,over_prediction,Normal,0
81,127,113,96.76315,-16.236846923828125,16.236846923828125,under_prediction,Normal,0
81,128,112,80.28996,-31.710037231445312,31.710037231445312,under_prediction,Normal,0
81,129,111,81.57686,-29.423141479492188,29.423141479492188,under_prediction,Normal,0
81,130,110,87.932,-22.06800079345703,22.06800079345703,under_prediction,Normal,0
81,131,109,80.641716,-28.35828399658203,28.35828399658203,under_prediction,Normal,0
81,132,108,72.89737,-35.102630615234375,35.102630615234375,under_prediction,Normal,0
81,133,107,75.69115,-31.308853149414062,31.308853149414062,under_prediction,Normal,0
81,134,106,80.70379,-25.29621124267578,25.29621124267578,under_prediction,Normal,0
81,135,105,88.478806,-16.521194458007812,16.521194458007812,under_prediction,Normal,0
81,136,104,77.08441,-26.91558837890625,26.91558837890625,under_prediction,Normal,0
81,137,103,76.95747,-26.042526245117188,26.042526245117188,under_prediction,Normal,0
81,138,102,90.76099,-11.239013671875,11.239013671875,under_prediction,Normal,0
81,139,101,105.02669,4.0266876220703125,4.0266876220703125,over_prediction,Normal,0
81,140,100,91.84954,-8.150459289550781,8.150459289550781,under_prediction,Normal,0
81,141,99,108.44442,9.444419860839844,9.444419860839844,over_prediction,Normal,0
81,142,98,109.136665,11.13666534423828,11.13666534423828,over_prediction,Normal,0
81,143,97,101.75354,4.7535400390625,4.7535400390625,over_prediction,Normal,0
81,144,96,81.33209,-14.66790771484375,14.66790771484375,under_prediction,Normal,0
81,145,95,80.71819,-14.28180694580078,14.28180694580078,under_prediction,Normal,0
81,146,94,75.94627,-18.053726196289062,18.053726196289062,under_prediction,Normal,0
81,147,93,88.52696,-4.4730377197265625,4.4730377197265625,under_prediction,Normal,0
81,148,92,81.51844,-10.481559753417969,10.481559753417969,under_prediction,Normal,0
81,149,91,96.58938,5.589378356933594,5.589378356933594,over_prediction,Normal,0
81,150,90,100.336075,10.336074829101562,10.336074829101562,over_prediction,Normal,0
81,151,89,89.65181,0.6518096923828125,0.6518096923828125,over_prediction,Normal,0
81,152,88,73.450005,-14.54999542236328,14.54999542236328,under_prediction,Normal,0
81,153,87,85.1233,-1.8767013549804688,1.8767013549804688,under_prediction,Normal,0
81,154,86,80.90476,-5.095237731933594,5.095237731933594,under_prediction,Normal,0
81,155,85,99.27071,14.270713806152344,14.270713806152344,over_prediction,Normal,0
81,156,84,115.15641,31.15641021728516,31.15641021728516,over_prediction,Normal,0
81,157,83,105.2149,22.21489715576172,22.21489715576172,over_prediction,Normal,0
81,158,82,85.70227,3.7022705078125,3.7022705078125,over_prediction,Normal,0
81,159,81,86.88623,5.88623046875,5.88623046875,over_prediction,Normal,0
81,160,80,100.49444,20.49443817138672,20.49443817138672,over_prediction,Normal,0
81,161,79,87.038124,8.038124084472656,8.038124084472656,over_prediction,Normal,0
81,162,78,87.97076,9.97075653076172,9.97075653076172,over_prediction,Normal,0
81,163,77,79.75819,2.7581863403320312,2.7581863403320312,over_prediction,Normal,0
81,164,76,81.48994,5.489936828613281,5.489936828613281,over_prediction,Normal,0
81,165,75,82.02973,7.029731750488281,7.029731750488281,over_prediction,Normal,0
81,166,74,91.71591,17.715911865234375,17.715911865234375,over_prediction,Normal,0
81,167,73,81.47649,8.476486206054688,8.476486206054688,over_prediction,Normal,0
81,168,72,74.27351,2.2735137939453125,2.2735137939453125,over_prediction,Normal,0
81,169,71,62.368946,-8.631053924560547,8.631053924560547,under_prediction,Normal,0
81,170,70,63.102974,-6.897026062011719,6.897026062011719,under_prediction,Normal,0
81,171,69,62.026817,-6.973182678222656,6.973182678222656,under_prediction,Normal,0
81,172,68,51.49953,-16.500469207763672,16.500469207763672,under_prediction,Normal,0
81,173,67,45.787014,-21.21298599243164,21.21298599243164,under_prediction,Warning,50
81,174,66,53.244617,-12.755382537841797,12.755382537841797,under_prediction,Normal,0
81,175,65,56.120983,-8.879016876220703,8.879016876220703,under_prediction,Normal,0
81,176,64,62.233936,-1.7660636901855469,1.7660636901855469,under_prediction,Normal,0
81,177,63,48.538033,-14.46196746826172,14.46196746826172,under_prediction,Warning,50
81,178,62,69.68517,7.685173034667969,7.685173034667969,over_prediction,Normal,0
81,179,61,58.115276,-2.884723663330078,2.884723663330078,under_prediction,Normal,0
81,180,60,54.282185,-5.717815399169922,5.717815399169922,under_prediction,Normal,0
81,181,59,51.949192,-7.050807952880859,7.050807952880859,under_prediction,Normal,0
81,182,58,54.34716,-3.6528396606445312,3.6528396606445312,under_prediction,Normal,0
81,183,57,62.407215,5.407215118408203,5.407215118408203,over_prediction,Normal,0
81,184,56,50.16291,-5.837089538574219,5.837089538574219,under_prediction,Normal,0
81,185,55,55.930805,0.930805206298828,0.930805206298828,over_prediction,Normal,0
81,186,54,52.2473,-1.7527008056640625,1.7527008056640625,under_prediction,Normal,0
81,187,53,54.04453,1.0445289611816406,1.0445289611816406,over_prediction,Normal,0
81,188,52,52.59484,0.5948410034179688,0.5948410034179688,over_prediction,Normal,0
81,189,51,47.285328,-3.714672088623047,3.714672088623047,under_prediction,Warning,50
81,190,50,44.164032,-5.835968017578125,5.835968017578125,under_prediction,Warning,50
81,191,49,40.405224,-8.594776153564453,8.594776153564453,under_prediction,Warning,50
81,192,48,38.58816,-9.41183853149414,9.41183853149414,under_prediction,Warning,50
81,193,47,38.809982,-8.190017700195312,8.190017700195312,under_prediction,Warning,50
81,194,46,35.46146,-10.53853988647461,10.53853988647461,under_prediction,Warning,50
81,195,45,41.162716,-3.8372840881347656,3.8372840881347656,under_prediction,Warning,50
81,196,44,35.769398,-8.230602264404297,8.230602264404297,under_prediction,Warning,50
81,197,43,33.773266,-9.226734161376951,9.226734161376951,under_prediction,Warning,50
81,198,42,33.03719,-8.962810516357422,8.962810516357422,under_prediction,Warning,50
81,199,41,29.079117,-11.920883178710938,11.920883178710938,under_prediction,Warning,50
81,200,40,33.998093,-6.0019073486328125,6.0019073486328125,under_prediction,Warning,50
81,201,39,35.64271,-3.357288360595703,3.357288360595703,under_prediction,Warning,50
81,202,38,34.64996,-3.350040435791016,3.350040435791016,under_prediction,Warning,50
81,203,37,32.41283,-4.587169647216797,4.587169647216797,under_prediction,Warning,50
81,204,36,34.075016,-1.9249839782714844,1.9249839782714844,under_prediction,Warning,50
81,205,35,33.834595,-1.1654052734375,1.1654052734375,under_prediction,Warning,50
81,206,34,31.81439,-2.185609817504883,2.185609817504883,under_prediction,Warning,50
81,207,33,28.6869,-4.313100814819336,4.313100814819336,under_prediction,Warning,50
81,208,32,24.28153,-7.718469619750977,7.718469619750977,under_prediction,Warning,50
81,209,31,27.62603,-3.373970031738281,3.373970031738281,under_prediction,Warning,50
81,210,30,27.947372,-2.0526275634765625,2.0526275634765625,under_prediction,Warning,50
81,211,29,23.830454,-5.169546127319336,5.169546127319336,under_prediction,Warning,50
81,212,28,24.395088,-3.6049118041992183,3.6049118041992183,under_prediction,Warning,50
81,213,27,20.944925,-6.055074691772461,6.055074691772461,under_prediction,Warning,50
81,214,26,17.884352,-8.11564826965332,8.11564826965332,under_prediction,Critical,100
81,215,25,15.532256,-9.467743873596191,9.467743873596191,under_prediction,Critical,100
81,216,24,16.47001,-7.529989242553711,7.529989242553711,under_prediction,Critical,100
81,217,23,16.03107,-6.968929290771484,6.968929290771484,under_prediction,Critical,100
81,218,22,13.010457,-8.989542961120605,8.989542961120605,under_prediction,Critical,100
81,219,21,16.366463,-4.633537292480469,4.633537292480469,under_prediction,Critical,100
81,220,20,21.561396,1.5613956451416016,1.5613956451416016,over_prediction,Warning,50
81,221,19,23.608196,4.608196258544922,4.608196258544922,over_prediction,Warning,50
81,222,18,22.945702,4.945701599121094,4.945701599121094,over_prediction,Warning,50
81,223,17,19.922323,2.922323226928711,2.922323226928711,over_prediction,Critical,100
81,224,16,21.410162,5.410161972045898,5.410161972045898,over_prediction,Warning,50
81,225,15,19.920368,4.920368194580078,4.920368194580078,over_prediction,Critical,100
81,226,14,26.560715,12.560714721679688,12.560714721679688,over_prediction,Warning,50
81,227,13,15.778444,2.778444290161133,2.778444290161133,over_prediction,Critical,100
81,228,12,17.418083,5.418083190917969,5.418083190917969,over_prediction,Critical,100
81,229,11,15.559054,4.559054374694824,4.559054374694824,over_prediction,Critical,100
81,230,10,16.069836,6.069835662841797,6.069835662841797,over_prediction,Critical,100
81,231,9,13.821308,4.821308135986328,4.821308135986328,over_prediction,Critical,100
81,232,8,14.9971895,6.997189521789551,6.997189521789551,over_prediction,Critical,100
81,233,7,13.795655,6.795655250549316,6.795655250549316,over_prediction,Critical,100
81,234,6,15.360372,9.360371589660645,9.360371589660645,over_prediction,Critical,100
81,235,5,11.985119,6.985118865966797,6.985118865966797,over_prediction,Critical,100
81,236,4,6.9764533,2.9764533042907715,2.9764533042907715,over_prediction,Critical,100
81,237,3,4.076185,1.0761852264404297,1.0761852264404297,over_prediction,Critical,100
81,238,2,3.7611454,1.7611453533172607,1.7611453533172607,over_prediction,Critical,100
81,239,1,-0.022107333,-1.02210733294487,1.02210733294487,under_prediction,Critical,100
81,240,0,3.6320107,3.6320106983184814,3.6320106983184814,over_prediction,Critical,100
84,1,266,178.58742,-87.41258239746094,87.41258239746094,under_prediction,Normal,0
84,2,265,121.389915,-143.6100845336914,143.6100845336914,under_prediction,Normal,0
84,3,264,148.54547,-115.45452880859376,115.45452880859376,under_prediction,Normal,0
84,4,263,144.82027,-118.1797332763672,118.1797332763672,under_prediction,Normal,0
84,5,262,172.44078,-89.55921936035156,89.55921936035156,under_prediction,Normal,0
84,6,261,154.15396,-106.84603881835938,106.84603881835938,under_prediction,Normal,0
84,7,260,160.45038,-99.54962158203124,99.54962158203124,under_prediction,Normal,0
84,8,259,174.1415,-84.85850524902344,84.85850524902344,under_prediction,Normal,0
84,9,258,164.49324,-93.50675964355467,93.50675964355467,under_prediction,Normal,0
84,10,257,161.27734,-95.72265625,95.72265625,under_prediction,Normal,0
84,11,256,156.98608,-99.013916015625,99.013916015625,under_prediction,Normal,0
84,12,255,158.77486,-96.2251434326172,96.2251434326172,under_prediction,Normal,0
84,13,254,150.37714,-103.62286376953124,103.62286376953124,under_prediction,Normal,0
84,14,253,123.830666,-129.1693344116211,129.1693344116211,under_prediction,Normal,0
84,15,252,130.60123,-121.39877319335938,121.39877319335938,under_prediction,Normal,0
84,16,251,142.01387,-108.9861297607422,108.9861297607422,under_prediction,Normal,0
84,17,250,163.65686,-86.3431396484375,86.3431396484375,under_prediction,Normal,0
84,18,249,153.0846,-95.9154052734375,95.9154052734375,under_prediction,Normal,0
84,19,248,155.90395,-92.09605407714844,92.09605407714844,under_prediction,Normal,0
84,20,247,154.91965,-92.08035278320312,92.08035278320312,under_prediction,Normal,0
84,21,246,152.50972,-93.4902801513672,93.4902801513672,under_prediction,Normal,0
84,22,245,157.8933,-87.10670471191406,87.10670471191406,under_prediction,Normal,0
84,23,244,154.8916,-89.1083984375,89.1083984375,under_prediction,Normal,0
84,24,243,147.87384,-95.12615966796876,95.12615966796876,under_prediction,Normal,0
84,25,242,162.38098,-79.6190185546875,79.6190185546875,under_prediction,Normal,0
84,26,241,161.55948,-79.44052124023438,79.44052124023438,under_prediction,Normal,0
84,27,240,171.58707,-68.41293334960938,68.41293334960938,under_prediction,Normal,0
84,28,239,158.38727,-80.61273193359375,80.61273193359375,under_prediction,Normal,0
84,29,238,152.91971,-85.08029174804688,85.08029174804688,under_prediction,Normal,0
84,30,237,156.48836,-80.51164245605469,80.51164245605469,under_prediction,Normal,0
84,31,236,148.53932,-87.46067810058594,87.46067810058594,under_prediction,Normal,0
84,32,235,147.52464,-87.47535705566406,87.47535705566406,under_prediction,Normal,0
84,33,234,151.49808,-82.50192260742188,82.50192260742188,under_prediction,Normal,0
84,34,233,139.37344,-93.62655639648438,93.62655639648438,under_prediction,Normal,0
84,35,232,114.20382,-117.79618072509766,117.79618072509766,under_prediction,Normal,0
84,36,231,140.63495,-90.36505126953124,90.36505126953124,under_prediction,Normal,0
84,37,230,133.74686,-96.25314331054688,96.25314331054688,under_prediction,Normal,0
84,38,229,138.08269,-90.91731262207033,90.91731262207033,under_prediction,Normal,0
84,39,228,153.1412,-74.85879516601562,74.85879516601562,under_prediction,Normal,0
84,40,227,154.61496,-72.38504028320312,72.38504028320312,under_prediction,Normal,0
84,41,226,161.68085,-64.31915283203125,64.31915283203125,under_prediction,Normal,0
84,42,225,159.44911,-65.55088806152344,65.55088806152344,under_prediction,Normal,0
84,43,224,136.03722,-87.96278381347656,87.96278381347656,under_prediction,Normal,0
84,44,223,131.04208,-91.95791625976562,91.95791625976562,under_prediction,Normal,0
84,45,222,125.70785,-96.29215240478516,96.29215240478516,under_prediction,Normal,0
84,46,221,149.49673,-71.50326538085938,71.50326538085938,under_prediction,Normal,0
84,47,220,143.77167,-76.22833251953125,76.22833251953125,under_prediction,Normal,0
84,48,219,141.02261,-77.97738647460938,77.97738647460938,under_prediction,Normal,0
84,49,218,139.27191,-78.72808837890625,78.72808837890625,under_prediction,Normal,0
84,50,217,130.98093,-86.01907348632812,86.01907348632812,under_prediction,Normal,0
84,51,216,142.20862,-73.7913818359375,73.7913818359375,under_prediction,Normal,0
84,52,215,127.448784,-87.55121612548828,87.55121612548828,under_prediction,Normal,0
84,53,214,122.34849,-91.6515121459961,91.6515121459961,under_prediction,Normal,0
84,54,213,123.77702,-89.22297668457031,89.22297668457031,under_prediction,Normal,0
84,55,212,125.39406,-86.60594177246094,86.60594177246094,under_prediction,Normal,0
84,56,211,129.58795,-81.41204833984375,81.41204833984375,under_prediction,Normal,0
84,57,210,110.64195,-99.35804748535156,99.35804748535156,under_prediction,Normal,0
84,58,209,109.986664,-99.01333618164062,99.01333618164062,under_prediction,Normal,0
84,59,208,105.565414,-102.43458557128906,102.43458557128906,under_prediction,Normal,0
84,60,207,117.109665,-89.89033508300781,89.89033508300781,under_prediction,Normal,0
84,61,206,98.85897,-107.14102935791016,107.14102935791016,under_prediction,Normal,0
84,62,205,114.68482,-90.31517791748048,90.31517791748048,under_prediction,Normal,0
84,63,204,114.02435,-89.97564697265625,89.97564697265625,under_prediction,Normal,0
84,64,203,136.75946,-66.24053955078125,66.24053955078125,under_prediction,Normal,0
84,65,202,119.21868,-82.78131866455078,82.78131866455078,under_prediction,Normal,0
84,66,201,135.2987,-65.7012939453125,65.7012939453125,under_prediction,Normal,0
84,67,200,128.57628,-71.42372131347656,71.42372131347656,under_prediction,Normal,0
84,68,199,145.94574,-53.05426025390625,53.05426025390625,under_prediction,Normal,0
84,69,198,140.9034,-57.09660339355469,57.09660339355469,under_prediction,Normal,0
84,70,197,129.27135,-67.72865295410156,67.72865295410156,under_prediction,Normal,0
84,71,196,142.50282,-53.49717712402344,53.49717712402344,under_prediction,Normal,0
84,72,195,158.36464,-36.63536071777344,36.63536071777344,under_prediction,Normal,0
84,73,194,140.42554,-53.574462890625,53.574462890625,under_prediction,Normal,0
84,74,193,167.18921,-25.810791015625,25.810791015625,under_prediction,Normal,0
84,75,192,159.77702,-32.22297668457031,32.22297668457031,under_prediction,Normal,0
84,76,191,168.4766,-22.523406982421875,22.523406982421875,under_prediction,Normal,0
84,77,190,161.44083,-28.55917358398437,28.55917358398437,under_prediction,Normal,0
84,78,189,139.35791,-49.64208984375,49.64208984375,under_prediction,Normal,0
84,79,188,137.56369,-50.436309814453125,50.436309814453125,under_prediction,Normal,0
84,80,187,145.40779,-41.59220886230469,41.59220886230469,under_prediction,Normal,0
84,81,186,139.76097,-46.23902893066406,46.23902893066406,under_prediction,Normal,0
84,82,185,140.67857,-44.32142639160156,44.32142639160156,under_prediction,Normal,0
84,83,184,155.6713,-28.32870483398437,28.32870483398437,under_prediction,Normal,0
84,84,183,142.70076,-40.29924011230469,40.29924011230469,under_prediction,Normal,0
84,85,182,134.03276,-47.96723937988281,47.96723937988281,under_prediction,Normal,0
84,86,181,131.7953,-49.20469665527344,49.20469665527344,under_prediction,Normal,0
84,87,180,143.5191,-36.48089599609375,36.48089599609375,under_prediction,Normal,0
84,88,179,125.08601,-53.91398620605469,53.91398620605469,under_prediction,Normal,0
84,89,178,129.57654,-48.4234619140625,48.4234619140625,under_prediction,Normal,0
84,90,177,117.429054,-59.570945739746094,59.570945739746094,under_prediction,Normal,0
84,91,176,125.168724,-50.831275939941406,50.831275939941406,under_prediction,Normal,0
84,92,175,145.52557,-29.47442626953125,29.47442626953125,under_prediction,Normal,0
84,93,174,109.48717,-64.51283264160156,64.51283264160156,under_prediction,Normal,0
84,94,173,122.10431,-50.89569091796875,50.89569091796875,under_prediction,Normal,0
84,95,172,132.56429,-39.43571472167969,39.43571472167969,under_prediction,Normal,0
84,96,171,125.13928,-45.8607177734375,45.8607177734375,under_prediction,Normal,0
84,97,170,111.99759,-58.00241088867188,58.00241088867188,under_prediction,Normal,0
84,98,169,107.2104,-61.78959655761719,61.78959655761719,under_prediction,Normal,0
84,99,168,110.83568,-57.16432189941406,57.16432189941406,under_prediction,Normal,0
84,100,167,116.88522,-50.114776611328125,50.114776611328125,under_prediction,Normal,0
84,101,166,127.3719,-38.62809753417969,38.62809753417969,under_prediction,Normal,0
84,102,165,116.02438,-48.975616455078125,48.975616455078125,under_prediction,Normal,0
84,103,164,116.15301,-47.84699249267578,47.84699249267578,under_prediction,Normal,0
84,104,163,110.98608,-52.01392364501953,52.01392364501953,under_prediction,Normal,0
84,105,162,111.30855,-50.69145202636719,50.69145202636719,under_prediction,Normal,0
84,106,161,118.91199,-42.0880126953125,42.0880126953125,under_prediction,Normal,0
84,107,160,117.073235,-42.92676544189453,42.92676544189453,under_prediction,Normal,0
84,108,159,121.50536,-37.49463653564453,37.49463653564453,under_prediction,Normal,0
84,109,158,116.869484,-41.130516052246094,41.130516052246094,under_prediction,Normal,0
84,110,157,117.748695,-39.25130462646485,39.25130462646485,under_prediction,Normal,0
84,111,156,118.161736,-37.83826446533203,37.83826446533203,under_prediction,Normal,0
84,112,155,117.82642,-37.17357635498047,37.17357635498047,under_prediction,Normal,0
84,113,154,116.416695,-37.58330535888672,37.58330535888672,under_prediction,Normal,0
84,114,153,125.952934,-27.04706573486328,27.04706573486328,under_prediction,Normal,0
84,115,152,123.770706,-28.229293823242188,28.229293823242188,under_prediction,Normal,0
84,116,151,111.70919,-39.290809631347656,39.290809631347656,under_prediction,Normal,0
84,117,150,105.30909,-44.69091033935547,44.69091033935547,under_prediction,Normal,0
84,118,149,97.61719,-51.3828125,51.3828125,under_prediction,Normal,0
84,119,148,93.53773,-54.46227264404297,54.46227264404297,under_prediction,Normal,0
84,120,147,97.9065,-49.09349822998047,49.09349822998047,under_prediction,Normal,0
84,121,146,102.15124,-43.84876251220703,43.84876251220703,under_prediction,Normal,0
84,122,145,113.429115,-31.570884704589844,31.570884704589844,under_prediction,Normal,0
84,123,144,117.95508,-26.044921875,26.044921875,under_prediction,Normal,0
84,124,143,107.90714,-35.092857360839844,35.092857360839844,under_prediction,Normal,0
84,125,142,102.659065,-39.34093475341797,39.34093475341797,under_prediction,Normal,0
84,126,141,109.52214,-31.477859497070312,31.477859497070312,under_prediction,Normal,0
84,127,140,104.49625,-35.503753662109375,35.503753662109375,under_prediction,Normal,0
84,128,139,100.2377,-38.762298583984375,38.762298583984375,under_prediction,Normal,0
84,129,138,102.16488,-35.83512115478516,35.83512115478516,under_prediction,Normal,0
84,130,137,96.993195,-40.00680541992188,40.00680541992188,under_prediction,Normal,0
84,131,136,106.90393,-29.0960693359375,29.0960693359375,under_prediction,Normal,0
84,132,135,105.523575,-29.47642517089844,29.47642517089844,under_prediction,Normal,0
84,133,134,106.564995,-27.43500518798828,27.43500518798828,under_prediction,Normal,0
84,134,133,107.065636,-25.934364318847656,25.934364318847656,under_prediction,Normal,0
84,135,132,104.23124,-27.768760681152344,27.768760681152344,under_prediction,Normal,0
84,136,131,105.41508,-25.584922790527344,25.584922790527344,under_prediction,Normal,0
84,137,130,96.00655,-33.993446350097656,33.993446350097656,under_prediction,Normal,0
84,138,129,95.81083,-33.189170837402344,33.189170837402344,under_prediction,Normal,0
84,139,128,94.68216,-33.317840576171875,33.317840576171875,under_prediction,Normal,0
84,140,127,96.69337,-30.30663299560547,30.30663299560547,under_prediction,Normal,0
84,141,126,98.442116,-27.557884216308597,27.557884216308597,under_prediction,Normal,0
84,142,125,111.75057,-13.249427795410156,13.249427795410156,under_prediction,Normal,0
84,143,124,115.57808,-8.421920776367188,8.421920776367188,under_prediction,Normal,0
84,144,123,102.44466,-20.555343627929688,20.555343627929688,under_prediction,Normal,0
84,145,122,81.30937,-40.69062805175781,40.69062805175781,under_prediction,Normal,0
84,146,121,88.07902,-32.920982360839844,32.920982360839844,under_prediction,Normal,0
84,147,120,97.32315,-22.67684936523437,22.67684936523437,under_prediction,Normal,0
84,148,119,95.53382,-23.46617889404297,23.46617889404297,under_prediction,Normal,0
84,149,118,89.71374,-28.28626251220703,28.28626251220703,under_prediction,Normal,0
84,150,117,97.77515,-19.224853515625,19.224853515625,under_prediction,Normal,0
84,151,116,98.18397,-17.81603240966797,17.81603240966797,under_prediction,Normal,0
84,152,115,92.48723,-22.512771606445312,22.512771606445312,under_prediction,Normal,0
84,153,114,83.85897,-30.14102935791016,30.14102935791016,under_prediction,Normal,0
84,154,113,72.05608,-40.94391632080078,40.94391632080078,under_prediction,Normal,0
84,155,112,63.441513,-48.55848693847656,48.55848693847656,under_prediction,Normal,0
84,156,111,55.019543,-55.9804573059082,55.9804573059082,under_prediction,Normal,0
84,157,110,70.03776,-39.96224212646485,39.96224212646485,under_prediction,Normal,0
84,158,109,62.77856,-46.221439361572266,46.221439361572266,under_prediction,Normal,0
84,159,108,62.04939,-45.95061111450195,45.95061111450195,under_prediction,Normal,0
84,160,107,57.293842,-49.70615768432617,49.70615768432617,under_prediction,Normal,0
84,161,106,59.610634,-46.38936614990234,46.38936614990234,under_prediction,Normal,0
84,162,105,58.318424,-46.68157577514648,46.68157577514648,under_prediction,Normal,0
84,163,104,76.398094,-27.601905822753903,27.601905822753903,under_prediction,Normal,0
84,164,103,80.84498,-22.15502166748047,22.15502166748047,under_prediction,Normal,0
84,165,102,77.39579,-24.604209899902344,24.604209899902344,under_prediction,Normal,0
84,166,101,73.4756,-27.524398803710938,27.524398803710938,under_prediction,Normal,0
84,167,100,72.68291,-27.31709289550781,27.31709289550781,under_prediction,Normal,0
84,168,99,62.105515,-36.89448547363281,36.89448547363281,under_prediction,Normal,0
84,169,98,67.97857,-30.02143096923828,30.02143096923828,under_prediction,Normal,0
84,170,97,72.355316,-24.644683837890625,24.644683837890625,under_prediction,Normal,0
84,171,96,68.92813,-27.07186889648437,27.07186889648437,under_prediction,Normal,0
84,172,95,64.27946,-30.720542907714844,30.720542907714844,under_prediction,Normal,0
84,173,94,71.49718,-22.50282287597656,22.50282287597656,under_prediction,Normal,0
84,174,93,74.965866,-18.03413391113281,18.03413391113281,under_prediction,Normal,0
84,175,92,69.79359,-22.20641326904297,22.20641326904297,under_prediction,Normal,0
84,176,91,60.89901,-30.10099029541016,30.10099029541016,under_prediction,Normal,0
84,177,90,65.94037,-24.05963134765625,24.05963134765625,under_prediction,Normal,0
84,178,89,58.06234,-30.93766021728516,30.93766021728516,under_prediction,Normal,0
84,179,88,60.37712,-27.622879028320312,27.622879028320312,under_prediction,Normal,0
84,180,87,67.08463,-19.915367126464844,19.915367126464844,under_prediction,Normal,0
84,181,86,55.261852,-30.738147735595703,30.738147735595703,under_prediction,Normal,0
84,182,85,60.517796,-24.48220443725586,24.48220443725586,under_prediction,Normal,0
84,183,84,68.77631,-15.22368621826172,15.22368621826172,under_prediction,Normal,0
84,184,83,67.1301,-15.869903564453123,15.869903564453123,under_prediction,Normal,0
84,185,82,57.896263,-24.103736877441406,24.103736877441406,under_prediction,Normal,0
84,186,81,55.369205,-25.630794525146484,25.630794525146484,under_prediction,Normal,0
84,187,80,64.89622,-15.103782653808594,15.103782653808594,under_prediction,Normal,0
84,188,79,63.605145,-15.394855499267578,15.394855499267578,under_prediction,Normal,0
84,189,78,64.35388,-13.6461181640625,13.6461181640625,under_prediction,Normal,0
84,190,77,58.414593,-18.58540725708008,18.58540725708008,under_prediction,Normal,0
84,191,76,59.46237,-16.537628173828125,16.537628173828125,under_prediction,Normal,0
84,192,75,60.94693,-14.053070068359377,14.053070068359377,under_prediction,Normal,0
84,193,74,64.30174,-9.698257446289062,9.698257446289062,under_prediction,Normal,0
84,194,73,62.897827,-10.1021728515625,10.1021728515625,under_prediction,Normal,0
84,195,72,54.335865,-17.664134979248047,17.664134979248047,under_prediction,Normal,0
84,196,71,51.39717,-19.602828979492188,19.602828979492188,under_prediction,Normal,0
84,197,70,48.81207,-21.187931060791016,21.187931060791016,under_prediction,Warning,50
84,198,69,46.480305,-22.519695281982425,22.519695281982425,under_prediction,Warning,50
84,199,68,46.599712,-21.400287628173828,21.400287628173828,under_prediction,Warning,50
84,200,67,51.485027,-15.514972686767578,15.514972686767578,under_prediction,Normal,0
84,201,66,45.878864,-20.12113571166992,20.12113571166992,under_prediction,Warning,50
84,202,65,47.113007,-17.886993408203125,17.886993408203125,under_prediction,Warning,50
84,203,64,57.785084,-6.214916229248047,6.214916229248047,under_prediction,Normal,0
84,204,63,55.668613,-7.331386566162109,7.331386566162109,under_prediction,Normal,0
84,205,62,49.8482,-12.151798248291016,12.151798248291016,under_prediction,Warning,50
84,206,61,45.724834,-15.275165557861328,15.275165557861328,under_prediction,Warning,50
84,207,60,47.340416,-12.659584045410156,12.659584045410156,under_prediction,Warning,50
84,208,59,41.587097,-17.41290283203125,17.41290283203125,under_prediction,Warning,50
84,209,58,40.692486,-17.307514190673828,17.307514190673828,under_prediction,Warning,50
84,210,57,41.06679,-15.933208465576172,15.933208465576172,under_prediction,Warning,50
84,211,56,40.38784,-15.612159729003906,15.612159729003906,under_prediction,Warning,50
84,212,55,37.310947,-17.68905258178711,17.68905258178711,under_prediction,Warning,50
84,213,54,35.14951,-18.85049057006836,18.85049057006836,under_prediction,Warning,50
84,214,53,31.027079,-21.97292137145996,21.97292137145996,under_prediction,Warning,50
84,215,52,34.349228,-17.650772094726562,17.650772094726562,under_prediction,Warning,50
84,216,51,35.67357,-15.326431274414062,15.326431274414062,under_prediction,Warning,50
84,217,50,35.421055,-14.57894515991211,14.57894515991211,under_prediction,Warning,50
84,218,49,38.087868,-10.912132263183594,10.912132263183594,under_prediction,Warning,50
84,219,48,37.108437,-10.891563415527344,10.891563415527344,under_prediction,Warning,50
84,220,47,42.49679,-4.503208160400391,4.503208160400391,under_prediction,Warning,50
84,221,46,36.254253,-9.745746612548828,9.745746612548828,under_prediction,Warning,50
84,222,45,34.054077,-10.9459228515625,10.9459228515625,under_prediction,Warning,50
84,223,44,33.031734,-10.968265533447266,10.968265533447266,under_prediction,Warning,50
84,224,43,42.474197,-0.5258026123046875,0.5258026123046875,under_prediction,Warning,50
84,225,42,41.41922,-0.580780029296875,0.580780029296875,under_prediction,Warning,50
84,226,41,37.838142,-3.1618576049804688,3.1618576049804688,under_prediction,Warning,50
84,227,40,35.42545,-4.574550628662109,4.574550628662109,under_prediction,Warning,50
84,228,39,43.80191,4.801910400390625,4.801910400390625,over_prediction,Warning,50
84,229,38,32.787216,-5.2127838134765625,5.2127838134765625,under_prediction,Warning,50
84,230,37,38.16979,1.1697883605957031,1.1697883605957031,over_prediction,Warning,50
84,231,36,33.45917,-2.5408287048339844,2.5408287048339844,under_prediction,Warning,50
84,232,35,37.221436,2.221435546875,2.221435546875,over_prediction,Warning,50
84,233,34,43.88483,9.884830474853516,9.884830474853516,over_prediction,Warning,50
84,234,33,40.34496,7.344959259033203,7.344959259033203,over_prediction,Warning,50
84,235,32,36.521954,4.521953582763672,4.521953582763672,over_prediction,Warning,50
84,236,31,32.851776,1.851776123046875,1.851776123046875,over_prediction,Warning,50
84,237,30,28.448036,-1.5519638061523438,1.5519638061523438,under_prediction,Warning,50
84,238,29,35.28764,6.287639617919922,6.287639617919922,over_prediction,Warning,50
84,239,28,27.847868,-0.1521320343017578,0.1521320343017578,under_prediction,Warning,50
84,240,27,25.650562,-1.3494377136230469,1.3494377136230469,under_prediction,Warning,50
84,241,26,22.038412,-3.961587905883789,3.961587905883789,under_prediction,Warning,50
84,242,25,22.015202,-2.9847984313964844,2.9847984313964844,under_prediction,Warning,50
84,243,24,20.282883,-3.717117309570313,3.717117309570313,under_prediction,Warning,50
84,244,23,19.82979,-3.1702098846435547,3.1702098846435547,under_prediction,Critical,100
84,245,22,15.918108,-6.081892013549805,6.081892013549805,under_prediction,Critical,100
84,246,21,19.954185,-1.0458145141601562,1.0458145141601562,under_prediction,Critical,100
84,247,20,20.081736,0.081735610961914,0.081735610961914,over_prediction,Warning,50
84,248,19,13.299752,-5.700247764587402,5.700247764587402,under_prediction,Critical,100
84,249,18,14.703856,-3.2961435317993164,3.2961435317993164,under_prediction,Critical,100
84,250,17,13.920245,-3.0797548294067383,3.0797548294067383,under_prediction,Critical,100
84,251,16,13.114648,-2.88535213470459,2.88535213470459,under_prediction,Critical,100
84,252,15,14.41052,-0.5894804000854492,0.5894804000854492,under_prediction,Critical,100
84,253,14,4.603422,-9.396577835083008,9.396577835083008,under_prediction,Critical,100
84,254,13,5.2382393,-7.761760711669922,7.761760711669922,under_prediction,Critical,100
84,255,12,8.9465065,-3.05349349975586,3.05349349975586,under_prediction,Critical,100
84,256,11,12.121971,1.1219711303710938,1.1219711303710938,over_prediction,Critical,100
84,257,10,13.1221895,3.122189521789551,3.122189521789551,over_prediction,Critical,100
84,258,9,11.778765,2.7787647247314453,2.7787647247314453,over_prediction,Critical,100
84,259,8,14.706913,6.706912994384766,6.706912994384766,over_prediction,Critical,100
84,260,7,12.692991,5.692991256713867,5.692991256713867,over_prediction,Critical,100
84,261,6,8.613985,2.613985061645508,2.613985061645508,over_prediction,Critical,100
84,262,5,8.803248,3.803248405456543,3.803248405456543,over_prediction,Critical,100
84,263,4,8.454641,4.454641342163086,4.454641342163086,over_prediction,Critical,100
84,264,3,14.457581,11.45758056640625,11.45758056640625,over_prediction,Critical,100
84,265,2,9.900335,7.900335311889648,7.900335311889648,over_prediction,Critical,100
84,266,1,6.951136,5.951136112213135,5.951136112213135,over_prediction,Critical,100
84,267,0,4.638524,4.638524055480957,4.638524055480957,over_prediction,Critical,100
91,1,134,184.1952,50.19520568847656,50.19520568847656,over_prediction,Normal,0
91,2,133,145.41368,12.413681030273438,12.413681030273438,over_prediction,Normal,0
91,3,132,169.89067,37.89067077636719,37.89067077636719,over_prediction,Normal,0
91,4,131,177.19223,46.192230224609375,46.192230224609375,over_prediction,Normal,0
91,5,130,168.70863,38.70863342285156,38.70863342285156,over_prediction,Normal,0
91,6,129,148.36264,19.36264038085937,19.36264038085937,over_prediction,Normal,0
91,7,128,160.60374,32.60374450683594,32.60374450683594,over_prediction,Normal,0
91,8,127,137.12866,10.128662109375,10.128662109375,over_prediction,Normal,0
91,9,126,150.11041,24.11041259765625,24.11041259765625,over_prediction,Normal,0
91,10,125,150.15123,25.15122985839844,25.15122985839844,over_prediction,Normal,0
91,11,124,124.674194,0.6741943359375,0.6741943359375,over_prediction,Normal,0
91,12,123,131.40706,8.407058715820312,8.407058715820312,over_prediction,Normal,0
91,13,122,148.41139,26.411392211914062,26.411392211914062,over_prediction,Normal,0
91,14,121,157.29706,36.29705810546875,36.29705810546875,over_prediction,Normal,0
91,15,120,127.98408,7.984077453613281,7.984077453613281,over_prediction,Normal,0
91,16,119,117.61256,-1.3874435424804688,1.3874435424804688,under_prediction,Normal,0
91,17,118,128.39345,10.393447875976562,10.393447875976562,over_prediction,Normal,0
91,18,117,124.49093,7.490928649902344,7.490928649902344,over_prediction,Normal,0
91,19,116,127.2173,11.217300415039062,11.217300415039062,over_prediction,Normal,0
91,20,115,121.15837,6.158370971679688,6.158370971679688,over_prediction,Normal,0
91,21,114,118.510254,4.51025390625,4.51025390625,over_prediction,Normal,0
91,22,113,123.3044,10.304397583007812,10.304397583007812,over_prediction,Normal,0
91,23,112,110.56512,-1.4348831176757812,1.4348831176757812,under_prediction,Normal,0
91,24,111,119.32953,8.32952880859375,8.32952880859375,over_prediction,Normal,0
91,25,110,106.60154,-3.3984603881835938,3.3984603881835938,under_prediction,Normal,0
91,26,109,103.76106,-5.238937377929688,5.238937377929688,under_prediction,Normal,0
91,27,108,89.873856,-18.126144409179688,18.126144409179688,under_prediction,Normal,0
91,28,107,120.09571,13.095710754394531,13.095710754394531,over_prediction,Normal,0
91,29,106,106.80762,0.8076171875,0.8076171875,over_prediction,Normal,0
91,30,105,99.4935,-5.506500244140625,5.506500244140625,under_prediction,Normal,0
91,31,104,112.33287,8.332870483398438,8.332870483398438,over_prediction,Normal,0
91,32,103,101.319695,-1.6803054809570312,1.6803054809570312,under_prediction,Normal,0
91,33,102,94.21052,-7.789482116699219,7.789482116699219,under_prediction,Normal,0
91,34,101,83.9784,-17.02159881591797,17.02159881591797,under_prediction,Normal,0
91,35,100,92.14876,-7.851242065429687,7.851242065429687,under_prediction,Normal,0
91,36,99,108.3625,9.362503051757812,9.362503051757812,over_prediction,Normal,0
91,37,98,85.97994,-12.020057678222656,12.020057678222656,under_prediction,Normal,0
91,38,97,82.05184,-14.948158264160156,14.948158264160156,under_prediction,Normal,0
91,39,96,94.59168,-1.4083175659179688,1.4083175659179688,under_prediction,Normal,0
91,40,95,91.39628,-3.603721618652344,3.603721618652344,under_prediction,Normal,0
91,41,94,99.21904,5.219039916992188,5.219039916992188,over_prediction,Normal,0
91,42,93,98.21598,5.215980529785156,5.215980529785156,over_prediction,Normal,0
91,43,92,99.07084,7.070838928222656,7.070838928222656,over_prediction,Normal,0
91,44,91,96.53374,5.533737182617188,5.533737182617188,over_prediction,Normal,0
91,45,90,104.06575,14.065750122070312,14.065750122070312,over_prediction,Normal,0
91,46,89,96.20979,7.209793090820312,7.209793090820312,over_prediction,Normal,0
91,47,88,85.645935,-2.35406494140625,2.35406494140625,under_prediction,Normal,0
91,48,87,88.124405,1.1244049072265625,1.1244049072265625,over_prediction,Normal,0
91,49,86,95.47472,9.474716186523438,9.474716186523438,over_prediction,Normal,0
91,50,85,96.87124,11.871238708496094,11.871238708496094,over_prediction,Normal,0
91,51,84,105.461685,21.461685180664062,21.461685180664062,over_prediction,Normal,0
91,52,83,80.64055,-2.3594512939453125,2.3594512939453125,under_prediction,Normal,0
91,53,82,90.05228,8.052276611328125,8.052276611328125,over_prediction,Normal,0
91,54,81,92.107086,11.107086181640623,11.107086181640623,over_prediction,Normal,0
91,55,80,88.05766,8.057662963867188,8.057662963867188,over_prediction,Normal,0
91,56,79,74.28483,-4.715171813964844,4.715171813964844,under_prediction,Normal,0
91,57,78,70.0578,-7.94219970703125,7.94219970703125,under_prediction,Normal,0
91,58,77,75.78284,-1.2171630859375,1.2171630859375,under_prediction,Normal,0
91,59,76,70.24066,-5.75933837890625,5.75933837890625,under_prediction,Normal,0
91,60,75,76.042755,1.042755126953125,1.042755126953125,over_prediction,Normal,0
91,61,74,74.40548,0.4054794311523437,0.4054794311523437,over_prediction,Normal,0
91,62,73,79.91347,6.9134674072265625,6.9134674072265625,over_prediction,Normal,0
91,63,72,79.23878,7.238777160644531,7.238777160644531,over_prediction,Normal,0
91,64,71,70.259224,-0.7407760620117188,0.7407760620117188,under_prediction,Normal,0
91,65,70,73.17711,3.177108764648437,3.177108764648437,over_prediction,Normal,0
91,66,69,86.85064,17.85063934326172,17.85063934326172,over_prediction,Normal,0
91,67,68,72.32519,4.325187683105469,4.325187683105469,over_prediction,Normal,0
91,68,67,72.63718,5.637176513671875,5.637176513671875,over_prediction,Normal,0
91,69,66,71.91496,5.914962768554688,5.914962768554688,over_prediction,Normal,0
91,70,65,76.183586,11.183586120605469,11.183586120605469,over_prediction,Normal,0
91,71,64,76.404976,12.40497589111328,12.40497589111328,over_prediction,Normal,0
91,72,63,84.955025,21.95502471923828,21.95502471923828,over_prediction,Normal,0
91,73,62,78.61597,16.615966796875,16.615966796875,over_prediction,Normal,0
91,74,61,71.47026,10.470260620117188,10.470260620117188,over_prediction,Normal,0
91,75,60,65.29287,5.292869567871094,5.292869567871094,over_prediction,Normal,0
91,76,59,72.262856,13.262855529785156,13.262855529785156,over_prediction,Normal,0
91,77,58,56.8296,-1.1703987121582031,1.1703987121582031,under_prediction,Normal,0
91,78,57,53.511356,-3.4886436462402344,3.4886436462402344,under_prediction,Normal,0
91,79,56,45.676247,-10.323753356933594,10.323753356933594,under_prediction,Warning,50
91,80,55,56.00502,1.0050201416015625,1.0050201416015625,over_prediction,Normal,0
91,81,54,61.999607,7.999607086181641,7.999607086181641,over_prediction,Normal,0
91,82,53,51.78096,-1.2190399169921875,1.2190399169921875,under_prediction,Normal,0
91,83,52,50.581196,-1.418804168701172,1.418804168701172,under_prediction,Normal,0
91,84,51,52.70972,1.7097206115722656,1.7097206115722656,over_prediction,Normal,0
91,85,50,45.181637,-4.818363189697266,4.818363189697266,under_prediction,Warning,50
91,86,49,49.038357,0.0383567810058593,0.0383567810058593,over_prediction,Warning,50
91,87,48,51.19598,3.1959800720214844,3.1959800720214844,over_prediction,Normal,0
91,88,47,43.25626,-3.743740081787109,3.743740081787109,under_prediction,Warning,50
91,89,46,46.82429,0.8242912292480469,0.8242912292480469,over_prediction,Warning,50
91,90,45,49.566704,4.566703796386719,4.566703796386719,over_prediction,Warning,50
91,91,44,56.63618,12.636180877685549,12.636180877685549,over_prediction,Normal,0
91,92,43,45.640457,2.6404571533203125,2.6404571533203125,over_prediction,Warning,50
91,93,42,46.79172,4.791721343994141,4.791721343994141,over_prediction,Warning,50
91,94,41,45.755226,4.755226135253906,4.755226135253906,over_prediction,Warning,50
91,95,40,39.834824,-0.1651763916015625,0.1651763916015625,under_prediction,Warning,50
91,96,39,38.870426,-0.1295738220214843,0.1295738220214843,under_prediction,Warning,50
91,97,38,40.843147,2.8431472778320312,2.8431472778320312,over_prediction,Warning,50
91,98,37,40.712673,3.7126731872558594,3.7126731872558594,over_prediction,Warning,50
91,99,36,38.621094,2.62109375,2.62109375,over_prediction,Warning,50
91,100,35,36.156673,1.1566734313964844,1.1566734313964844,over_prediction,Warning,50
91,101,34,37.37524,3.3752403259277344,3.3752403259277344,over_prediction,Warning,50
91,102,33,37.940372,4.940372467041016,4.940372467041016,over_prediction,Warning,50
91,103,32,36.01714,4.017139434814453,4.017139434814453,over_prediction,Warning,50
91,104,31,35.38784,4.387840270996094,4.387840270996094,over_prediction,Warning,50
91,105,30,36.55085,6.550849914550781,6.550849914550781,over_prediction,Warning,50
91,106,29,35.615036,6.615036010742188,6.615036010742188,over_prediction,Warning,50
91,107,28,31.952314,3.952314376831055,3.952314376831055,over_prediction,Warning,50
91,108,27,30.013842,3.0138416290283203,3.0138416290283203,over_prediction,Warning,50
91,109,26,26.05471,0.0547103881835937,0.0547103881835937,over_prediction,Warning,50
91,110,25,21.381893,-3.618106842041016,3.618106842041016,under_prediction,Warning,50
91,111,24,18.453836,-5.546163558959961,5.546163558959961,under_prediction,Critical,100
91,112,23,20.639544,-2.3604564666748047,2.3604564666748047,under_prediction,Warning,50
91,113,22,19.271029,-2.728971481323242,2.728971481323242,under_prediction,Critical,100
91,114,21,19.71022,-1.2897796630859375,1.2897796630859375,under_prediction,Critical,100
91,115,20,21.065361,1.0653610229492188,1.0653610229492188,over_prediction,Warning,50
91,116,19,23.105541,4.105541229248047,4.105541229248047,over_prediction,Warning,50
91,117,18,25.712357,7.7123565673828125,7.7123565673828125,over_prediction,Warning,50
91,118,17,24.711843,7.711843490600586,7.711843490600586,over_prediction,Warning,50
91,119,16,22.513159,6.513158798217773,6.513158798217773,over_prediction,Warning,50
91,120,15,17.927774,2.927774429321289,2.927774429321289,over_prediction,Critical,100
91,121,14,16.185822,2.185821533203125,2.185821533203125,over_prediction,Critical,100
91,122,13,15.373849,2.3738489151000977,2.3738489151000977,over_prediction,Critical,100
91,123,12,14.604506,2.6045055389404297,2.6045055389404297,over_prediction,Critical,100
91,124,11,13.628814,2.6288137435913086,2.6288137435913086,over_prediction,Critical,100
91,125,10,13.008364,3.008363723754883,3.008363723754883,over_prediction,Critical,100
91,126,9,15.273009,6.273009300231934,6.273009300231934,over_prediction,Critical,100
91,127,8,9.303052,1.3030519485473633,1.3030519485473633,over_prediction,Critical,100
91,128,7,3.983019,-3.0169808864593506,3.0169808864593506,under_prediction,Critical,100
91,129,6,5.744051,-0.2559490203857422,0.2559490203857422,under_prediction,Critical,100
91,130,5,2.1438081,-2.856191873550415,2.856191873550415,under_prediction,Critical,100
91,131,4,3.0646915,-0.9353084564208984,0.9353084564208984,under_prediction,Critical,100
91,132,3,2.9119453,-0.0880546569824218,0.0880546569824218,under_prediction,Critical,100
91,133,2,-1.7356144,-3.73561441898346,3.73561441898346,under_prediction,Critical,100
91,134,1,-0.6798278,-1.6798278093338013,1.6798278093338013,under_prediction,Critical,100
91,135,0,-0.9402797,-0.9402797222137452,0.9402797222137452,under_prediction,Critical,100
