unit_id,cycle,RUL,predicted_RUL,error,absolute_error
1,1,191,186.44484,-4.5551605224609375,4.5551605224609375
1,2,190,164.08539,-25.91461181640625,25.91461181640625
1,3,189,174.08292,-14.917083740234375,14.917083740234375
1,4,188,176.03413,-11.965866088867188,11.965866088867188
1,5,187,176.16042,-10.839584350585938,10.839584350585938
1,6,186,163.25612,-22.743881225585938,22.743881225585938
1,7,185,162.23878,-22.761215209960938,22.761215209960938
1,8,184,154.0172,-29.982803344726562,29.982803344726562
1,9,183,139.89346,-43.106536865234375,43.106536865234375
1,10,182,147.14694,-34.853057861328125,34.853057861328125
1,11,181,146.23106,-34.76893615722656,34.76893615722656
1,12,180,146.23929,-33.760711669921875,33.760711669921875
1,13,179,143.1145,-35.885498046875,35.885498046875
1,14,178,147.34795,-30.652053833007812,30.652053833007812
1,15,177,143.3468,-33.6531982421875,33.6531982421875
1,16,176,147.18433,-28.815673828125,28.815673828125
1,17,175,148.67487,-26.32513427734375,26.32513427734375
1,18,174,150.44487,-23.555130004882812,23.555130004882812
1,19,173,145.72098,-27.279022216796875,27.279022216796875
1,20,172,153.58443,-18.415573120117188,18.415573120117188
1,21,171,145.06586,-25.93414306640625,25.93414306640625
1,22,170,156.52411,-13.47589111328125,13.47589111328125
1,23,169,150.86407,-18.13592529296875,18.13592529296875
1,24,168,151.93346,-16.066543579101562,16.066543579101562
1,25,167,138.133,-28.86700439453125,28.86700439453125
1,26,166,138.92052,-27.079483032226562,27.079483032226562
1,27,165,125.40446,-39.595542907714844,39.595542907714844
1,28,164,138.21536,-25.784637451171875,25.784637451171875
1,29,163,156.2952,-6.704803466796875,6.704803466796875
1,30,162,155.73883,-6.26116943359375,6.26116943359375
1,31,161,162.63034,1.630340576171875,1.630340576171875
1,32,160,161.0598,1.0597991943359375,1.0597991943359375
1,33,159,167.11688,8.11688232421875,8.11688232421875
1,34,158,179.93895,21.938949584960938,21.938949584960938
1,35,157,176.42853,19.42852783203125,19.42852783203125
1,36,156,180.82997,24.829971313476562,24.829971313476562
1,37,155,178.20041,23.200408935546875,23.200408935546875
1,38,154,173.96086,19.960861206054688,19.960861206054688
1,39,153,176.73007,23.730072021484375,23.730072021484375
1,40,152,180.6023,28.602294921875,28.602294921875
1,41,151,175.25037,24.2503662109375,24.2503662109375
1,42,150,174.87202,24.872024536132812,24.872024536132812
1,43,149,170.51735,21.517349243164062,21.517349243164062
1,44,148,184.08034,36.08033752441406,36.08033752441406
1,45,147,168.3496,21.349594116210938,21.349594116210938
1,46,146,170.81352,24.813522338867188,24.813522338867188
1,47,145,165.84967,20.84967041015625,20.84967041015625
1,48,144,160.41089,16.410888671875,16.410888671875
1,49,143,166.36346,23.36346435546875,23.36346435546875
1,50,142,160.6246,18.624603271484375,18.624603271484375
1,51,141,170.67223,29.672225952148438,29.672225952148438
1,52,140,172.44,32.44000244140625,32.44000244140625
1,53,139,170.95418,31.954177856445312,31.954177856445312
1,54,138,160.05089,22.050888061523438,22.050888061523438
1,55,137,165.09756,28.097564697265625,28.097564697265625
1,56,136,171.59776,35.59776306152344,35.59776306152344
1,57,135,162.94246,27.942459106445312,27.942459106445312
1,58,134,175.25035,41.25035095214844,41.25035095214844
1,59,133,165.0551,32.05509948730469,32.05509948730469
1,60,132,185.5795,53.579498291015625,53.579498291015625
1,61,131,175.31496,44.31495666503906,44.31495666503906
1,62,130,176.97145,46.97145080566406,46.97145080566406
1,63,129,163.93852,34.93852233886719,34.93852233886719
1,64,128,159.95473,31.954727172851562,31.954727172851562
1,65,127,149.50761,22.507614135742188,22.507614135742188
1,66,126,145.19409,19.194091796875,19.194091796875
1,67,125,151.82037,26.82037353515625,26.82037353515625
1,68,124,157.44638,33.446380615234375,33.446380615234375
1,69,123,148.14502,25.14501953125,25.14501953125
1,70,122,148.36444,26.36444091796875,26.36444091796875
1,71,121,152.06007,31.060073852539062,31.060073852539062
1,72,120,157.99187,37.99186706542969,37.99186706542969
1,73,119,167.08119,48.08119201660156,48.08119201660156
1,74,118,162.41975,44.41975402832031,44.41975402832031
1,75,117,157.32524,40.32524108886719,40.32524108886719
1,76,116,154.02708,38.02708435058594,38.02708435058594
1,77,115,168.69786,53.69786071777344,53.69786071777344
1,78,114,161.76749,47.767486572265625,47.767486572265625
1,79,113,153.9446,40.94459533691406,40.94459533691406
1,80,112,153.04782,41.047821044921875,41.047821044921875
1,81,111,137.68802,26.688018798828125,26.688018798828125
1,82,110,134.19926,24.199264526367188,24.199264526367188
1,83,109,135.55975,26.55975341796875,26.55975341796875
1,84,108,123.02986,15.029861450195312,15.029861450195312
1,85,107,127.230606,20.230606079101562,20.230606079101562
1,86,106,128.55035,22.55035400390625,22.55035400390625
1,87,105,131.26852,26.268524169921875,26.268524169921875
1,88,104,119.4111,15.411102294921875,15.411102294921875
1,89,103,112.279495,9.279495239257812,9.279495239257812
1,90,102,113.66619,11.666191101074219,11.666191101074219
1,91,101,116.00941,15.009407043457031,15.009407043457031
1,92,100,104.80933,4.809333801269531,4.809333801269531
1,93,99,107.8268,8.826797485351562,8.826797485351562
1,94,98,110.41424,12.414237976074219,12.414237976074219
1,95,97,118.31818,21.31817626953125,21.31817626953125
1,96,96,126.47373,30.473731994628906,30.473731994628906
1,97,95,123.04691,28.046913146972656,28.046913146972656
1,98,94,122.2354,28.235397338867188,28.235397338867188
1,99,93,118.236565,25.23656463623047,25.23656463623047
1,100,92,118.400116,26.400115966796875,26.400115966796875
1,101,91,132.11838,41.118377685546875,41.118377685546875
1,102,90,116.32558,26.325576782226562,26.325576782226562
1,103,89,122.04948,33.049476623535156,33.049476623535156
1,104,88,134.16449,46.16448974609375,46.16448974609375
1,105,87,131.16069,44.16069030761719,44.16069030761719
1,106,86,138.63895,52.638946533203125,52.638946533203125
1,107,85,143.28609,58.28608703613281,58.28608703613281
1,108,84,149.23637,65.23637390136719,65.23637390136719
1,109,83,143.92802,60.92802429199219,60.92802429199219
1,110,82,134.01195,52.01194763183594,52.01194763183594
1,111,81,129.05104,48.05104064941406,48.05104064941406
1,112,80,125.40466,45.4046630859375,45.4046630859375
1,113,79,122.94697,43.94696807861328,43.94696807861328
1,114,78,131.7709,53.770904541015625,53.770904541015625
1,115,77,124.05747,47.057472229003906,47.057472229003906
1,116,76,151.02138,75.02137756347656,75.02137756347656
1,117,75,155.53525,80.53524780273438,80.53524780273438
1,118,74,155.73724,81.73724365234375,81.73724365234375
1,119,73,149.46872,76.46871948242188,76.46871948242188
1,120,72,134.93459,62.93458557128906,62.93458557128906
1,121,71,133.21248,62.21247863769531,62.21247863769531
1,122,70,108.38145,38.381446838378906,38.381446838378906
1,123,69,91.713,22.712997436523438,22.712997436523438
1,124,68,109.345375,41.345375061035156,41.345375061035156
1,125,67,108.75223,41.752227783203125,41.752227783203125
1,126,66,110.86034,44.86033630371094,44.86033630371094
1,127,65,113.06644,48.066436767578125,48.066436767578125
1,128,64,123.50372,59.50372314453125,59.50372314453125
1,129,63,124.58149,61.58148956298828,61.58148956298828
1,130,62,128.09206,66.09205627441406,66.09205627441406
1,131,61,121.70185,60.70185089111328,60.70185089111328
1,132,60,118.00966,58.00965881347656,58.00965881347656
1,133,59,118.43709,59.43708801269531,59.43708801269531
1,134,58,111.80594,53.805938720703125,53.805938720703125
1,135,57,125.62351,68.6235122680664,68.6235122680664
1,136,56,135.23402,79.23402404785156,79.23402404785156
1,137,55,128.4392,73.43919372558594,73.43919372558594
1,138,54,119.378265,65.37826538085938,65.37826538085938
1,139,53,127.34987,74.34986877441406,74.34986877441406
1,140,52,124.56356,72.56356048583984,72.56356048583984
1,141,51,115.173744,64.17374420166016,64.17374420166016
1,142,50,129.78397,79.78396606445312,79.78396606445312
1,143,49,131.18663,82.18663024902344,82.18663024902344
1,144,48,123.3655,75.3655014038086,75.3655014038086
1,145,47,116.12454,69.12454223632812,69.12454223632812
1,146,46,83.76842,37.76841735839844,37.76841735839844
1,147,45,107.65404,62.65403747558594,62.65403747558594
1,148,44,87.76109,43.76109313964844,43.76109313964844
1,149,43,72.561874,29.561874389648438,29.561874389648438
1,150,42,67.15714,25.157142639160156,25.157142639160156
1,151,41,66.02727,25.027267456054688,25.027267456054688
1,152,40,47.089523,7.0895233154296875,7.0895233154296875
1,153,39,43.91833,4.918331146240234,4.918331146240234
1,154,38,32.954823,-5.045177459716797,5.045177459716797
1,155,37,27.534203,-9.465797424316406,9.465797424316406
1,156,36,40.102337,4.102336883544922,4.102336883544922
1,157,35,34.21404,-0.7859611511230469,0.7859611511230469
1,158,34,37.563107,3.5631065368652344,3.5631065368652344
1,159,33,46.962574,13.962574005126953,13.962574005126953
1,160,32,50.404034,18.404033660888672,18.404033660888672
1,161,31,58.455334,27.455333709716797,27.455333709716797
1,162,30,60.618984,30.61898422241211,30.61898422241211
1,163,29,40.07454,11.074539184570312,11.074539184570312
1,164,28,35.28876,7.288761138916016,7.288761138916016
1,165,27,39.45041,12.450408935546875,12.450408935546875
1,166,26,30.973383,4.973382949829102,4.973382949829102
1,167,25,30.152771,5.15277099609375,5.15277099609375
1,168,24,35.614548,11.614547729492188,11.614547729492188
1,169,23,34.676346,11.676345825195312,11.676345825195312
1,170,22,36.38244,14.382438659667969,14.382438659667969
1,171,21,37.414062,16.4140625,16.4140625
1,172,20,32.89669,12.896690368652344,12.896690368652344
1,173,19,26.689928,7.68992805480957,7.68992805480957
1,174,18,26.134659,8.134658813476562,8.134658813476562
1,175,17,17.944435,0.9444351196289062,0.9444351196289062
1,176,16,20.408527,4.408527374267578,4.408527374267578
1,177,15,24.181702,9.18170166015625,9.18170166015625
1,178,14,24.54035,10.540349960327148,10.540349960327148
1,179,13,26.366634,13.366634368896484,13.366634368896484
1,180,12,27.208242,15.208242416381836,15.208242416381836
1,181,11,23.850973,12.850973129272461,12.850973129272461
1,182,10,23.842337,13.842336654663086,13.842336654663086
1,183,9,21.284456,12.284456253051758,12.284456253051758
1,184,8,19.105389,11.105388641357422,11.105388641357422
1,185,7,13.538081,6.538081169128418,6.538081169128418
1,186,6,15.822687,9.822687149047852,9.822687149047852
1,187,5,12.441978,7.441978454589844,7.441978454589844
1,188,4,10.477569,6.477568626403809,6.477568626403809
1,189,3,9.619541,6.619541168212891,6.619541168212891
1,190,2,7.997592,5.997591972351074,5.997591972351074
1,191,1,3.2330086,2.233008623123169,2.233008623123169
1,192,0,7.9718313,7.971831321716309,7.971831321716309
5,1,268,192.70699,-75.29301452636719,75.29301452636719
5,2,267,197.53362,-69.46638488769531,69.46638488769531
5,3,266,189.6242,-76.37579345703125,76.37579345703125
5,4,265,204.9513,-60.0487060546875,60.0487060546875
5,5,264,201.18604,-62.81396484375,62.81396484375
5,6,263,197.987,-65.01300048828125,65.01300048828125
5,7,262,193.53632,-68.46368408203125,68.46368408203125
5,8,261,199.12347,-61.87652587890625,61.87652587890625
5,9,260,192.59521,-67.40478515625,67.40478515625
5,10,259,191.33084,-67.66915893554688,67.66915893554688
5,11,258,194.73427,-63.26573181152344,63.26573181152344
5,12,257,179.89055,-77.10945129394531,77.10945129394531
5,13,256,195.90184,-60.09815979003906,60.09815979003906
5,14,255,186.78888,-68.21112060546875,68.21112060546875
5,15,254,189.96938,-64.03062438964844,64.03062438964844
5,16,253,189.54552,-63.45448303222656,63.45448303222656
5,17,252,193.25383,-58.74617004394531,58.74617004394531
5,18,251,193.29839,-57.70161437988281,57.70161437988281
5,19,250,187.2821,-62.7178955078125,62.7178955078125
5,20,249,179.28249,-69.71751403808594,69.71751403808594
5,21,248,178.23747,-69.76252746582031,69.76252746582031
5,22,247,187.96927,-59.030731201171875,59.030731201171875
5,23,246,184.70781,-61.29219055175781,61.29219055175781
5,24,245,182.7651,-62.234893798828125,62.234893798828125
5,25,244,182.59718,-61.40281677246094,61.40281677246094
5,26,243,179.3174,-63.68260192871094,63.68260192871094
5,27,242,175.79198,-66.20802307128906,66.20802307128906
5,28,241,176.02534,-64.97465515136719,64.97465515136719
5,29,240,169.6381,-70.36189270019531,70.36189270019531
5,30,239,167.67456,-71.325439453125,71.325439453125
5,31,238,174.67798,-63.322021484375,63.322021484375
5,32,237,170.89491,-66.10508728027344,66.10508728027344
5,33,236,180.61555,-55.38444519042969,55.38444519042969
5,34,235,179.16031,-55.839691162109375,55.839691162109375
5,35,234,180.7228,-53.27720642089844,53.27720642089844
5,36,233,180.9212,-52.07879638671875,52.07879638671875
5,37,232,170.48222,-61.51777648925781,61.51777648925781
5,38,231,168.56375,-62.436248779296875,62.436248779296875
5,39,230,173.63725,-56.36274719238281,56.36274719238281
5,40,229,171.53143,-57.46856689453125,57.46856689453125
5,41,228,174.44943,-53.550567626953125,53.550567626953125
5,42,227,179.5785,-47.42149353027344,47.42149353027344
5,43,226,178.41727,-47.582733154296875,47.582733154296875
5,44,225,182.16788,-42.832122802734375,42.832122802734375
5,45,224,183.94978,-40.05021667480469,40.05021667480469
5,46,223,181.01808,-41.98191833496094,41.98191833496094
5,47,222,186.99794,-35.00205993652344,35.00205993652344
5,48,221,183.23792,-37.7620849609375,37.7620849609375
5,49,220,180.93607,-39.063934326171875,39.063934326171875
5,50,219,184.80827,-34.19172668457031,34.19172668457031
5,51,218,193.35704,-24.642959594726562,24.642959594726562
5,52,217,193.6904,-23.309600830078125,23.309600830078125
5,53,216,188.5457,-27.454299926757812,27.454299926757812
5,54,215,196.20932,-18.790679931640625,18.790679931640625
5,55,214,185.44936,-28.550643920898438,28.550643920898438
5,56,213,188.02638,-24.973617553710938,24.973617553710938
5,57,212,184.86072,-27.1392822265625,27.1392822265625
5,58,211,186.97049,-24.029510498046875,24.029510498046875
5,59,210,179.35298,-30.647018432617188,30.647018432617188
5,60,209,179.40121,-29.598785400390625,29.598785400390625
5,61,208,179.4178,-28.582199096679688,28.582199096679688
5,62,207,172.29843,-34.701568603515625,34.701568603515625
5,63,206,177.05508,-28.944915771484375,28.944915771484375
5,64,205,180.37111,-24.628890991210938,24.628890991210938
5,65,204,177.15704,-26.84295654296875,26.84295654296875
5,66,203,178.98402,-24.015975952148438,24.015975952148438
5,67,202,175.63232,-26.36767578125,26.36767578125
5,68,201,184.9483,-16.05169677734375,16.05169677734375
5,69,200,179.22607,-20.77392578125,20.77392578125
5,70,199,184.56468,-14.435317993164062,14.435317993164062
5,71,198,186.34148,-11.658523559570312,11.658523559570312
5,72,197,183.99376,-13.006240844726562,13.006240844726562
5,73,196,180.69818,-15.30181884765625,15.30181884765625
5,74,195,178.70847,-16.291534423828125,16.291534423828125
5,75,194,180.93448,-13.065521240234375,13.065521240234375
5,76,193,169.54396,-23.456039428710938,23.456039428710938
5,77,192,153.74298,-38.25701904296875,38.25701904296875
5,78,191,150.41663,-40.5833740234375,40.5833740234375
5,79,190,144.95241,-45.04759216308594,45.04759216308594
5,80,189,150.54675,-38.4532470703125,38.4532470703125
5,81,188,152.13492,-35.865081787109375,35.865081787109375
5,82,187,145.64253,-41.35746765136719,41.35746765136719
5,83,186,150.54045,-35.45954895019531,35.45954895019531
5,84,185,149.32156,-35.678436279296875,35.678436279296875
5,85,184,149.28458,-34.715423583984375,34.715423583984375
5,86,183,152.60252,-30.397476196289062,30.397476196289062
5,87,182,153.87357,-28.126434326171875,28.126434326171875
5,88,181,151.10065,-29.89935302734375,29.89935302734375
5,89,180,151.29034,-28.70965576171875,28.70965576171875
5,90,179,151.74348,-27.256515502929688,27.256515502929688
5,91,178,156.69641,-21.3035888671875,21.3035888671875
5,92,177,158.35843,-18.641571044921875,18.641571044921875
5,93,176,162.96017,-13.039825439453125,13.039825439453125
5,94,175,169.4597,-5.5402984619140625,5.5402984619140625
5,95,174,172.81195,-1.18804931640625,1.18804931640625
5,96,173,179.50378,6.5037841796875,6.5037841796875
5,97,172,187.32368,15.323684692382812,15.323684692382812
5,98,171,187.65216,16.65216064453125,16.65216064453125
5,99,170,191.4249,21.424896240234375,21.424896240234375
5,100,169,175.46051,6.46051025390625,6.46051025390625
5,101,168,179.85992,11.85992431640625,11.85992431640625
5,102,167,168.2726,1.2725982666015625,1.2725982666015625
5,103,166,164.13092,-1.86907958984375,1.86907958984375
5,104,165,160.61023,-4.3897705078125,4.3897705078125
5,105,164,153.0565,-10.943496704101562,10.943496704101562
5,106,163,161.22989,-1.770111083984375,1.770111083984375
5,107,162,157.92381,-4.0761871337890625,4.0761871337890625
5,108,161,164.92053,3.9205322265625,3.9205322265625
5,109,160,167.2697,7.2696990966796875,7.2696990966796875
5,110,159,159.86234,0.862335205078125,0.862335205078125
5,111,158,157.86092,-0.1390838623046875,0.1390838623046875
5,112,157,156.36397,-0.6360321044921875,0.6360321044921875
5,113,156,145.95744,-10.042556762695312,10.042556762695312
5,114,155,132.63158,-22.368423461914062,22.368423461914062
5,115,154,140.22269,-13.777313232421875,13.777313232421875
5,116,153,125.6535,-27.34649658203125,27.34649658203125
5,117,152,136.08354,-15.916458129882812,15.916458129882812
5,118,151,131.66405,-19.335952758789062,19.335952758789062
5,119,150,122.06282,-27.937179565429688,27.937179565429688
5,120,149,127.220604,-21.779396057128906,21.779396057128906
5,121,148,131.07205,-16.927947998046875,16.927947998046875
5,122,147,133.49425,-13.505752563476562,13.505752563476562
5,123,146,142.61548,-3.384521484375,3.384521484375
5,124,145,134.57904,-10.42095947265625,10.42095947265625
5,125,144,134.35475,-9.645248413085938,9.645248413085938
5,126,143,135.22565,-7.77435302734375,7.77435302734375
5,127,142,129.2891,-12.710906982421875,12.710906982421875
5,128,141,126.20381,-14.796188354492188,14.796188354492188
5,129,140,115.702705,-24.29729461669922,24.29729461669922
5,130,139,132.27846,-6.7215423583984375,6.7215423583984375
5,131,138,119.5037,-18.496299743652344,18.496299743652344
5,132,137,136.44077,-0.559234619140625,0.559234619140625
5,133,136,131.606,-4.3939971923828125,4.3939971923828125
5,134,135,121.938194,-13.061805725097656,13.061805725097656
5,135,134,128.91992,-5.080078125,5.080078125
5,136,133,128.32544,-4.674560546875,4.674560546875
5,137,132,114.98168,-17.01831817626953,17.01831817626953
5,138,131,122.96098,-8.039016723632812,8.039016723632812
5,139,130,117.98259,-12.017410278320312,12.017410278320312
5,140,129,117.2841,-11.715896606445312,11.715896606445312
5,141,128,117.42664,-10.573356628417969,10.573356628417969
5,142,127,114.959335,-12.040664672851562,12.040664672851562
5,143,126,125.638176,-0.36182403564453125,0.36182403564453125
5,144,125,124.458824,-0.5411758422851562,0.5411758422851562
5,145,124,107.69252,-16.307479858398438,16.307479858398438
5,146,123,103.26059,-19.739410400390625,19.739410400390625
5,147,122,100.276825,-21.723175048828125,21.723175048828125
5,148,121,110.47683,-10.523170471191406,10.523170471191406
5,149,120,115.47603,-4.5239715576171875,4.5239715576171875
5,150,119,109.37738,-9.62261962890625,9.62261962890625
5,151,118,109.86504,-8.134956359863281,8.134956359863281
5,152,117,102.92633,-14.07366943359375,14.07366943359375
5,153,116,97.34717,-18.65283203125,18.65283203125
5,154,115,99.563126,-15.436874389648438,15.436874389648438
5,155,114,93.85423,-20.145767211914062,20.145767211914062
5,156,113,85.3192,-27.680801391601562,27.680801391601562
5,157,112,89.476585,-22.523414611816406,22.523414611816406
5,158,111,82.24993,-28.75006866455078,28.75006866455078
5,159,110,87.813866,-22.186134338378906,22.186134338378906
5,160,109,84.55294,-24.447059631347656,24.447059631347656
5,161,108,79.89002,-28.10997772216797,28.10997772216797
5,162,107,89.93976,-17.06024169921875,17.06024169921875
5,163,106,81.52368,-24.476318359375,24.476318359375
5,164,105,77.62876,-27.371238708496094,27.371238708496094
5,165,104,75.63271,-28.367286682128906,28.367286682128906
5,166,103,74.662964,-28.3370361328125,28.3370361328125
5,167,102,74.48197,-27.518028259277344,27.518028259277344
5,168,101,70.31469,-30.68531036376953,30.68531036376953
5,169,100,70.45433,-29.545669555664062,29.545669555664062
5,170,99,66.52209,-32.47791290283203,32.47791290283203
5,171,98,65.64011,-32.359893798828125,32.359893798828125
5,172,97,68.14668,-28.853317260742188,28.853317260742188
5,173,96,77.55827,-18.441726684570312,18.441726684570312
5,174,95,80.52235,-14.477653503417969,14.477653503417969
5,175,94,90.461075,-3.5389251708984375,3.5389251708984375
5,176,93,84.3662,-8.633796691894531,8.633796691894531
5,177,92,85.87249,-6.127510070800781,6.127510070800781
5,178,91,72.46084,-18.539161682128906,18.539161682128906
5,179,90,80.5782,-9.421798706054688,9.421798706054688
5,180,89,85.40819,-3.5918121337890625,3.5918121337890625
5,181,88,76.49983,-11.500167846679688,11.500167846679688
5,182,87,77.055145,-9.944854736328125,9.944854736328125
5,183,86,75.54507,-10.454933166503906,10.454933166503906
5,184,85,81.03383,-3.9661712646484375,3.9661712646484375
5,185,84,80.49782,-3.5021820068359375,3.5021820068359375
5,186,83,77.95891,-5.0410919189453125,5.0410919189453125
5,187,82,68.55968,-13.440322875976562,13.440322875976562
5,188,81,68.86121,-12.138786315917969,12.138786315917969
5,189,80,70.65396,-9.346038818359375,9.346038818359375
5,190,79,73.32539,-5.6746063232421875,5.6746063232421875
5,191,78,72.00434,-5.995658874511719,5.995658874511719
5,192,77,68.21538,-8.784622192382812,8.784622192382812
5,193,76,62.514545,-13.485454559326172,13.485454559326172
5,194,75,68.64945,-6.350547790527344,6.350547790527344
5,195,74,69.831894,-4.1681060791015625,4.1681060791015625
5,196,73,66.398735,-6.601264953613281,6.601264953613281
5,197,72,60.74861,-11.251388549804688,11.251388549804688
5,198,71,64.483765,-6.5162353515625,6.5162353515625
5,199,70,62.70656,-7.2934417724609375,7.2934417724609375
5,200,69,72.55727,3.5572662353515625,3.5572662353515625
5,201,68,72.902626,4.902626037597656,4.902626037597656
5,202,67,53.749218,-13.250782012939453,13.250782012939453
5,203,66,53.255928,-12.744071960449219,12.744071960449219
5,204,65,63.817932,-1.18206787109375,1.18206787109375
5,205,64,62.64595,-1.3540496826171875,1.3540496826171875
5,206,63,61.385067,-1.6149330139160156,1.6149330139160156
5,207,62,57.123356,-4.876644134521484,4.876644134521484
5,208,61,64.3945,3.394500732421875,3.394500732421875
5,209,60,48.6906,-11.309398651123047,11.309398651123047
5,210,59,49.867054,-9.132946014404297,9.132946014404297
5,211,58,44.97167,-13.028331756591797,13.028331756591797
5,212,57,39.086723,-17.91327667236328,17.91327667236328
5,213,56,39.430748,-16.569252014160156,16.569252014160156
5,214,55,42.93986,-12.060138702392578,12.060138702392578
5,215,54,39.285385,-14.714614868164062,14.714614868164062
5,216,53,41.14683,-11.853168487548828,11.853168487548828
5,217,52,41.43053,-10.569469451904297,10.569469451904297
5,218,51,45.827595,-5.172405242919922,5.172405242919922
5,219,50,39.529682,-10.470317840576172,10.470317840576172
5,220,49,37.81651,-11.183490753173828,11.183490753173828
5,221,48,37.08946,-10.910541534423828,10.910541534423828
5,222,47,39.560642,-7.439357757568359,7.439357757568359
5,223,46,38.64982,-7.350181579589844,7.350181579589844
5,224,45,44.329033,-0.6709671020507812,0.6709671020507812
5,225,44,32.856884,-11.143115997314453,11.143115997314453
5,226,43,43.90672,0.9067192077636719,0.9067192077636719
5,227,42,39.711185,-2.2888145446777344,2.2888145446777344
5,228,41,41.706905,0.7069053649902344,0.7069053649902344
5,229,40,38.77735,-1.2226486206054688,1.2226486206054688
5,230,39,32.41954,-6.5804595947265625,6.5804595947265625
5,231,38,38.64779,0.6477890014648438,0.6477890014648438
5,232,37,35.80719,-1.19281005859375,1.19281005859375
5,233,36,28.999022,-7.000978469848633,7.000978469848633
5,234,35,32.488697,-2.511302947998047,2.511302947998047
5,235,34,30.089516,-3.9104843139648438,3.9104843139648438
5,236,33,31.99906,-1.0009403228759766,1.0009403228759766
5,237,32,30.016018,-1.9839820861816406,1.9839820861816406
5,238,31,26.778982,-4.221017837524414,4.221017837524414
5,239,30,28.49225,-1.5077495574951172,1.5077495574951172
5,240,29,26.507301,-2.4926986694335938,2.4926986694335938
5,241,28,30.386396,2.3863964080810547,2.3863964080810547
5,242,27,22.461056,-4.538944244384766,4.538944244384766
5,243,26,18.782278,-7.217721939086914,7.217721939086914
5,244,25,23.882082,-1.1179180145263672,1.1179180145263672
5,245,24,21.139683,-2.8603172302246094,2.8603172302246094
5,246,23,15.9571085,-7.042891502380371,7.042891502380371
5,247,22,17.090935,-4.909065246582031,4.909065246582031
5,248,21,18.643717,-2.356283187866211,2.356283187866211
5,249,20,13.360641,-6.639359474182129,6.639359474182129
5,250,19,15.026517,-3.973483085632324,3.973483085632324
5,251,18,16.704323,-1.2956771850585938,1.2956771850585938
5,252,17,15.575713,-1.4242868423461914,1.4242868423461914
5,253,16,11.040631,-4.959368705749512,4.959368705749512
5,254,15,10.879655,-4.120345115661621,4.120345115661621
5,255,14,12.879341,-1.1206588745117188,1.1206588745117188
5,256,13,5.489023,-7.510976791381836,7.510976791381836
5,257,12,3.5503802,-8.449619770050049,8.449619770050049
5,258,11,3.9551022,-7.044897794723511,7.044897794723511
5,259,10,2.162402,-7.837598085403442,7.837598085403442
5,260,9,2.013432,-6.986567974090576,6.986567974090576
5,261,8,3.7376914,-4.262308597564697,4.262308597564697
5,262,7,2.3922687,-4.607731342315674,4.607731342315674
5,263,6,1.6533182,-4.346681833267212,4.346681833267212
5,264,5,3.4260871,-1.5739128589630127,1.5739128589630127
5,265,4,0.8822129,-3.1177871227264404,3.1177871227264404
5,266,3,4.6831317,1.6831316947937012,1.6831316947937012
5,267,2,0.940183,-1.0598170161247253,1.0598170161247253
5,268,1,0.58006495,-0.41993504762649536,0.41993504762649536
5,269,0,0.38264468,0.3826446831226349,0.3826446831226349
11,1,239,191.1965,-47.803497314453125,47.803497314453125
11,2,238,201.34297,-36.65702819824219,36.65702819824219
11,3,237,196.5336,-40.466400146484375,40.466400146484375
11,4,236,176.88272,-59.117279052734375,59.117279052734375
11,5,235,179.12067,-55.87933349609375,55.87933349609375
11,6,234,187.14798,-46.852020263671875,46.852020263671875
11,7,233,190.49591,-42.50408935546875,42.50408935546875
11,8,232,193.87051,-38.129486083984375,38.129486083984375
11,9,231,193.33643,-37.66357421875,37.66357421875
11,10,230,200.08887,-29.9111328125,29.9111328125
11,11,229,195.07425,-33.925750732421875,33.925750732421875
11,12,228,185.86641,-42.13359069824219,42.13359069824219
11,13,227,191.4816,-35.518402099609375,35.518402099609375
11,14,226,188.73354,-37.26646423339844,37.26646423339844
11,15,225,184.73357,-40.26643371582031,40.26643371582031
11,16,224,187.8884,-36.111602783203125,36.111602783203125
11,17,223,176.29068,-46.709320068359375,46.709320068359375
11,18,222,176.25916,-45.7408447265625,45.7408447265625
11,19,221,170.92017,-50.079833984375,50.079833984375
11,20,220,165.80595,-54.19404602050781,54.19404602050781
11,21,219,165.59933,-53.400665283203125,53.400665283203125
11,22,218,169.82526,-48.17474365234375,48.17474365234375
11,23,217,149.65085,-67.34915161132812,67.34915161132812
11,24,216,160.99881,-55.001190185546875,55.001190185546875
11,25,215,153.99217,-61.00782775878906,61.00782775878906
11,26,214,162.63403,-51.365966796875,51.365966796875
11,27,213,165.83095,-47.16905212402344,47.16905212402344
11,28,212,164.06996,-47.93003845214844,47.93003845214844
11,29,211,168.57492,-42.425079345703125,42.425079345703125
11,30,210,154.08774,-55.912261962890625,55.912261962890625
11,31,209,157.78598,-51.214019775390625,51.214019775390625
11,32,208,155.63156,-52.368438720703125,52.368438720703125
11,33,207,151.8652,-55.134796142578125,55.134796142578125
11,34,206,158.50526,-47.49473571777344,47.49473571777344
11,35,205,168.12949,-36.870513916015625,36.870513916015625
11,36,204,160.24133,-43.7586669921875,43.7586669921875
11,37,203,176.83868,-26.16131591796875,26.16131591796875
11,38,202,169.066,-32.93400573730469,32.93400573730469
11,39,201,176.5255,-24.474502563476562,24.474502563476562
11,40,200,164.74402,-35.2559814453125,35.2559814453125
11,41,199,173.28415,-25.715850830078125,25.715850830078125
11,42,198,164.92152,-33.07847595214844,33.07847595214844
11,43,197,165.59445,-31.405548095703125,31.405548095703125
11,44,196,170.89926,-25.100738525390625,25.100738525390625
11,45,195,179.46812,-15.531875610351562,15.531875610351562
11,46,194,175.57239,-18.4276123046875,18.4276123046875
11,47,193,177.61545,-15.384552001953125,15.384552001953125
11,48,192,174.66441,-17.335586547851562,17.335586547851562
11,49,191,172.41885,-18.581146240234375,18.581146240234375
11,50,190,165.68932,-24.310684204101562,24.310684204101562
11,51,189,174.16336,-14.836639404296875,14.836639404296875
11,52,188,169.52092,-18.479080200195312,18.479080200195312
11,53,187,170.11435,-16.885650634765625,16.885650634765625
11,54,186,163.38335,-22.616653442382812,22.616653442382812
11,55,185,162.47104,-22.528961181640625,22.528961181640625
11,56,184,157.07542,-26.924575805664062,26.924575805664062
11,57,183,153.77397,-29.226028442382812,29.226028442382812
11,58,182,153.52115,-28.478851318359375,28.478851318359375
11,59,181,152.7875,-28.212493896484375,28.212493896484375
11,60,180,155.0889,-24.911102294921875,24.911102294921875
11,61,179,153.41473,-25.58526611328125,25.58526611328125
11,62,178,172.87811,-5.12188720703125,5.12188720703125
11,63,177,169.90182,-7.098175048828125,7.098175048828125
11,64,176,169.96107,-6.0389251708984375,6.0389251708984375
11,65,175,174.30563,-0.694366455078125,0.694366455078125
11,66,174,160.86623,-13.133773803710938,13.133773803710938
11,67,173,162.98651,-10.01348876953125,10.01348876953125
11,68,172,148.8372,-23.162796020507812,23.162796020507812
11,69,171,144.65259,-26.347412109375,26.347412109375
11,70,170,143.9653,-26.034698486328125,26.034698486328125
11,71,169,155.27158,-13.728424072265625,13.728424072265625
11,72,168,157.76959,-10.23040771484375,10.23040771484375
11,73,167,152.58777,-14.4122314453125,14.4122314453125
11,74,166,148.01683,-17.983169555664062,17.983169555664062
11,75,165,147.08752,-17.9124755859375,17.9124755859375
11,76,164,150.6559,-13.344100952148438,13.344100952148438
11,77,163,147.27444,-15.725555419921875,15.725555419921875
11,78,162,141.29887,-20.701126098632812,20.701126098632812
11,79,161,153.43285,-7.5671539306640625,7.5671539306640625
11,80,160,164.04774,4.0477447509765625,4.0477447509765625
11,81,159,165.37619,6.376190185546875,6.376190185546875
11,82,158,166.97931,8.97930908203125,8.97930908203125
11,83,157,169.23462,12.234619140625,12.234619140625
11,84,156,158.20439,2.2043914794921875,2.2043914794921875
11,85,155,144.03487,-10.965133666992188,10.965133666992188
11,86,154,145.69057,-8.309432983398438,8.309432983398438
11,87,153,155.73253,2.7325286865234375,2.7325286865234375
11,88,152,136.22044,-15.779556274414062,15.779556274414062
11,89,151,131.41568,-19.584320068359375,19.584320068359375
11,90,150,136.00801,-13.991989135742188,13.991989135742188
11,91,149,132.62622,-16.373779296875,16.373779296875
11,92,148,135.10675,-12.89324951171875,12.89324951171875
11,93,147,118.86307,-28.136932373046875,28.136932373046875
11,94,146,123.84345,-22.15654754638672,22.15654754638672
11,95,145,134.3289,-10.671096801757812,10.671096801757812
11,96,144,128.38153,-15.61846923828125,15.61846923828125
11,97,143,135.5495,-7.45050048828125,7.45050048828125
11,98,142,137.26666,-4.73333740234375,4.73333740234375
11,99,141,140.68533,-0.314666748046875,0.314666748046875
11,100,140,128.08981,-11.910186767578125,11.910186767578125
11,101,139,128.87413,-10.125869750976562,10.125869750976562
11,102,138,129.95895,-8.041046142578125,8.041046142578125
11,103,137,128.17061,-8.829391479492188,8.829391479492188
11,104,136,123.61181,-12.388191223144531,12.388191223144531
11,105,135,113.69755,-21.302452087402344,21.302452087402344
11,106,134,118.28868,-15.711318969726562,15.711318969726562
11,107,133,115.17107,-17.828933715820312,17.828933715820312
11,108,132,108.69775,-23.30225372314453,23.30225372314453
11,109,131,116.36836,-14.631637573242188,14.631637573242188
11,110,130,113.222824,-16.777175903320312,16.777175903320312
11,111,129,122.039185,-6.9608154296875,6.9608154296875
11,112,128,111.12652,-16.87348175048828,16.87348175048828
11,113,127,111.42935,-15.570648193359375,15.570648193359375
11,114,126,112.64215,-13.35784912109375,13.35784912109375
11,115,125,122.2269,-2.773101806640625,2.773101806640625
11,116,124,112.84282,-11.157180786132812,11.157180786132812
11,117,123,114.53877,-8.461227416992188,8.461227416992188
11,118,122,100.97157,-21.028427124023438,21.028427124023438
11,119,121,94.44179,-26.558212280273438,26.558212280273438
11,120,120,99.547516,-20.452484130859375,20.452484130859375
11,121,119,99.158264,-19.84173583984375,19.84173583984375
11,122,118,97.926125,-20.073875427246094,20.073875427246094
11,123,117,96.663994,-20.33600616455078,20.33600616455078
11,124,116,81.25649,-34.743507385253906,34.743507385253906
11,125,115,82.9329,-32.067100524902344,32.067100524902344
11,126,114,94.22485,-19.775146484375,19.775146484375
11,127,113,88.35773,-24.64227294921875,24.64227294921875
11,128,112,86.19966,-25.800338745117188,25.800338745117188
11,129,111,89.98736,-21.01264190673828,21.01264190673828
11,130,110,102.080124,-7.9198760986328125,7.9198760986328125
11,131,109,92.54042,-16.459579467773438,16.459579467773438
11,132,108,100.90462,-7.0953826904296875,7.0953826904296875
11,133,107,106.186676,-0.813323974609375,0.813323974609375
11,134,106,116.49435,10.494346618652344,10.494346618652344
11,135,105,105.53571,0.5357131958007812,0.5357131958007812
11,136,104,103.56981,-0.4301910400390625,0.4301910400390625
11,137,103,110.19048,7.190483093261719,7.190483093261719
11,138,102,112.00007,10.000068664550781,10.000068664550781
11,139,101,126.337105,25.33710479736328,25.33710479736328
11,140,100,129.83041,29.830413818359375,29.830413818359375
11,141,99,119.17161,20.171607971191406,20.171607971191406
11,142,98,127.501465,29.50146484375,29.50146484375
11,143,97,115.291336,18.291336059570312,18.291336059570312
11,144,96,122.16406,26.1640625,26.1640625
11,145,95,120.09577,25.09577178955078,25.09577178955078
11,146,94,106.52994,12.529937744140625,12.529937744140625
11,147,93,94.76943,1.7694320678710938,1.7694320678710938
11,148,92,105.18056,13.180557250976562,13.180557250976562
11,149,91,93.56598,2.56597900390625,2.56597900390625
11,150,90,93.36531,3.3653106689453125,3.3653106689453125
11,151,89,100.7773,11.777297973632812,11.777297973632812
11,152,88,108.451744,20.451744079589844,20.451744079589844
11,153,87,109.73534,22.735336303710938,22.735336303710938
11,154,86,124.22449,38.2244873046875,38.2244873046875
11,155,85,132.23245,47.232452392578125,47.232452392578125
11,156,84,97.69618,13.696182250976562,13.696182250976562
11,157,83,93.65173,10.6517333984375,10.6517333984375
11,158,82,106.01559,24.015586853027344,24.015586853027344
11,159,81,92.29203,11.292030334472656,11.292030334472656
11,160,80,89.373344,9.373344421386719,9.373344421386719
11,161,79,93.981064,14.981063842773438,14.981063842773438
11,162,78,84.924484,6.9244842529296875,6.9244842529296875
11,163,77,96.41884,19.418838500976562,19.418838500976562
11,164,76,91.329765,15.329765319824219,15.329765319824219
11,165,75,67.28256,-7.717437744140625,7.717437744140625
11,166,74,68.818634,-5.181365966796875,5.181365966796875
11,167,73,71.69536,-1.3046417236328125,1.3046417236328125
11,168,72,63.100796,-8.89920425415039,8.89920425415039
11,169,71,64.99562,-6.0043792724609375,6.0043792724609375
11,170,70,58.91106,-11.088939666748047,11.088939666748047
11,171,69,71.61071,2.6107101440429688,2.6107101440429688
11,172,68,67.35229,-0.6477127075195312,0.6477127075195312
11,173,67,73.70908,6.709083557128906,6.709083557128906
11,174,66,81.00585,15.005851745605469,15.005851745605469
11,175,65,74.12931,9.129310607910156,9.129310607910156
11,176,64,65.27519,1.2751922607421875,1.2751922607421875
11,177,63,80.13809,17.138092041015625,17.138092041015625
11,178,62,87.73795,25.737953186035156,25.737953186035156
11,179,61,68.62056,7.6205596923828125,7.6205596923828125
11,180,60,70.27783,10.27783203125,10.27783203125
11,181,59,61.885967,2.885967254638672,2.885967254638672
11,182,58,64.24783,6.247833251953125,6.247833251953125
11,183,57,66.96539,9.96539306640625,9.96539306640625
11,184,56,65.47932,9.479316711425781,9.479316711425781
11,185,55,52.67999,-2.3200111389160156,2.3200111389160156
11,186,54,56.21931,2.219310760498047,2.219310760498047
11,187,53,59.951485,6.951484680175781,6.951484680175781
11,188,52,55.966602,3.966602325439453,3.966602325439453
11,189,51,47.703354,-3.2966461181640625,3.2966461181640625
11,190,50,45.249943,-4.750057220458984,4.750057220458984
11,191,49,57.723618,8.723617553710938,8.723617553710938
11,192,48,56.81808,8.81808090209961,8.81808090209961
11,193,47,56.018856,9.018856048583984,9.018856048583984
11,194,46,48.66085,2.6608505249023438,2.6608505249023438
11,195,45,35.212013,-9.787986755371094,9.787986755371094
11,196,44,32.514496,-11.485504150390625,11.485504150390625
11,197,43,32.892452,-10.107547760009766,10.107547760009766
11,198,42,32.875324,-9.124675750732422,9.124675750732422
11,199,41,33.912422,-7.087577819824219,7.087577819824219
11,200,40,37.054585,-2.945415496826172,2.945415496826172
11,201,39,33.83432,-5.165679931640625,5.165679931640625
11,202,38,36.975666,-1.0243339538574219,1.0243339538574219
11,203,37,30.766315,-6.233684539794922,6.233684539794922
11,204,36,34.23914,-1.7608604431152344,1.7608604431152344
11,205,35,24.055584,-10.944416046142578,10.944416046142578
11,206,34,21.095499,-12.904500961303711,12.904500961303711
11,207,33,26.927792,-6.072208404541016,6.072208404541016
11,208,32,20.093275,-11.90672492980957,11.90672492980957
11,209,31,23.46034,-7.53965950012207,7.53965950012207
11,210,30,19.462435,-10.537565231323242,10.537565231323242
11,211,29,23.014456,-5.985544204711914,5.985544204711914
11,212,28,25.557016,-2.442983627319336,2.442983627319336
11,213,27,21.326254,-5.673746109008789,5.673746109008789
11,214,26,23.8014,-2.1986007690429688,2.1986007690429688
11,215,25,27.570148,2.570148468017578,2.570148468017578
11,216,24,27.207071,3.207071304321289,3.207071304321289
11,217,23,26.638134,3.638134002685547,3.638134002685547
11,218,22,24.099478,2.099477767944336,2.099477767944336
11,219,21,23.87606,2.8760604858398438,2.8760604858398438
11,220,20,25.403234,5.403234481811523,5.403234481811523
11,221,19,21.808584,2.808584213256836,2.808584213256836
11,222,18,20.073072,2.0730724334716797,2.0730724334716797
11,223,17,20.485117,3.485116958618164,3.485116958618164
11,224,16,21.371918,5.371917724609375,5.371917724609375
11,225,15,15.776986,0.7769861221313477,0.7769861221313477
11,226,14,14.775695,0.7756948471069336,0.7756948471069336
11,227,13,13.69098,0.6909799575805664,0.6909799575805664
11,228,12,12.755422,0.7554216384887695,0.7554216384887695
11,229,11,8.470603,-2.5293970108032227,2.5293970108032227
11,230,10,7.0493226,-2.9506773948669434,2.9506773948669434
11,231,9,10.707157,1.7071571350097656,1.7071571350097656
11,232,8,10.285726,2.2857255935668945,2.2857255935668945
11,233,7,11.548021,4.54802131652832,4.54802131652832
11,234,6,13.335584,7.335583686828613,7.335583686828613
11,235,5,12.9752035,7.975203514099121,7.975203514099121
11,236,4,11.053119,7.053118705749512,7.053118705749512
11,237,3,10.721375,7.721375465393066,7.721375465393066
11,238,2,5.76136,3.7613601684570312,3.7613601684570312
11,239,1,3.7127044,2.7127044200897217,2.7127044200897217
11,240,0,4.2480845,4.248084545135498,4.248084545135498
13,1,162,182.57703,20.5770263671875,20.5770263671875
13,2,161,217.97554,56.97554016113281,56.97554016113281
13,3,160,174.86792,14.867919921875,14.867919921875
13,4,159,160.42387,1.4238739013671875,1.4238739013671875
13,5,158,151.1877,-6.8123016357421875,6.8123016357421875
13,6,157,153.3982,-3.601806640625,3.601806640625
13,7,156,150.35414,-5.6458587646484375,5.6458587646484375
13,8,155,141.01028,-13.989715576171875,13.989715576171875
13,9,154,133.53842,-20.461578369140625,20.461578369140625
13,10,153,128.59541,-24.404586791992188,24.404586791992188
13,11,152,144.339,-7.6609954833984375,7.6609954833984375
13,12,151,145.12793,-5.8720703125,5.8720703125
13,13,150,131.26561,-18.734390258789062,18.734390258789062
13,14,149,131.99187,-17.008132934570312,17.008132934570312
13,15,148,144.8346,-3.1654052734375,3.1654052734375
13,16,147,143.47171,-3.528289794921875,3.528289794921875
13,17,146,145.05334,-0.9466552734375,0.9466552734375
13,18,145,141.3374,-3.66259765625,3.66259765625
13,19,144,148.4081,4.4080963134765625,4.4080963134765625
13,20,143,147.789,4.78900146484375,4.78900146484375
13,21,142,140.95639,-1.043609619140625,1.043609619140625
13,22,141,143.63019,2.63018798828125,2.63018798828125
13,23,140,140.90338,0.90338134765625,0.90338134765625
13,24,139,141.22469,2.2246856689453125,2.2246856689453125
13,25,138,140.59065,2.5906524658203125,2.5906524658203125
13,26,137,140.42044,3.420440673828125,3.420440673828125
13,27,136,130.01395,-5.986053466796875,5.986053466796875
13,28,135,137.68881,2.688812255859375,2.688812255859375
13,29,134,135.89459,1.89459228515625,1.89459228515625
13,30,133,131.47719,-1.5228118896484375,1.5228118896484375
13,31,132,138.09784,6.09783935546875,6.09783935546875
13,32,131,128.28886,-2.7111358642578125,2.7111358642578125
13,33,130,148.64557,18.64556884765625,18.64556884765625
13,34,129,148.2869,19.286895751953125,19.286895751953125
13,35,128,156.56386,28.563858032226562,28.563858032226562
13,36,127,153.68263,26.682632446289062,26.682632446289062
13,37,126,148.99185,22.991851806640625,22.991851806640625
13,38,125,151.64546,26.645462036132812,26.645462036132812
13,39,124,155.14601,31.146011352539062,31.146011352539062
13,40,123,138.79439,15.794387817382812,15.794387817382812
13,41,122,137.7374,15.737396240234375,15.737396240234375
13,42,121,140.0012,19.001205444335938,19.001205444335938
13,43,120,141.98102,21.98101806640625,21.98101806640625
13,44,119,134.34851,15.3485107421875,15.3485107421875
13,45,118,147.8159,29.815902709960938,29.815902709960938
13,46,117,135.88759,18.887588500976562,18.887588500976562
13,47,116,143.31204,27.312042236328125,27.312042236328125
13,48,115,139.05768,24.05767822265625,24.05767822265625
13,49,114,136.58327,22.583267211914062,22.583267211914062
13,50,113,118.47919,5.47918701171875,5.47918701171875
13,51,112,137.6887,25.688705444335938,25.688705444335938
13,52,111,133.13177,22.13177490234375,22.13177490234375
13,53,110,128.96935,18.969345092773438,18.969345092773438
13,54,109,127.801704,18.80170440673828,18.80170440673828
13,55,108,127.29601,19.29601287841797,19.29601287841797
13,56,107,130.4038,23.403793334960938,23.403793334960938
13,57,106,128.65555,22.655548095703125,22.655548095703125
13,58,105,127.037766,22.037765502929688,22.037765502929688
13,59,104,126.76269,22.76268768310547,22.76268768310547
13,60,103,124.981804,21.98180389404297,21.98180389404297
13,61,102,116.41728,14.417282104492188,14.417282104492188
13,62,101,119.74595,18.745948791503906,18.745948791503906
13,63,100,124.96393,24.96392822265625,24.96392822265625
13,64,99,122.15942,23.15941619873047,23.15941619873047
13,65,98,121.53564,23.53563690185547,23.53563690185547
13,66,97,117.43927,20.43927001953125,20.43927001953125
13,67,96,109.65911,13.659111022949219,13.659111022949219
13,68,95,103.540436,8.540435791015625,8.540435791015625
13,69,94,110.03977,16.039772033691406,16.039772033691406
13,70,93,109.060646,16.060646057128906,16.060646057128906
13,71,92,100.06697,8.066970825195312,8.066970825195312
13,72,91,99.74461,8.744613647460938,8.744613647460938
13,73,90,104.008736,14.008735656738281,14.008735656738281
13,74,89,101.716255,12.716255187988281,12.716255187988281
13,75,88,95.42726,7.4272613525390625,7.4272613525390625
13,76,87,96.06987,9.069869995117188,9.069869995117188
13,77,86,110.09997,24.09996795654297,24.09996795654297
13,78,85,109.402115,24.402114868164062,24.402114868164062
13,79,84,109.458015,25.45801544189453,25.45801544189453
13,80,83,109.67818,26.678176879882812,26.678176879882812
13,81,82,115.4506,33.450599670410156,33.450599670410156
13,82,81,108.23745,27.237449645996094,27.237449645996094
13,83,80,101.92134,21.921340942382812,21.921340942382812
13,84,79,113.12586,34.12586212158203,34.12586212158203
13,85,78,103.81937,25.819366455078125,25.819366455078125
13,86,77,109.13128,32.13127899169922,32.13127899169922
13,87,76,102.11135,26.111351013183594,26.111351013183594
13,88,75,107.86186,32.86186218261719,32.86186218261719
13,89,74,98.58219,24.582191467285156,24.582191467285156
13,90,73,88.30172,15.301719665527344,15.301719665527344
13,91,72,87.03721,15.037208557128906,15.037208557128906
13,92,71,93.819664,22.819664001464844,22.819664001464844
13,93,70,87.09605,17.096046447753906,17.096046447753906
13,94,69,76.14299,7.1429901123046875,7.1429901123046875
13,95,68,63.336018,-4.663982391357422,4.663982391357422
13,96,67,65.791176,-1.2088241577148438,1.2088241577148438
13,97,66,61.707554,-4.292446136474609,4.292446136474609
13,98,65,64.14964,-0.8503570556640625,0.8503570556640625
13,99,64,63.054768,-0.9452323913574219,0.9452323913574219
13,100,63,59.14892,-3.8510818481445312,3.8510818481445312
13,101,62,54.120174,-7.879825592041016,7.879825592041016
13,102,61,67.57145,6.571449279785156,6.571449279785156
13,103,60,63.624958,3.624958038330078,3.624958038330078
13,104,59,76.32121,17.321212768554688,17.321212768554688
13,105,58,56.805405,-1.1945953369140625,1.1945953369140625
13,106,57,56.075584,-0.9244155883789062,0.9244155883789062
13,107,56,57.498283,1.4982833862304688,1.4982833862304688
13,108,55,50.330097,-4.669902801513672,4.669902801513672
13,109,54,54.862125,0.8621253967285156,0.8621253967285156
13,110,53,45.688705,-7.3112945556640625,7.3112945556640625
13,111,52,57.430206,5.430206298828125,5.430206298828125
13,112,51,49.44903,-1.5509681701660156,1.5509681701660156
13,113,50,44.86461,-5.1353912353515625,5.1353912353515625
13,114,49,50.61473,1.6147308349609375,1.6147308349609375
13,115,48,50.5735,2.5735015869140625,2.5735015869140625
13,116,47,47.62888,0.6288795471191406,0.6288795471191406
13,117,46,52.10138,6.10137939453125,6.10137939453125
13,118,45,47.389236,2.3892364501953125,2.3892364501953125
13,119,44,52.777576,8.777576446533203,8.777576446533203
13,120,43,62.42157,19.42156982421875,19.42156982421875
13,121,42,57.945145,15.945144653320312,15.945144653320312
13,122,41,54.298534,13.298534393310547,13.298534393310547
13,123,40,56.234577,16.234577178955078,16.234577178955078
13,124,39,51.35249,12.352489471435547,12.352489471435547
13,125,38,49.118423,11.118423461914062,11.118423461914062
13,126,37,50.877605,13.877605438232422,13.877605438232422
13,127,36,51.963947,15.963947296142578,15.963947296142578
13,128,35,52.501633,17.501632690429688,17.501632690429688
13,129,34,48.80335,14.803348541259766,14.803348541259766
13,130,33,55.021393,22.021392822265625,22.021392822265625
13,131,32,43.385635,11.385635375976562,11.385635375976562
13,132,31,42.341038,11.34103775024414,11.34103775024414
13,133,30,39.63309,9.63309097290039,9.63309097290039
13,134,29,38.6643,9.664299011230469,9.664299011230469
13,135,28,36.718628,8.7186279296875,8.7186279296875
13,136,27,35.37059,8.370590209960938,8.370590209960938
13,137,26,37.46662,11.466621398925781,11.466621398925781
13,138,25,33.028374,8.028373718261719,8.028373718261719
13,139,24,34.559444,10.559444427490234,10.559444427490234
13,140,23,29.024279,6.02427864074707,6.02427864074707
13,141,22,28.421453,6.421453475952148,6.421453475952148
13,142,21,25.92413,4.924129486083984,4.924129486083984
13,143,20,29.017014,9.017013549804688,9.017013549804688
13,144,19,27.017387,8.017387390136719,8.017387390136719
13,145,18,24.880629,6.88062858581543,6.88062858581543
13,146,17,24.917494,7.91749382019043,7.91749382019043
13,147,16,21.791931,5.79193115234375,5.79193115234375
13,148,15,23.670418,8.670417785644531,8.670417785644531
13,149,14,21.12972,7.129720687866211,7.129720687866211
13,150,13,20.158758,7.158758163452148,7.158758163452148
13,151,12,20.70186,8.701860427856445,8.701860427856445
13,152,11,18.575245,7.575244903564453,7.575244903564453
13,153,10,15.872424,5.872424125671387,5.872424125671387
13,154,9,16.05579,7.055789947509766,7.055789947509766
13,155,8,13.940586,5.940586090087891,5.940586090087891
13,156,7,9.939871,2.939870834350586,2.939870834350586
13,157,6,10.579406,4.579405784606934,4.579405784606934
13,158,5,6.967917,1.9679169654846191,1.9679169654846191
13,159,4,6.3298874,2.3298873901367188,2.3298873901367188
13,160,3,6.166487,3.166487216949463,3.166487216949463
13,161,2,3.8125353,1.812535285949707,1.812535285949707
13,162,1,1.5990535,0.5990535020828247,0.5990535020828247
13,163,0,1.3070816,1.3070815801620483,1.3070815801620483
19,1,157,180.68602,23.686019897460938,23.686019897460938
19,2,156,122.28704,-33.71295928955078,33.71295928955078
19,3,155,155.08398,0.083984375,0.083984375
19,4,154,164.36662,10.366622924804688,10.366622924804688
19,5,153,188.47313,35.47312927246094,35.47312927246094
19,6,152,178.56477,26.564773559570312,26.564773559570312
19,7,151,171.52074,20.520736694335938,20.520736694335938
19,8,150,152.68231,2.68231201171875,2.68231201171875
19,9,149,141.69537,-7.30462646484375,7.30462646484375
19,10,148,152.12675,4.1267547607421875,4.1267547607421875
19,11,147,131.34077,-15.659225463867188,15.659225463867188
19,12,146,131.8846,-14.115402221679688,14.115402221679688
19,13,145,125.00741,-19.992591857910156,19.992591857910156
19,14,144,125.81011,-18.18988800048828,18.18988800048828
19,15,143,139.59116,-3.408843994140625,3.408843994140625
19,16,142,129.6752,-12.324798583984375,12.324798583984375
19,17,141,139.10835,-1.8916473388671875,1.8916473388671875
19,18,140,135.19617,-4.8038330078125,4.8038330078125
19,19,139,141.16486,2.16485595703125,2.16485595703125
19,20,138,141.16101,3.1610107421875,3.1610107421875
19,21,137,142.62077,5.6207733154296875,5.6207733154296875
19,22,136,160.04987,24.04986572265625,24.04986572265625
19,23,135,154.68948,19.689483642578125,19.689483642578125
19,24,134,149.30537,15.305374145507812,15.305374145507812
19,25,133,153.93488,20.93487548828125,20.93487548828125
19,26,132,140.50058,8.500579833984375,8.500579833984375
19,27,131,144.48381,13.483810424804688,13.483810424804688
19,28,130,130.33827,0.3382720947265625,0.3382720947265625
19,29,129,137.19376,8.193756103515625,8.193756103515625
19,30,128,135.96461,7.9646148681640625,7.9646148681640625
19,31,127,124.67361,-2.3263931274414062,2.3263931274414062
19,32,126,109.74272,-16.257278442382812,16.257278442382812
19,33,125,114.13418,-10.865821838378906,10.865821838378906
19,34,124,116.09066,-7.909339904785156,7.909339904785156
19,35,123,119.13054,-3.8694610595703125,3.8694610595703125
19,36,122,110.36388,-11.636123657226562,11.636123657226562
19,37,121,114.47271,-6.527290344238281,6.527290344238281
19,38,120,110.15108,-9.848922729492188,9.848922729492188
19,39,119,112.22537,-6.774627685546875,6.774627685546875
19,40,118,118.7783,0.7782974243164062,0.7782974243164062
19,41,117,109.7218,-7.2781982421875,7.2781982421875
19,42,116,124.77005,8.770050048828125,8.770050048828125
19,43,115,127.30504,12.305038452148438,12.305038452148438
19,44,114,141.04356,27.043563842773438,27.043563842773438
19,45,113,156.28212,43.28211975097656,43.28211975097656
19,46,112,153.88396,41.88395690917969,41.88395690917969
19,47,111,161.15646,50.156463623046875,50.156463623046875
19,48,110,152.70242,42.702423095703125,42.702423095703125
19,49,109,157.13849,48.13848876953125,48.13848876953125
19,50,108,157.83868,49.83868408203125,49.83868408203125
19,51,107,161.38728,54.38728332519531,54.38728332519531
19,52,106,162.44952,56.44952392578125,56.44952392578125
19,53,105,162.49045,57.490447998046875,57.490447998046875
19,54,104,147.60141,43.601409912109375,43.601409912109375
19,55,103,142.7369,39.73689270019531,39.73689270019531
19,56,102,134.62067,32.62066650390625,32.62066650390625
19,57,101,136.3207,35.32069396972656,35.32069396972656
19,58,100,132.63483,32.63482666015625,32.63482666015625
19,59,99,124.660645,25.66064453125,25.66064453125
19,60,98,132.29536,34.29536437988281,34.29536437988281
19,61,97,135.87038,38.87037658691406,38.87037658691406
19,62,96,132.47253,36.4725341796875,36.4725341796875
19,63,95,123.3179,28.317901611328125,28.317901611328125
19,64,94,130.91327,36.91326904296875,36.91326904296875
19,65,93,117.07705,24.077049255371094,24.077049255371094
19,66,92,134.69302,42.693023681640625,42.693023681640625
19,67,91,115.49725,24.49725341796875,24.49725341796875
19,68,90,117.69542,27.695419311523438,27.695419311523438
19,69,89,128.37115,39.37115478515625,39.37115478515625
19,70,88,121.51111,33.5111083984375,33.5111083984375
19,71,87,115.703705,28.703704833984375,28.703704833984375
19,72,86,120.465904,34.465904235839844,34.465904235839844
19,73,85,125.98634,40.98634338378906,40.98634338378906
19,74,84,119.09065,35.09065246582031,35.09065246582031
19,75,83,106.55628,23.55628204345703,23.55628204345703
19,76,82,111.62962,29.629623413085938,29.629623413085938
19,77,81,114.77135,33.77134704589844,33.77134704589844
19,78,80,104.539795,24.539794921875,24.539794921875
19,79,79,97.03441,18.034408569335938,18.034408569335938
19,80,78,87.40876,9.408760070800781,9.408760070800781
19,81,77,82.958206,5.9582061767578125,5.9582061767578125
19,82,76,61.350876,-14.649124145507812,14.649124145507812
19,83,75,71.91865,-3.0813522338867188,3.0813522338867188
19,84,74,90.56153,16.56153106689453,16.56153106689453
19,85,73,84.18828,11.188278198242188,11.188278198242188
19,86,72,82.16379,10.163787841796875,10.163787841796875
19,87,71,84.3614,13.361396789550781,13.361396789550781
19,88,70,75.93358,5.9335784912109375,5.9335784912109375
19,89,69,55.049065,-13.950935363769531,13.950935363769531
19,90,68,53.61324,-14.386760711669922,14.386760711669922
19,91,67,65.34427,-1.655731201171875,1.655731201171875
19,92,66,58.88019,-7.119808197021484,7.119808197021484
19,93,65,67.090836,2.0908355712890625,2.0908355712890625
19,94,64,61.733154,-2.266845703125,2.266845703125
19,95,63,51.907177,-11.092823028564453,11.092823028564453
19,96,62,43.233284,-18.76671600341797,18.76671600341797
19,97,61,39.643024,-21.356975555419922,21.356975555419922
19,98,60,40.50455,-19.49544906616211,19.49544906616211
19,99,59,43.27668,-15.723320007324219,15.723320007324219
19,100,58,42.200306,-15.799694061279297,15.799694061279297
19,101,57,43.665035,-13.334964752197266,13.334964752197266
19,102,56,58.309116,2.3091163635253906,2.3091163635253906
19,103,55,56.298332,1.2983322143554688,1.2983322143554688
19,104,54,48.725697,-5.274303436279297,5.274303436279297
19,105,53,46.113033,-6.886966705322266,6.886966705322266
19,106,52,48.231377,-3.7686233520507812,3.7686233520507812
19,107,51,53.077885,2.0778846740722656,2.0778846740722656
19,108,50,56.515137,6.51513671875,6.51513671875
19,109,49,49.632706,0.6327056884765625,0.6327056884765625
19,110,48,44.44812,-3.5518798828125,3.5518798828125
19,111,47,48.61218,1.6121788024902344,1.6121788024902344
19,112,46,46.62969,0.6296882629394531,0.6296882629394531
19,113,45,48.752987,3.7529869079589844,3.7529869079589844
19,114,44,44.255615,0.255615234375,0.255615234375
19,115,43,42.8963,-0.10369873046875,0.10369873046875
19,116,42,43.474342,1.4743423461914062,1.4743423461914062
19,117,41,44.984455,3.984455108642578,3.984455108642578
19,118,40,42.601017,2.6010169982910156,2.6010169982910156
19,119,39,41.43029,2.4302902221679688,2.4302902221679688
19,120,38,44.57674,6.576740264892578,6.576740264892578
19,121,37,38.71328,1.7132797241210938,1.7132797241210938
19,122,36,40.010098,4.010097503662109,4.010097503662109
19,123,35,38.043934,3.043933868408203,3.043933868408203
19,124,34,30.261612,-3.7383880615234375,3.7383880615234375
19,125,33,31.74382,-1.2561798095703125,1.2561798095703125
19,126,32,28.729069,-3.2709312438964844,3.2709312438964844
19,127,31,32.295532,1.2955322265625,1.2955322265625
19,128,30,21.930378,-8.069622039794922,8.069622039794922
19,129,29,26.750559,-2.249441146850586,2.249441146850586
19,130,28,27.073256,-0.9267444610595703,0.9267444610595703
19,131,27,23.716228,-3.283771514892578,3.283771514892578
19,132,26,20.44054,-5.559459686279297,5.559459686279297
19,133,25,22.632814,-2.367185592651367,2.367185592651367
19,134,24,27.456085,3.456085205078125,3.456085205078125
19,135,23,26.583046,3.5830459594726562,3.5830459594726562
19,136,22,24.901741,2.9017410278320312,2.9017410278320312
19,137,21,29.01837,8.018369674682617,8.018369674682617
19,138,20,27.601831,7.601831436157227,7.601831436157227
19,139,19,27.359825,8.359825134277344,8.359825134277344
19,140,18,22.500893,4.500892639160156,4.500892639160156
19,141,17,19.428837,2.4288368225097656,2.4288368225097656
19,142,16,24.097927,8.09792709350586,8.09792709350586
19,143,15,19.802475,4.8024749755859375,4.8024749755859375
19,144,14,17.516535,3.5165348052978516,3.5165348052978516
19,145,13,15.604938,2.6049375534057617,2.6049375534057617
19,146,12,12.755021,0.7550210952758789,0.7550210952758789
19,147,11,11.572495,0.5724954605102539,0.5724954605102539
19,148,10,11.34244,1.3424396514892578,1.3424396514892578
19,149,9,10.100513,1.1005134582519531,1.1005134582519531
19,150,8,11.618495,3.618494987487793,3.618494987487793
19,151,7,9.54693,2.5469303131103516,2.5469303131103516
19,152,6,5.3056307,-0.6943693161010742,0.6943693161010742
19,153,5,5.1323166,0.13231658935546875,0.13231658935546875
19,154,4,6.465567,2.465567111968994,2.465567111968994
19,155,3,8.098056,5.098055839538574,5.098055839538574
19,156,2,4.048007,2.048007011413574,2.048007011413574
19,157,1,1.5033,0.5032999515533447,0.5032999515533447
19,158,0,2.7317774,2.7317774295806885,2.7317774295806885
23,1,167,185.48436,18.484359741210938,18.484359741210938
23,2,166,176.87807,10.878067016601562,10.878067016601562
23,3,165,175.61899,10.618988037109375,10.618988037109375
23,4,164,178.48306,14.483062744140625,14.483062744140625
23,5,163,170.10684,7.106842041015625,7.106842041015625
23,6,162,164.02126,2.0212554931640625,2.0212554931640625
23,7,161,177.06735,16.067352294921875,16.067352294921875
23,8,160,178.25093,18.250930786132812,18.250930786132812
23,9,159,170.55559,11.555587768554688,11.555587768554688
23,10,158,177.69487,19.694869995117188,19.694869995117188
23,11,157,168.9681,11.968093872070312,11.968093872070312
23,12,156,171.97144,15.971435546875,15.971435546875
23,13,155,165.32304,10.323043823242188,10.323043823242188
23,14,154,161.70934,7.7093353271484375,7.7093353271484375
23,15,153,157.6309,4.6309051513671875,4.6309051513671875
23,16,152,162.82317,10.823165893554688,10.823165893554688
23,17,151,170.81946,19.8194580078125,19.8194580078125
23,18,150,174.16539,24.165390014648438,24.165390014648438
23,19,149,167.48087,18.480865478515625,18.480865478515625
23,20,148,172.86458,24.864578247070312,24.864578247070312
23,21,147,166.67366,19.673660278320312,19.673660278320312
23,22,146,136.1576,-9.8424072265625,9.8424072265625
23,23,145,145.30623,0.3062286376953125,0.3062286376953125
23,24,144,149.97859,5.9785919189453125,5.9785919189453125
23,25,143,135.9374,-7.0626068115234375,7.0626068115234375
23,26,142,147.2378,5.23779296875,5.23779296875
23,27,141,145.09299,4.092987060546875,4.092987060546875
23,28,140,145.31293,5.31292724609375,5.31292724609375
23,29,139,139.95578,0.955780029296875,0.955780029296875
23,30,138,149.37704,11.377044677734375,11.377044677734375
23,31,137,159.54897,22.548965454101562,22.548965454101562
23,32,136,166.17555,30.175552368164062,30.175552368164062
23,33,135,169.42444,34.4244384765625,34.4244384765625
23,34,134,166.85266,32.8526611328125,32.8526611328125
23,35,133,152.90274,19.902740478515625,19.902740478515625
23,36,132,153.37115,21.37115478515625,21.37115478515625
23,37,131,141.86937,10.869369506835938,10.869369506835938
23,38,130,133.30919,3.3091888427734375,3.3091888427734375
23,39,129,127.24193,-1.7580718994140625,1.7580718994140625
23,40,128,115.590485,-12.409515380859375,12.409515380859375
23,41,127,132.90842,5.908416748046875,5.908416748046875
23,42,126,119.601494,-6.398506164550781,6.398506164550781
23,43,125,113.1622,-11.837799072265625,11.837799072265625
23,44,124,95.42689,-28.57311248779297,28.57311248779297
23,45,123,96.71319,-26.28681182861328,26.28681182861328
23,46,122,101.076485,-20.92351531982422,20.92351531982422
23,47,121,98.29579,-22.704208374023438,22.704208374023438
23,48,120,103.97533,-16.024673461914062,16.024673461914062
23,49,119,114.47646,-4.523536682128906,4.523536682128906
23,50,118,111.40804,-6.591957092285156,6.591957092285156
23,51,117,114.05565,-2.9443511962890625,2.9443511962890625
23,52,116,118.42381,2.4238128662109375,2.4238128662109375
23,53,115,110.07311,-4.926887512207031,4.926887512207031
23,54,114,115.08984,1.08984375,1.08984375
23,55,113,116.17133,3.1713333129882812,3.1713333129882812
23,56,112,119.12043,7.120429992675781,7.120429992675781
23,57,111,111.05459,0.05458831787109375,0.05458831787109375
23,58,110,116.33216,6.332160949707031,6.332160949707031
23,59,109,120.356125,11.356124877929688,11.356124877929688
23,60,108,134.39607,26.396072387695312,26.396072387695312
23,61,107,134.838,27.837997436523438,27.837997436523438
23,62,106,132.57791,26.577911376953125,26.577911376953125
23,63,105,134.62494,29.62493896484375,29.62493896484375
23,64,104,135.81567,31.815673828125,31.815673828125
23,65,103,134.06009,31.060089111328125,31.060089111328125
23,66,102,146.41356,44.41355895996094,44.41355895996094
23,67,101,132.3734,31.373397827148438,31.373397827148438
23,68,100,150.25616,50.25616455078125,50.25616455078125
23,69,99,141.56888,42.568878173828125,42.568878173828125
23,70,98,143.58076,45.58076477050781,45.58076477050781
23,71,97,141.50122,44.501220703125,44.501220703125
23,72,96,128.26031,32.26031494140625,32.26031494140625
23,73,95,137.17293,42.17292785644531,42.17292785644531
23,74,94,126.66263,32.662628173828125,32.662628173828125
23,75,93,125.126045,32.12604522705078,32.12604522705078
23,76,92,125.12361,33.12361145019531,33.12361145019531
23,77,91,126.1235,35.123497009277344,35.123497009277344
23,78,90,136.68312,46.68312072753906,46.68312072753906
23,79,89,140.85605,51.856048583984375,51.856048583984375
23,80,88,156.42169,68.42169189453125,68.42169189453125
23,81,87,147.9428,60.94279479980469,60.94279479980469
23,82,86,139.33083,53.33082580566406,53.33082580566406
23,83,85,140.99814,55.998138427734375,55.998138427734375
23,84,84,143.76431,59.764312744140625,59.764312744140625
23,85,83,130.15034,47.15034484863281,47.15034484863281
23,86,82,127.62193,45.62193298339844,45.62193298339844
23,87,81,137.81357,56.813568115234375,56.813568115234375
23,88,80,140.05743,60.05743408203125,60.05743408203125
23,89,79,129.62393,50.623931884765625,50.623931884765625
23,90,78,139.16324,61.163238525390625,61.163238525390625
23,91,77,142.0732,65.07319641113281,65.07319641113281
23,92,76,107.538445,31.53844451904297,31.53844451904297
23,93,75,112.46037,37.46037292480469,37.46037292480469
23,94,74,115.799225,41.799224853515625,41.799224853515625
23,95,73,116.641594,43.64159393310547,43.64159393310547
23,96,72,134.89664,62.896636962890625,62.896636962890625
23,97,71,123.90349,52.90348815917969,52.90348815917969
23,98,70,128.94107,58.941070556640625,58.941070556640625
23,99,69,117.57887,48.57887268066406,48.57887268066406
23,100,68,94.54484,26.544837951660156,26.544837951660156
23,101,67,113.78432,46.78431701660156,46.78431701660156
23,102,66,125.35765,59.35765075683594,59.35765075683594
23,103,65,102.77168,37.77168273925781,37.77168273925781
23,104,64,104.301994,40.30199432373047,40.30199432373047
23,105,63,96.163376,33.16337585449219,33.16337585449219
23,106,62,104.78372,42.783721923828125,42.783721923828125
23,107,61,95.49894,34.498939514160156,34.498939514160156
23,108,60,101.87391,41.87390899658203,41.87390899658203
23,109,59,104.240395,45.240394592285156,45.240394592285156
23,110,58,104.25177,46.25177001953125,46.25177001953125
23,111,57,97.77688,40.776878356933594,40.776878356933594
23,112,56,95.30528,39.30528259277344,39.30528259277344
23,113,55,112.00202,57.00202178955078,57.00202178955078
23,114,54,109.70993,55.709930419921875,55.709930419921875
23,115,53,102.6214,49.62139892578125,49.62139892578125
23,116,52,84.864845,32.864845275878906,32.864845275878906
23,117,51,68.059296,17.059295654296875,17.059295654296875
23,118,50,60.41443,10.4144287109375,10.4144287109375
23,119,49,59.76415,10.764148712158203,10.764148712158203
23,120,48,47.073643,-0.9263572692871094,0.9263572692871094
23,121,47,51.166443,4.16644287109375,4.16644287109375
23,122,46,50.631767,4.631767272949219,4.631767272949219
23,123,45,40.25383,-4.7461700439453125,4.7461700439453125
23,124,44,60.546223,16.546222686767578,16.546222686767578
23,125,43,44.691208,1.6912078857421875,1.6912078857421875
23,126,42,47.375782,5.375782012939453,5.375782012939453
23,127,41,42.316536,1.3165359497070312,1.3165359497070312
23,128,40,40.102097,0.1020965576171875,0.1020965576171875
23,129,39,36.62295,-2.3770484924316406,2.3770484924316406
23,130,38,34.70499,-3.2950096130371094,3.2950096130371094
23,131,37,34.83249,-2.167510986328125,2.167510986328125
23,132,36,35.296005,-0.7039947509765625,0.7039947509765625
23,133,35,32.10746,-2.8925399780273438,2.8925399780273438
23,134,34,31.752348,-2.247652053833008,2.247652053833008
23,135,33,34.600876,1.6008758544921875,1.6008758544921875
23,136,32,36.519753,4.519752502441406,4.519752502441406
23,137,31,38.691143,7.691143035888672,7.691143035888672
23,138,30,37.324566,7.324565887451172,7.324565887451172
23,139,29,32.610676,3.610675811767578,3.610675811767578
23,140,28,32.879852,4.879852294921875,4.879852294921875
23,141,27,28.836864,1.8368644714355469,1.8368644714355469
23,142,26,37.648666,11.648666381835938,11.648666381835938
23,143,25,34.853996,9.853996276855469,9.853996276855469
23,144,24,38.668137,14.668136596679688,14.668136596679688
23,145,23,27.221281,4.221281051635742,4.221281051635742
23,146,22,25.419626,3.419626235961914,3.419626235961914
23,147,21,22.752928,1.7529277801513672,1.7529277801513672
23,148,20,20.92932,0.9293193817138672,0.9293193817138672
23,149,19,19.371737,0.3717365264892578,0.3717365264892578
23,150,18,19.905056,1.9050559997558594,1.9050559997558594
23,151,17,23.29443,6.294429779052734,6.294429779052734
23,152,16,18.970873,2.9708728790283203,2.9708728790283203
23,153,15,26.071836,11.071836471557617,11.071836471557617
23,154,14,18.865782,4.865781784057617,4.865781784057617
23,155,13,14.184992,1.1849918365478516,1.1849918365478516
23,156,12,15.687476,3.68747615814209,3.68747615814209
23,157,11,18.435097,7.435096740722656,7.435096740722656
23,158,10,13.780182,3.780181884765625,3.780181884765625
23,159,9,15.069814,6.0698137283325195,6.0698137283325195
23,160,8,14.133068,6.133068084716797,6.133068084716797
23,161,7,10.074078,3.074077606201172,3.074077606201172
23,162,6,8.268817,2.2688169479370117,2.2688169479370117
23,163,5,11.356001,6.356000900268555,6.356000900268555
23,164,4,5.713526,1.7135257720947266,1.7135257720947266
23,165,3,6.098591,3.098590850830078,3.098590850830078
23,166,2,7.1872864,5.187286376953125,5.187286376953125
23,167,1,4.7540555,3.7540555000305176,3.7540555000305176
23,168,0,1.9847958,1.9847958087921143,1.9847958087921143
31,1,233,195.29607,-37.70393371582031,37.70393371582031
31,2,232,188.59058,-43.409423828125,43.409423828125
31,3,231,192.75334,-38.24665832519531,38.24665832519531
31,4,230,189.73581,-40.264190673828125,40.264190673828125
31,5,229,200.33118,-28.6688232421875,28.6688232421875
31,6,228,202.34975,-25.650253295898438,25.650253295898438
31,7,227,188.64459,-38.35540771484375,38.35540771484375
31,8,226,177.55476,-48.44523620605469,48.44523620605469
31,9,225,172.267,-52.733001708984375,52.733001708984375
31,10,224,167.1529,-56.84710693359375,56.84710693359375
31,11,223,171.97968,-51.02032470703125,51.02032470703125
31,12,222,171.03831,-50.96168518066406,50.96168518066406
31,13,221,181.94675,-39.053253173828125,39.053253173828125
31,14,220,175.25131,-44.748687744140625,44.748687744140625
31,15,219,174.84181,-44.15818786621094,44.15818786621094
31,16,218,172.72282,-45.27717590332031,45.27717590332031
31,17,217,179.56636,-37.43363952636719,37.43363952636719
31,18,216,179.3976,-36.60240173339844,36.60240173339844
31,19,215,183.63733,-31.3626708984375,31.3626708984375
31,20,214,179.93643,-34.063568115234375,34.063568115234375
31,21,213,172.64493,-40.355072021484375,40.355072021484375
31,22,212,167.82439,-44.17561340332031,44.17561340332031
31,23,211,166.82014,-44.17985534667969,44.17985534667969
31,24,210,160.38855,-49.6114501953125,49.6114501953125
31,25,209,162.11179,-46.888214111328125,46.888214111328125
31,26,208,161.49579,-46.50421142578125,46.50421142578125
31,27,207,159.9469,-47.0531005859375,47.0531005859375
31,28,206,160.52733,-45.47267150878906,45.47267150878906
31,29,205,165.36295,-39.637054443359375,39.637054443359375
31,30,204,161.7593,-42.24070739746094,42.24070739746094
31,31,203,160.21492,-42.78507995605469,42.78507995605469
31,32,202,155.33777,-46.6622314453125,46.6622314453125
31,33,201,149.22633,-51.77366638183594,51.77366638183594
31,34,200,161.21338,-38.78662109375,38.78662109375
31,35,199,168.4063,-30.593704223632812,30.593704223632812
31,36,198,156.58073,-41.41926574707031,41.41926574707031
31,37,197,155.17908,-41.8209228515625,41.8209228515625
31,38,196,160.8697,-35.13029479980469,35.13029479980469
31,39,195,165.37753,-29.622467041015625,29.622467041015625
31,40,194,159.34676,-34.65324401855469,34.65324401855469
31,41,193,169.69572,-23.304275512695312,23.304275512695312
31,42,192,172.56691,-19.433090209960938,19.433090209960938
31,43,191,186.51317,-4.4868316650390625,4.4868316650390625
31,44,190,188.72145,-1.2785491943359375,1.2785491943359375
31,45,189,174.81384,-14.1861572265625,14.1861572265625
31,46,188,176.70178,-11.2982177734375,11.2982177734375
31,47,187,176.7,-10.300003051757812,10.300003051757812
31,48,186,180.46072,-5.539276123046875,5.539276123046875
31,49,185,172.80023,-12.19976806640625,12.19976806640625
31,50,184,176.4281,-7.5718994140625,7.5718994140625
31,51,183,184.1262,1.1262054443359375,1.1262054443359375
31,52,182,179.2464,-2.75360107421875,2.75360107421875
31,53,181,172.99352,-8.006484985351562,8.006484985351562
31,54,180,176.1067,-3.8932952880859375,3.8932952880859375
31,55,179,167.04199,-11.9580078125,11.9580078125
31,56,178,174.74435,-3.255645751953125,3.255645751953125
31,57,177,180.27211,3.2721099853515625,3.2721099853515625
31,58,176,174.90659,-1.093414306640625,1.093414306640625
31,59,175,178.8818,3.881805419921875,3.881805419921875
31,60,174,170.92665,-3.0733489990234375,3.0733489990234375
31,61,173,174.37808,1.378082275390625,1.378082275390625
31,62,172,172.02448,0.02447509765625,0.02447509765625
31,63,171,171.35081,0.3508148193359375,0.3508148193359375
31,64,170,174.79935,4.799346923828125,4.799346923828125
31,65,169,172.83229,3.8322906494140625,3.8322906494140625
31,66,168,187.99756,19.99755859375,19.99755859375
31,67,167,164.22336,-2.776641845703125,2.776641845703125
31,68,166,156.9322,-9.067794799804688,9.067794799804688
31,69,165,151.66396,-13.336044311523438,13.336044311523438
31,70,164,152.50716,-11.492843627929688,11.492843627929688
31,71,163,142.09323,-20.906768798828125,20.906768798828125
31,72,162,134.47404,-27.525955200195312,27.525955200195312
31,73,161,139.0832,-21.916793823242188,21.916793823242188
31,74,160,150.6625,-9.337493896484375,9.337493896484375
31,75,159,138.25632,-20.743682861328125,20.743682861328125
31,76,158,139.08794,-18.912063598632812,18.912063598632812
31,77,157,133.58401,-23.415985107421875,23.415985107421875
31,78,156,138.62769,-17.372314453125,17.372314453125
31,79,155,134.54323,-20.456771850585938,20.456771850585938
31,80,154,130.37303,-23.626968383789062,23.626968383789062
31,81,153,136.48012,-16.519882202148438,16.519882202148438
31,82,152,133.09773,-18.902267456054688,18.902267456054688
31,83,151,142.99803,-8.001968383789062,8.001968383789062
31,84,150,136.3338,-13.66619873046875,13.66619873046875
31,85,149,134.59277,-14.4072265625,14.4072265625
31,86,148,126.340836,-21.659164428710938,21.659164428710938
31,87,147,135.78206,-11.217941284179688,11.217941284179688
31,88,146,144.27107,-1.7289276123046875,1.7289276123046875
31,89,145,156.79611,11.796112060546875,11.796112060546875
31,90,144,154.43376,10.433761596679688,10.433761596679688
31,91,143,153.40752,10.407516479492188,10.407516479492188
31,92,142,149.79303,7.79302978515625,7.79302978515625
31,93,141,134.36794,-6.6320648193359375,6.6320648193359375
31,94,140,145.85258,5.8525848388671875,5.8525848388671875
31,95,139,148.51753,9.517532348632812,9.517532348632812
31,96,138,136.32791,-1.672088623046875,1.672088623046875
31,97,137,142.64465,5.6446533203125,5.6446533203125
31,98,136,138.45355,2.45355224609375,2.45355224609375
31,99,135,138.9533,3.9532928466796875,3.9532928466796875
31,100,134,136.01936,2.0193634033203125,2.0193634033203125
31,101,133,136.99135,3.9913482666015625,3.9913482666015625
31,102,132,136.18317,4.18316650390625,4.18316650390625
31,103,131,135.28899,4.2889862060546875,4.2889862060546875
31,104,130,141.77412,11.774124145507812,11.774124145507812
31,105,129,137.23714,8.237136840820312,8.237136840820312
31,106,128,139.38693,11.386932373046875,11.386932373046875
31,107,127,129.65811,2.658111572265625,2.658111572265625
31,108,126,132.40762,6.407623291015625,6.407623291015625
31,109,125,139.01758,14.017578125,14.017578125
31,110,124,148.81548,24.815475463867188,24.815475463867188
31,111,123,134.7953,11.795303344726562,11.795303344726562
31,112,122,143.12447,21.124465942382812,21.124465942382812
31,113,121,137.4127,16.412704467773438,16.412704467773438
31,114,120,135.96407,15.964065551757812,15.964065551757812
31,115,119,141.02621,22.026214599609375,22.026214599609375
31,116,118,158.1746,40.17460632324219,40.17460632324219
31,117,117,127.428345,10.4283447265625,10.4283447265625
31,118,116,128.05734,12.057342529296875,12.057342529296875
31,119,115,126.72356,11.723556518554688,11.723556518554688
31,120,114,147.07492,33.074920654296875,33.074920654296875
31,121,113,140.08109,27.081085205078125,27.081085205078125
31,122,112,124.03336,12.033363342285156,12.033363342285156
31,123,111,127.742134,16.74213409423828,16.74213409423828
31,124,110,125.176216,15.176216125488281,15.176216125488281
31,125,109,146.316,37.31599426269531,37.31599426269531
31,126,108,133.4606,25.460601806640625,25.460601806640625
31,127,107,126.20074,19.20073699951172,19.20073699951172
31,128,106,131.07321,25.073211669921875,25.073211669921875
31,129,105,141.14333,36.14332580566406,36.14332580566406
31,130,104,127.475044,23.47504425048828,23.47504425048828
31,131,103,136.7516,33.75160217285156,33.75160217285156
31,132,102,127.419304,25.41930389404297,25.41930389404297
31,133,101,142.75966,41.75965881347656,41.75965881347656
31,134,100,145.18382,45.18382263183594,45.18382263183594
31,135,99,148.11275,49.11274719238281,49.11274719238281
31,136,98,139.81773,41.81773376464844,41.81773376464844
31,137,97,147.7205,50.72050476074219,50.72050476074219
31,138,96,146.82991,50.82991027832031,50.82991027832031
31,139,95,134.20396,39.20396423339844,39.20396423339844
31,140,94,126.03676,32.03675842285156,32.03675842285156
31,141,93,125.205086,32.20508575439453,32.20508575439453
31,142,92,154.95299,62.95298767089844,62.95298767089844
31,143,91,149.66795,58.66795349121094,58.66795349121094
31,144,90,145.22345,55.22344970703125,55.22344970703125
31,145,89,131.98236,42.98236083984375,42.98236083984375
31,146,88,136.63045,48.63044738769531,48.63044738769531
31,147,87,145.92044,58.920440673828125,58.920440673828125
31,148,86,139.8863,53.88630676269531,53.88630676269531
31,149,85,141.49034,56.49034118652344,56.49034118652344
31,150,84,156.07428,72.07427978515625,72.07427978515625
31,151,83,173.46571,90.46571350097656,90.46571350097656
31,152,82,176.76283,94.76283264160156,94.76283264160156
31,153,81,161.08223,80.08222961425781,80.08222961425781
31,154,80,164.36038,84.36038208007812,84.36038208007812
31,155,79,140.0937,61.09370422363281,61.09370422363281
31,156,78,147.20435,69.204345703125,69.204345703125
31,157,77,144.92,67.91999816894531,67.91999816894531
31,158,76,138.6894,62.68940734863281,62.68940734863281
31,159,75,128.71086,53.71086120605469,53.71086120605469
31,160,74,125.72846,51.72846221923828,51.72846221923828
31,161,73,120.699036,47.69903564453125,47.69903564453125
31,162,72,123.04377,51.04376983642578,51.04376983642578
31,163,71,126.82801,55.82801055908203,55.82801055908203
31,164,70,140.41702,70.41702270507812,70.41702270507812
31,165,69,139.52295,70.52294921875,70.52294921875
31,166,68,134.31873,66.3187255859375,66.3187255859375
31,167,67,113.73883,46.73883056640625,46.73883056640625
31,168,66,118.921455,52.92145538330078,52.92145538330078
31,169,65,121.76465,56.7646484375,56.7646484375
31,170,64,104.11207,40.11206817626953,40.11206817626953
31,171,63,97.54948,34.549476623535156,34.549476623535156
31,172,62,95.52458,33.52458190917969,33.52458190917969
31,173,61,95.639465,34.63946533203125,34.63946533203125
31,174,60,96.58537,36.58537292480469,36.58537292480469
31,175,59,98.07995,39.07994842529297,39.07994842529297
31,176,58,103.4025,45.402496337890625,45.402496337890625
31,177,57,105.11744,48.11743927001953,48.11743927001953
31,178,56,96.190094,40.190093994140625,40.190093994140625
31,179,55,86.32704,31.327041625976562,31.327041625976562
31,180,54,90.32851,36.32850646972656,36.32850646972656
31,181,53,95.734,42.73400115966797,42.73400115966797
31,182,52,85.63875,33.63874816894531,33.63874816894531
31,183,51,112.78111,61.78111267089844,61.78111267089844
31,184,50,104.47763,54.477630615234375,54.477630615234375
31,185,49,101.276726,52.27672576904297,52.27672576904297
31,186,48,106.25698,58.256980895996094,58.256980895996094
31,187,47,110.45268,63.45268249511719,63.45268249511719
31,188,46,94.26385,48.26384735107422,48.26384735107422
31,189,45,75.12795,30.127952575683594,30.127952575683594
31,190,44,63.099377,19.099376678466797,19.099376678466797
31,191,43,64.07534,21.075340270996094,21.075340270996094
31,192,42,72.51152,30.511520385742188,30.511520385742188
31,193,41,80.93345,39.933448791503906,39.933448791503906
31,194,40,71.971756,31.971755981445312,31.971755981445312
31,195,39,59.48433,20.484329223632812,20.484329223632812
31,196,38,57.334934,19.33493423461914,19.33493423461914
31,197,37,59.696026,22.696025848388672,22.696025848388672
31,198,36,39.17766,3.177661895751953,3.177661895751953
31,199,35,34.413197,-0.5868034362792969,0.5868034362792969
31,200,34,32.03229,-1.9677085876464844,1.9677085876464844
31,201,33,38.701305,5.701305389404297,5.701305389404297
31,202,32,48.186085,16.186084747314453,16.186084747314453
31,203,31,42.384605,11.384605407714844,11.384605407714844
31,204,30,41.05425,11.054248809814453,11.054248809814453
31,205,29,32.967785,3.967784881591797,3.967784881591797
31,206,28,36.53635,8.53635025024414,8.53635025024414
31,207,27,40.186054,13.186054229736328,13.186054229736328
31,208,26,40.263996,14.263996124267578,14.263996124267578
31,209,25,33.453873,8.453872680664062,8.453872680664062
31,210,24,30.539682,6.539682388305664,6.539682388305664
31,211,23,25.349516,2.349515914916992,2.349515914916992
31,212,22,24.858307,2.858306884765625,2.858306884765625
31,213,21,26.306734,5.306734085083008,5.306734085083008
31,214,20,25.734118,5.73411750793457,5.73411750793457
31,215,19,27.705835,8.705835342407227,8.705835342407227
31,216,18,22.924866,4.92486572265625,4.92486572265625
31,217,17,24.877125,7.877124786376953,7.877124786376953
31,218,16,18.330492,2.3304920196533203,2.3304920196533203
31,219,15,24.419329,9.419328689575195,9.419328689575195
31,220,14,17.9448,3.9447994232177734,3.9447994232177734
31,221,13,17.456352,4.456352233886719,4.456352233886719
31,222,12,19.016077,7.016077041625977,7.016077041625977
31,223,11,16.27629,5.2762908935546875,5.2762908935546875
31,224,10,13.688638,3.6886377334594727,3.6886377334594727
31,225,9,9.738775,0.7387752532958984,0.7387752532958984
31,226,8,7.0333066,-0.9666934013366699,0.9666934013366699
31,227,7,5.3074493,-1.6925506591796875,1.6925506591796875
31,228,6,5.1383586,-0.8616414070129395,0.8616414070129395
31,229,5,7.43622,2.436220169067383,2.436220169067383
31,230,4,7.7676997,3.767699718475342,3.767699718475342
31,231,3,3.7523918,0.7523918151855469,0.7523918151855469
31,232,2,0.94214183,-1.057858169078827,1.057858169078827
31,233,1,5.0646944,4.064694404602051,4.064694404602051
31,234,0,4.517133,4.5171332359313965,4.5171332359313965
32,1,190,181.89043,-8.109573364257812,8.109573364257812
32,2,189,143.06496,-45.93504333496094,45.93504333496094
32,3,188,170.36836,-17.631637573242188,17.631637573242188
32,4,187,188.11174,1.1117401123046875,1.1117401123046875
32,5,186,165.36572,-20.63427734375,20.63427734375
32,6,185,178.352,-6.6479949951171875,6.6479949951171875
32,7,184,173.68675,-10.313247680664062,10.313247680664062
32,8,183,164.27008,-18.72991943359375,18.72991943359375
32,9,182,161.49484,-20.505157470703125,20.505157470703125
32,10,181,164.56664,-16.433364868164062,16.433364868164062
32,11,180,159.89938,-20.100616455078125,20.100616455078125
32,12,179,145.57974,-33.420257568359375,33.420257568359375
32,13,178,142.50108,-35.49891662597656,35.49891662597656
32,14,177,146.76608,-30.233917236328125,30.233917236328125
32,15,176,136.79594,-39.20405578613281,39.20405578613281
32,16,175,145.99464,-29.005355834960938,29.005355834960938
32,17,174,140.58765,-33.412353515625,33.412353515625
32,18,173,144.71843,-28.281570434570312,28.281570434570312
32,19,172,154.28221,-17.717788696289062,17.717788696289062
32,20,171,148.05441,-22.945587158203125,22.945587158203125
32,21,170,129.7491,-40.25090026855469,40.25090026855469
32,22,169,131.75392,-37.24607849121094,37.24607849121094
32,23,168,144.1009,-23.899093627929688,23.899093627929688
32,24,167,143.33952,-23.660476684570312,23.660476684570312
32,25,166,148.79774,-17.202255249023438,17.202255249023438
32,26,165,149.40067,-15.599334716796875,15.599334716796875
32,27,164,133.32141,-30.6785888671875,30.6785888671875
32,28,163,133.94833,-29.051666259765625,29.051666259765625
32,29,162,136.87708,-25.1229248046875,25.1229248046875
32,30,161,137.66304,-23.336959838867188,23.336959838867188
32,31,160,135.08556,-24.914443969726562,24.914443969726562
32,32,159,130.63618,-28.363815307617188,28.363815307617188
32,33,158,134.40207,-23.597930908203125,23.597930908203125
32,34,157,135.81381,-21.186187744140625,21.186187744140625
32,35,156,134.70131,-21.298690795898438,21.298690795898438
32,36,155,140.86751,-14.132492065429688,14.132492065429688
32,37,154,136.04128,-17.958724975585938,17.958724975585938
32,38,153,138.16281,-14.837188720703125,14.837188720703125
32,39,152,139.75026,-12.249740600585938,12.249740600585938
32,40,151,140.99628,-10.00372314453125,10.00372314453125
32,41,150,147.74998,-2.2500152587890625,2.2500152587890625
32,42,149,158.88452,9.884521484375,9.884521484375
32,43,148,152.12791,4.1279144287109375,4.1279144287109375
32,44,147,149.11288,2.112884521484375,2.112884521484375
32,45,146,138.52574,-7.4742584228515625,7.4742584228515625
32,46,145,142.1141,-2.885894775390625,2.885894775390625
32,47,144,133.13914,-10.860855102539062,10.860855102539062
32,48,143,129.67688,-13.3231201171875,13.3231201171875
32,49,142,118.38365,-23.616348266601562,23.616348266601562
32,50,141,119.28342,-21.716583251953125,21.716583251953125
32,51,140,119.78175,-20.218246459960938,20.218246459960938
32,52,139,111.97974,-27.020263671875,27.020263671875
32,53,138,111.91165,-26.088348388671875,26.088348388671875
32,54,137,111.16919,-25.830810546875,25.830810546875
32,55,136,107.96279,-28.037208557128906,28.037208557128906
32,56,135,100.60282,-34.397178649902344,34.397178649902344
32,57,134,113.20932,-20.790679931640625,20.790679931640625
32,58,133,99.09569,-33.90431213378906,33.90431213378906
32,59,132,110.20939,-21.790611267089844,21.790611267089844
32,60,131,107.52138,-23.478622436523438,23.478622436523438
32,61,130,111.42571,-18.57428741455078,18.57428741455078
32,62,129,116.3369,-12.663101196289062,12.663101196289062
32,63,128,129.5279,1.52789306640625,1.52789306640625
32,64,127,108.720894,-18.27910614013672,18.27910614013672
32,65,126,121.95673,-4.043266296386719,4.043266296386719
32,66,125,105.18619,-19.813812255859375,19.813812255859375
32,67,124,85.00817,-38.99182891845703,38.99182891845703
32,68,123,90.02114,-32.978858947753906,32.978858947753906
32,69,122,92.79128,-29.208717346191406,29.208717346191406
32,70,121,106.262886,-14.737113952636719,14.737113952636719
32,71,120,103.58584,-16.414161682128906,16.414161682128906
32,72,119,127.59643,8.596427917480469,8.596427917480469
32,73,118,113.11574,-4.8842620849609375,4.8842620849609375
32,74,117,111.98014,-5.019859313964844,5.019859313964844
32,75,116,123.06621,7.0662078857421875,7.0662078857421875
32,76,115,110.91646,-4.0835418701171875,4.0835418701171875
32,77,114,122.36458,8.364578247070312,8.364578247070312
32,78,113,121.180664,8.1806640625,8.1806640625
32,79,112,113.80552,1.8055191040039062,1.8055191040039062
32,80,111,108.72236,-2.2776412963867188,2.2776412963867188
32,81,110,111.65617,1.6561737060546875,1.6561737060546875
32,82,109,107.76827,-1.2317276000976562,1.2317276000976562
32,83,108,93.689316,-14.310684204101562,14.310684204101562
32,84,107,106.965164,-0.0348358154296875,0.0348358154296875
32,85,106,107.68714,1.6871414184570312,1.6871414184570312
32,86,105,92.36346,-12.636543273925781,12.636543273925781
32,87,104,92.44723,-11.552772521972656,11.552772521972656
32,88,103,90.08411,-12.9158935546875,12.9158935546875
32,89,102,83.04951,-18.95049285888672,18.95049285888672
32,90,101,101.032295,0.03229522705078125,0.03229522705078125
32,91,100,95.42844,-4.571563720703125,4.571563720703125
32,92,99,97.02927,-1.970733642578125,1.970733642578125
32,93,98,87.05729,-10.942710876464844,10.942710876464844
32,94,97,104.86494,7.864936828613281,7.864936828613281
32,95,96,91.844986,-4.1550140380859375,4.1550140380859375
32,96,95,95.65867,0.6586685180664062,0.6586685180664062
32,97,94,102.04245,8.042449951171875,8.042449951171875
32,98,93,85.918106,-7.0818939208984375,7.0818939208984375
32,99,92,96.98274,4.9827423095703125,4.9827423095703125
32,100,91,90.828964,-0.1710357666015625,0.1710357666015625
32,101,90,88.464554,-1.5354461669921875,1.5354461669921875
32,102,89,88.31139,-0.6886062622070312,0.6886062622070312
32,103,88,83.01666,-4.98333740234375,4.98333740234375
32,104,87,78.07207,-8.927932739257812,8.927932739257812
32,105,86,60.962452,-25.037548065185547,25.037548065185547
32,106,85,69.15396,-15.846038818359375,15.846038818359375
32,107,84,71.00894,-12.991058349609375,12.991058349609375
32,108,83,64.274925,-18.725074768066406,18.725074768066406
32,109,82,80.56872,-1.4312820434570312,1.4312820434570312
32,110,81,96.70189,15.701889038085938,15.701889038085938
32,111,80,95.11758,15.117576599121094,15.117576599121094
32,112,79,86.883354,7.883354187011719,7.883354187011719
32,113,78,96.45405,18.45404815673828,18.45404815673828
32,114,77,103.17163,26.171630859375,26.171630859375
32,115,76,103.17565,27.17565155029297,27.17565155029297
32,116,75,98.454056,23.454055786132812,23.454055786132812
32,117,74,78.350784,4.3507843017578125,4.3507843017578125
32,118,73,82.105606,9.105606079101562,9.105606079101562
32,119,72,66.120415,-5.879585266113281,5.879585266113281
32,120,71,71.35748,0.35748291015625,0.35748291015625
32,121,70,74.6172,4.6172027587890625,4.6172027587890625
32,122,69,63.856094,-5.1439056396484375,5.1439056396484375
32,123,68,59.505154,-8.49484634399414,8.49484634399414
32,124,67,57.07913,-9.92087173461914,9.92087173461914
32,125,66,58.69265,-7.307350158691406,7.307350158691406
32,126,65,59.361248,-5.638751983642578,5.638751983642578
32,127,64,76.88995,12.88995361328125,12.88995361328125
32,128,63,66.94843,3.9484329223632812,3.9484329223632812
32,129,62,70.3186,8.318603515625,8.318603515625
32,130,61,76.1693,15.169296264648438,15.169296264648438
32,131,60,67.19977,7.19976806640625,7.19976806640625
32,132,59,61.13117,2.1311683654785156,2.1311683654785156
32,133,58,59.74849,1.7484893798828125,1.7484893798828125
32,134,57,56.948303,-0.05169677734375,0.05169677734375
32,135,56,44.973373,-11.026626586914062,11.026626586914062
32,136,55,43.93424,-11.06576156616211,11.06576156616211
32,137,54,45.467915,-8.532085418701172,8.532085418701172
32,138,53,47.57214,-5.427860260009766,5.427860260009766
32,139,52,42.060654,-9.939346313476562,9.939346313476562
32,140,51,48.30727,-2.692729949951172,2.692729949951172
32,141,50,46.862576,-3.1374244689941406,3.1374244689941406
32,142,49,38.43725,-10.562751770019531,10.562751770019531
32,143,48,43.41569,-4.584308624267578,4.584308624267578
32,144,47,40.012604,-6.987396240234375,6.987396240234375
32,145,46,32.70288,-13.297119140625,13.297119140625
32,146,45,37.9805,-7.019500732421875,7.019500732421875
32,147,44,42.9561,-1.0438995361328125,1.0438995361328125
32,148,43,44.986004,1.9860038757324219,1.9860038757324219
32,149,42,41.661316,-0.33868408203125,0.33868408203125
32,150,41,44.52019,3.520191192626953,3.520191192626953
32,151,40,42.53023,2.530231475830078,2.530231475830078
32,152,39,40.466675,1.4666748046875,1.4666748046875
32,153,38,40.3242,2.324199676513672,2.324199676513672
32,154,37,36.19601,-0.8039894104003906,0.8039894104003906
32,155,36,35.66329,-0.3367118835449219,0.3367118835449219
32,156,35,37.473488,2.4734878540039062,2.4734878540039062
32,157,34,35.476486,1.4764862060546875,1.4764862060546875
32,158,33,31.594767,-1.405233383178711,1.405233383178711
32,159,32,34.923206,2.923206329345703,2.923206329345703
32,160,31,29.953121,-1.0468788146972656,1.0468788146972656
32,161,30,25.18426,-4.815740585327148,4.815740585327148
32,162,29,19.12575,-9.874250411987305,9.874250411987305
32,163,28,26.798565,-1.2014350891113281,1.2014350891113281
32,164,27,22.832762,-4.167238235473633,4.167238235473633
32,165,26,20.19055,-5.809450149536133,5.809450149536133
32,166,25,16.223688,-8.776311874389648,8.776311874389648
32,167,24,15.094331,-8.905669212341309,8.905669212341309
32,168,23,14.227388,-8.772611618041992,8.772611618041992
32,169,22,14.584979,-7.415020942687988,7.415020942687988
32,170,21,15.830602,-5.169398307800293,5.169398307800293
32,171,20,14.34268,-5.657320022583008,5.657320022583008
32,172,19,17.199024,-1.8009757995605469,1.8009757995605469
32,173,18,13.101926,-4.898074150085449,4.898074150085449
32,174,17,12.309526,-4.690473556518555,4.690473556518555
32,175,16,11.136314,-4.863685607910156,4.863685607910156
32,176,15,12.507818,-2.4921817779541016,2.4921817779541016
32,177,14,11.670933,-2.3290672302246094,2.3290672302246094
32,178,13,10.604429,-2.395570755004883,2.395570755004883
32,179,12,7.4411097,-4.558890342712402,4.558890342712402
32,180,11,8.928294,-2.0717058181762695,2.0717058181762695
32,181,10,8.356815,-1.6431846618652344,1.6431846618652344
32,182,9,7.216579,-1.7834210395812988,1.7834210395812988
32,183,8,7.326123,-0.6738767623901367,0.6738767623901367
32,184,7,9.476264,2.476263999938965,2.476263999938965
32,185,6,8.940059,2.940058708190918,2.940058708190918
32,186,5,9.4401655,4.4401655197143555,4.4401655197143555
32,187,4,6.7534556,2.753455638885498,2.753455638885498
32,188,3,6.8780737,3.8780736923217773,3.8780736923217773
32,189,2,6.4293365,4.4293365478515625,4.4293365478515625
32,190,1,7.4903665,6.490366458892822,6.490366458892822
32,191,0,6.7946835,6.794683456420898,6.794683456420898
34,1,194,185.56534,-8.434661865234375,8.434661865234375
34,2,193,158.29234,-34.70765686035156,34.70765686035156
34,3,192,128.02141,-63.97859191894531,63.97859191894531
34,4,191,129.57692,-61.42308044433594,61.42308044433594
34,5,190,138.44093,-51.55906677246094,51.55906677246094
34,6,189,138.9355,-50.06449890136719,50.06449890136719
34,7,188,134.6655,-53.334503173828125,53.334503173828125
34,8,187,159.78679,-27.213211059570312,27.213211059570312
34,9,186,146.71292,-39.287078857421875,39.287078857421875
34,10,185,149.16426,-35.83573913574219,35.83573913574219
34,11,184,136.0198,-47.980194091796875,47.980194091796875
34,12,183,148.61209,-34.387908935546875,34.387908935546875
34,13,182,142.12373,-39.87626647949219,39.87626647949219
34,14,181,127.07537,-53.92462921142578,53.92462921142578
34,15,180,132.13916,-47.86083984375,47.86083984375
34,16,179,141.69649,-37.30351257324219,37.30351257324219
34,17,178,132.5568,-45.443206787109375,45.443206787109375
34,18,177,135.07028,-41.929718017578125,41.929718017578125
34,19,176,139.06361,-36.93638610839844,36.93638610839844
34,20,175,137.00526,-37.99473571777344,37.99473571777344
34,21,174,144.01761,-29.982391357421875,29.982391357421875
34,22,173,132.44847,-40.55152893066406,40.55152893066406
34,23,172,151.05505,-20.9449462890625,20.9449462890625
34,24,171,146.32439,-24.675613403320312,24.675613403320312
34,25,170,145.8153,-24.1846923828125,24.1846923828125
34,26,169,143.1332,-25.866806030273438,25.866806030273438
34,27,168,150.42424,-17.575759887695312,17.575759887695312
34,28,167,153.05376,-13.946243286132812,13.946243286132812
34,29,166,147.45197,-18.54803466796875,18.54803466796875
34,30,165,149.12419,-15.875808715820312,15.875808715820312
34,31,164,145.6459,-18.354095458984375,18.354095458984375
34,32,163,133.96608,-29.033920288085938,29.033920288085938
34,33,162,136.84497,-25.155029296875,25.155029296875
34,34,161,144.95782,-16.04217529296875,16.04217529296875
34,35,160,146.78935,-13.210647583007812,13.210647583007812
34,36,159,169.64249,10.642486572265625,10.642486572265625
34,37,158,146.04704,-11.952957153320312,11.952957153320312
34,38,157,143.70999,-13.290008544921875,13.290008544921875
34,39,156,154.02293,-1.9770660400390625,1.9770660400390625
34,40,155,138.45094,-16.549057006835938,16.549057006835938
34,41,154,146.45526,-7.54473876953125,7.54473876953125
34,42,153,137.94919,-15.050811767578125,15.050811767578125
34,43,152,137.29558,-14.704421997070312,14.704421997070312
34,44,151,139.68962,-11.310379028320312,11.310379028320312
34,45,150,130.08507,-19.914932250976562,19.914932250976562
34,46,149,141.24718,-7.7528228759765625,7.7528228759765625
34,47,148,141.43095,-6.5690460205078125,6.5690460205078125
34,48,147,151.59761,4.5976104736328125,4.5976104736328125
34,49,146,136.00175,-9.998245239257812,9.998245239257812
34,50,145,124.13506,-20.86493682861328,20.86493682861328
34,51,144,120.50693,-23.493072509765625,23.493072509765625
34,52,143,137.3226,-5.677398681640625,5.677398681640625
34,53,142,139.345,-2.654998779296875,2.654998779296875
34,54,141,130.76262,-10.237380981445312,10.237380981445312
34,55,140,126.99785,-13.002151489257812,13.002151489257812
34,56,139,120.187836,-18.812164306640625,18.812164306640625
34,57,138,133.75288,-4.2471160888671875,4.2471160888671875
34,58,137,121.866714,-15.133285522460938,15.133285522460938
34,59,136,150.26588,14.265884399414062,14.265884399414062
34,60,135,105.89395,-29.106048583984375,29.106048583984375
34,61,134,116.75009,-17.249908447265625,17.249908447265625
34,62,133,113.777054,-19.222946166992188,19.222946166992188
34,63,132,115.443504,-16.556495666503906,16.556495666503906
34,64,131,110.65971,-20.340286254882812,20.340286254882812
34,65,130,100.19554,-29.804458618164062,29.804458618164062
34,66,129,106.86663,-22.13336944580078,22.13336944580078
34,67,128,117.24854,-10.751457214355469,10.751457214355469
34,68,127,122.673584,-4.326416015625,4.326416015625
34,69,126,136.26703,10.26702880859375,10.26702880859375
34,70,125,141.62424,16.624237060546875,16.624237060546875
34,71,124,132.289,8.28900146484375,8.28900146484375
34,72,123,133.00879,10.0087890625,10.0087890625
34,73,122,141.33011,19.330108642578125,19.330108642578125
34,74,121,140.85852,19.8585205078125,19.8585205078125
34,75,120,147.64392,27.6439208984375,27.6439208984375
34,76,119,129.22772,10.22772216796875,10.22772216796875
34,77,118,128.84776,10.847763061523438,10.847763061523438
34,78,117,116.2458,-0.7542037963867188,0.7542037963867188
34,79,116,119.093605,3.0936050415039062,3.0936050415039062
34,80,115,116.099556,1.0995559692382812,1.0995559692382812
34,81,114,109.60136,-4.398643493652344,4.398643493652344
34,82,113,98.31632,-14.683677673339844,14.683677673339844
34,83,112,100.17275,-11.827247619628906,11.827247619628906
34,84,111,98.12491,-12.875091552734375,12.875091552734375
34,85,110,96.1476,-13.852401733398438,13.852401733398438
34,86,109,99.02257,-9.977432250976562,9.977432250976562
34,87,108,98.55028,-9.449722290039062,9.449722290039062
34,88,107,93.420135,-13.579864501953125,13.579864501953125
34,89,106,88.99762,-17.00238037109375,17.00238037109375
34,90,105,99.03413,-5.965873718261719,5.965873718261719
34,91,104,105.66468,1.6646804809570312,1.6646804809570312
34,92,103,118.47022,15.470222473144531,15.470222473144531
34,93,102,102.84776,0.8477630615234375,0.8477630615234375
34,94,101,76.39797,-24.602027893066406,24.602027893066406
34,95,100,80.22473,-19.7752685546875,19.7752685546875
34,96,99,87.92712,-11.072883605957031,11.072883605957031
34,97,98,102.44567,4.445671081542969,4.445671081542969
34,98,97,109.108734,12.108734130859375,12.108734130859375
34,99,96,112.136375,16.136375427246094,16.136375427246094
34,100,95,107.2871,12.287101745605469,12.287101745605469
34,101,94,104.0983,10.098297119140625,10.098297119140625
34,102,93,86.98157,-6.0184326171875,6.0184326171875
34,103,92,80.40638,-11.593620300292969,11.593620300292969
34,104,91,79.453674,-11.54632568359375,11.54632568359375
34,105,90,73.26249,-16.737510681152344,16.737510681152344
34,106,89,65.981094,-23.018905639648438,23.018905639648438
34,107,88,73.170135,-14.829864501953125,14.829864501953125
34,108,87,74.42184,-12.578163146972656,12.578163146972656
34,109,86,73.06388,-12.936119079589844,12.936119079589844
34,110,85,67.37882,-17.621177673339844,17.621177673339844
34,111,84,72.03642,-11.963577270507812,11.963577270507812
34,112,83,69.03978,-13.960220336914062,13.960220336914062
34,113,82,63.631203,-18.368797302246094,18.368797302246094
34,114,81,61.94516,-19.054840087890625,19.054840087890625
34,115,80,60.261265,-19.73873519897461,19.73873519897461
34,116,79,58.969383,-20.030616760253906,20.030616760253906
34,117,78,66.084625,-11.915374755859375,11.915374755859375
34,118,77,63.80216,-13.19784164428711,13.19784164428711
34,119,76,60.44078,-15.559219360351562,15.559219360351562
34,120,75,56.65136,-18.34864044189453,18.34864044189453
34,121,74,60.716846,-13.283153533935547,13.283153533935547
34,122,73,56.093075,-16.906925201416016,16.906925201416016
34,123,72,51.950146,-20.049854278564453,20.049854278564453
34,124,71,48.582096,-22.417903900146484,22.417903900146484
34,125,70,54.574364,-15.425636291503906,15.425636291503906
34,126,69,53.271152,-15.72884750366211,15.72884750366211
34,127,68,46.95001,-21.049991607666016,21.049991607666016
34,128,67,49.307705,-17.69229507446289,17.69229507446289
34,129,66,52.894257,-13.105743408203125,13.105743408203125
34,130,65,48.730762,-16.269237518310547,16.269237518310547
34,131,64,50.65068,-13.349319458007812,13.349319458007812
34,132,63,40.34075,-22.65924835205078,22.65924835205078
34,133,62,40.514854,-21.485145568847656,21.485145568847656
34,134,61,50.25231,-10.747688293457031,10.747688293457031
34,135,60,51.353844,-8.646156311035156,8.646156311035156
34,136,59,48.410282,-10.589717864990234,10.589717864990234
34,137,58,53.156258,-4.843742370605469,4.843742370605469
34,138,57,52.27491,-4.725090026855469,4.725090026855469
34,139,56,50.8402,-5.159801483154297,5.159801483154297
34,140,55,57.42272,2.4227218627929688,2.4227218627929688
34,141,54,52.884907,-1.1150932312011719,1.1150932312011719
34,142,53,49.380905,-3.6190948486328125,3.6190948486328125
34,143,52,45.83249,-6.167510986328125,6.167510986328125
34,144,51,46.371944,-4.628055572509766,4.628055572509766
34,145,50,45.324665,-4.675334930419922,4.675334930419922
34,146,49,51.33388,2.333881378173828,2.333881378173828
34,147,48,44.037643,-3.9623565673828125,3.9623565673828125
34,148,47,39.767887,-7.232112884521484,7.232112884521484
34,149,46,43.062794,-2.937206268310547,2.937206268310547
34,150,45,45.956097,0.9560966491699219,0.9560966491699219
34,151,44,44.235985,0.23598480224609375,0.23598480224609375
34,152,43,41.66428,-1.3357200622558594,1.3357200622558594
34,153,42,47.910698,5.910697937011719,5.910697937011719
34,154,41,45.730183,4.730182647705078,4.730182647705078
34,155,40,39.90025,-0.09975051879882812,0.09975051879882812
34,156,39,43.999504,4.999504089355469,4.999504089355469
34,157,38,38.449818,0.4498176574707031,0.4498176574707031
34,158,37,39.41077,2.4107704162597656,2.4107704162597656
34,159,36,45.81827,9.81827163696289,9.81827163696289
34,160,35,45.599823,10.599822998046875,10.599822998046875
34,161,34,41.809,7.808998107910156,7.808998107910156
34,162,33,39.341698,6.341697692871094,6.341697692871094
34,163,32,36.86405,4.864051818847656,4.864051818847656
34,164,31,36.68732,5.687320709228516,5.687320709228516
34,165,30,30.601767,0.6017665863037109,0.6017665863037109
34,166,29,28.701601,-0.2983989715576172,0.2983989715576172
34,167,28,28.821608,0.8216075897216797,0.8216075897216797
34,168,27,26.12322,-0.8767795562744141,0.8767795562744141
34,169,26,27.74691,1.7469100952148438,1.7469100952148438
34,170,25,22.662699,-2.337301254272461,2.337301254272461
34,171,24,28.265835,4.265834808349609,4.265834808349609
34,172,23,29.28374,6.28373908996582,6.28373908996582
34,173,22,22.860554,0.8605537414550781,0.8605537414550781
34,174,21,24.638477,3.638477325439453,3.638477325439453
34,175,20,23.555012,3.555011749267578,3.555011749267578
34,176,19,25.511507,6.511507034301758,6.511507034301758
34,177,18,21.754982,3.7549819946289062,3.7549819946289062
34,178,17,17.297678,0.29767799377441406,0.29767799377441406
34,179,16,18.076311,2.0763111114501953,2.0763111114501953
34,180,15,16.363956,1.3639564514160156,1.3639564514160156
34,181,14,19.953297,5.953296661376953,5.953296661376953
34,182,13,17.163849,4.163848876953125,4.163848876953125
34,183,12,20.482508,8.482507705688477,8.482507705688477
34,184,11,16.512962,5.512962341308594,5.512962341308594
34,185,10,16.609085,6.6090850830078125,6.6090850830078125
34,186,9,12.456167,3.456167221069336,3.456167221069336
34,187,8,10.375568,2.375568389892578,2.375568389892578
34,188,7,8.38193,1.3819303512573242,1.3819303512573242
34,189,6,9.467507,3.4675073623657227,3.4675073623657227
34,190,5,7.260415,2.2604150772094727,2.2604150772094727
34,191,4,7.411726,3.4117259979248047,3.4117259979248047
34,192,3,5.6524615,2.652461528778076,2.652461528778076
34,193,2,5.622598,3.622598171234131,3.622598171234131
34,194,1,6.4825106,5.482510566711426,5.482510566711426
34,195,0,4.5049415,4.504941463470459,4.504941463470459
40,1,187,168.15672,-18.843276977539062,18.843276977539062
40,2,186,129.62593,-56.37406921386719,56.37406921386719
40,3,185,120.82341,-64.17658996582031,64.17658996582031
40,4,184,118.55907,-65.44093322753906,65.44093322753906
40,5,183,148.9769,-34.023101806640625,34.023101806640625
40,6,182,145.4725,-36.527496337890625,36.527496337890625
40,7,181,141.91779,-39.08221435546875,39.08221435546875
40,8,180,141.3034,-38.69659423828125,38.69659423828125
40,9,179,158.87834,-20.121658325195312,20.121658325195312
40,10,178,148.76613,-29.233871459960938,29.233871459960938
40,11,177,136.61491,-40.38508605957031,40.38508605957031
40,12,176,120.77825,-55.22174835205078,55.22174835205078
40,13,175,128.50679,-46.49320983886719,46.49320983886719
40,14,174,132.42094,-41.57905578613281,41.57905578613281
40,15,173,114.989395,-58.01060485839844,58.01060485839844
40,16,172,106.965485,-65.03451538085938,65.03451538085938
40,17,171,107.86626,-63.13374328613281,63.13374328613281
40,18,170,105.12491,-64.87509155273438,64.87509155273438
40,19,169,111.0163,-57.98370361328125,57.98370361328125
40,20,168,112.749,-55.250999450683594,55.250999450683594
40,21,167,121.22986,-45.7701416015625,45.7701416015625
40,22,166,115.77146,-50.228538513183594,50.228538513183594
40,23,165,118.83636,-46.16364288330078,46.16364288330078
40,24,164,108.848595,-55.151405334472656,55.151405334472656
40,25,163,116.5302,-46.46980285644531,46.46980285644531
40,26,162,115.6217,-46.37830352783203,46.37830352783203
40,27,161,135.1768,-25.823196411132812,25.823196411132812
40,28,160,134.41841,-25.581588745117188,25.581588745117188
40,29,159,136.14444,-22.855560302734375,22.855560302734375
40,30,158,132.55678,-25.443222045898438,25.443222045898438
40,31,157,131.8676,-25.132400512695312,25.132400512695312
40,32,156,157.34808,1.34808349609375,1.34808349609375
40,33,155,153.33543,-1.6645660400390625,1.6645660400390625
40,34,154,140.35815,-13.641845703125,13.641845703125
40,35,153,132.33574,-20.664260864257812,20.664260864257812
40,36,152,94.899124,-57.10087585449219,57.10087585449219
40,37,151,104.014114,-46.98588562011719,46.98588562011719
40,38,150,105.87316,-44.12683868408203,44.12683868408203
40,39,149,124.644516,-24.355484008789062,24.355484008789062
40,40,148,90.72192,-57.27808380126953,57.27808380126953
40,41,147,93.42525,-53.57475280761719,53.57475280761719
40,42,146,106.98001,-39.019989013671875,39.019989013671875
40,43,145,117.31547,-27.684532165527344,27.684532165527344
40,44,144,120.06103,-23.93897247314453,23.93897247314453
40,45,143,116.861626,-26.13837432861328,26.13837432861328
40,46,142,100.6393,-41.36070251464844,41.36070251464844
40,47,141,103.28757,-37.712432861328125,37.712432861328125
40,48,140,101.474236,-38.52576446533203,38.52576446533203
40,49,139,100.54547,-38.45452880859375,38.45452880859375
40,50,138,95.70267,-42.297332763671875,42.297332763671875
40,51,137,100.88675,-36.113250732421875,36.113250732421875
40,52,136,101.4416,-34.55840301513672,34.55840301513672
40,53,135,108.48834,-26.51165771484375,26.51165771484375
40,54,134,123.092804,-10.907196044921875,10.907196044921875
40,55,133,113.935234,-19.06476593017578,19.06476593017578
40,56,132,113.04386,-18.956138610839844,18.956138610839844
40,57,131,133.24728,2.247283935546875,2.247283935546875
40,58,130,131.52907,1.5290679931640625,1.5290679931640625
40,59,129,129.26529,0.265289306640625,0.265289306640625
40,60,128,119.422775,-8.577224731445312,8.577224731445312
40,61,127,105.37912,-21.620880126953125,21.620880126953125
40,62,126,103.6746,-22.325401306152344,22.325401306152344
40,63,125,103.06344,-21.936561584472656,21.936561584472656
40,64,124,109.266075,-14.733924865722656,14.733924865722656
40,65,123,122.76752,-0.23248291015625,0.23248291015625
40,66,122,126.423386,4.4233856201171875,4.4233856201171875
40,67,121,126.64915,5.649147033691406,5.649147033691406
40,68,120,114.132,-5.8679962158203125,5.8679962158203125
40,69,119,121.74084,2.7408370971679688,2.7408370971679688
40,70,118,124.79095,6.790946960449219,6.790946960449219
40,71,117,111.63511,-5.364891052246094,5.364891052246094
40,72,116,117.69299,1.6929931640625,1.6929931640625
40,73,115,88.27137,-26.72863006591797,26.72863006591797
40,74,114,107.020454,-6.979545593261719,6.979545593261719
40,75,113,99.2913,-13.708702087402344,13.708702087402344
40,76,112,90.706505,-21.293495178222656,21.293495178222656
40,77,111,78.56467,-32.435333251953125,32.435333251953125
40,78,110,89.15554,-20.844459533691406,20.844459533691406
40,79,109,83.53723,-25.4627685546875,25.4627685546875
40,80,108,94.793526,-13.206474304199219,13.206474304199219
40,81,107,92.80029,-14.19970703125,14.19970703125
40,82,106,100.87114,-5.1288604736328125,5.1288604736328125
40,83,105,95.64761,-9.352386474609375,9.352386474609375
40,84,104,85.0489,-18.95110321044922,18.95110321044922
40,85,103,89.98089,-13.019111633300781,13.019111633300781
40,86,102,77.248795,-24.751205444335938,24.751205444335938
40,87,101,84.72204,-16.27796173095703,16.27796173095703
40,88,100,79.965195,-20.034805297851562,20.034805297851562
40,89,99,75.85165,-23.148353576660156,23.148353576660156
40,90,98,82.88361,-15.116386413574219,15.116386413574219
40,91,97,75.57852,-21.421478271484375,21.421478271484375
40,92,96,70.685905,-25.31409454345703,25.31409454345703
40,93,95,71.197876,-23.8021240234375,23.8021240234375
40,94,94,81.012184,-12.987815856933594,12.987815856933594
40,95,93,71.756,-21.244003295898438,21.244003295898438
40,96,92,86.48641,-5.513587951660156,5.513587951660156
40,97,91,86.81812,-4.181877136230469,4.181877136230469
40,98,90,79.43985,-10.560150146484375,10.560150146484375
40,99,89,74.80158,-14.198417663574219,14.198417663574219
40,100,88,78.918175,-9.081825256347656,9.081825256347656
40,101,87,77.17026,-9.829742431640625,9.829742431640625
40,102,86,74.24251,-11.757492065429688,11.757492065429688
40,103,85,75.40678,-9.593223571777344,9.593223571777344
40,104,84,81.00599,-2.9940109252929688,2.9940109252929688
40,105,83,80.68542,-2.3145828247070312,2.3145828247070312
40,106,82,87.04543,5.045433044433594,5.045433044433594
40,107,81,82.11715,1.1171493530273438,1.1171493530273438
40,108,80,88.22406,8.22406005859375,8.22406005859375
40,109,79,75.30022,-3.6997833251953125,3.6997833251953125
40,110,78,77.49345,-0.5065536499023438,0.5065536499023438
40,111,77,75.62166,-1.3783416748046875,1.3783416748046875
40,112,76,68.94211,-7.057891845703125,7.057891845703125
40,113,75,68.64877,-6.351226806640625,6.351226806640625
40,114,74,70.32381,-3.6761932373046875,3.6761932373046875
40,115,73,78.96008,5.9600830078125,5.9600830078125
40,116,72,72.31903,0.31903076171875,0.31903076171875
40,117,71,64.27498,-6.7250213623046875,6.7250213623046875
40,118,70,61.006287,-8.99371337890625,8.99371337890625
40,119,69,62.432148,-6.567852020263672,6.567852020263672
40,120,68,50.731968,-17.26803207397461,17.26803207397461
40,121,67,55.770622,-11.229377746582031,11.229377746582031
40,122,66,54.14624,-11.853759765625,11.853759765625
40,123,65,48.32056,-16.679439544677734,16.679439544677734
40,124,64,53.1084,-10.8916015625,10.8916015625
40,125,63,54.66935,-8.330650329589844,8.330650329589844
40,126,62,50.398693,-11.601306915283203,11.601306915283203
40,127,61,48.526546,-12.473453521728516,12.473453521728516
40,128,60,53.809242,-6.190757751464844,6.190757751464844
40,129,59,52.96508,-6.034919738769531,6.034919738769531
40,130,58,50.946095,-7.053905487060547,7.053905487060547
40,131,57,52.746593,-4.253406524658203,4.253406524658203
40,132,56,53.512085,-2.4879150390625,2.4879150390625
40,133,55,52.54222,-2.4577789306640625,2.4577789306640625
40,134,54,59.725395,5.725395202636719,5.725395202636719
40,135,53,57.4533,4.453300476074219,4.453300476074219
40,136,52,40.793682,-11.206317901611328,11.206317901611328
40,137,51,42.56289,-8.437110900878906,8.437110900878906
40,138,50,41.27431,-8.725688934326172,8.725688934326172
40,139,49,47.70834,-1.2916603088378906,1.2916603088378906
40,140,48,45.44706,-2.5529403686523438,2.5529403686523438
40,141,47,49.065277,2.065277099609375,2.065277099609375
40,142,46,45.28735,-0.7126502990722656,0.7126502990722656
40,143,45,47.630375,2.6303749084472656,2.6303749084472656
40,144,44,41.263092,-2.736907958984375,2.736907958984375
40,145,43,37.16369,-5.836311340332031,5.836311340332031
40,146,42,37.98229,-4.017711639404297,4.017711639404297
40,147,41,39.70969,-1.2903099060058594,1.2903099060058594
40,148,40,36.931637,-3.0683631896972656,3.0683631896972656
40,149,39,41.858498,2.8584976196289062,2.8584976196289062
40,150,38,39.47603,1.4760284423828125,1.4760284423828125
40,151,37,37.015923,0.01592254638671875,0.01592254638671875
40,152,36,32.901062,-3.09893798828125,3.09893798828125
40,153,35,31.220282,-3.7797183990478516,3.7797183990478516
40,154,34,26.922333,-7.077667236328125,7.077667236328125
40,155,33,24.247625,-8.752374649047852,8.752374649047852
40,156,32,24.433165,-7.566835403442383,7.566835403442383
40,157,31,24.556879,-6.443120956420898,6.443120956420898
40,158,30,25.502018,-4.497982025146484,4.497982025146484
40,159,29,19.768826,-9.23117446899414,9.23117446899414
40,160,28,20.98098,-7.019020080566406,7.019020080566406
40,161,27,20.327528,-6.67247200012207,6.67247200012207
40,162,26,16.604197,-9.395803451538086,9.395803451538086
40,163,25,17.086605,-7.913394927978516,7.913394927978516
40,164,24,23.057486,-0.9425144195556641,0.9425144195556641
40,165,23,20.221941,-2.7780590057373047,2.7780590057373047
40,166,22,22.282177,0.2821769714355469,0.2821769714355469
40,167,21,24.128876,3.128875732421875,3.128875732421875
40,168,20,23.267904,3.267904281616211,3.267904281616211
40,169,19,21.1562,2.156200408935547,2.156200408935547
40,170,18,17.899328,-0.10067176818847656,0.10067176818847656
40,171,17,21.637575,4.637575149536133,4.637575149536133
40,172,16,20.315342,4.315341949462891,4.315341949462891
40,173,15,19.071648,4.071647644042969,4.071647644042969
40,174,14,11.427182,-2.572817802429199,2.572817802429199
40,175,13,11.524534,-1.4754657745361328,1.4754657745361328
40,176,12,7.116052,-4.883947849273682,4.883947849273682
40,177,11,6.696393,-4.303606986999512,4.303606986999512
40,178,10,7.40912,-2.5908799171447754,2.5908799171447754
40,179,9,6.449822,-2.550178050994873,2.550178050994873
40,180,8,6.3048863,-1.6951136589050293,1.6951136589050293
40,181,7,6.21401,-0.7859902381896973,0.7859902381896973
40,182,6,4.47783,-1.522170066833496,1.522170066833496
40,183,5,4.2711887,-0.7288112640380859,0.7288112640380859
40,184,4,4.200339,0.20033884048461914,0.20033884048461914
40,185,3,2.3575797,-0.6424202919006348,0.6424202919006348
40,186,2,1.8899791,-0.11002087593078613,0.11002087593078613
40,187,1,3.6481469,2.648146867752075,2.648146867752075
40,188,0,-0.5489452,-0.5489451885223389,0.5489451885223389
45,1,157,177.70697,20.70697021484375,20.70697021484375
45,2,156,208.3421,52.34210205078125,52.34210205078125
45,3,155,218.19763,63.1976318359375,63.1976318359375
45,4,154,189.00093,35.00093078613281,35.00093078613281
45,5,153,194.42656,41.42655944824219,41.42655944824219
45,6,152,206.89525,54.89524841308594,54.89524841308594
45,7,151,201.41641,50.416412353515625,50.416412353515625
45,8,150,174.82382,24.823822021484375,24.823822021484375
45,9,149,184.24574,35.24574279785156,35.24574279785156
45,10,148,166.71939,18.719390869140625,18.719390869140625
45,11,147,172.5075,25.50750732421875,25.50750732421875
45,12,146,170.45631,24.456314086914062,24.456314086914062
45,13,145,166.0545,21.05450439453125,21.05450439453125
45,14,144,166.21657,22.216567993164062,22.216567993164062
45,15,143,169.544,26.54400634765625,26.54400634765625
45,16,142,169.81393,27.813934326171875,27.813934326171875
45,17,141,165.1759,24.1759033203125,24.1759033203125
45,18,140,164.29677,24.296768188476562,24.296768188476562
45,19,139,172.28598,33.285980224609375,33.285980224609375
45,20,138,176.89586,38.89585876464844,38.89585876464844
45,21,137,180.95802,43.95802307128906,43.95802307128906
45,22,136,173.11417,37.114166259765625,37.114166259765625
45,23,135,169.47398,34.47398376464844,34.47398376464844
45,24,134,167.26097,33.26097106933594,33.26097106933594
45,25,133,171.80153,38.80152893066406,38.80152893066406
45,26,132,169.68652,37.6865234375,37.6865234375
45,27,131,170.94945,39.94944763183594,39.94944763183594
45,28,130,167.97704,37.97703552246094,37.97703552246094
45,29,129,175.9262,46.92619323730469,46.92619323730469
45,30,128,174.97502,46.97502136230469,46.97502136230469
45,31,127,180.75858,53.758575439453125,53.758575439453125
45,32,126,177.83694,51.836944580078125,51.836944580078125
45,33,125,173.65105,48.65104675292969,48.65104675292969
45,34,124,184.43256,60.43255615234375,60.43255615234375
45,35,123,176.2365,53.23649597167969,53.23649597167969
45,36,122,170.19719,48.19718933105469,48.19718933105469
45,37,121,162.59683,41.596832275390625,41.596832275390625
45,38,120,171.69208,51.69207763671875,51.69207763671875
45,39,119,171.69852,52.698516845703125,52.698516845703125
45,40,118,160.50984,42.50984191894531,42.50984191894531
45,41,117,161.93413,44.93412780761719,44.93412780761719
45,42,116,162.1395,46.139495849609375,46.139495849609375
45,43,115,168.5843,53.58430480957031,53.58430480957031
45,44,114,162.91484,48.91484069824219,48.91484069824219
45,45,113,169.48674,56.48674011230469,56.48674011230469
45,46,112,175.8215,63.821502685546875,63.821502685546875
45,47,111,167.65895,56.65895080566406,56.65895080566406
45,48,110,166.64545,56.64544677734375,56.64544677734375
45,49,109,167.25786,58.25785827636719,58.25785827636719
45,50,108,146.76555,38.76554870605469,38.76554870605469
45,51,107,141.56818,34.56817626953125,34.56817626953125
45,52,106,140.04642,34.046417236328125,34.046417236328125
45,53,105,140.52393,35.52392578125,35.52392578125
45,54,104,133.17949,29.179489135742188,29.179489135742188
45,55,103,120.28187,17.28186798095703,17.28186798095703
45,56,102,132.92006,30.920059204101562,30.920059204101562
45,57,101,132.16965,31.169647216796875,31.169647216796875
45,58,100,119.72306,19.723060607910156,19.723060607910156
45,59,99,120.07298,21.072982788085938,21.072982788085938
45,60,98,129.13757,31.1375732421875,31.1375732421875
45,61,97,123.720276,26.72027587890625,26.72027587890625
45,62,96,118.21373,22.213729858398438,22.213729858398438
45,63,95,120.08237,25.082366943359375,25.082366943359375
45,64,94,129.28348,35.283477783203125,35.283477783203125
45,65,93,135.14293,42.14292907714844,42.14292907714844
45,66,92,134.33533,42.3353271484375,42.3353271484375
45,67,91,130.3224,39.32240295410156,39.32240295410156
45,68,90,130.37848,40.37847900390625,40.37847900390625
45,69,89,113.68631,24.686309814453125,24.686309814453125
45,70,88,120.02109,32.021087646484375,32.021087646484375
45,71,87,136.37515,49.375152587890625,49.375152587890625
45,72,86,127.10968,41.10968017578125,41.10968017578125
45,73,85,123.01142,38.01142120361328,38.01142120361328
45,74,84,120.77596,36.775962829589844,36.775962829589844
45,75,83,121.66163,38.66162872314453,38.66162872314453
45,76,82,124.78746,42.78746032714844,42.78746032714844
45,77,81,126.00167,45.001670837402344,45.001670837402344
45,78,80,123.77567,43.775672912597656,43.775672912597656
45,79,79,113.35538,34.355377197265625,34.355377197265625
45,80,78,117.29607,39.29606628417969,39.29606628417969
45,81,77,121.537,44.53700256347656,44.53700256347656
45,82,76,108.87603,32.87602996826172,32.87602996826172
45,83,75,111.87124,36.871238708496094,36.871238708496094
45,84,74,124.60585,50.60585021972656,50.60585021972656
45,85,73,114.81776,41.81775665283203,41.81775665283203
45,86,72,118.72695,46.726951599121094,46.726951599121094
45,87,71,119.23295,48.232948303222656,48.232948303222656
45,88,70,106.83515,36.83515167236328,36.83515167236328
45,89,69,112.521515,43.521514892578125,43.521514892578125
45,90,68,102.35102,34.35102081298828,34.35102081298828
45,91,67,90.84251,23.842506408691406,23.842506408691406
45,92,66,100.54141,34.541412353515625,34.541412353515625
45,93,65,98.294136,33.29413604736328,33.29413604736328
45,94,64,97.69371,33.69371032714844,33.69371032714844
45,95,63,93.964005,30.964004516601562,30.964004516601562
45,96,62,94.92093,32.920928955078125,32.920928955078125
45,97,61,93.82335,32.82334899902344,32.82334899902344
45,98,60,83.33295,23.33294677734375,23.33294677734375
45,99,59,79.373,20.373001098632812,20.373001098632812
45,100,58,76.85495,18.854949951171875,18.854949951171875
45,101,57,72.50839,15.508392333984375,15.508392333984375
45,102,56,72.195465,16.195465087890625,16.195465087890625
45,103,55,69.67889,14.678886413574219,14.678886413574219
45,104,54,69.05535,15.055351257324219,15.055351257324219
45,105,53,64.67334,11.67333984375,11.67333984375
45,106,52,68.71903,16.719032287597656,16.719032287597656
45,107,51,60.93218,9.932178497314453,9.932178497314453
45,108,50,67.303116,17.303115844726562,17.303115844726562
45,109,49,62.95282,13.95281982421875,13.95281982421875
45,110,48,61.650227,13.650226593017578,13.650226593017578
45,111,47,68.172165,21.172164916992188,21.172164916992188
45,112,46,68.3838,22.38379669189453,22.38379669189453
45,113,45,67.50361,22.50360870361328,22.50360870361328
45,114,44,55.916058,11.916057586669922,11.916057586669922
45,115,43,62.634098,19.634098052978516,19.634098052978516
45,116,42,49.94864,7.948638916015625,7.948638916015625
45,117,41,39.2329,-1.7671012878417969,1.7671012878417969
45,118,40,54.035137,14.035137176513672,14.035137176513672
45,119,39,50.660625,11.660625457763672,11.660625457763672
45,120,38,50.197754,12.19775390625,12.19775390625
45,121,37,63.459316,26.45931625366211,26.45931625366211
45,122,36,52.15821,16.15821075439453,16.15821075439453
45,123,35,52.199093,17.199092864990234,17.199092864990234
45,124,34,55.732815,21.73281478881836,21.73281478881836
45,125,33,56.995934,23.995933532714844,23.995933532714844
45,126,32,57.63697,25.63697052001953,25.63697052001953
45,127,31,54.84298,23.842979431152344,23.842979431152344
45,128,30,67.84782,37.847816467285156,37.847816467285156
45,129,29,45.437542,16.437541961669922,16.437541961669922
45,130,28,51.026096,23.02609634399414,23.02609634399414
45,131,27,49.85972,22.859718322753906,22.859718322753906
45,132,26,46.587772,20.587772369384766,20.587772369384766
45,133,25,37.83017,12.830169677734375,12.830169677734375
45,134,24,37.999226,13.999225616455078,13.999225616455078
45,135,23,30.477325,7.477325439453125,7.477325439453125
45,136,22,38.610634,16.610633850097656,16.610633850097656
45,137,21,41.430767,20.430767059326172,20.430767059326172
45,138,20,39.816917,19.816917419433594,19.816917419433594
45,139,19,29.508455,10.508455276489258,10.508455276489258
45,140,18,29.80532,11.805320739746094,11.805320739746094
45,141,17,27.689922,10.689922332763672,10.689922332763672
45,142,16,14.261978,-1.7380218505859375,1.7380218505859375
45,143,15,17.010788,2.0107879638671875,2.0107879638671875
45,144,14,14.824608,0.8246078491210938,0.8246078491210938
45,145,13,15.535913,2.5359134674072266,2.5359134674072266
45,146,12,14.068272,2.0682716369628906,2.0682716369628906
45,147,11,14.378432,3.378432273864746,3.378432273864746
45,148,10,8.035314,-1.964686393737793,1.964686393737793
45,149,9,8.48327,-0.5167303085327148,0.5167303085327148
45,150,8,6.468241,-1.5317587852478027,1.5317587852478027
45,151,7,12.466735,5.466734886169434,5.466734886169434
45,152,6,10.498905,4.498905181884766,4.498905181884766
45,153,5,9.881821,4.8818206787109375,4.8818206787109375
45,154,4,6.734997,2.734996795654297,2.734996795654297
45,155,3,9.293272,6.293272018432617,6.293272018432617
45,156,2,5.170816,3.170815944671631,3.170815944671631
45,157,1,1.4662567,0.4662567377090454,0.4662567377090454
45,158,0,3.7094634,3.709463357925415,3.709463357925415
46,1,255,190.46318,-64.53681945800781,64.53681945800781
46,2,254,178.7407,-75.25929260253906,75.25929260253906
46,3,253,198.28203,-54.71797180175781,54.71797180175781
46,4,252,174.17517,-77.8248291015625,77.8248291015625
46,5,251,160.08984,-90.91015625,90.91015625
46,6,250,172.01546,-77.98454284667969,77.98454284667969
46,7,249,161.96693,-87.03306579589844,87.03306579589844
46,8,248,157.19711,-90.80288696289062,90.80288696289062
46,9,247,160.32274,-86.67726135253906,86.67726135253906
46,10,246,163.19974,-82.80026245117188,82.80026245117188
46,11,245,166.20406,-78.79594421386719,78.79594421386719
46,12,244,152.59366,-91.40634155273438,91.40634155273438
46,13,243,158.77448,-84.22552490234375,84.22552490234375
46,14,242,149.92003,-92.07997131347656,92.07997131347656
46,15,241,154.0787,-86.92129516601562,86.92129516601562
46,16,240,152.76253,-87.23747253417969,87.23747253417969
46,17,239,142.89404,-96.10595703125,96.10595703125
46,18,238,146.26044,-91.73956298828125,91.73956298828125
46,19,237,154.31567,-82.684326171875,82.684326171875
46,20,236,150.08176,-85.91824340820312,85.91824340820312
46,21,235,143.7132,-91.28680419921875,91.28680419921875
46,22,234,144.3418,-89.658203125,89.658203125
46,23,233,149.5612,-83.43879699707031,83.43879699707031
46,24,232,154.87929,-77.12071228027344,77.12071228027344
46,25,231,153.54753,-77.45246887207031,77.45246887207031
46,26,230,150.08667,-79.913330078125,79.913330078125
46,27,229,153.24316,-75.7568359375,75.7568359375
46,28,228,154.56375,-73.43624877929688,73.43624877929688
46,29,227,157.52847,-69.47152709960938,69.47152709960938
46,30,226,156.7195,-69.28050231933594,69.28050231933594
46,31,225,151.41891,-73.58108520507812,73.58108520507812
46,32,224,159.87114,-64.12886047363281,64.12886047363281
46,33,223,157.60487,-65.39512634277344,65.39512634277344
46,34,222,168.46565,-53.53434753417969,53.53434753417969
46,35,221,168.50592,-52.49407958984375,52.49407958984375
46,36,220,175.1411,-44.85890197753906,44.85890197753906
46,37,219,169.89021,-49.10978698730469,49.10978698730469
46,38,218,166.03392,-51.96607971191406,51.96607971191406
46,39,217,163.71217,-53.28782653808594,53.28782653808594
46,40,216,157.2228,-58.77720642089844,58.77720642089844
46,41,215,157.59338,-57.4066162109375,57.4066162109375
46,42,214,157.69485,-56.305145263671875,56.305145263671875
46,43,213,153.45775,-59.54225158691406,59.54225158691406
46,44,212,151.63785,-60.362152099609375,60.362152099609375
46,45,211,160.70685,-50.29315185546875,50.29315185546875
46,46,210,159.17012,-50.82987976074219,50.82987976074219
46,47,209,156.26933,-52.73066711425781,52.73066711425781
46,48,208,154.4422,-53.55780029296875,53.55780029296875
46,49,207,150.25948,-56.74052429199219,56.74052429199219
46,50,206,143.43665,-62.5633544921875,62.5633544921875
46,51,205,149.70897,-55.29103088378906,55.29103088378906
46,52,204,160.41368,-43.58631896972656,43.58631896972656
46,53,203,160.64967,-42.35032653808594,42.35032653808594
46,54,202,143.32683,-58.67317199707031,58.67317199707031
46,55,201,162.74828,-38.25172424316406,38.25172424316406
46,56,200,159.00713,-40.99287414550781,40.99287414550781
46,57,199,160.03207,-38.967926025390625,38.967926025390625
46,58,198,155.67685,-42.323150634765625,42.323150634765625
46,59,197,160.62813,-36.37187194824219,36.37187194824219
46,60,196,156.07695,-39.92304992675781,39.92304992675781
46,61,195,155.10486,-39.8951416015625,39.8951416015625
46,62,194,140.80553,-53.19447326660156,53.19447326660156
46,63,193,137.15266,-55.84733581542969,55.84733581542969
46,64,192,143.5576,-48.44239807128906,48.44239807128906
46,65,191,138.10011,-52.89988708496094,52.89988708496094
46,66,190,134.68564,-55.314361572265625,55.314361572265625
46,67,189,140.46948,-48.530517578125,48.530517578125
46,68,188,135.92735,-52.07264709472656,52.07264709472656
46,69,187,131.79837,-55.201629638671875,55.201629638671875
46,70,186,135.91295,-50.08705139160156,50.08705139160156
46,71,185,126.338455,-58.66154479980469,58.66154479980469
46,72,184,129.00412,-54.995880126953125,54.995880126953125
46,73,183,125.991196,-57.00880432128906,57.00880432128906
46,74,182,115.0704,-66.92960357666016,66.92960357666016
46,75,181,125.856155,-55.14384460449219,55.14384460449219
46,76,180,131.42517,-48.5748291015625,48.5748291015625
46,77,179,136.03616,-42.963836669921875,42.963836669921875
46,78,178,134.69513,-43.30487060546875,43.30487060546875
46,79,177,138.2294,-38.770599365234375,38.770599365234375
46,80,176,133.61574,-42.38426208496094,42.38426208496094
46,81,175,150.33597,-24.664031982421875,24.664031982421875
46,82,174,141.48154,-32.518463134765625,32.518463134765625
46,83,173,143.9757,-29.024307250976562,29.024307250976562
46,84,172,149.51341,-22.486587524414062,22.486587524414062
46,85,171,144.42706,-26.57293701171875,26.57293701171875
46,86,170,143.05627,-26.9437255859375,26.9437255859375
46,87,169,141.10802,-27.891983032226562,27.891983032226562
46,88,168,141.87791,-26.122085571289062,26.122085571289062
46,89,167,148.32654,-18.6734619140625,18.6734619140625
46,90,166,152.9515,-13.048492431640625,13.048492431640625
46,91,165,157.18402,-7.81597900390625,7.81597900390625
46,92,164,161.04707,-2.9529266357421875,2.9529266357421875
46,93,163,151.63112,-11.368881225585938,11.368881225585938
46,94,162,149.70146,-12.298538208007812,12.298538208007812
46,95,161,140.98016,-20.01983642578125,20.01983642578125
46,96,160,141.75519,-18.24481201171875,18.24481201171875
46,97,159,143.45374,-15.5462646484375,15.5462646484375
46,98,158,143.74014,-14.259857177734375,14.259857177734375
46,99,157,141.98053,-15.01947021484375,15.01947021484375
46,100,156,143.35172,-12.648284912109375,12.648284912109375
46,101,155,134.0247,-20.975296020507812,20.975296020507812
46,102,154,146.08145,-7.918548583984375,7.918548583984375
46,103,153,139.5327,-13.467300415039062,13.467300415039062
46,104,152,137.54414,-14.455856323242188,14.455856323242188
46,105,151,144.21246,-6.78753662109375,6.78753662109375
46,106,150,139.54068,-10.459320068359375,10.459320068359375
46,107,149,122.32135,-26.67864990234375,26.67864990234375
46,108,148,127.31181,-20.688186645507812,20.688186645507812
46,109,147,115.48105,-31.518951416015625,31.518951416015625
46,110,146,112.209114,-33.79088592529297,33.79088592529297
46,111,145,104.70457,-40.295433044433594,40.295433044433594
46,112,144,99.94724,-44.052757263183594,44.052757263183594
46,113,143,102.527596,-40.47240447998047,40.47240447998047
46,114,142,99.08315,-42.916847229003906,42.916847229003906
46,115,141,98.21984,-42.78015899658203,42.78015899658203
46,116,140,103.6912,-36.308799743652344,36.308799743652344
46,117,139,105.509796,-33.490203857421875,33.490203857421875
46,118,138,105.428024,-32.57197570800781,32.57197570800781
46,119,137,104.73389,-32.26611328125,32.26611328125
46,120,136,104.028336,-31.971664428710938,31.971664428710938
46,121,135,103.92881,-31.071189880371094,31.071189880371094
46,122,134,115.791435,-18.20856475830078,18.20856475830078
46,123,133,110.88701,-22.112991333007812,22.112991333007812
46,124,132,114.758415,-17.24158477783203,17.24158477783203
46,125,131,122.18228,-8.817718505859375,8.817718505859375
46,126,130,131.28995,1.289947509765625,1.289947509765625
46,127,129,129.13358,0.133575439453125,0.133575439453125
46,128,128,132.80054,4.800537109375,4.800537109375
46,129,127,141.58621,14.586212158203125,14.586212158203125
46,130,126,129.35876,3.3587646484375,3.3587646484375
46,131,125,126.93499,1.9349899291992188,1.9349899291992188
46,132,124,135.50337,11.503372192382812,11.503372192382812
46,133,123,142.27826,19.27825927734375,19.27825927734375
46,134,122,128.18349,6.1834869384765625,6.1834869384765625
46,135,121,105.68439,-15.31561279296875,15.31561279296875
46,136,120,125.39456,5.394561767578125,5.394561767578125
46,137,119,141.2838,22.283798217773438,22.283798217773438
46,138,118,146.28555,28.285552978515625,28.285552978515625
46,139,117,141.70016,24.700164794921875,24.700164794921875
46,140,116,137.88942,21.889419555664062,21.889419555664062
46,141,115,137.33852,22.338516235351562,22.338516235351562
46,142,114,149.59532,35.59532165527344,35.59532165527344
46,143,113,145.0122,32.01220703125,32.01220703125
46,144,112,147.33821,35.33821105957031,35.33821105957031
46,145,111,144.21829,33.218292236328125,33.218292236328125
46,146,110,137.68893,27.688934326171875,27.688934326171875
46,147,109,138.59416,29.594161987304688,29.594161987304688
46,148,108,135.2264,27.226394653320312,27.226394653320312
46,149,107,134.43962,27.439620971679688,27.439620971679688
46,150,106,143.9919,37.99189758300781,37.99189758300781
46,151,105,148.9877,43.987701416015625,43.987701416015625
46,152,104,145.23564,41.23564147949219,41.23564147949219
46,153,103,138.22672,35.226715087890625,35.226715087890625
46,154,102,153.25648,51.25648498535156,51.25648498535156
46,155,101,152.2882,51.28819274902344,51.28819274902344
46,156,100,149.03055,49.030548095703125,49.030548095703125
46,157,99,154.89859,55.898590087890625,55.898590087890625
46,158,98,159.96458,61.96458435058594,61.96458435058594
46,159,97,170.18565,73.18565368652344,73.18565368652344
46,160,96,157.80998,61.80998229980469,61.80998229980469
46,161,95,162.97386,67.97386169433594,67.97386169433594
46,162,94,152.3082,58.308197021484375,58.308197021484375
46,163,93,159.23756,66.23756408691406,66.23756408691406
46,164,92,160.89578,68.89578247070312,68.89578247070312
46,165,91,157.68433,66.684326171875,66.684326171875
46,166,90,169.16988,79.16987609863281,79.16987609863281
46,167,89,174.01712,85.01712036132812,85.01712036132812
46,168,88,184.04492,96.044921875,96.044921875
46,169,87,174.9054,87.9053955078125,87.9053955078125
46,170,86,172.8758,86.87579345703125,86.87579345703125
46,171,85,177.09627,92.09626770019531,92.09626770019531
46,172,84,171.37003,87.37002563476562,87.37002563476562
46,173,83,164.08824,81.08824157714844,81.08824157714844
46,174,82,157.08043,75.08042907714844,75.08042907714844
46,175,81,137.07312,56.0731201171875,56.0731201171875
46,176,80,149.85794,69.85794067382812,69.85794067382812
46,177,79,121.82521,42.82521057128906,42.82521057128906
46,178,78,141.51065,63.510650634765625,63.510650634765625
46,179,77,134.9371,57.937103271484375,57.937103271484375
46,180,76,112.209,36.20899963378906,36.20899963378906
46,181,75,120.02147,45.02146911621094,45.02146911621094
46,182,74,85.11087,11.110870361328125,11.110870361328125
46,183,73,75.31578,2.3157806396484375,2.3157806396484375
46,184,72,82.85894,10.858940124511719,10.858940124511719
46,185,71,96.015114,25.015113830566406,25.015113830566406
46,186,70,89.755775,19.755775451660156,19.755775451660156
46,187,69,92.887085,23.8870849609375,23.8870849609375
46,188,68,93.774216,25.774215698242188,25.774215698242188
46,189,67,96.18198,29.181976318359375,29.181976318359375
46,190,66,83.14394,17.143943786621094,17.143943786621094
46,191,65,100.786736,35.78673553466797,35.78673553466797
46,192,64,108.52241,44.52240753173828,44.52240753173828
46,193,63,104.79965,41.799652099609375,41.799652099609375
46,194,62,120.73011,58.73011016845703,58.73011016845703
46,195,61,106.350784,45.35078430175781,45.35078430175781
46,196,60,104.588905,44.588905334472656,44.588905334472656
46,197,59,108.84815,49.84815216064453,49.84815216064453
46,198,58,102.73027,44.73027038574219,44.73027038574219
46,199,57,99.60812,42.608123779296875,42.608123779296875
46,200,56,94.1285,38.128501892089844,38.128501892089844
46,201,55,91.48809,36.48809051513672,36.48809051513672
46,202,54,91.05006,37.05005645751953,37.05005645751953
46,203,53,77.489105,24.489105224609375,24.489105224609375
46,204,52,64.069855,12.069854736328125,12.069854736328125
46,205,51,72.91835,21.918350219726562,21.918350219726562
46,206,50,83.07192,33.071922302246094,33.071922302246094
46,207,49,72.18523,23.185226440429688,23.185226440429688
46,208,48,78.72272,30.72271728515625,30.72271728515625
46,209,47,89.7701,42.770103454589844,42.770103454589844
46,210,46,84.771225,38.77122497558594,38.77122497558594
46,211,45,88.721146,43.72114562988281,43.72114562988281
46,212,44,88.1711,44.17109680175781,44.17109680175781
46,213,43,65.646805,22.646804809570312,22.646804809570312
46,214,42,73.64893,31.64893341064453,31.64893341064453
46,215,41,70.53249,29.532493591308594,29.532493591308594
46,216,40,66.11749,26.11749267578125,26.11749267578125
46,217,39,64.74048,25.740478515625,25.740478515625
46,218,38,56.238487,18.238487243652344,18.238487243652344
46,219,37,51.448048,14.448047637939453,14.448047637939453
46,220,36,53.390263,17.390262603759766,17.390262603759766
46,221,35,43.878883,8.878883361816406,8.878883361816406
46,222,34,41.26633,7.266330718994141,7.266330718994141
46,223,33,36.942455,3.942455291748047,3.942455291748047
46,224,32,42.471638,10.471637725830078,10.471637725830078
46,225,31,36.55461,5.5546112060546875,5.5546112060546875
46,226,30,32.77318,2.7731781005859375,2.7731781005859375
46,227,29,38.59836,9.598358154296875,9.598358154296875
46,228,28,39.65002,11.650020599365234,11.650020599365234
46,229,27,40.90542,13.905418395996094,13.905418395996094
46,230,26,36.377094,10.377094268798828,10.377094268798828
46,231,25,31.836153,6.836153030395508,6.836153030395508
46,232,24,35.319286,11.319286346435547,11.319286346435547
46,233,23,35.605713,12.605712890625,12.605712890625
46,234,22,31.823952,9.823951721191406,9.823951721191406
46,235,21,31.732605,10.73260498046875,10.73260498046875
46,236,20,31.803928,11.80392837524414,11.80392837524414
46,237,19,31.785196,12.785196304321289,12.785196304321289
46,238,18,31.679008,13.679008483886719,13.679008483886719
46,239,17,23.615864,6.615863800048828,6.615863800048828
46,240,16,15.435679,-0.5643205642700195,0.5643205642700195
46,241,15,20.012077,5.012077331542969,5.012077331542969
46,242,14,14.916481,0.9164810180664062,0.9164810180664062
46,243,13,12.991726,-0.008274078369140625,0.008274078369140625
46,244,12,14.731605,2.73160457611084,2.73160457611084
46,245,11,10.747829,-0.2521705627441406,0.2521705627441406
46,246,10,8.433168,-1.5668315887451172,1.5668315887451172
46,247,9,11.035207,2.0352067947387695,2.0352067947387695
46,248,8,7.9340343,-0.06596565246582031,0.06596565246582031
46,249,7,6.9256864,-0.07431364059448242,0.07431364059448242
46,250,6,2.7088456,-3.291154384613037,3.291154384613037
46,251,5,4.2899737,-0.7100262641906738,0.7100262641906738
46,252,4,4.0528307,0.05283069610595703,0.05283069610595703
46,253,3,3.6406138,0.6406137943267822,0.6406137943267822
46,254,2,3.4078412,1.4078412055969238,1.4078412055969238
46,255,1,3.5335195,2.5335195064544678,2.5335195064544678
46,256,0,1.1746131,1.174613118171692,1.174613118171692
54,1,256,191.45476,-64.54524230957031,64.54524230957031
54,2,255,162.46915,-92.53085327148438,92.53085327148438
54,3,254,188.29657,-65.70343017578125,65.70343017578125
54,4,253,155.97876,-97.021240234375,97.021240234375
54,5,252,147.7557,-104.24429321289062,104.24429321289062
54,6,251,151.57768,-99.42231750488281,99.42231750488281
54,7,250,169.293,-80.70700073242188,80.70700073242188
54,8,249,168.14076,-80.85923767089844,80.85923767089844
54,9,248,161.01114,-86.98886108398438,86.98886108398438
54,10,247,155.90059,-91.09941101074219,91.09941101074219
54,11,246,157.00537,-88.99462890625,88.99462890625
54,12,245,156.86383,-88.13616943359375,88.13616943359375
54,13,244,169.86893,-74.13107299804688,74.13107299804688
54,14,243,175.63794,-67.362060546875,67.362060546875
54,15,242,167.89308,-74.10691833496094,74.10691833496094
54,16,241,153.87025,-87.12974548339844,87.12974548339844
54,17,240,154.17033,-85.82966613769531,85.82966613769531
54,18,239,153.85739,-85.14260864257812,85.14260864257812
54,19,238,155.15724,-82.84275817871094,82.84275817871094
54,20,237,156.20247,-80.79753112792969,80.79753112792969
54,21,236,143.57668,-92.42332458496094,92.42332458496094
54,22,235,145.435,-89.56500244140625,89.56500244140625
54,23,234,155.94229,-78.05770874023438,78.05770874023438
54,24,233,164.71042,-68.28958129882812,68.28958129882812
54,25,232,168.6716,-63.328399658203125,63.328399658203125
54,26,231,167.19388,-63.806121826171875,63.806121826171875
54,27,230,150.93106,-79.06893920898438,79.06893920898438
54,28,229,152.9817,-76.01829528808594,76.01829528808594
54,29,228,139.75676,-88.24324035644531,88.24324035644531
54,30,227,140.82414,-86.17585754394531,86.17585754394531
54,31,226,151.6303,-74.36970520019531,74.36970520019531
54,32,225,147.03554,-77.96446228027344,77.96446228027344
54,33,224,147.58757,-76.41242980957031,76.41242980957031
54,34,223,152.34491,-70.65509033203125,70.65509033203125
54,35,222,151.64607,-70.35392761230469,70.35392761230469
54,36,221,151.06651,-69.93348693847656,69.93348693847656
54,37,220,149.37198,-70.62802124023438,70.62802124023438
54,38,219,147.79068,-71.20932006835938,71.20932006835938
54,39,218,149.17249,-68.8275146484375,68.8275146484375
54,40,217,152.50204,-64.49795532226562,64.49795532226562
54,41,216,156.61794,-59.38206481933594,59.38206481933594
54,42,215,145.70604,-69.29396057128906,69.29396057128906
54,43,214,142.78946,-71.21054077148438,71.21054077148438
54,44,213,143.40263,-69.59736633300781,69.59736633300781
54,45,212,145.98752,-66.01248168945312,66.01248168945312
54,46,211,142.56657,-68.43342590332031,68.43342590332031
54,47,210,146.55267,-63.44732666015625,63.44732666015625
54,48,209,146.40485,-62.59515380859375,62.59515380859375
54,49,208,144.06197,-63.93803405761719,63.93803405761719
54,50,207,147.04845,-59.95155334472656,59.95155334472656
54,51,206,149.97556,-56.024444580078125,56.024444580078125
54,52,205,152.18831,-52.81169128417969,52.81169128417969
54,53,204,143.73674,-60.26325988769531,60.26325988769531
54,54,203,145.76372,-57.23628234863281,57.23628234863281
54,55,202,146.3924,-55.60760498046875,55.60760498046875
54,56,201,138.23169,-62.768310546875,62.768310546875
54,57,200,136.325,-63.67500305175781,63.67500305175781
54,58,199,133.87424,-65.12576293945312,65.12576293945312
54,59,198,142.43155,-55.568450927734375,55.568450927734375
54,60,197,144.22708,-52.772918701171875,52.772918701171875
54,61,196,135.73965,-60.260345458984375,60.260345458984375
54,62,195,157.37787,-37.62213134765625,37.62213134765625
54,63,194,170.05417,-23.945831298828125,23.945831298828125
54,64,193,161.43503,-31.564971923828125,31.564971923828125
54,65,192,171.06186,-20.938140869140625,20.938140869140625
54,66,191,175.71231,-15.287689208984375,15.287689208984375
54,67,190,170.23059,-19.7694091796875,19.7694091796875
54,68,189,169.23409,-19.765914916992188,19.765914916992188
54,69,188,165.16806,-22.831939697265625,22.831939697265625
54,70,187,167.43983,-19.560165405273438,19.560165405273438
54,71,186,145.47307,-40.52693176269531,40.52693176269531
54,72,185,156.1443,-28.855697631835938,28.855697631835938
54,73,184,142.70476,-41.29524230957031,41.29524230957031
54,74,183,139.17699,-43.82301330566406,43.82301330566406
54,75,182,141.50978,-40.49021911621094,40.49021911621094
54,76,181,154.57509,-26.424911499023438,26.424911499023438
54,77,180,151.17696,-28.823043823242188,28.823043823242188
54,78,179,139.7893,-39.210693359375,39.210693359375
54,79,178,140.43622,-37.56378173828125,37.56378173828125
54,80,177,139.95914,-37.040863037109375,37.040863037109375
54,81,176,141.00204,-34.997955322265625,34.997955322265625
54,82,175,144.26584,-30.734161376953125,30.734161376953125
54,83,174,144.46162,-29.538375854492188,29.538375854492188
54,84,173,151.96811,-21.031890869140625,21.031890869140625
54,85,172,139.68211,-32.31788635253906,32.31788635253906
54,86,171,144.14519,-26.854812622070312,26.854812622070312
54,87,170,148.99495,-21.005050659179688,21.005050659179688
54,88,169,144.76312,-24.23687744140625,24.23687744140625
54,89,168,145.00757,-22.992431640625,22.992431640625
54,90,167,147.92947,-19.070526123046875,19.070526123046875
54,91,166,145.07338,-20.926620483398438,20.926620483398438
54,92,165,148.91068,-16.089324951171875,16.089324951171875
54,93,164,148.928,-15.072006225585938,15.072006225585938
54,94,163,150.56691,-12.433090209960938,12.433090209960938
54,95,162,146.87862,-15.121383666992188,15.121383666992188
54,96,161,147.9072,-13.092803955078125,13.092803955078125
54,97,160,145.95984,-14.0401611328125,14.0401611328125
54,98,159,148.11365,-10.8863525390625,10.8863525390625
54,99,158,153.01242,-4.987579345703125,4.987579345703125
54,100,157,150.03775,-6.962249755859375,6.962249755859375
54,101,156,145.38268,-10.617324829101562,10.617324829101562
54,102,155,144.14505,-10.854949951171875,10.854949951171875
54,103,154,140.01004,-13.989959716796875,13.989959716796875
54,104,153,137.49893,-15.501068115234375,15.501068115234375
54,105,152,135.45308,-16.546920776367188,16.546920776367188
54,106,151,135.62267,-15.377334594726562,15.377334594726562
54,107,150,120.89454,-29.10546112060547,29.10546112060547
54,108,149,119.519264,-29.480735778808594,29.480735778808594
54,109,148,118.500404,-29.499595642089844,29.499595642089844
54,110,147,125.47597,-21.524032592773438,21.524032592773438
54,111,146,131.66197,-14.338027954101562,14.338027954101562
54,112,145,121.60841,-23.391586303710938,23.391586303710938
54,113,144,122.68691,-21.313087463378906,21.313087463378906
54,114,143,127.14256,-15.857437133789062,15.857437133789062
54,115,142,119.41468,-22.58531951904297,22.58531951904297
54,116,141,120.4792,-20.520797729492188,20.520797729492188
54,117,140,123.68852,-16.311477661132812,16.311477661132812
54,118,139,130.97444,-8.025558471679688,8.025558471679688
54,119,138,122.70287,-15.297126770019531,15.297126770019531
54,120,137,132.62383,-4.3761749267578125,4.3761749267578125
54,121,136,114.55735,-21.442649841308594,21.442649841308594
54,122,135,120.14927,-14.850730895996094,14.850730895996094
54,123,134,119.49047,-14.509529113769531,14.509529113769531
54,124,133,118.36589,-14.634109497070312,14.634109497070312
54,125,132,116.67819,-15.321807861328125,15.321807861328125
54,126,131,124.19997,-6.8000335693359375,6.8000335693359375
54,127,130,122.915054,-7.0849456787109375,7.0849456787109375
54,128,129,120.22456,-8.775436401367188,8.775436401367188
54,129,128,112.936356,-15.063644409179688,15.063644409179688
54,130,127,116.237885,-10.762115478515625,10.762115478515625
54,131,126,122.21314,-3.7868576049804688,3.7868576049804688
54,132,125,120.43394,-4.566062927246094,4.566062927246094
54,133,124,117.24219,-6.7578125,6.7578125
54,134,123,109.21975,-13.780250549316406,13.780250549316406
54,135,122,115.19234,-6.8076629638671875,6.8076629638671875
54,136,121,119.45405,-1.5459518432617188,1.5459518432617188
54,137,120,115.55505,-4.4449462890625,4.4449462890625
54,138,119,130.43721,11.437210083007812,11.437210083007812
54,139,118,112.48712,-5.51287841796875,5.51287841796875
54,140,117,127.955215,10.955215454101562,10.955215454101562
54,141,116,121.29157,5.291572570800781,5.291572570800781
54,142,115,130.04965,15.049652099609375,15.049652099609375
54,143,114,127.15438,13.154380798339844,13.154380798339844
54,144,113,121.998184,8.998184204101562,8.998184204101562
54,145,112,118.83952,6.8395233154296875,6.8395233154296875
54,146,111,122.821686,11.821685791015625,11.821685791015625
54,147,110,121.56393,11.563926696777344,11.563926696777344
54,148,109,120.74642,11.746421813964844,11.746421813964844
54,149,108,118.76214,10.762138366699219,10.762138366699219
54,150,107,123.27876,16.278762817382812,16.278762817382812
54,151,106,118.045715,12.04571533203125,12.04571533203125
54,152,105,120.344475,15.344474792480469,15.344474792480469
54,153,104,100.42085,-3.5791473388671875,3.5791473388671875
54,154,103,101.255,-1.7450027465820312,1.7450027465820312
54,155,102,97.851265,-4.148735046386719,4.148735046386719
54,156,101,100.2466,-0.7534027099609375,0.7534027099609375
54,157,100,88.45907,-11.540931701660156,11.540931701660156
54,158,99,95.57182,-3.4281768798828125,3.4281768798828125
54,159,98,98.17808,0.17807769775390625,0.17807769775390625
54,160,97,95.390114,-1.6098861694335938,1.6098861694335938
54,161,96,75.81175,-20.188247680664062,20.188247680664062
54,162,95,70.21582,-24.7841796875,24.7841796875
54,163,94,76.92313,-17.076873779296875,17.076873779296875
54,164,93,65.8795,-27.120498657226562,27.120498657226562
54,165,92,75.28269,-16.717308044433594,16.717308044433594
54,166,91,73.85673,-17.143272399902344,17.143272399902344
54,167,90,73.99038,-16.009620666503906,16.009620666503906
54,168,89,69.39581,-19.60418701171875,19.60418701171875
54,169,88,67.25728,-20.742721557617188,20.742721557617188
54,170,87,68.41642,-18.583580017089844,18.583580017089844
54,171,86,74.40248,-11.597518920898438,11.597518920898438
54,172,85,79.46648,-5.5335235595703125,5.5335235595703125
54,173,84,67.47862,-16.521377563476562,16.521377563476562
54,174,83,74.739174,-8.260826110839844,8.260826110839844
54,175,82,73.29461,-8.705390930175781,8.705390930175781
54,176,81,78.65006,-2.3499374389648438,2.3499374389648438
54,177,80,73.879616,-6.120384216308594,6.120384216308594
54,178,79,72.90213,-6.097869873046875,6.097869873046875
54,179,78,66.775276,-11.224723815917969,11.224723815917969
54,180,77,70.19391,-6.80609130859375,6.80609130859375
54,181,76,62.09195,-13.908050537109375,13.908050537109375
54,182,75,70.54792,-4.452079772949219,4.452079772949219
54,183,74,71.254074,-2.7459259033203125,2.7459259033203125
54,184,73,74.18792,1.1879196166992188,1.1879196166992188
54,185,72,70.00886,-1.9911422729492188,1.9911422729492188
54,186,71,72.00646,1.0064620971679688,1.0064620971679688
54,187,70,61.83991,-8.160091400146484,8.160091400146484
54,188,69,66.130646,-2.869354248046875,2.869354248046875
54,189,68,60.101166,-7.898834228515625,7.898834228515625
54,190,67,66.33646,-0.663543701171875,0.663543701171875
54,191,66,62.07269,-3.9273109436035156,3.9273109436035156
54,192,65,58.714085,-6.285915374755859,6.285915374755859
54,193,64,65.83225,1.8322525024414062,1.8322525024414062
54,194,63,61.746803,-1.2531967163085938,1.2531967163085938
54,195,62,62.677044,0.6770439147949219,0.6770439147949219
54,196,61,72.07545,11.075447082519531,11.075447082519531
54,197,60,53.628807,-6.371192932128906,6.371192932128906
54,198,59,58.68396,-0.3160400390625,0.3160400390625
54,199,58,48.492825,-9.50717544555664,9.50717544555664
54,200,57,46.59987,-10.400131225585938,10.400131225585938
54,201,56,46.896397,-9.10360336303711,9.10360336303711
54,202,55,50.561195,-4.438804626464844,4.438804626464844
54,203,54,49.10977,-4.890228271484375,4.890228271484375
54,204,53,51.10093,-1.8990707397460938,1.8990707397460938
54,205,52,52.285995,0.2859954833984375,0.2859954833984375
54,206,51,57.014595,6.014595031738281,6.014595031738281
54,207,50,58.28032,8.280319213867188,8.280319213867188
54,208,49,47.424946,-1.5750541687011719,1.5750541687011719
54,209,48,48.154263,0.15426254272460938,0.15426254272460938
54,210,47,58.531994,11.531993865966797,11.531993865966797
54,211,46,44.121803,-1.8781967163085938,1.8781967163085938
54,212,45,45.817265,0.8172645568847656,0.8172645568847656
54,213,44,37.701946,-6.298053741455078,6.298053741455078
54,214,43,39.66828,-3.3317184448242188,3.3317184448242188
54,215,42,35.87252,-6.127479553222656,6.127479553222656
54,216,41,36.511536,-4.48846435546875,4.48846435546875
54,217,40,35.422695,-4.577304840087891,4.577304840087891
54,218,39,34.272717,-4.727283477783203,4.727283477783203
54,219,38,34.17837,-3.8216285705566406,3.8216285705566406
54,220,37,29.514364,-7.485635757446289,7.485635757446289
54,221,36,31.539148,-4.460851669311523,4.460851669311523
54,222,35,27.218716,-7.781284332275391,7.781284332275391
54,223,34,29.76794,-4.232059478759766,4.232059478759766
54,224,33,31.540356,-1.4596443176269531,1.4596443176269531
54,225,32,25.54126,-6.458740234375,6.458740234375
54,226,31,27.781515,-3.218484878540039,3.218484878540039
54,227,30,25.323273,-4.676727294921875,4.676727294921875
54,228,29,26.633623,-2.3663768768310547,2.3663768768310547
54,229,28,30.613625,2.6136245727539062,2.6136245727539062
54,230,27,27.492414,0.4924144744873047,0.4924144744873047
54,231,26,28.137392,2.137392044067383,2.137392044067383
54,232,25,23.11004,-1.8899593353271484,1.8899593353271484
54,233,24,28.021223,4.021223068237305,4.021223068237305
54,234,23,23.670033,0.6700325012207031,0.6700325012207031
54,235,22,24.286097,2.2860965728759766,2.2860965728759766
54,236,21,23.190718,2.1907176971435547,2.1907176971435547
54,237,20,19.942291,-0.057708740234375,0.057708740234375
54,238,19,16.536768,-2.4632320404052734,2.4632320404052734
54,239,18,12.122543,-5.8774566650390625,5.8774566650390625
54,240,17,10.002763,-6.997237205505371,6.997237205505371
54,241,16,11.010769,-4.989231109619141,4.989231109619141
54,242,15,12.382029,-2.617971420288086,2.617971420288086
54,243,14,12.761609,-1.2383909225463867,1.2383909225463867
54,244,13,12.088754,-0.9112462997436523,0.9112462997436523
54,245,12,14.767444,2.7674436569213867,2.7674436569213867
54,246,11,13.18362,2.1836204528808594,2.1836204528808594
54,247,10,10.688317,0.6883172988891602,0.6883172988891602
54,248,9,10.260841,1.2608413696289062,1.2608413696289062
54,249,8,6.34229,-1.657710075378418,1.657710075378418
54,250,7,4.043277,-2.956723213195801,2.956723213195801
54,251,6,2.7658947,-3.234105348587036,3.234105348587036
54,252,5,0.9563276,-4.0436723828315735,4.0436723828315735
54,253,4,1.1704668,-2.8295332193374634,2.8295332193374634
54,254,3,2.6451879,-0.3548121452331543,0.3548121452331543
54,255,2,2.1791806,0.17918062210083008,0.17918062210083008
54,256,1,3.919488,2.919487953186035,2.919487953186035
54,257,0,-0.56203395,-0.5620339512825012,0.5620339512825012
71,1,207,187.91193,-19.08807373046875,19.08807373046875
71,2,206,181.71057,-24.2894287109375,24.2894287109375
71,3,205,177.21886,-27.781143188476562,27.781143188476562
71,4,204,174.65388,-29.346115112304688,29.346115112304688
71,5,203,176.04706,-26.95294189453125,26.95294189453125
71,6,202,158.15245,-43.84754943847656,43.84754943847656
71,7,201,179.06729,-21.932708740234375,21.932708740234375
71,8,200,191.51167,-8.488327026367188,8.488327026367188
71,9,199,181.39774,-17.602264404296875,17.602264404296875
71,10,198,176.79607,-21.203933715820312,21.203933715820312
71,11,197,163.51021,-33.48979187011719,33.48979187011719
71,12,196,163.8604,-32.13960266113281,32.13960266113281
71,13,195,159.44751,-35.552490234375,35.552490234375
71,14,194,167.81982,-26.18017578125,26.18017578125
71,15,193,164.15616,-28.843841552734375,28.843841552734375
71,16,192,171.71774,-20.282257080078125,20.282257080078125
71,17,191,159.70406,-31.295944213867188,31.295944213867188
71,18,190,163.07224,-26.927764892578125,26.927764892578125
71,19,189,162.54907,-26.450927734375,26.450927734375
71,20,188,163.74857,-24.251434326171875,24.251434326171875
71,21,187,164.50748,-22.492523193359375,22.492523193359375
71,22,186,168.12526,-17.874740600585938,17.874740600585938
71,23,185,159.73755,-25.262451171875,25.262451171875
71,24,184,168.00871,-15.991287231445312,15.991287231445312
71,25,183,162.60735,-20.392654418945312,20.392654418945312
71,26,182,169.08897,-12.911026000976562,12.911026000976562
71,27,181,163.73573,-17.264266967773438,17.264266967773438
71,28,180,161.96005,-18.039947509765625,18.039947509765625
71,29,179,170.78561,-8.214385986328125,8.214385986328125
71,30,178,167.92125,-10.078750610351562,10.078750610351562
71,31,177,158.85794,-18.142059326171875,18.142059326171875
71,32,176,141.97604,-34.023956298828125,34.023956298828125
71,33,175,159.04703,-15.952972412109375,15.952972412109375
71,34,174,171.82115,-2.1788482666015625,2.1788482666015625
71,35,173,162.44675,-10.553253173828125,10.553253173828125
71,36,172,167.42436,-4.5756378173828125,4.5756378173828125
71,37,171,168.61761,-2.38238525390625,2.38238525390625
71,38,170,163.45436,-6.5456390380859375,6.5456390380859375
71,39,169,158.94861,-10.0513916015625,10.0513916015625
71,40,168,157.76018,-10.239822387695312,10.239822387695312
71,41,167,154.57228,-12.427719116210938,12.427719116210938
71,42,166,160.08037,-5.9196319580078125,5.9196319580078125
71,43,165,165.59483,0.5948333740234375,0.5948333740234375
71,44,164,151.67433,-12.325668334960938,12.325668334960938
71,45,163,149.72371,-13.276290893554688,13.276290893554688
71,46,162,143.91158,-18.088424682617188,18.088424682617188
71,47,161,149.40549,-11.594512939453125,11.594512939453125
71,48,160,152.0899,-7.91009521484375,7.91009521484375
71,49,159,150.24277,-8.757232666015625,8.757232666015625
71,50,158,151.00395,-6.9960479736328125,6.9960479736328125
71,51,157,153.22975,-3.7702484130859375,3.7702484130859375
71,52,156,143.38048,-12.619522094726562,12.619522094726562
71,53,155,150.1396,-4.8603973388671875,4.8603973388671875
71,54,154,140.06677,-13.9332275390625,13.9332275390625
71,55,153,139.5832,-13.416793823242188,13.416793823242188
71,56,152,143.31146,-8.68853759765625,8.68853759765625
71,57,151,137.2054,-13.794601440429688,13.794601440429688
71,58,150,153.31052,3.310516357421875,3.310516357421875
71,59,149,148.41312,-0.586883544921875,0.586883544921875
71,60,148,153.32616,5.3261566162109375,5.3261566162109375
71,61,147,155.91211,8.912109375,8.912109375
71,62,146,150.58325,4.583251953125,4.583251953125
71,63,145,156.22885,11.228851318359375,11.228851318359375
71,64,144,145.5195,1.519500732421875,1.519500732421875
71,65,143,154.29593,11.295928955078125,11.295928955078125
71,66,142,156.26904,14.26904296875,14.26904296875
71,67,141,156.68367,15.683670043945312,15.683670043945312
71,68,140,153.9627,13.96270751953125,13.96270751953125
71,69,139,145.076,6.0760040283203125,6.0760040283203125
71,70,138,168.22289,30.222885131835938,30.222885131835938
71,71,137,163.76627,26.766265869140625,26.766265869140625
71,72,136,152.7331,16.73309326171875,16.73309326171875
71,73,135,139.23422,4.234222412109375,4.234222412109375
71,74,134,141.87575,7.8757476806640625,7.8757476806640625
71,75,133,141.77248,8.772476196289062,8.772476196289062
71,76,132,120.35167,-11.648330688476562,11.648330688476562
71,77,131,129.76755,-1.232452392578125,1.232452392578125
71,78,130,123.68732,-6.31268310546875,6.31268310546875
71,79,129,124.27257,-4.7274322509765625,4.7274322509765625
71,80,128,133.13966,5.1396636962890625,5.1396636962890625
71,81,127,127.68655,0.6865463256835938,0.6865463256835938
71,82,126,116.047905,-9.952095031738281,9.952095031738281
71,83,125,108.39361,-16.60639190673828,16.60639190673828
71,84,124,112.37721,-11.622787475585938,11.622787475585938
71,85,123,113.1538,-9.846199035644531,9.846199035644531
71,86,122,115.61888,-6.3811187744140625,6.3811187744140625
71,87,121,113.97977,-7.020233154296875,7.020233154296875
71,88,120,119.9533,-0.04669952392578125,0.04669952392578125
71,89,119,131.37433,12.37432861328125,12.37432861328125
71,90,118,148.77594,30.77593994140625,30.77593994140625
71,91,117,141.09746,24.097457885742188,24.097457885742188
71,92,116,146.4204,30.420394897460938,30.420394897460938
71,93,115,129.70729,14.707290649414062,14.707290649414062
71,94,114,124.24759,10.247589111328125,10.247589111328125
71,95,113,127.37643,14.376426696777344,14.376426696777344
71,96,112,133.90166,21.901657104492188,21.901657104492188
71,97,111,134.32436,23.324356079101562,23.324356079101562
71,98,110,138.96947,28.969467163085938,28.969467163085938
71,99,109,153.0554,44.05540466308594,44.05540466308594
71,100,108,157.8262,49.826202392578125,49.826202392578125
71,101,107,154.63416,47.6341552734375,47.6341552734375
71,102,106,162.28065,56.28065490722656,56.28065490722656
71,103,105,155.6638,50.66380310058594,50.66380310058594
71,104,104,151.92516,47.92515563964844,47.92515563964844
71,105,103,155.51962,52.519622802734375,52.519622802734375
71,106,102,158.3429,56.3428955078125,56.3428955078125
71,107,101,143.31317,42.31317138671875,42.31317138671875
71,108,100,133.605,33.60499572753906,33.60499572753906
71,109,99,137.98622,38.98622131347656,38.98622131347656
71,110,98,143.40228,45.40228271484375,45.40228271484375
71,111,97,145.69815,48.698150634765625,48.698150634765625
71,112,96,139.18121,43.18121337890625,43.18121337890625
71,113,95,138.08069,43.0806884765625,43.0806884765625
71,114,94,137.17152,43.17152404785156,43.17152404785156
71,115,93,140.27986,47.27986145019531,47.27986145019531
71,116,92,130.42026,38.420257568359375,38.420257568359375
71,117,91,118.85817,27.858169555664062,27.858169555664062
71,118,90,128.8196,38.81959533691406,38.81959533691406
71,119,89,125.84241,36.8424072265625,36.8424072265625
71,120,88,126.783424,38.783424377441406,38.783424377441406
71,121,87,128.29802,41.29801940917969,41.29801940917969
71,122,86,120.35033,34.35032653808594,34.35032653808594
71,123,85,102.30849,17.308486938476562,17.308486938476562
71,124,84,104.742035,20.742034912109375,20.742034912109375
71,125,83,93.83622,10.836219787597656,10.836219787597656
71,126,82,101.27855,19.278549194335938,19.278549194335938
71,127,81,86.51068,5.51068115234375,5.51068115234375
71,128,80,99.14244,19.142440795898438,19.142440795898438
71,129,79,103.57232,24.57231903076172,24.57231903076172
71,130,78,103.92816,25.92816162109375,25.92816162109375
71,131,77,96.17146,19.171463012695312,19.171463012695312
71,132,76,101.693375,25.693374633789062,25.693374633789062
71,133,75,91.11955,16.119552612304688,16.119552612304688
71,134,74,83.28553,9.285530090332031,9.285530090332031
71,135,73,87.53528,14.5352783203125,14.5352783203125
71,136,72,89.507866,17.50786590576172,17.50786590576172
71,137,71,61.22604,-9.77396011352539,9.77396011352539
71,138,70,56.947903,-13.05209732055664,13.05209732055664
71,139,69,58.824852,-10.175148010253906,10.175148010253906
71,140,68,63.09284,-4.907161712646484,4.907161712646484
71,141,67,55.763805,-11.236194610595703,11.236194610595703
71,142,66,72.39022,6.390220642089844,6.390220642089844
71,143,65,63.01795,-1.9820518493652344,1.9820518493652344
71,144,64,63.30301,-0.696990966796875,0.696990966796875
71,145,63,63.96676,0.9667587280273438,0.9667587280273438
71,146,62,65.75198,3.751983642578125,3.751983642578125
71,147,61,58.73603,-2.2639694213867188,2.2639694213867188
71,148,60,57.51031,-2.4896888732910156,2.4896888732910156
71,149,59,57.831295,-1.1687049865722656,1.1687049865722656
71,150,58,56.333866,-1.6661338806152344,1.6661338806152344
71,151,57,56.840168,-0.15983200073242188,0.15983200073242188
71,152,56,54.787594,-1.2124061584472656,1.2124061584472656
71,153,55,58.79797,3.7979698181152344,3.7979698181152344
71,154,54,60.29877,6.298770904541016,6.298770904541016
71,155,53,50.64221,-2.3577919006347656,2.3577919006347656
71,156,52,51.110523,-0.8894767761230469,0.8894767761230469
71,157,51,52.404133,1.4041328430175781,1.4041328430175781
71,158,50,51.027283,1.02728271484375,1.02728271484375
71,159,49,51.493336,2.493335723876953,2.493335723876953
71,160,48,50.608273,2.6082725524902344,2.6082725524902344
71,161,47,48.974174,1.9741744995117188,1.9741744995117188
71,162,46,49.819645,3.8196449279785156,3.8196449279785156
71,163,45,44.752697,-0.24730300903320312,0.24730300903320312
71,164,44,43.62986,-0.37014007568359375,0.37014007568359375
71,165,43,41.57748,-1.4225196838378906,1.4225196838378906
71,166,42,40.856316,-1.1436843872070312,1.1436843872070312
71,167,41,38.31086,-2.6891403198242188,2.6891403198242188
71,168,40,41.437206,1.4372062683105469,1.4372062683105469
71,169,39,40.651066,1.6510658264160156,1.6510658264160156
71,170,38,41.25536,3.255359649658203,3.255359649658203
71,171,37,39.803226,2.8032264709472656,2.8032264709472656
71,172,36,42.581356,6.581356048583984,6.581356048583984
71,173,35,34.879066,-0.12093353271484375,0.12093353271484375
71,174,34,37.25544,3.2554397583007812,3.2554397583007812
71,175,33,36.628613,3.628612518310547,3.628612518310547
71,176,32,35.03788,3.0378799438476562,3.0378799438476562
71,177,31,36.145496,5.145496368408203,5.145496368408203
71,178,30,33.583557,3.58355712890625,3.58355712890625
71,179,29,32.671562,3.6715621948242188,3.6715621948242188
71,180,28,27.1965,-0.8034992218017578,0.8034992218017578
71,181,27,25.388296,-1.611703872680664,1.611703872680664
71,182,26,27.577389,1.5773887634277344,1.5773887634277344
71,183,25,24.560238,-0.4397621154785156,0.4397621154785156
71,184,24,26.177813,2.1778125762939453,2.1778125762939453
71,185,23,24.67039,1.670389175415039,1.670389175415039
71,186,22,23.683971,1.6839714050292969,1.6839714050292969
71,187,21,25.711617,4.711616516113281,4.711616516113281
71,188,20,23.10137,3.101369857788086,3.101369857788086
71,189,19,19.702261,0.7022609710693359,0.7022609710693359
71,190,18,19.0648,1.0648002624511719,1.0648002624511719
71,191,17,18.288326,1.2883262634277344,1.2883262634277344
71,192,16,21.202345,5.20234489440918,5.20234489440918
71,193,15,21.723198,6.723197937011719,6.723197937011719
71,194,14,19.454327,5.454326629638672,5.454326629638672
71,195,13,17.658459,4.658458709716797,4.658458709716797
71,196,12,22.20636,10.20635986328125,10.20635986328125
71,197,11,18.912739,7.912738800048828,7.912738800048828
71,198,10,18.086735,8.086734771728516,8.086734771728516
71,199,9,16.287811,7.287811279296875,7.287811279296875
71,200,8,12.324524,4.32452392578125,4.32452392578125
71,201,7,9.281846,2.281846046447754,2.281846046447754
71,202,6,9.333844,3.3338441848754883,3.3338441848754883
71,203,5,7.929301,2.9293007850646973,2.9293007850646973
71,204,4,7.138106,3.138105869293213,3.138105869293213
71,205,3,6.20277,3.202770233154297,3.202770233154297
71,206,2,3.6802974,1.6802973747253418,1.6802973747253418
71,207,1,2.956397,1.9563970565795898,1.9563970565795898
71,208,0,4.3779774,4.37797737121582,4.37797737121582
74,1,165,190.76273,25.762725830078125,25.762725830078125
74,2,164,180.49754,16.497543334960938,16.497543334960938
74,3,163,182.87709,19.877090454101562,19.877090454101562
74,4,162,167.86128,5.8612823486328125,5.8612823486328125
74,5,161,162.196,1.1959991455078125,1.1959991455078125
74,6,160,165.77246,5.7724609375,5.7724609375
74,7,159,137.38081,-21.619186401367188,21.619186401367188
74,8,158,133.88513,-24.1148681640625,24.1148681640625
74,9,157,131.62029,-25.379714965820312,25.379714965820312
74,10,156,132.02214,-23.977859497070312,23.977859497070312
74,11,155,137.86778,-17.132217407226562,17.132217407226562
74,12,154,124.43865,-29.56134796142578,29.56134796142578
74,13,153,132.08615,-20.913848876953125,20.913848876953125
74,14,152,110.16799,-41.832008361816406,41.832008361816406
74,15,151,116.02868,-34.97132110595703,34.97132110595703
74,16,150,113.42562,-36.574378967285156,36.574378967285156
74,17,149,114.91664,-34.08335876464844,34.08335876464844
74,18,148,112.79096,-35.20903778076172,35.20903778076172
74,19,147,128.0117,-18.988296508789062,18.988296508789062
74,20,146,131.10393,-14.896072387695312,14.896072387695312
74,21,145,128.61537,-16.384628295898438,16.384628295898438
74,22,144,127.17564,-16.824363708496094,16.824363708496094
74,23,143,131.14954,-11.8504638671875,11.8504638671875
74,24,142,119.13224,-22.867759704589844,22.867759704589844
74,25,141,122.71952,-18.280479431152344,18.280479431152344
74,26,140,119.643654,-20.356346130371094,20.356346130371094
74,27,139,128.48643,-10.513565063476562,10.513565063476562
74,28,138,132.36244,-5.6375579833984375,5.6375579833984375
74,29,137,123.099335,-13.900665283203125,13.900665283203125
74,30,136,136.16179,0.1617889404296875,0.1617889404296875
74,31,135,121.01649,-13.983512878417969,13.983512878417969
74,32,134,115.26961,-18.730392456054688,18.730392456054688
74,33,133,113.56626,-19.433738708496094,19.433738708496094
74,34,132,107.44248,-24.557518005371094,24.557518005371094
74,35,131,113.308044,-17.69195556640625,17.69195556640625
74,36,130,121.414665,-8.585334777832031,8.585334777832031
74,37,129,129.3492,0.3491973876953125,0.3491973876953125
74,38,128,127.35546,-0.6445388793945312,0.6445388793945312
74,39,127,122.53902,-4.4609832763671875,4.4609832763671875
74,40,126,129.76363,3.7636260986328125,3.7636260986328125
74,41,125,121.40757,-3.5924301147460938,3.5924301147460938
74,42,124,117.42222,-6.577781677246094,6.577781677246094
74,43,123,135.59354,12.593536376953125,12.593536376953125
74,44,122,134.12096,12.120956420898438,12.120956420898438
74,45,121,133.59583,12.5958251953125,12.5958251953125
74,46,120,134.97704,14.977035522460938,14.977035522460938
74,47,119,137.5061,18.506103515625,18.506103515625
74,48,118,131.05031,13.050308227539062,13.050308227539062
74,49,117,129.2154,12.21539306640625,12.21539306640625
74,50,116,128.55159,12.551589965820312,12.551589965820312
74,51,115,122.37934,7.379341125488281,7.379341125488281
74,52,114,130.38725,16.387252807617188,16.387252807617188
74,53,113,130.65479,17.65478515625,17.65478515625
74,54,112,135.4016,23.401596069335938,23.401596069335938
74,55,111,140.59975,29.599746704101562,29.599746704101562
74,56,110,137.73819,27.738189697265625,27.738189697265625
74,57,109,133.12111,24.121109008789062,24.121109008789062
74,58,108,139.1243,31.124298095703125,31.124298095703125
74,59,107,135.52043,28.520431518554688,28.520431518554688
74,60,106,132.78633,26.786331176757812,26.786331176757812
74,61,105,127.4517,22.451698303222656,22.451698303222656
74,62,104,115.62574,11.625740051269531,11.625740051269531
74,63,103,128.64659,25.646591186523438,25.646591186523438
74,64,102,120.74072,18.74072265625,18.74072265625
74,65,101,114.20767,13.207672119140625,13.207672119140625
74,66,100,111.417305,11.417304992675781,11.417304992675781
74,67,99,104.80268,5.802680969238281,5.802680969238281
74,68,98,93.77743,-4.222572326660156,4.222572326660156
74,69,97,110.88818,13.88818359375,13.88818359375
74,70,96,100.447754,4.44775390625,4.44775390625
74,71,95,101.688034,6.6880340576171875,6.6880340576171875
74,72,94,90.50842,-3.4915771484375,3.4915771484375
74,73,93,100.26706,7.267059326171875,7.267059326171875
74,74,92,104.19771,12.197708129882812,12.197708129882812
74,75,91,104.52727,13.527267456054688,13.527267456054688
74,76,90,96.43455,6.434547424316406,6.434547424316406
74,77,89,105.50874,16.508743286132812,16.508743286132812
74,78,88,113.62413,25.624130249023438,25.624130249023438
74,79,87,119.440125,32.44012451171875,32.44012451171875
74,80,86,124.87114,38.87113952636719,38.87113952636719
74,81,85,107.30303,22.30303192138672,22.30303192138672
74,82,84,103.21747,19.21746826171875,19.21746826171875
74,83,83,106.28854,23.288543701171875,23.288543701171875
74,84,82,106.76706,24.767059326171875,24.767059326171875
74,85,81,106.58224,25.582237243652344,25.582237243652344
74,86,80,91.61734,11.617340087890625,11.617340087890625
74,87,79,93.64335,14.643348693847656,14.643348693847656
74,88,78,106.49092,28.490921020507812,28.490921020507812
74,89,77,106.967674,29.967674255371094,29.967674255371094
74,90,76,95.65974,19.65973663330078,19.65973663330078
74,91,75,99.764854,24.764854431152344,24.764854431152344
74,92,74,99.219864,25.219863891601562,25.219863891601562
74,93,73,92.50613,19.506126403808594,19.506126403808594
74,94,72,103.08747,31.08747100830078,31.08747100830078
74,95,71,107.29493,36.29492950439453,36.29492950439453
74,96,70,86.46654,16.466537475585938,16.466537475585938
74,97,69,100.67757,31.677566528320312,31.677566528320312
74,98,68,78.44568,10.4456787109375,10.4456787109375
74,99,67,76.80874,9.808738708496094,9.808738708496094
74,100,66,66.903885,0.9038848876953125,0.9038848876953125
74,101,65,78.44338,13.443382263183594,13.443382263183594
74,102,64,74.094765,10.094764709472656,10.094764709472656
74,103,63,81.22515,18.22515106201172,18.22515106201172
74,104,62,91.43207,29.43206787109375,29.43206787109375
74,105,61,88.9124,27.912399291992188,27.912399291992188
74,106,60,93.231,33.23100280761719,33.23100280761719
74,107,59,89.255035,30.255035400390625,30.255035400390625
74,108,58,98.01749,40.017486572265625,40.017486572265625
74,109,57,92.74381,35.743812561035156,35.743812561035156
74,110,56,95.11983,39.11982727050781,39.11982727050781
74,111,55,82.355705,27.35570526123047,27.35570526123047
74,112,54,82.657684,28.657684326171875,28.657684326171875
74,113,53,76.25713,23.25713348388672,23.25713348388672
74,114,52,68.89544,16.89543914794922,16.89543914794922
74,115,51,67.57626,16.576263427734375,16.576263427734375
74,116,50,51.082375,1.0823745727539062,1.0823745727539062
74,117,49,41.746166,-7.253833770751953,7.253833770751953
74,118,48,46.63082,-1.3691787719726562,1.3691787719726562
74,119,47,40.16077,-6.839229583740234,6.839229583740234
74,120,46,29.089846,-16.910154342651367,16.910154342651367
74,121,45,31.325438,-13.674562454223633,13.674562454223633
74,122,44,34.64708,-9.352920532226562,9.352920532226562
74,123,43,36.260952,-6.739048004150391,6.739048004150391
74,124,42,30.074215,-11.925785064697266,11.925785064697266
74,125,41,34.21969,-6.780311584472656,6.780311584472656
74,126,40,41.45362,1.4536209106445312,1.4536209106445312
74,127,39,48.364346,9.36434555053711,9.36434555053711
74,128,38,61.342625,23.34262466430664,23.34262466430664
74,129,37,69.029945,32.029945373535156,32.029945373535156
74,130,36,61.65602,25.656021118164062,25.656021118164062
74,131,35,63.78945,28.789451599121094,28.789451599121094
74,132,34,55.698242,21.6982421875,21.6982421875
74,133,33,46.356186,13.356185913085938,13.356185913085938
74,134,32,47.236977,15.236976623535156,15.236976623535156
74,135,31,39.316437,8.316436767578125,8.316436767578125
74,136,30,40.361916,10.361915588378906,10.361915588378906
74,137,29,34.898933,5.898933410644531,5.898933410644531
74,138,28,34.390297,6.390296936035156,6.390296936035156
74,139,27,44.478333,17.47833251953125,17.47833251953125
74,140,26,27.519327,1.519327163696289,1.519327163696289
74,141,25,26.535149,1.5351486206054688,1.5351486206054688
74,142,24,26.242538,2.2425384521484375,2.2425384521484375
74,143,23,24.705286,1.7052860260009766,1.7052860260009766
74,144,22,25.380362,3.380361557006836,3.380361557006836
74,145,21,23.834984,2.8349838256835938,2.8349838256835938
74,146,20,22.804623,2.8046226501464844,2.8046226501464844
74,147,19,32.118034,13.118034362792969,13.118034362792969
74,148,18,27.951803,9.951803207397461,9.951803207397461
74,149,17,24.433105,7.43310546875,7.43310546875
74,150,16,23.401257,7.401256561279297,7.401256561279297
74,151,15,15.960933,0.960932731628418,0.960932731628418
74,152,14,21.162014,7.162014007568359,7.162014007568359
74,153,13,17.35256,4.352560043334961,4.352560043334961
74,154,12,19.324997,7.3249969482421875,7.3249969482421875
74,155,11,15.236068,4.236067771911621,4.236067771911621
74,156,10,8.0936,-1.9063997268676758,1.9063997268676758
74,157,9,6.88246,-2.117539882659912,2.117539882659912
74,158,8,5.853256,-2.1467437744140625,2.1467437744140625
74,159,7,2.7372038,-4.26279616355896,4.26279616355896
74,160,6,0.84489846,-5.155101537704468,5.155101537704468
74,161,5,-1.6259472,-6.6259472370147705,6.6259472370147705
74,162,4,-0.87433153,-4.874331533908844,4.874331533908844
74,163,3,-4.9957647,-7.99576473236084,7.99576473236084
74,164,2,-4.2942405,-6.294240474700928,6.294240474700928
74,165,1,-1.462098,-2.462098002433777,2.462098002433777
74,166,0,-4.5699477,-4.569947719573975,4.569947719573975
77,1,153,180.6257,27.625701904296875,27.625701904296875
77,2,152,155.15996,3.1599578857421875,3.1599578857421875
77,3,151,148.59694,-2.4030609130859375,2.4030609130859375
77,4,150,177.58069,27.5806884765625,27.5806884765625
77,5,149,185.96318,36.96318054199219,36.96318054199219
77,6,148,173.93948,25.939483642578125,25.939483642578125
77,7,147,188.85532,41.855316162109375,41.855316162109375
77,8,146,190.69745,44.69744873046875,44.69744873046875
77,9,145,172.81288,27.812881469726562,27.812881469726562
77,10,144,163.46786,19.467864990234375,19.467864990234375
77,11,143,177.09111,34.09111022949219,34.09111022949219
77,12,142,171.69852,29.698516845703125,29.698516845703125
77,13,141,174.94978,33.94978332519531,33.94978332519531
77,14,140,171.60933,31.609329223632812,31.609329223632812
77,15,139,173.99477,34.99476623535156,34.99476623535156
77,16,138,178.33745,40.33744812011719,40.33744812011719
77,17,137,154.87833,17.878326416015625,17.878326416015625
77,18,136,155.01982,19.019821166992188,19.019821166992188
77,19,135,163.1658,28.165802001953125,28.165802001953125
77,20,134,147.54538,13.545379638671875,13.545379638671875
77,21,133,155.69463,22.694625854492188,22.694625854492188
77,22,132,155.6674,23.667404174804688,23.667404174804688
77,23,131,140.8994,9.899398803710938,9.899398803710938
77,24,130,131.9124,1.9123992919921875,1.9123992919921875
77,25,129,135.5278,6.527801513671875,6.527801513671875
77,26,128,132.22063,4.2206268310546875,4.2206268310546875
77,27,127,117.34695,-9.653053283691406,9.653053283691406
77,28,126,121.851555,-4.148445129394531,4.148445129394531
77,29,125,123.02057,-1.97943115234375,1.97943115234375
77,30,124,116.51615,-7.483848571777344,7.483848571777344
77,31,123,108.85362,-14.146377563476562,14.146377563476562
77,32,122,129.96284,7.9628448486328125,7.9628448486328125
77,33,121,121.14813,0.14813232421875,0.14813232421875
77,34,120,105.83296,-14.167037963867188,14.167037963867188
77,35,119,120.759964,1.7599639892578125,1.7599639892578125
77,36,118,112.90815,-5.091850280761719,5.091850280761719
77,37,117,128.93736,11.937362670898438,11.937362670898438
77,38,116,116.59731,0.5973129272460938,0.5973129272460938
77,39,115,122.12394,7.123939514160156,7.123939514160156
77,40,114,124.351944,10.351943969726562,10.351943969726562
77,41,113,116.65185,3.6518478393554688,3.6518478393554688
77,42,112,130.9867,18.9866943359375,18.9866943359375
77,43,111,140.6674,29.667404174804688,29.667404174804688
77,44,110,156.6607,46.66070556640625,46.66070556640625
77,45,109,171.30032,62.300323486328125,62.300323486328125
77,46,108,170.54271,62.54270935058594,62.54270935058594
77,47,107,170.07243,63.07243347167969,63.07243347167969
77,48,106,152.62978,46.62977600097656,46.62977600097656
77,49,105,151.81866,46.81866455078125,46.81866455078125
77,50,104,161.02109,57.021087646484375,57.021087646484375
77,51,103,161.6989,58.69889831542969,58.69889831542969
77,52,102,146.59323,44.593231201171875,44.593231201171875
77,53,101,155.66846,54.66845703125,54.66845703125
77,54,100,161.30006,61.30006408691406,61.30006408691406
77,55,99,150.5858,51.58580017089844,51.58580017089844
77,56,98,158.92747,60.92747497558594,60.92747497558594
77,57,97,153.19717,56.197174072265625,56.197174072265625
77,58,96,142.68993,46.68992614746094,46.68992614746094
77,59,95,144.58575,49.58575439453125,49.58575439453125
77,60,94,135.88643,41.88642883300781,41.88642883300781
77,61,93,120.58491,27.58490753173828,27.58490753173828
77,62,92,127.73667,35.736671447753906,35.736671447753906
77,63,91,123.669624,32.66962432861328,32.66962432861328
77,64,90,121.82006,31.82006072998047,31.82006072998047
77,65,89,137.59079,48.590789794921875,48.590789794921875
77,66,88,140.18472,52.184722900390625,52.184722900390625
77,67,87,132.19412,45.194122314453125,45.194122314453125
77,68,86,126.43244,40.43244171142578,40.43244171142578
77,69,85,118.60366,33.603660583496094,33.603660583496094
77,70,84,126.39491,42.39491271972656,42.39491271972656
77,71,83,132.98666,49.986663818359375,49.986663818359375
77,72,82,132.39668,50.39668273925781,50.39668273925781
77,73,81,127.676895,46.67689514160156,46.67689514160156
77,74,80,136.11096,56.1109619140625,56.1109619140625
77,75,79,128.45511,49.455108642578125,49.455108642578125
77,76,78,137.4297,59.42970275878906,59.42970275878906
77,77,77,150.9589,73.95889282226562,73.95889282226562
77,78,76,125.103676,49.103675842285156,49.103675842285156
77,79,75,128.1046,53.10459899902344,53.10459899902344
77,80,74,111.051765,37.05176544189453,37.05176544189453
77,81,73,105.263275,32.263275146484375,32.263275146484375
77,82,72,109.19096,37.19096374511719,37.19096374511719
77,83,71,104.49985,33.499847412109375,33.499847412109375
77,84,70,112.24381,42.243812561035156,42.243812561035156
77,85,69,106.82953,37.82952880859375,37.82952880859375
77,86,68,118.70481,50.704811096191406,50.704811096191406
77,87,67,105.89088,38.89087677001953,38.89087677001953
77,88,66,102.72327,36.7232666015625,36.7232666015625
77,89,65,107.33651,42.336509704589844,42.336509704589844
77,90,64,104.137115,40.137115478515625,40.137115478515625
77,91,63,97.092094,34.09209442138672,34.09209442138672
77,92,62,108.45206,46.452056884765625,46.452056884765625
77,93,61,98.20961,37.20960998535156,37.20960998535156
77,94,60,97.551765,37.55176544189453,37.55176544189453
77,95,59,88.48825,29.488250732421875,29.488250732421875
77,96,58,71.878624,13.878623962402344,13.878623962402344
77,97,57,69.76649,12.766487121582031,12.766487121582031
77,98,56,67.67014,11.670143127441406,11.670143127441406
77,99,55,63.615864,8.615863800048828,8.615863800048828
77,100,54,59.050377,5.050376892089844,5.050376892089844
77,101,53,58.599686,5.5996856689453125,5.5996856689453125
77,102,52,60.77925,8.779251098632812,8.779251098632812
77,103,51,50.73295,-0.26705169677734375,0.26705169677734375
77,104,50,66.13091,16.13091278076172,16.13091278076172
77,105,49,57.48258,8.48257827758789,8.48257827758789
77,106,48,70.67089,22.67089080810547,22.67089080810547
77,107,47,71.22783,24.227828979492188,24.227828979492188
77,108,46,74.93162,28.931617736816406,28.931617736816406
77,109,45,70.01522,25.015220642089844,25.015220642089844
77,110,44,66.584,22.583999633789062,22.583999633789062
77,111,43,65.32874,22.32874298095703,22.32874298095703
77,112,42,73.6181,31.61810302734375,31.61810302734375
77,113,41,62.279266,21.279266357421875,21.279266357421875
77,114,40,66.293724,26.293724060058594,26.293724060058594
77,115,39,60.52089,21.520889282226562,21.520889282226562
77,116,38,68.03501,30.035011291503906,30.035011291503906
77,117,37,61.432953,24.432952880859375,24.432952880859375
77,118,36,58.59582,22.595821380615234,22.595821380615234
77,119,35,52.917988,17.917987823486328,17.917987823486328
77,120,34,51.46901,17.469009399414062,17.469009399414062
77,121,33,50.242714,17.242713928222656,17.242713928222656
77,122,32,46.736534,14.736534118652344,14.736534118652344
77,123,31,47.243572,16.243572235107422,16.243572235107422
77,124,30,45.278996,15.278995513916016,15.278995513916016
77,125,29,37.327957,8.327957153320312,8.327957153320312
77,126,28,32.850136,4.850135803222656,4.850135803222656
77,127,27,36.24725,9.247249603271484,9.247249603271484
77,128,26,35.245625,9.245624542236328,9.245624542236328
77,129,25,35.56068,10.560680389404297,10.560680389404297
77,130,24,37.167603,13.1676025390625,13.1676025390625
77,131,23,40.401493,17.401493072509766,17.401493072509766
77,132,22,30.279753,8.279752731323242,8.279752731323242
77,133,21,36.815758,15.815757751464844,15.815757751464844
77,134,20,36.053604,16.053604125976562,16.053604125976562
77,135,19,32.294098,13.294097900390625,13.294097900390625
77,136,18,30.5102,12.510200500488281,12.510200500488281
77,137,17,28.416344,11.416343688964844,11.416343688964844
77,138,16,33.370403,17.370403289794922,17.370403289794922
77,139,15,32.176174,17.17617416381836,17.17617416381836
77,140,14,25.636618,11.636617660522461,11.636617660522461
77,141,13,24.142092,11.142091751098633,11.142091751098633
77,142,12,24.721342,12.721342086791992,12.721342086791992
77,143,11,22.664867,11.664867401123047,11.664867401123047
77,144,10,21.720129,11.720129013061523,11.720129013061523
77,145,9,19.110306,10.110305786132812,10.110305786132812
77,146,8,13.367297,5.367297172546387,5.367297172546387
77,147,7,12.306538,5.306537628173828,5.306537628173828
77,148,6,14.223058,8.223057746887207,8.223057746887207
77,149,5,10.791523,5.791522979736328,5.791522979736328
77,150,4,5.380234,1.3802337646484375,1.3802337646484375
77,151,3,3.376021,0.3760209083557129,0.3760209083557129
77,152,2,3.7532532,1.7532532215118408,1.7532532215118408
77,153,1,1.0577909,0.05779087543487549,0.05779087543487549
77,154,0,0.560188,0.5601879954338074,0.5601879954338074
78,1,230,188.36798,-41.63201904296875,41.63201904296875
78,2,229,202.22116,-26.778839111328125,26.778839111328125
78,3,228,185.35254,-42.6474609375,42.6474609375
78,4,227,192.65863,-34.34136962890625,34.34136962890625
78,5,226,199.75006,-26.24993896484375,26.24993896484375
78,6,225,191.25008,-33.74992370605469,33.74992370605469
78,7,224,194.10439,-29.895614624023438,29.895614624023438
78,8,223,193.12607,-29.873931884765625,29.873931884765625
78,9,222,188.76546,-33.23454284667969,33.23454284667969
78,10,221,191.49408,-29.50592041015625,29.50592041015625
78,11,220,190.18286,-29.817138671875,29.817138671875
78,12,219,189.43471,-29.565292358398438,29.565292358398438
78,13,218,192.03091,-25.969085693359375,25.969085693359375
78,14,217,192.33751,-24.662490844726562,24.662490844726562
78,15,216,190.77136,-25.2286376953125,25.2286376953125
78,16,215,187.36989,-27.630111694335938,27.630111694335938
78,17,214,186.5944,-27.405593872070312,27.405593872070312
78,18,213,194.03986,-18.96014404296875,18.96014404296875
78,19,212,184.26044,-27.73956298828125,27.73956298828125
78,20,211,188.82469,-22.175308227539062,22.175308227539062
78,21,210,185.31323,-24.686767578125,24.686767578125
78,22,209,190.79869,-18.201309204101562,18.201309204101562
78,23,208,180.95401,-27.045989990234375,27.045989990234375
78,24,207,188.68428,-18.315719604492188,18.315719604492188
78,25,206,175.41798,-30.582015991210938,30.582015991210938
78,26,205,185.5457,-19.454299926757812,19.454299926757812
78,27,204,189.7152,-14.284805297851562,14.284805297851562
78,28,203,186.04457,-16.955429077148438,16.955429077148438
78,29,202,187.73723,-14.262771606445312,14.262771606445312
78,30,201,192.01262,-8.987380981445312,8.987380981445312
78,31,200,186.39601,-13.603988647460938,13.603988647460938
78,32,199,185.23976,-13.760238647460938,13.760238647460938
78,33,198,184.13884,-13.861160278320312,13.861160278320312
78,34,197,188.99162,-8.008377075195312,8.008377075195312
78,35,196,186.48154,-9.518463134765625,9.518463134765625
78,36,195,193.23698,-1.7630157470703125,1.7630157470703125
78,37,194,198.31691,4.3169097900390625,4.3169097900390625
78,38,193,194.65771,1.65771484375,1.65771484375
78,39,192,190.24535,-1.7546539306640625,1.7546539306640625
78,40,191,192.58824,1.5882415771484375,1.5882415771484375
78,41,190,195.90993,5.9099273681640625,5.9099273681640625
78,42,189,193.0285,4.02850341796875,4.02850341796875
78,43,188,183.67688,-4.3231201171875,4.3231201171875
78,44,187,181.13116,-5.86883544921875,5.86883544921875
78,45,186,184.29953,-1.700469970703125,1.700469970703125
78,46,185,188.82213,3.8221282958984375,3.8221282958984375
78,47,184,183.43977,-0.5602264404296875,0.5602264404296875
78,48,183,186.39459,3.39459228515625,3.39459228515625
78,49,182,182.51515,0.5151519775390625,0.5151519775390625
78,50,181,179.0468,-1.9532012939453125,1.9532012939453125
78,51,180,170.48499,-9.5150146484375,9.5150146484375
78,52,179,168.22682,-10.773178100585938,10.773178100585938
78,53,178,159.16719,-18.832809448242188,18.832809448242188
78,54,177,161.33766,-15.662338256835938,15.662338256835938
78,55,176,163.77388,-12.226119995117188,12.226119995117188
78,56,175,164.90524,-10.094757080078125,10.094757080078125
78,57,174,163.16153,-10.838470458984375,10.838470458984375
78,58,173,169.73267,-3.267333984375,3.267333984375
78,59,172,170.00194,-1.9980621337890625,1.9980621337890625
78,60,171,171.56519,0.565185546875,0.565185546875
78,61,170,172.21683,2.216827392578125,2.216827392578125
78,62,169,174.23651,5.23651123046875,5.23651123046875
78,63,168,153.49036,-14.5096435546875,14.5096435546875
78,64,167,166.19476,-0.80523681640625,0.80523681640625
78,65,166,162.48567,-3.5143280029296875,3.5143280029296875
78,66,165,147.83925,-17.160751342773438,17.160751342773438
78,67,164,147.28423,-16.715774536132812,16.715774536132812
78,68,163,150.26604,-12.733963012695312,12.733963012695312
78,69,162,169.5711,7.57110595703125,7.57110595703125
78,70,161,164.3118,3.311798095703125,3.311798095703125
78,71,160,171.96082,11.9608154296875,11.9608154296875
78,72,159,177.70164,18.701644897460938,18.701644897460938
78,73,158,190.43776,32.43775939941406,32.43775939941406
78,74,157,181.17357,24.173568725585938,24.173568725585938
78,75,156,175.3725,19.37249755859375,19.37249755859375
78,76,155,181.77565,26.775650024414062,26.775650024414062
78,77,154,166.06775,12.0677490234375,12.0677490234375
78,78,153,163.22064,10.22064208984375,10.22064208984375
78,79,152,177.52359,25.523590087890625,25.523590087890625
78,80,151,173.9552,22.9552001953125,22.9552001953125
78,81,150,167.12056,17.120559692382812,17.120559692382812
78,82,149,175.51651,26.516510009765625,26.516510009765625
78,83,148,175.73668,27.736679077148438,27.736679077148438
78,84,147,176.93912,29.939117431640625,29.939117431640625
78,85,146,169.26128,23.261276245117188,23.261276245117188
78,86,145,165.02579,20.025787353515625,20.025787353515625
78,87,144,164.9116,20.911605834960938,20.911605834960938
78,88,143,156.5065,13.506500244140625,13.506500244140625
78,89,142,153.41164,11.411636352539062,11.411636352539062
78,90,141,141.16124,0.1612396240234375,0.1612396240234375
78,91,140,131.95299,-8.047012329101562,8.047012329101562
78,92,139,124.32477,-14.67523193359375,14.67523193359375
78,93,138,134.2163,-3.7837066650390625,3.7837066650390625
78,94,137,136.17859,-0.8214111328125,0.8214111328125
78,95,136,135.78355,-0.2164459228515625,0.2164459228515625
78,96,135,134.376,-0.623992919921875,0.623992919921875
78,97,134,130.18823,-3.811767578125,3.811767578125
78,98,133,130.3838,-2.6161956787109375,2.6161956787109375
78,99,132,123.264725,-8.735275268554688,8.735275268554688
78,100,131,119.597946,-11.402053833007812,11.402053833007812
78,101,130,133.88571,3.885711669921875,3.885711669921875
78,102,129,128.60866,-0.3913421630859375,0.3913421630859375
78,103,128,131.71146,3.711456298828125,3.711456298828125
78,104,127,118.621124,-8.378875732421875,8.378875732421875
78,105,126,114.27614,-11.723861694335938,11.723861694335938
78,106,125,116.990906,-8.00909423828125,8.00909423828125
78,107,124,121.694954,-2.3050460815429688,2.3050460815429688
78,108,123,130.6101,7.610107421875,7.610107421875
78,109,122,123.5567,1.55670166015625,1.55670166015625
78,110,121,126.9102,5.9102020263671875,5.9102020263671875
78,111,120,131.80971,11.809707641601562,11.809707641601562
78,112,119,137.21603,18.216033935546875,18.216033935546875
78,113,118,119.984856,1.9848556518554688,1.9848556518554688
78,114,117,120.77239,3.7723922729492188,3.7723922729492188
78,115,116,126.74801,10.748008728027344,10.748008728027344
78,116,115,124.837616,9.837615966796875,9.837615966796875
78,117,114,115.87751,1.8775100708007812,1.8775100708007812
78,118,113,110.23695,-2.7630462646484375,2.7630462646484375
78,119,112,105.20484,-6.795158386230469,6.795158386230469
78,120,111,106.704605,-4.2953948974609375,4.2953948974609375
78,121,110,104.30698,-5.693023681640625,5.693023681640625
78,122,109,107.626144,-1.3738555908203125,1.3738555908203125
78,123,108,95.971954,-12.028045654296875,12.028045654296875
78,124,107,93.34633,-13.653671264648438,13.653671264648438
78,125,106,98.38805,-7.6119537353515625,7.6119537353515625
78,126,105,91.584206,-13.415794372558594,13.415794372558594
78,127,104,109.70907,5.709068298339844,5.709068298339844
78,128,103,117.76663,14.766632080078125,14.766632080078125
78,129,102,117.13523,15.135231018066406,15.135231018066406
78,130,101,96.608635,-4.391365051269531,4.391365051269531
78,131,100,102.92659,2.9265899658203125,2.9265899658203125
78,132,99,111.09213,12.092132568359375,12.092132568359375
78,133,98,120.9908,22.990798950195312,22.990798950195312
78,134,97,113.96016,16.960159301757812,16.960159301757812
78,135,96,121.27539,25.275390625,25.275390625
78,136,95,122.63257,27.632568359375,27.632568359375
78,137,94,116.63541,22.635406494140625,22.635406494140625
78,138,93,118.05303,25.05303192138672,25.05303192138672
78,139,92,118.775764,26.77576446533203,26.77576446533203
78,140,91,105.99344,14.993438720703125,14.993438720703125
78,141,90,99.59944,9.599441528320312,9.599441528320312
78,142,89,106.20766,17.207656860351562,17.207656860351562
78,143,88,109.10323,21.103233337402344,21.103233337402344
78,144,87,116.593796,29.593795776367188,29.593795776367188
78,145,86,107.79633,21.79633331298828,21.79633331298828
78,146,85,105.33504,20.335037231445312,20.335037231445312
78,147,84,118.58384,34.583839416503906,34.583839416503906
78,148,83,107.169914,24.16991424560547,24.16991424560547
78,149,82,111.3866,29.3865966796875,29.3865966796875
78,150,81,112.032,31.031997680664062,31.031997680664062
78,151,80,110.28579,30.285789489746094,30.285789489746094
78,152,79,117.66048,38.66047668457031,38.66047668457031
78,153,78,117.86435,39.864349365234375,39.864349365234375
78,154,77,128.75906,51.759063720703125,51.759063720703125
78,155,76,105.57096,29.570960998535156,29.570960998535156
78,156,75,125.116035,50.11603546142578,50.11603546142578
78,157,74,134.1177,60.117706298828125,60.117706298828125
78,158,73,130.40486,57.40486145019531,57.40486145019531
78,159,72,115.300354,43.30035400390625,43.30035400390625
78,160,71,92.891045,21.89104461669922,21.89104461669922
78,161,70,104.59517,34.59516906738281,34.59516906738281
78,162,69,103.8121,34.812103271484375,34.812103271484375
78,163,68,100.25208,32.25208282470703,32.25208282470703
78,164,67,99.432274,32.432273864746094,32.432273864746094
78,165,66,92.191376,26.191375732421875,26.191375732421875
78,166,65,86.41341,21.413406372070312,21.413406372070312
78,167,64,97.62714,33.62713623046875,33.62713623046875
78,168,63,84.20701,21.207008361816406,21.207008361816406
78,169,62,90.60455,28.60455322265625,28.60455322265625
78,170,61,89.13975,28.139747619628906,28.139747619628906
78,171,60,94.44376,34.443763732910156,34.443763732910156
78,172,59,90.09006,31.090057373046875,31.090057373046875
78,173,58,93.16364,35.16364288330078,35.16364288330078
78,174,57,89.31288,32.31288146972656,32.31288146972656
78,175,56,76.53358,20.53357696533203,20.53357696533203
78,176,55,90.91261,35.91261291503906,35.91261291503906
78,177,54,97.27859,43.278587341308594,43.278587341308594
78,178,53,88.74185,35.741851806640625,35.741851806640625
78,179,52,102.67033,50.670326232910156,50.670326232910156
78,180,51,81.59132,30.59131622314453,30.59131622314453
78,181,50,70.28483,20.284828186035156,20.284828186035156
78,182,49,68.42916,19.429161071777344,19.429161071777344
78,183,48,69.791084,21.79108428955078,21.79108428955078
78,184,47,60.424057,13.424057006835938,13.424057006835938
78,185,46,63.396393,17.396392822265625,17.396392822265625
78,186,45,55.06088,10.06087875366211,10.06087875366211
78,187,44,46.45094,2.450939178466797,2.450939178466797
78,188,43,66.1124,23.112396240234375,23.112396240234375
78,189,42,59.86167,17.861671447753906,17.861671447753906
78,190,41,57.1256,16.125598907470703,16.125598907470703
78,191,40,50.361355,10.36135482788086,10.36135482788086
78,192,39,55.045334,16.045333862304688,16.045333862304688
78,193,38,52.59548,14.595481872558594,14.595481872558594
78,194,37,56.61993,19.619930267333984,19.619930267333984
78,195,36,64.52906,28.52906036376953,28.52906036376953
78,196,35,65.13221,30.13220977783203,30.13220977783203
78,197,34,65.83748,31.837478637695312,31.837478637695312
78,198,33,61.07892,28.07891845703125,28.07891845703125
78,199,32,49.79561,17.795608520507812,17.795608520507812
78,200,31,50.72402,19.724018096923828,19.724018096923828
78,201,30,53.2026,23.202598571777344,23.202598571777344
78,202,29,50.371807,21.371807098388672,21.371807098388672
78,203,28,48.771618,20.771617889404297,20.771617889404297
78,204,27,47.266052,20.26605224609375,20.26605224609375
78,205,26,49.198067,23.19806671142578,23.19806671142578
78,206,25,43.868454,18.868453979492188,18.868453979492188
78,207,24,35.62931,11.629310607910156,11.629310607910156
78,208,23,34.61363,11.613628387451172,11.613628387451172
78,209,22,32.0866,10.086601257324219,10.086601257324219
78,210,21,31.137222,10.137222290039062,10.137222290039062
78,211,20,21.810282,1.810281753540039,1.810281753540039
78,212,19,20.022346,1.0223464965820312,1.0223464965820312
78,213,18,19.348255,1.3482551574707031,1.3482551574707031
78,214,17,17.366077,0.3660774230957031,0.3660774230957031
78,215,16,14.019674,-1.980325698852539,1.980325698852539
78,216,15,16.428822,1.4288215637207031,1.4288215637207031
78,217,14,15.899733,1.8997325897216797,1.8997325897216797
78,218,13,14.565284,1.5652837753295898,1.5652837753295898
78,219,12,13.837386,1.837386131286621,1.837386131286621
78,220,11,11.538282,0.5382823944091797,0.5382823944091797
78,221,10,12.005906,2.005906105041504,2.005906105041504
78,222,9,9.015909,0.015909194946289062,0.015909194946289062
78,223,8,11.4418125,3.441812515258789,3.441812515258789
78,224,7,12.538301,5.538301467895508,5.538301467895508
78,225,6,9.6670885,3.667088508605957,3.667088508605957
78,226,5,7.679358,2.6793580055236816,2.6793580055236816
78,227,4,8.694032,4.694031715393066,4.694031715393066
78,228,3,6.985101,3.9851012229919434,3.9851012229919434
78,229,2,4.1472726,2.1472725868225098,2.1472725868225098
78,230,1,2.5529196,1.552919626235962,1.552919626235962
78,231,0,2.1768603,2.1768603324890137,2.1768603324890137
81,1,239,182.94646,-56.05354309082031,56.05354309082031
81,2,238,174.29819,-63.701812744140625,63.701812744140625
81,3,237,162.47623,-74.52377319335938,74.52377319335938
81,4,236,159.09555,-76.90444946289062,76.90444946289062
81,5,235,164.98332,-70.01667785644531,70.01667785644531
81,6,234,139.09122,-94.90878295898438,94.90878295898438
81,7,233,158.50798,-74.49201965332031,74.49201965332031
81,8,232,148.47748,-83.52252197265625,83.52252197265625
81,9,231,165.95805,-65.04194641113281,65.04194641113281
81,10,230,149.23344,-80.76655578613281,80.76655578613281
81,11,229,148.17714,-80.82286071777344,80.82286071777344
81,12,228,163.82323,-64.17677307128906,64.17677307128906
81,13,227,149.84528,-77.15472412109375,77.15472412109375
81,14,226,143.6349,-82.36509704589844,82.36509704589844
81,15,225,145.73972,-79.26028442382812,79.26028442382812
81,16,224,147.12926,-76.87074279785156,76.87074279785156
81,17,223,140.70726,-82.29273986816406,82.29273986816406
81,18,222,160.66306,-61.336944580078125,61.336944580078125
81,19,221,147.05258,-73.94741821289062,73.94741821289062
81,20,220,124.012665,-95.98733520507812,95.98733520507812
81,21,219,139.75317,-79.246826171875,79.246826171875
81,22,218,149.42462,-68.57537841796875,68.57537841796875
81,23,217,145.0959,-71.90409851074219,71.90409851074219
81,24,216,151.27267,-64.72732543945312,64.72732543945312
81,25,215,152.68791,-62.31208801269531,62.31208801269531
81,26,214,147.45953,-66.54046630859375,66.54046630859375
81,27,213,136.9688,-76.03120422363281,76.03120422363281
81,28,212,138.30746,-73.69253540039062,73.69253540039062
81,29,211,137.80066,-73.1993408203125,73.1993408203125
81,30,210,148.10925,-61.8907470703125,61.8907470703125
81,31,209,144.08153,-64.91847229003906,64.91847229003906
81,32,208,149.19003,-58.809967041015625,58.809967041015625
81,33,207,151.2271,-55.77290344238281,55.77290344238281
81,34,206,159.92482,-46.07518005371094,46.07518005371094
81,35,205,155.69281,-49.30718994140625,49.30718994140625
81,36,204,136.78136,-67.21864318847656,67.21864318847656
81,37,203,136.89722,-66.102783203125,66.102783203125
81,38,202,142.25717,-59.742828369140625,59.742828369140625
81,39,201,130.40248,-70.59751892089844,70.59751892089844
81,40,200,141.54208,-58.457916259765625,58.457916259765625
81,41,199,133.42543,-65.57456970214844,65.57456970214844
81,42,198,144.03835,-53.96165466308594,53.96165466308594
81,43,197,140.78554,-56.21446228027344,56.21446228027344
81,44,196,140.96895,-55.03105163574219,55.03105163574219
81,45,195,156.34212,-38.65788269042969,38.65788269042969
81,46,194,151.08112,-42.91888427734375,42.91888427734375
81,47,193,141.84789,-51.15211486816406,51.15211486816406
81,48,192,149.01682,-42.983184814453125,42.983184814453125
81,49,191,152.39452,-38.60548400878906,38.60548400878906
81,50,190,140.06346,-49.93653869628906,49.93653869628906
81,51,189,150.83588,-38.16412353515625,38.16412353515625
81,52,188,153.74796,-34.252044677734375,34.252044677734375
81,53,187,160.17206,-26.82794189453125,26.82794189453125
81,54,186,174.85027,-11.149734497070312,11.149734497070312
81,55,185,158.22223,-26.77777099609375,26.77777099609375
81,56,184,156.03523,-27.964767456054688,27.964767456054688
81,57,183,154.7144,-28.285598754882812,28.285598754882812
81,58,182,145.13988,-36.86012268066406,36.86012268066406
81,59,181,142.11687,-38.88313293457031,38.88313293457031
81,60,180,146.55043,-33.44956970214844,33.44956970214844
81,61,179,156.13881,-22.861190795898438,22.861190795898438
81,62,178,141.74649,-36.253509521484375,36.253509521484375
81,63,177,137.80916,-39.19084167480469,39.19084167480469
81,64,176,140.90529,-35.09471130371094,35.09471130371094
81,65,175,152.19324,-22.8067626953125,22.8067626953125
81,66,174,135.68524,-38.31475830078125,38.31475830078125
81,67,173,139.38998,-33.610015869140625,33.610015869140625
81,68,172,144.75877,-27.241226196289062,27.241226196289062
81,69,171,144.78923,-26.210769653320312,26.210769653320312
81,70,170,147.61568,-22.384323120117188,22.384323120117188
81,71,169,143.49744,-25.5025634765625,25.5025634765625
81,72,168,141.5636,-26.4364013671875,26.4364013671875
81,73,167,130.59752,-36.40248107910156,36.40248107910156
81,74,166,128.65344,-37.3465576171875,37.3465576171875
81,75,165,151.60391,-13.396087646484375,13.396087646484375
81,76,164,135.36539,-28.634613037109375,28.634613037109375
81,77,163,128.83054,-34.169464111328125,34.169464111328125
81,78,162,131.97287,-30.027130126953125,30.027130126953125
81,79,161,132.82462,-28.175384521484375,28.175384521484375
81,80,160,124.90663,-35.09336853027344,35.09336853027344
81,81,159,126.3238,-32.67620086669922,32.67620086669922
81,82,158,146.12218,-11.877822875976562,11.877822875976562
81,83,157,148.39377,-8.606231689453125,8.606231689453125
81,84,156,138.46278,-17.537216186523438,17.537216186523438
81,85,155,121.93707,-33.06292724609375,33.06292724609375
81,86,154,123.173,-30.827003479003906,30.827003479003906
81,87,153,116.302315,-36.69768524169922,36.69768524169922
81,88,152,120.29929,-31.700706481933594,31.700706481933594
81,89,151,103.69934,-47.3006591796875,47.3006591796875
81,90,150,121.8127,-28.187301635742188,28.187301635742188
81,91,149,110.81012,-38.18988037109375,38.18988037109375
81,92,148,120.002426,-27.997573852539062,27.997573852539062
81,93,147,108.86724,-38.13275909423828,38.13275909423828
81,94,146,127.40806,-18.591941833496094,18.591941833496094
81,95,145,120.088295,-24.911705017089844,24.911705017089844
81,96,144,105.24499,-38.75501251220703,38.75501251220703
81,97,143,127.247375,-15.75262451171875,15.75262451171875
81,98,142,100.029175,-41.9708251953125,41.9708251953125
81,99,141,102.31974,-38.680259704589844,38.680259704589844
81,100,140,87.430824,-52.569175720214844,52.569175720214844
81,101,139,81.796776,-57.203224182128906,57.203224182128906
81,102,138,108.397964,-29.602035522460938,29.602035522460938
81,103,137,86.5521,-50.447898864746094,50.447898864746094
81,104,136,95.161255,-40.8387451171875,40.8387451171875
81,105,135,94.2459,-40.75409698486328,40.75409698486328
81,106,134,99.63672,-34.36328125,34.36328125
81,107,133,96.804214,-36.19578552246094,36.19578552246094
81,108,132,104.97744,-27.022560119628906,27.022560119628906
81,109,131,107.48435,-23.515647888183594,23.515647888183594
81,110,130,102.52504,-27.474960327148438,27.474960327148438
81,111,129,96.47083,-32.52916717529297,32.52916717529297
81,112,128,101.37607,-26.623931884765625,26.623931884765625
81,113,127,91.30314,-35.696861267089844,35.696861267089844
81,114,126,96.51614,-29.483856201171875,29.483856201171875
81,115,125,97.72056,-27.279441833496094,27.279441833496094
81,116,124,98.51791,-25.482093811035156,25.482093811035156
81,117,123,98.61532,-24.384681701660156,24.384681701660156
81,118,122,107.82396,-14.176040649414062,14.176040649414062
81,119,121,93.69171,-27.30828857421875,27.30828857421875
81,120,120,104.48933,-15.510673522949219,15.510673522949219
81,121,119,117.2034,-1.796600341796875,1.796600341796875
81,122,118,106.64949,-11.350509643554688,11.350509643554688
81,123,117,101.36462,-15.635383605957031,15.635383605957031
81,124,116,89.973404,-26.026596069335938,26.026596069335938
81,125,115,104.09334,-10.906661987304688,10.906661987304688
81,126,114,122.86565,8.865646362304688,8.865646362304688
81,127,113,95.822205,-17.17779541015625,17.17779541015625
81,128,112,93.31374,-18.686256408691406,18.686256408691406
81,129,111,80.98807,-30.011932373046875,30.011932373046875
81,130,110,86.75144,-23.248558044433594,23.248558044433594
81,131,109,81.24354,-27.75646209716797,27.75646209716797
81,132,108,80.33192,-27.66808319091797,27.66808319091797
81,133,107,84.65754,-22.34246063232422,22.34246063232422
81,134,106,93.45777,-12.542228698730469,12.542228698730469
81,135,105,95.10205,-9.89794921875,9.89794921875
81,136,104,80.37779,-23.622207641601562,23.622207641601562
81,137,103,81.05682,-21.94317626953125,21.94317626953125
81,138,102,89.567444,-12.43255615234375,12.43255615234375
81,139,101,113.63358,12.633583068847656,12.633583068847656
81,140,100,92.463615,-7.536384582519531,7.536384582519531
81,141,99,107.22451,8.224510192871094,8.224510192871094
81,142,98,98.39229,0.3922882080078125,0.3922882080078125
81,143,97,94.95018,-2.0498199462890625,2.0498199462890625
81,144,96,92.959114,-3.0408859252929688,3.0408859252929688
81,145,95,84.68086,-10.319137573242188,10.319137573242188
81,146,94,82.05137,-11.948631286621094,11.948631286621094
81,147,93,91.23366,-1.7663421630859375,1.7663421630859375
81,148,92,83.28061,-8.719390869140625,8.719390869140625
81,149,91,88.681564,-2.3184356689453125,2.3184356689453125
81,150,90,97.46952,7.469520568847656,7.469520568847656
81,151,89,90.074234,1.0742340087890625,1.0742340087890625
81,152,88,78.967094,-9.032905578613281,9.032905578613281
81,153,87,90.177986,3.1779861450195312,3.1779861450195312
81,154,86,89.43032,3.4303207397460938,3.4303207397460938
81,155,85,102.58424,17.584243774414062,17.584243774414062
81,156,84,117.252266,33.25226593017578,33.25226593017578
81,157,83,114.97015,31.97015380859375,31.97015380859375
81,158,82,86.11544,4.115440368652344,4.115440368652344
81,159,81,88.55977,7.5597686767578125,7.5597686767578125
81,160,80,88.87192,8.871917724609375,8.871917724609375
81,161,79,88.63392,9.633918762207031,9.633918762207031
81,162,78,87.07938,9.079376220703125,9.079376220703125
81,163,77,78.89518,1.8951797485351562,1.8951797485351562
81,164,76,74.87394,-1.1260604858398438,1.1260604858398438
81,165,75,77.51704,2.5170364379882812,2.5170364379882812
81,166,74,88.060776,14.060775756835938,14.060775756835938
81,167,73,78.87538,5.8753814697265625,5.8753814697265625
81,168,72,61.451763,-10.548236846923828,10.548236846923828
81,169,71,56.42721,-14.57278823852539,14.57278823852539
81,170,70,56.997654,-13.00234603881836,13.00234603881836
81,171,69,61.769848,-7.230152130126953,7.230152130126953
81,172,68,58.268753,-9.731246948242188,9.731246948242188
81,173,67,55.04722,-11.952781677246094,11.952781677246094
81,174,66,54.85303,-11.146968841552734,11.146968841552734
81,175,65,58.17617,-6.823829650878906,6.823829650878906
81,176,64,61.812588,-2.1874122619628906,2.1874122619628906
81,177,63,58.838287,-4.161712646484375,4.161712646484375
81,178,62,74.007034,12.007034301757812,12.007034301757812
81,179,61,58.38504,-2.614959716796875,2.614959716796875
81,180,60,57.878807,-2.1211929321289062,2.1211929321289062
81,181,59,55.17561,-3.824390411376953,3.824390411376953
81,182,58,51.32254,-6.677459716796875,6.677459716796875
81,183,57,56.759136,-0.24086380004882812,0.24086380004882812
81,184,56,48.671215,-7.328784942626953,7.328784942626953
81,185,55,56.78816,1.7881584167480469,1.7881584167480469
81,186,54,49.216347,-4.783653259277344,4.783653259277344
81,187,53,52.473198,-0.5268020629882812,0.5268020629882812
81,188,52,51.160645,-0.83935546875,0.83935546875
81,189,51,47.81633,-3.1836700439453125,3.1836700439453125
81,190,50,46.19316,-3.8068389892578125,3.8068389892578125
81,191,49,46.167603,-2.8323974609375,2.8323974609375
81,192,48,45.559822,-2.4401779174804688,2.4401779174804688
81,193,47,42.91468,-4.085319519042969,4.085319519042969
81,194,46,39.60814,-6.3918609619140625,6.3918609619140625
81,195,45,40.452374,-4.547626495361328,4.547626495361328
81,196,44,35.592674,-8.407325744628906,8.407325744628906
81,197,43,28.216507,-14.783493041992188,14.783493041992188
81,198,42,28.530558,-13.469442367553711,13.469442367553711
81,199,41,27.366823,-13.633176803588867,13.633176803588867
81,200,40,38.316154,-1.6838455200195312,1.6838455200195312
81,201,39,36.26452,-2.7354812622070312,2.7354812622070312
81,202,38,35.400345,-2.5996551513671875,2.5996551513671875
81,203,37,32.47651,-4.523490905761719,4.523490905761719
81,204,36,33.77845,-2.2215499877929688,2.2215499877929688
81,205,35,30.04631,-4.9536895751953125,4.9536895751953125
81,206,34,28.04947,-5.950529098510742,5.950529098510742
81,207,33,30.09629,-2.9037094116210938,2.9037094116210938
81,208,32,28.91501,-3.084989547729492,3.084989547729492
81,209,31,21.856981,-9.14301872253418,9.14301872253418
81,210,30,27.512232,-2.4877681732177734,2.4877681732177734
81,211,29,24.083757,-4.916242599487305,4.916242599487305
81,212,28,30.156017,2.156017303466797,2.156017303466797
81,213,27,24.606867,-2.3931331634521484,2.3931331634521484
81,214,26,18.307312,-7.69268798828125,7.69268798828125
81,215,25,20.165977,-4.834022521972656,4.834022521972656
81,216,24,20.54216,-3.4578399658203125,3.4578399658203125
81,217,23,16.332664,-6.667335510253906,6.667335510253906
81,218,22,15.463399,-6.5366010665893555,6.5366010665893555
81,219,21,16.610548,-4.38945198059082,4.38945198059082
81,220,20,21.818867,1.8188667297363281,1.8188667297363281
81,221,19,19.081388,0.08138847351074219,0.08138847351074219
81,222,18,23.881163,5.881162643432617,5.881162643432617
81,223,17,22.18023,5.180229187011719,5.180229187011719
81,224,16,23.29335,7.2933502197265625,7.2933502197265625
81,225,15,23.127457,8.127456665039062,8.127456665039062
81,226,14,22.130356,8.130355834960938,8.130355834960938
81,227,13,19.247993,6.247993469238281,6.247993469238281
81,228,12,21.279663,9.2796630859375,9.2796630859375
81,229,11,18.043135,7.043134689331055,7.043134689331055
81,230,10,16.973389,6.973388671875,6.973388671875
81,231,9,13.49841,4.498410224914551,4.498410224914551
81,232,8,14.615002,6.615001678466797,6.615001678466797
81,233,7,13.34897,6.348970413208008,6.348970413208008
81,234,6,12.898184,6.898183822631836,6.898183822631836
81,235,5,11.940702,6.940702438354492,6.940702438354492
81,236,4,8.305889,4.305889129638672,4.305889129638672
81,237,3,4.8732233,1.8732233047485352,1.8732233047485352
81,238,2,3.8120744,1.8120744228363037,1.8120744228363037
81,239,1,-1.445422,-2.445422053337097,2.445422053337097
81,240,0,3.7749846,3.77498459815979,3.77498459815979
84,1,266,166.72955,-99.27044677734375,99.27044677734375
84,2,265,118.561104,-146.43889617919922,146.43889617919922
84,3,264,127.16104,-136.83895874023438,136.83895874023438
84,4,263,129.93715,-133.06285095214844,133.06285095214844
84,5,262,143.40457,-118.59542846679688,118.59542846679688
84,6,261,151.6357,-109.36430358886719,109.36430358886719
84,7,260,146.34332,-113.65667724609375,113.65667724609375
84,8,259,164.12012,-94.8798828125,94.8798828125
84,9,258,140.57564,-117.42436218261719,117.42436218261719
84,10,257,151.75984,-105.24015808105469,105.24015808105469
84,11,256,151.69485,-104.30514526367188,104.30514526367188
84,12,255,158.77199,-96.22801208496094,96.22801208496094
84,13,254,141.86366,-112.13633728027344,112.13633728027344
84,14,253,126.8236,-126.17639923095703,126.17639923095703
84,15,252,125.12373,-126.87626647949219,126.87626647949219
84,16,251,139.80838,-111.19161987304688,111.19161987304688
84,17,250,158.5263,-91.47369384765625,91.47369384765625
84,18,249,150.39748,-98.60252380371094,98.60252380371094
84,19,248,151.9941,-96.00590515136719,96.00590515136719
84,20,247,146.52325,-100.47674560546875,100.47674560546875
84,21,246,149.05469,-96.9453125,96.9453125
84,22,245,150.48737,-94.51263427734375,94.51263427734375
84,23,244,148.07094,-95.92906188964844,95.92906188964844
84,24,243,149.97664,-93.02336120605469,93.02336120605469
84,25,242,141.0012,-100.99879455566406,100.99879455566406
84,26,241,137.53836,-103.46163940429688,103.46163940429688
84,27,240,138.39725,-101.60275268554688,101.60275268554688
84,28,239,140.61256,-98.38743591308594,98.38743591308594
84,29,238,144.41928,-93.58071899414062,93.58071899414062
84,30,237,160.6035,-76.39649963378906,76.39649963378906
84,31,236,144.07973,-91.92027282714844,91.92027282714844
84,32,235,143.57028,-91.42971801757812,91.42971801757812
84,33,234,139.07744,-94.92256164550781,94.92256164550781
84,34,233,131.20026,-101.79974365234375,101.79974365234375
84,35,232,111.37682,-120.62317657470703,120.62317657470703
84,36,231,128.62508,-102.37492370605469,102.37492370605469
84,37,230,127.8962,-102.10379791259766,102.10379791259766
84,38,229,134.01222,-94.98777770996094,94.98777770996094
84,39,228,138.55464,-89.44535827636719,89.44535827636719
84,40,227,140.64478,-86.355224609375,86.355224609375
84,41,226,139.85059,-86.1494140625,86.1494140625
84,42,225,139.53209,-85.46791076660156,85.46791076660156
84,43,224,129.8839,-94.11610412597656,94.11610412597656
84,44,223,117.57099,-105.42900848388672,105.42900848388672
84,45,222,124.476295,-97.5237045288086,97.5237045288086
84,46,221,139.29999,-81.70001220703125,81.70001220703125
84,47,220,131.50952,-88.490478515625,88.490478515625
84,48,219,131.99118,-87.00881958007812,87.00881958007812
84,49,218,136.2117,-81.78829956054688,81.78829956054688
84,50,217,132.97762,-84.02238464355469,84.02238464355469
84,51,216,151.1052,-64.89480590820312,64.89480590820312
84,52,215,132.36166,-82.63833618164062,82.63833618164062
84,53,214,119.26933,-94.73066711425781,94.73066711425781
84,54,213,120.908005,-92.09199523925781,92.09199523925781
84,55,212,115.98087,-96.01912689208984,96.01912689208984
84,56,211,128.625,-82.375,82.375
84,57,210,116.518425,-93.48157501220703,93.48157501220703
84,58,209,107.82185,-101.17814636230469,101.17814636230469
84,59,208,112.4677,-95.53230285644531,95.53230285644531
84,60,207,112.045204,-94.95479583740234,94.95479583740234
84,61,206,102.92639,-103.0736083984375,103.0736083984375
84,62,205,105.42502,-99.57498168945312,99.57498168945312
84,63,204,113.47887,-90.52113342285156,90.52113342285156
84,64,203,133.23836,-69.76164245605469,69.76164245605469
84,65,202,136.18204,-65.81796264648438,65.81796264648438
84,66,201,135.77138,-65.22862243652344,65.22862243652344
84,67,200,131.81602,-68.18397521972656,68.18397521972656
84,68,199,140.30742,-58.69258117675781,58.69258117675781
84,69,198,145.40846,-52.59153747558594,52.59153747558594
84,70,197,125.10824,-71.89176177978516,71.89176177978516
84,71,196,145.68471,-50.31529235839844,50.31529235839844
84,72,195,147.28966,-47.71034240722656,47.71034240722656
84,73,194,146.59647,-47.403533935546875,47.403533935546875
84,74,193,144.4866,-48.513397216796875,48.513397216796875
84,75,192,143.42032,-48.579681396484375,48.579681396484375
84,76,191,144.54234,-46.45765686035156,46.45765686035156
84,77,190,152.27135,-37.72865295410156,37.72865295410156
84,78,189,145.70177,-43.29823303222656,43.29823303222656
84,79,188,139.59491,-48.40509033203125,48.40509033203125
84,80,187,155.05751,-31.942489624023438,31.942489624023438
84,81,186,130.61052,-55.38948059082031,55.38948059082031
84,82,185,148.37976,-36.6202392578125,36.6202392578125
84,83,184,148.36253,-35.63746643066406,35.63746643066406
84,84,183,144.5871,-38.41290283203125,38.41290283203125
84,85,182,138.11887,-43.881134033203125,43.881134033203125
84,86,181,134.2655,-46.7344970703125,46.7344970703125
84,87,180,140.39716,-39.60284423828125,39.60284423828125
84,88,179,134.10545,-44.89454650878906,44.89454650878906
84,89,178,126.91375,-51.08625030517578,51.08625030517578
84,90,177,118.488205,-58.51179504394531,58.51179504394531
84,91,176,125.94333,-50.056671142578125,50.056671142578125
84,92,175,133.64577,-41.35423278808594,41.35423278808594
84,93,174,108.195526,-65.80447387695312,65.80447387695312
84,94,173,112.41441,-60.58558654785156,60.58558654785156
84,95,172,124.73382,-47.26618194580078,47.26618194580078
84,96,171,110.904594,-60.09540557861328,60.09540557861328
84,97,170,116.95978,-53.04022216796875,53.04022216796875
84,98,169,108.89833,-60.10166931152344,60.10166931152344
84,99,168,113.999504,-54.00049591064453,54.00049591064453
84,100,167,116.98029,-50.01970672607422,50.01970672607422
84,101,166,107.82681,-58.173187255859375,58.173187255859375
84,102,165,101.63896,-63.36103820800781,63.36103820800781
84,103,164,112.32132,-51.678680419921875,51.678680419921875
84,104,163,106.41909,-56.580909729003906,56.580909729003906
84,105,162,111.43714,-50.56285858154297,50.56285858154297
84,106,161,118.08454,-42.91545867919922,42.91545867919922
84,107,160,112.79691,-47.203086853027344,47.203086853027344
84,108,159,106.63369,-52.366310119628906,52.366310119628906
84,109,158,120.87111,-37.12889099121094,37.12889099121094
84,110,157,119.939255,-37.06074523925781,37.06074523925781
84,111,156,113.695045,-42.304954528808594,42.304954528808594
84,112,155,113.55484,-41.445159912109375,41.445159912109375
84,113,154,107.9648,-46.03520202636719,46.03520202636719
84,114,153,124.6798,-28.32019805908203,28.32019805908203
84,115,152,116.93181,-35.06819152832031,35.06819152832031
84,116,151,109.6478,-41.352203369140625,41.352203369140625
84,117,150,103.91614,-46.0838623046875,46.0838623046875
84,118,149,94.143715,-54.856285095214844,54.856285095214844
84,119,148,95.19245,-52.80754852294922,52.80754852294922
84,120,147,109.88742,-37.112579345703125,37.112579345703125
84,121,146,105.721245,-40.27875518798828,40.27875518798828
84,122,145,120.18255,-24.81745147705078,24.81745147705078
84,123,144,134.25551,-9.744491577148438,9.744491577148438
84,124,143,119.6734,-23.32659912109375,23.32659912109375
84,125,142,111.18648,-30.813522338867188,30.813522338867188
84,126,141,117.747665,-23.252334594726562,23.252334594726562
84,127,140,122.36343,-17.636573791503906,17.636573791503906
84,128,139,109.38565,-29.614349365234375,29.614349365234375
84,129,138,99.50248,-38.497520446777344,38.497520446777344
84,130,137,84.78533,-52.21466827392578,52.21466827392578
84,131,136,82.743805,-53.256195068359375,53.256195068359375
84,132,135,79.52876,-55.47123718261719,55.47123718261719
84,133,134,88.50739,-45.49260711669922,45.49260711669922
84,134,133,98.70506,-34.29493713378906,34.29493713378906
84,135,132,100.21531,-31.784690856933594,31.784690856933594
84,136,131,97.30721,-33.692787170410156,33.692787170410156
84,137,130,91.86801,-38.131988525390625,38.131988525390625
84,138,129,93.592224,-35.40777587890625,35.40777587890625
84,139,128,98.51556,-29.48444366455078,29.48444366455078
84,140,127,99.73051,-27.269493103027344,27.269493103027344
84,141,126,99.38261,-26.617393493652344,26.617393493652344
84,142,125,117.78682,-7.2131805419921875,7.2131805419921875
84,143,124,117.38497,-6.615028381347656,6.615028381347656
84,144,123,110.73027,-12.269729614257812,12.269729614257812
84,145,122,85.16227,-36.837730407714844,36.837730407714844
84,146,121,98.90953,-22.090469360351562,22.090469360351562
84,147,120,92.41098,-27.589019775390625,27.589019775390625
84,148,119,106.20718,-12.792823791503906,12.792823791503906
84,149,118,98.589645,-19.410354614257812,19.410354614257812
84,150,117,101.972046,-15.0279541015625,15.0279541015625
84,151,116,101.8251,-14.174896240234375,14.174896240234375
84,152,115,96.105934,-18.894065856933594,18.894065856933594
84,153,114,88.39065,-25.609352111816406,25.609352111816406
84,154,113,84.68816,-28.31183624267578,28.31183624267578
84,155,112,71.38665,-40.61334991455078,40.61334991455078
84,156,111,69.46192,-41.53807830810547,41.53807830810547
84,157,110,70.64076,-39.35923767089844,39.35923767089844
84,158,109,66.82765,-42.17234802246094,42.17234802246094
84,159,108,59.359005,-48.640995025634766,48.640995025634766
84,160,107,57.852505,-49.14749526977539,49.14749526977539
84,161,106,58.628063,-47.3719367980957,47.3719367980957
84,162,105,60.803955,-44.196044921875,44.196044921875
84,163,104,74.70119,-29.298812866210938,29.298812866210938
84,164,103,79.66143,-23.33856964111328,23.33856964111328
84,165,102,80.723495,-21.276504516601562,21.276504516601562
84,166,101,73.02433,-27.975669860839844,27.975669860839844
84,167,100,77.700775,-22.299224853515625,22.299224853515625
84,168,99,69.72786,-29.272140502929688,29.272140502929688
84,169,98,71.0938,-26.90619659423828,26.90619659423828
84,170,97,77.423645,-19.57635498046875,19.57635498046875
84,171,96,67.52518,-28.474822998046875,28.474822998046875
84,172,95,63.835983,-31.164016723632812,31.164016723632812
84,173,94,59.41862,-34.58137893676758,34.58137893676758
84,174,93,67.28072,-25.719276428222656,25.719276428222656
84,175,92,57.201324,-34.798675537109375,34.798675537109375
84,176,91,53.40589,-37.59410858154297,37.59410858154297
84,177,90,61.51284,-28.487159729003906,28.487159729003906
84,178,89,65.0749,-23.92510223388672,23.92510223388672
84,179,88,62.53304,-25.466960906982422,25.466960906982422
84,180,87,67.98976,-19.010238647460938,19.010238647460938
84,181,86,54.146713,-31.853286743164062,31.853286743164062
84,182,85,63.417664,-21.58233642578125,21.58233642578125
84,183,84,72.70016,-11.299842834472656,11.299842834472656
84,184,83,69.037575,-13.962425231933594,13.962425231933594
84,185,82,63.53979,-18.460208892822266,18.460208892822266
84,186,81,56.866043,-24.133956909179688,24.133956909179688
84,187,80,62.22006,-17.77994155883789,17.77994155883789
84,188,79,62.93552,-16.06447982788086,16.06447982788086
84,189,78,60.750237,-17.24976348876953,17.24976348876953
84,190,77,57.638298,-19.36170196533203,19.36170196533203
84,191,76,61.482582,-14.517417907714844,14.517417907714844
84,192,75,62.559513,-12.440486907958984,12.440486907958984
84,193,74,60.701775,-13.298225402832031,13.298225402832031
84,194,73,62.924152,-10.075847625732422,10.075847625732422
84,195,72,52.293255,-19.706745147705078,19.706745147705078
84,196,71,49.80815,-21.191848754882812,21.191848754882812
84,197,70,43.97057,-26.029430389404297,26.029430389404297
84,198,69,44.196148,-24.803852081298828,24.803852081298828
84,199,68,44.563194,-23.436805725097656,23.436805725097656
84,200,67,51.53703,-15.462970733642578,15.462970733642578
84,201,66,47.707882,-18.292118072509766,18.292118072509766
84,202,65,47.446377,-17.55362319946289,17.55362319946289
84,203,64,49.704155,-14.295845031738281,14.295845031738281
84,204,63,45.345177,-17.654823303222656,17.654823303222656
84,205,62,44.05965,-17.940349578857422,17.940349578857422
84,206,61,47.494297,-13.50570297241211,13.50570297241211
84,207,60,47.350033,-12.649967193603516,12.649967193603516
84,208,59,40.293705,-18.706295013427734,18.706295013427734
84,209,58,42.31633,-15.683670043945312,15.683670043945312
84,210,57,42.548965,-14.451034545898438,14.451034545898438
84,211,56,35.467766,-20.53223419189453,20.53223419189453
84,212,55,36.913845,-18.08615493774414,18.08615493774414
84,213,54,35.462967,-18.537033081054688,18.537033081054688
84,214,53,30.840761,-22.159238815307617,22.159238815307617
84,215,52,35.797153,-16.20284652709961,16.20284652709961
84,216,51,32.024612,-18.975387573242188,18.975387573242188
84,217,50,34.688736,-15.311264038085938,15.311264038085938
84,218,49,32.589817,-16.41018295288086,16.41018295288086
84,219,48,32.470688,-15.529312133789062,15.529312133789062
84,220,47,35.17677,-11.823230743408203,11.823230743408203
84,221,46,31.1655,-14.83449935913086,14.83449935913086
84,222,45,34.82955,-10.170448303222656,10.170448303222656
84,223,44,31.405869,-12.594131469726562,12.594131469726562
84,224,43,36.1304,-6.869598388671875,6.869598388671875
84,225,42,40.54901,-1.45098876953125,1.45098876953125
84,226,41,38.521645,-2.4783554077148438,2.4783554077148438
84,227,40,38.532257,-1.467742919921875,1.467742919921875
84,228,39,42.59392,3.593921661376953,3.593921661376953
84,229,38,35.29321,-2.7067909240722656,2.7067909240722656
84,230,37,36.637833,-0.3621673583984375,0.3621673583984375
84,231,36,36.421844,0.421844482421875,0.421844482421875
84,232,35,32.352474,-2.6475257873535156,2.6475257873535156
84,233,34,42.59342,8.59341812133789,8.59341812133789
84,234,33,39.960186,6.960186004638672,6.960186004638672
84,235,32,32.243637,0.2436370849609375,0.2436370849609375
84,236,31,30.0609,-0.9391002655029297,0.9391002655029297
84,237,30,28.555029,-1.4449710845947266,1.4449710845947266
84,238,29,36.140373,7.140373229980469,7.140373229980469
84,239,28,29.83011,1.8301105499267578,1.8301105499267578
84,240,27,24.863766,-2.1362342834472656,2.1362342834472656
84,241,26,23.315355,-2.6846446990966797,2.6846446990966797
84,242,25,24.947968,-0.052032470703125,0.052032470703125
84,243,24,19.665913,-4.334087371826172,4.334087371826172
84,244,23,17.424229,-5.575771331787109,5.575771331787109
84,245,22,17.54123,-4.458770751953125,4.458770751953125
84,246,21,19.029903,-1.9700965881347656,1.9700965881347656
84,247,20,20.450495,0.45049476623535156,0.45049476623535156
84,248,19,14.252646,-4.747353553771973,4.747353553771973
84,249,18,20.267727,2.2677268981933594,2.2677268981933594
84,250,17,16.011478,-0.9885215759277344,0.9885215759277344
84,251,16,15.249861,-0.7501392364501953,0.7501392364501953
84,252,15,15.418307,0.4183073043823242,0.4183073043823242
84,253,14,9.669205,-4.3307952880859375,4.3307952880859375
84,254,13,7.5226755,-5.477324485778809,5.477324485778809
84,255,12,13.3018875,1.3018875122070312,1.3018875122070312
84,256,11,8.052892,-2.947108268737793,2.947108268737793
84,257,10,9.799664,-0.20033645629882812,0.20033645629882812
84,258,9,7.6899905,-1.310009479522705,1.310009479522705
84,259,8,12.381712,4.381711959838867,4.381711959838867
84,260,7,10.407056,3.4070558547973633,3.4070558547973633
84,261,6,10.218192,4.218192100524902,4.218192100524902
84,262,5,7.697629,2.697628974914551,2.697628974914551
84,263,4,9.681287,5.681286811828613,5.681286811828613
84,264,3,9.999843,6.999842643737793,6.999842643737793
84,265,2,9.003439,7.003438949584961,7.003438949584961
84,266,1,9.175722,8.175722122192383,8.175722122192383
84,267,0,10.273659,10.273658752441406,10.273658752441406
91,1,134,178.76077,44.760772705078125,44.760772705078125
91,2,133,123.441986,-9.558013916015625,9.558013916015625
91,3,132,150.85657,18.8565673828125,18.8565673828125
91,4,131,167.54506,36.54505920410156,36.54505920410156
91,5,130,169.76642,39.76641845703125,39.76641845703125
91,6,129,149.84615,20.846145629882812,20.846145629882812
91,7,128,160.96204,32.9620361328125,32.9620361328125
91,8,127,144.22917,17.229171752929688,17.229171752929688
91,9,126,158.35042,32.35041809082031,32.35041809082031
91,10,125,153.25264,28.252639770507812,28.252639770507812
91,11,124,150.3951,26.395095825195312,26.395095825195312
91,12,123,145.05402,22.05401611328125,22.05401611328125
91,13,122,159.84535,37.84535217285156,37.84535217285156
91,14,121,159.33609,38.336090087890625,38.336090087890625
91,15,120,142.24805,22.248046875,22.248046875
91,16,119,134.93933,15.9393310546875,15.9393310546875
91,17,118,136.82365,18.823654174804688,18.823654174804688
91,18,117,127.36917,10.369171142578125,10.369171142578125
91,19,116,124.67942,8.679420471191406,8.679420471191406
91,20,115,127.17893,12.178932189941406,12.178932189941406
91,21,114,124.510765,10.510765075683594,10.510765075683594
91,22,113,122.47276,9.472763061523438,9.472763061523438
91,23,112,126.63536,14.635360717773438,14.635360717773438
91,24,111,123.378136,12.378135681152344,12.378135681152344
91,25,110,114.80744,4.807441711425781,4.807441711425781
91,26,109,104.35742,-4.642578125,4.642578125
91,27,108,103.67912,-4.3208770751953125,4.3208770751953125
91,28,107,121.526924,14.526924133300781,14.526924133300781
91,29,106,101.30727,-4.6927337646484375,4.6927337646484375
91,30,105,111.94516,6.945159912109375,6.945159912109375
91,31,104,120.0759,16.075897216796875,16.075897216796875
91,32,103,113.48305,10.483047485351562,10.483047485351562
91,33,102,86.10981,-15.890190124511719,15.890190124511719
91,34,101,81.72518,-19.274818420410156,19.274818420410156
91,35,100,99.552055,-0.44794464111328125,0.44794464111328125
91,36,99,103.87237,4.872367858886719,4.872367858886719
91,37,98,84.87274,-13.12725830078125,13.12725830078125
91,38,97,89.212006,-7.787994384765625,7.787994384765625
91,39,96,94.267715,-1.7322845458984375,1.7322845458984375
91,40,95,82.17738,-12.822616577148438,12.822616577148438
91,41,94,84.68707,-9.31292724609375,9.31292724609375
91,42,93,91.533394,-1.4666061401367188,1.4666061401367188
91,43,92,85.6647,-6.335296630859375,6.335296630859375
91,44,91,85.38277,-5.6172332763671875,5.6172332763671875
91,45,90,102.61888,12.618881225585938,12.618881225585938
91,46,89,93.74607,4.746070861816406,4.746070861816406
91,47,88,86.06756,-1.9324417114257812,1.9324417114257812
91,48,87,75.558525,-11.441474914550781,11.441474914550781
91,49,86,87.52408,1.524078369140625,1.524078369140625
91,50,85,91.90965,6.9096527099609375,6.9096527099609375
91,51,84,93.780174,9.780174255371094,9.780174255371094
91,52,83,93.90872,10.908721923828125,10.908721923828125
91,53,82,93.80885,11.808853149414062,11.808853149414062
91,54,81,98.96472,17.9647216796875,17.9647216796875
91,55,80,88.29474,8.29473876953125,8.29473876953125
91,56,79,80.36485,1.3648529052734375,1.3648529052734375
91,57,78,70.025696,-7.97430419921875,7.97430419921875
91,58,77,74.71568,-2.2843170166015625,2.2843170166015625
91,59,76,76.13162,0.131622314453125,0.131622314453125
91,60,75,80.28569,5.2856903076171875,5.2856903076171875
91,61,74,77.493416,3.4934158325195312,3.4934158325195312
91,62,73,76.61351,3.6135101318359375,3.6135101318359375
91,63,72,78.50633,6.5063323974609375,6.5063323974609375
91,64,71,65.09978,-5.9002227783203125,5.9002227783203125
91,65,70,69.22324,-0.7767562866210938,0.7767562866210938
91,66,69,74.58568,5.5856781005859375,5.5856781005859375
91,67,68,65.32514,-2.6748580932617188,2.6748580932617188
91,68,67,70.12846,3.1284637451171875,3.1284637451171875
91,69,66,67.76486,1.764862060546875,1.764862060546875
91,70,65,68.25179,3.2517929077148438,3.2517929077148438
91,71,64,77.1235,13.123497009277344,13.123497009277344
91,72,63,78.63286,15.632858276367188,15.632858276367188
91,73,62,75.054146,13.054145812988281,13.054145812988281
91,74,61,73.00537,12.00537109375,12.00537109375
91,75,60,63.985012,3.9850120544433594,3.9850120544433594
91,76,59,69.57348,10.573478698730469,10.573478698730469
91,77,58,63.684277,5.684276580810547,5.684276580810547
91,78,57,48.67096,-8.32904052734375,8.32904052734375
91,79,56,47.11974,-8.880260467529297,8.880260467529297
91,80,55,45.578213,-9.42178726196289,9.42178726196289
91,81,54,48.873947,-5.1260528564453125,5.1260528564453125
91,82,53,50.639164,-2.3608360290527344,2.3608360290527344
91,83,52,51.556274,-0.4437255859375,0.4437255859375
91,84,51,48.307823,-2.6921768188476562,2.6921768188476562
91,85,50,42.607243,-7.392757415771484,7.392757415771484
91,86,49,49.29035,0.29035186767578125,0.29035186767578125
91,87,48,47.21002,-0.7899818420410156,0.7899818420410156
91,88,47,42.999195,-4.000804901123047,4.000804901123047
91,89,46,48.436314,2.4363136291503906,2.4363136291503906
91,90,45,52.45916,7.459159851074219,7.459159851074219
91,91,44,49.456398,5.456398010253906,5.456398010253906
91,92,43,41.728085,-1.2719154357910156,1.2719154357910156
91,93,42,42.098152,0.09815216064453125,0.09815216064453125
91,94,41,42.386387,1.3863868713378906,1.3863868713378906
91,95,40,39.06132,-0.9386787414550781,0.9386787414550781
91,96,39,38.006165,-0.99383544921875,0.99383544921875
91,97,38,40.333435,2.33343505859375,2.33343505859375
91,98,37,40.90609,3.9060897827148438,3.9060897827148438
91,99,36,37.065514,1.0655136108398438,1.0655136108398438
91,100,35,39.1349,4.134899139404297,4.134899139404297
91,101,34,37.997784,3.997783660888672,3.997783660888672
91,102,33,36.444767,3.4447669982910156,3.4447669982910156
91,103,32,36.41097,4.410968780517578,4.410968780517578
91,104,31,36.622837,5.622837066650391,5.622837066650391
91,105,30,33.748314,3.7483139038085938,3.7483139038085938
91,106,29,35.510887,6.510887145996094,6.510887145996094
91,107,28,32.13517,4.135169982910156,4.135169982910156
91,108,27,29.280077,2.2800769805908203,2.2800769805908203
91,109,26,26.230736,0.23073577880859375,0.23073577880859375
91,110,25,24.580585,-0.4194145202636719,0.4194145202636719
91,111,24,22.970118,-1.0298824310302734,1.0298824310302734
91,112,23,22.587685,-0.41231536865234375,0.41231536865234375
91,113,22,18.675024,-3.3249759674072266,3.3249759674072266
91,114,21,16.13194,-4.868059158325195,4.868059158325195
91,115,20,17.838982,-2.1610183715820312,2.1610183715820312
91,116,19,19.142452,0.14245223999023438,0.14245223999023438
91,117,18,22.327625,4.327625274658203,4.327625274658203
91,118,17,20.872822,3.872821807861328,3.872821807861328
91,119,16,19.112532,3.1125316619873047,3.1125316619873047
91,120,15,19.213072,4.213071823120117,4.213071823120117
91,121,14,18.791788,4.791788101196289,4.791788101196289
91,122,13,15.887244,2.88724422454834,2.88724422454834
91,123,12,14.621012,2.621011734008789,2.621011734008789
91,124,11,13.186123,2.1861228942871094,2.1861228942871094
91,125,10,11.013397,1.013397216796875,1.013397216796875
91,126,9,16.449953,7.449953079223633,7.449953079223633
91,127,8,8.13182,0.1318197250366211,0.1318197250366211
91,128,7,2.0009139,-4.999086141586304,4.999086141586304
91,129,6,0.8848327,-5.115167319774628,5.115167319774628
91,130,5,2.3037658,-2.6962342262268066,2.6962342262268066
91,131,4,6.9153013,2.9153013229370117,2.9153013229370117
91,132,3,2.4603527,-0.5396473407745361,0.5396473407745361
91,133,2,1.0774662,-0.9225337505340576,0.9225337505340576
91,134,1,2.080272,1.0802719593048096,1.0802719593048096
91,135,0,-0.005349563,-0.005349562969058752,0.005349562969058752
